{"title":{"AT":"1.ཀྱེ། དཀོན་མཆོག","KT":"﻿1. ཀྱེ། དཀོན་མཆོག ","CT":"﻿1.དཀོན་མཆོག"},"author":"*","key":"*","lyrics":{"Verse":[{"line":[[{"phrase":{"AT":"ཀྱེ། དཀོན་མཆོག","KT":"ཀྱེ། དཀོན་མཆོག ","CT":"ཀྱེ། དཀོན་མཆོག"}}],[{"phrase":{"AT":"ནམ་མཁའ་དང་ས་གཞི།","KT":"ནམ་མཁའ་དང་ས་གཞི། ","CT":"ནམ་མཁའ་དང་ས་གཞི།"}}],[{"phrase":{"AT":"ཁྱེད་ཀྱི་དབང་གིས་བཀོད་པ་རེད།","KT":"ཁྱེད་ཀྱི་དབང་གིས་བཀོད་པ་རེད། ","CT":"ཁྱེད་ཀྱི་དབང་གིས་བཀོད་པ་རེད།"}}],[{"phrase":{"AT":"ཀྱེ། དཀོན་མཆོག ནམ་མཁའ་དང་ས་གཞི།","KT":"ཀྱེ། དཀོན་མཆོག ནམ་མཁའ་དང་ས་གཞི། ","CT":"ཀྱེ། དཀོན་མཆོག ནམ་མཁའ་དང་ས་གཞི།"}}],[{"phrase":{"AT":"ཁྱེད་ཀྱི་ཕྱག་གིས་བཀོད་པ་རེད།","KT":"ཁྱེད་ཀྱི་ཕྱག་གིས་བཀོད་པ་རེད། ","CT":"ཁྱེད་ཀྱི་ཕྱག་གིས་བཀོད་པ་རེད།"}}],[{"phrase":{"AT":"ཁྱེད་ལ་ཁག་པོ་གང་ཡང་མེད། ","KT":"ཁྱེད་ལ་དཀའ་ལས་གང་ཡང་མེད། ","CT":"ཁྱེད་ལ་ཁག་པོ་གང་ཡང་མེད། "}}],[{"phrase":{"AT":"ཁྱེད་ལ་ཁག་པོ་གང་ཡང་མེད།","KT":"ཁྱེད་ལ་དཀའ་ལས་གང་ཡང་མེད། ","CT":"ཁྱེད་ལ་ཁག་པོ་གང་ཡང་མེད།"}}],[{"phrase":{"AT":"ང་ཚོའི་ཀུན་དབང་གི་དཀོན་མཆོག","KT":"ང་ཚོའི་ཀུན་དབང་གི་དཀོན་མཆོག ","CT":"ང་ཚོའི་ཀུན་དབང་གི་དཀོན་མཆོག"}}],[{"phrase":{"AT":"བཀའ་དང་མཛད་པ་རྣམས་ཆེན་པོ་ཡིན། ","KT":"བཀའ་དང་མཛད་པ་རྣམས་ཆེན་པོ་ཡིན། ","CT":"བཀའ་དང་མཛད་པ་རྣམས་ཆེན་པོ་ཡིན། "}}],[{"phrase":{"AT":"གང་ཡང་། གང་ཡང་། རྩ་བ་ནས་གང་ཡང་།","KT":"གང་ཡང་། གང་ཡང་། རྩ་བ་ནས་གང་ཡང་། ","CT":"གང་ཡང་། གང་ཡང་། རྩ་བ་ནས་གང་ཡང་།"}}],[{"phrase":{"AT":"ཁྱེད་ལ་ཁག་པོ་གང་ཡང་མེད།","KT":"ཁྱེད་ལ་ དཀའ་ལས་གང་ཡང་མེད། ","CT":"ཁྱེད་ལ་ཁག་པོ་གང་ཡང་མེད།།"}}]],"label":"verse 1","id":1}]},"metadata":[{"AT":"(Ah, Lord God ཞེས་པའི་དབྱིན་ཇིའི་བསྟོད་དབྱངས།) ","KT":"(Ah, Lord God ཞེས་པའི་དབྱིན་ཇིའི་བསྟོད་དབྱངས།) Copyright © 1976 Kay Chance, Glaubenszentrum, Dr.-H.-Jasper-Str.20, D-37581 Bad Gandersheim Germany Used by permission ","CT":"(Ah, Lord God ཞེས་པའི་དབྱིན་ཇིའི་བསྟོད་དབྱངས།) "}]}