{"title":{"AT":"10.སྐྱིད་གླུ་ལོངས་ཤིག","KT":"10. སྐྱིད་གླུ་ལོངས་ཤིག ","CT":"10.སྐྱིད་གླུ་ལེན་ཞིག"},"author":"*","key":"*","lyrics":{"Verse":[{"line":[[{"phrase":{"AT":"སོའོ་ཡ་ལ།  མུན་པའི་དཀྱིལ་ལ་ཤར་བྱུང་ལ།","KT":"སོའོ་ཡ་ལ། མུན་པའི་དཀྱིལ་ལ་ཤར་བྱུང་ལ། ","CT":"སོའོ་ཡ་ལ།  མུན་པའི་དཀྱིལ་ལ་ཤར་བྱུང་ལ།"}}],[{"phrase":{"AT":"ཕེབས་ཤོག་མ་ཤི་ཀ ","KT":"ཕེབས་ཤོག་མཱ་ཤི་ཀ ","CT":"ཕེབས་ཤོག་མཱ་ཤི་ཀ "}}],[{"phrase":{"AT":"སྐྱིད་གླུ་ལོངས་ཤིག  མུན་པའི་དཀྱིལ་ལ་ཤར་བྱུང་ལ།","KT":"སྐྱིད་གླུ་ལེན་ཤིག མུན་པའི་དཀྱིལ་ལ་ཤར་བྱུང་ལ། ","CT":"སྐྱིད་གླུ་ལེན་ཞིག  མུན་པའི་དཀྱིལ་ལ་ཤར་བྱུང་ལ།"}}],[{"phrase":{"AT":"སོའོ་ཡ་ལ།  ང་ཚོའི་དོན་ལ་ཤར་བྱུང་ལ།","KT":"སོའོ་ཡ་ལ། ང་ཚོའི་དོན་ལ་ཤར་བྱུང་ལ། ","CT":"སོའོ་ཡ་ལ།  ང་ཚོའི་དོན་ལ་ཤར་བྱུང་ལ།"}}],[{"phrase":{"AT":"ཕེབས་ཤོག་མ་ཤི་ཀ ","KT":"ཕེབས་ཤོག་མཱ་ཤི་ཀ ","CT":"ཕེབས་ཤོག་མཱ་ཤི་ཀ །"}}],[{"phrase":{"AT":"(མོ)སྐྱིད་གླུ་ལོངས་ཤིག  སྐྱབས་མགོན་ཡེ་ཤུ་ཕེབས་བྱུང་ལ།","KT":" (མོ)སྐྱིད་གླུ་ལོངས་ཤིག སྐྱབས་མགོན་ཡེ་ཤུ་ཕེབས་བྱུང་ལ། ","CT":"(མོ)སྐྱིད་གླུ་ལེན་ཞིག  སྐྱབས་མགོན་ཡེ་ཤུ་ཕེབས་བྱུང་ལ།"}}],[{"phrase":{"AT":"སོའོ་ཡ་ལ།  ཉིན་ཞིག་ཡང་བསྐྱར་ཕེབས་ཡོང་ལ།","KT":"སོའོ་ཡ་ལ། ཉིན་ཞིག་ཡང་བསྐྱར་ཕེབས་ཡོང་ལ། ","CT":"སོའོ་ཡ་ལ།  ཉིན་ཞིག་ཡང་བསྐྱར་ཕེབས་ཡོང་ལ།"}}],[{"phrase":{"AT":"ཕེབས་ཤོག་མ་ཤི་ཀ","KT":"ཕེབས་ཤོག་མཱ་ཤི་ཀ ","CT":"ཕེབས་ཤོག་མཱ་ཤི་ཀ"}}],[{"phrase":{"AT":"སྐྱིད་གླུ་ལོངས་ཤིག  ","KT":"སྐྱིད་གླུ་ལེན་ཤིག ","CT":"སྐྱིད་གླུ་ལེན་ཞིག  "}}],[{"phrase":{"AT":"ཉིན་ཞིག་ཡང་བསྐྱར་ཕེབས་དུས་ལ།","KT":"ཉིན་ཞིག་ཡང་བསྐྱར་ཕེབས་དུས་ལ། ","CT":"ཉིན་ཞིག་ཡང་བསྐྱར་ཕེབས་དུས་ལ།"}}],[{"phrase":{"AT":"སོའོ་ཡ་ལ།  འོད་ཟེར་འཕྲོས་ནས་ཕེབས་ཡོང་ལ།","KT":"སོའོ་ཡ་ལ། འོད་ཟེར་འཕྲོས་ནས་ཕེབས་ཡོང་ལ། ","CT":"སོའོ་ཡ་ལ།  འོད་ཟེར་འཕྲོས་ནས་ཕེབས་ཡོང་ལ།"}}],[{"phrase":{"AT":"ཕེབས་ཤོག་མ་ཤི་ཀ ","KT":"ཕེབས་ཤོག་མཱ་ཤི་ཀ ","CT":"ཕེབས་ཤོག་མཱ་ཤི་ཀ །"}}]],"label":"verse 1","id":1},{"line":[[{"phrase":{"AT":"(ཕོ)ཞབས་བྲོ་འཁྲབ་དང་། དུང་སྐད་ཆེན་པོ་གོ་དུས་ལ།","KT":" (ཕོ)དགའ་བའི་ཞབས་བྲོ། དུང་སྐད་ཆེན་པོ་གོ་དུས་ལ། ","CT":"(ཕོ)དགའ་བའི་ཞབས་བྲོ། དུང་སྐད་ཆེན་པོ་གོ་དུས་ལ།"}}],[{"phrase":{"AT":"སོའོ་ཡ་ལ། སྤྲིན་གྱི་དཀྱིལ་ལ་མཐོང་ཡོང་ལ།","KT":"སོའོ་ཡ་ལ། སྤྲིན་གྱི་དཀྱིལ་ལ་མཐོང་ཡོང་ལ། ","CT":"སོའོ་ཡ་ལ། སྤྲིན་གྱི་དཀྱིལ་ལ་མཐོང་ཡོང་ལ།"}}],[{"phrase":{"AT":"ཕེབས་ཤོག་མ་ཤི་ཀ","KT":"ཕེབས་ཤོག་མཱ་ཤི་ཀ ","CT":"ཕེབས་ཤོག་མཱ་ཤི་ཀ"}}],[{"phrase":{"AT":"ཞབས་བྲོ་འཁྲབ་དང་།","KT":"དགའ་བའི་ཞབས་བྲོ། ","CT":"དགའ་བའི་ཞབས་བྲོ།"}}],[{"phrase":{"AT":"སྤྲིན་གྱི་དཀྱིལ་ནས་མཐོང་དུས་ལ།","KT":"སྤྲིན་གྱི་དཀྱིལ་ནས་མཐོང་དུས་ལ། ","CT":"སྤྲིན་གྱི་དཀྱིལ་ནས་མཐོང་དུས་ལ།"}}],[{"phrase":{"AT":"སོའོ་ཡ་ལ། ཅི་འདྲའི་གཟི་བརྗིད་ཆེན་པོ་ལ།","KT":"སོའོ་ཡ་ལ། ཅི་འདྲའི་གཟི་བརྗིད་ཆེན་པོ་ལ། ","CT":"སོའོ་ཡ་ལ། གང་འདྲའི་གཟི་བརྗིད་ཆེན་པོ་ལ།"}}],[{"phrase":{"AT":"ཕེབས་ཤོག་མ་ཤི་ཀ ","KT":"ཕེབས་ཤོག་མཱ་ཤི་ཀ ","CT":"ཕེབས་ཤོག་མཱ་ཤི་ཀ །"}}]],"label":"verse 2","id":2},{"line":[[{"phrase":{"AT":"(མོ)ཞབས་བྲོ་འཁྲབ་དང་། ང་ཚོས་གྲ་སྒྲིག་བྱེད་དགོས་ལ།","KT":" (མོ)དགའ་བའི་ཞབས་བྲོ། ང་ཚོས་གྲ་སྒྲིག་བྱེད་དགོས་ལ། ","CT":"(མོ)དགའ་བའི་ཞབས་བྲོ། ང་ཚོས་གྲ་སྒྲིག་བྱེད་དགོས་ལ།"}}],[{"phrase":{"AT":"སོའོ་ཡ་ལ། ངས་སེམས་གྲ་སྒྲིག་བྱེད་ན་ལ།","KT":"སོའོ་ཡ་ལ། ངས་སེམས་གྲ་སྒྲིག་བྱེད་ན་ལ། ","CT":"སོའོ་ཡ་ལ། ངས་སེམས་གྲ་སྒྲིག་བྱེད་ན་ལ།"}}],[{"phrase":{"AT":"ཕེབས་ཤོག་མ་ཤི་ཀ","KT":"ཕེབས་ཤོག་མཱ་ཤི་ཀ ","CT":"ཕེབས་ཤོག་མཱ་ཤི་ཀ"}}],[{"phrase":{"AT":"ཞབས་བྲོ་འཁྲབ་དང་། ","KT":"དགའ་བའི་ཞབས་བྲོ། ","CT":"དགའ་བའི་ཞབས་བྲོ། "}}],[{"phrase":{"AT":"ངས་སེམས་གྲ་སྒྲིག་བྱེད་དུས་ལ།","KT":"ངས་སེམས་གྲ་སྒྲིག་བྱེད་དུས་ལ། ","CT":"ངས་སེམས་གྲ་སྒྲིག་བྱེད་དུས་ལ།"}}],[{"phrase":{"AT":"སོའོ་ཡ་ལ། ཁྱོད་ཚོས་གྲ་སྒྲིག་བྱེད་དམ་ལ།","KT":"སོའོ་ཡ་ལ། ཁྱོད་ཚོས་གྲ་སྒྲིག་བྱེད་དམ་ལ། ","CT":"སོའོ་ཡ་ལ། ཁྱེད་ཚོས་གྲ་སྒྲིག་བྱེད་དམ་ལ།"}}],[{"phrase":{"AT":"ཕེབས་ཤོག་མ་ཤི་ཀ ","KT":"ཕེབས་ཤོག་མཱ་ཤི་ཀ ","CT":"ཕེབས་ཤོག་མཱ་ཤི་ཀ །"}}]],"label":"verse 3","id":3},{"line":[[{"phrase":{"AT":"(མཉམ)རྔ་ཞིག་རྡུངས་དང་། ང་ཚོས་གྲ་སྒྲིག་བྱེད་ན་ལ།","KT":"(མཉམ)རྔ་ཞིག་རྡུངས་དང་། ང་ཚོས་གྲ་སྒྲིག་བྱེད་ན་ལ། ","CT":"(མཉམ)རྔ་ཞིག་རྡུངས་དང་། ང་ཚོས་གྲ་སྒྲིག་བྱེད་ན་ལ།"}}],[{"phrase":{"AT":"སོའོ་ཡ་ལ། ཕེབས་མཁན་མཉམ་དུ་འགྲོགས་ཡོང་ལ།","KT":"སོའོ་ཡ་ལ། ཕེབས་མཁན་མཉམ་དུ་འགྲོགས་ཡོང་ལ། ","CT":"སོའོ་ཡ་ལ། ཕེབས་མཁན་མཉམ་དུ་འགྲོགས་ཡོང་ལ།"}}],[{"phrase":{"AT":"ཕེབས་ཤོག་མ་ཤི་ཀ","KT":"ཕེབས་ཤོག་མཱ་ཤི་ཀ ","CT":"ཕེབས་ཤོག་མཱ་ཤི་ཀ"}}],[{"phrase":{"AT":"རྔ་ཞིག་རྡུངས་དང་། ","KT":"རྔ་ཞིག་རྡུངས་དང་། ","CT":"རྔ་ཞིག་རྡུངས་དང་། "}}],[{"phrase":{"AT":"ཕེབས་མཁན་མཉམ་དུ་འགྲོགས་ན་ལ།","KT":"ཕེབས་མཁན་མཉམ་དུ་འགྲོགས་ན་ལ། ","CT":"ཕེབས་མཁན་མཉམ་དུ་འགྲོགས་ན་ལ།"}}],[{"phrase":{"AT":"སོའོ་ཡ་ལ། ནམ་མཁའི་ཡབ་དྲུང་བསླེབ་ཡོང་ལ།","KT":"སོའོ་ཡ་ལ། ནམ་མཁའི་ཡབ་དྲུང་བསླེབ་ཡོང་ལ། ","CT":"སོའོ་ཡ་ལ། ནམ་མཁའི་ཡབ་ལ་བསླེབ་ཡོང་ལ།"}}],[{"phrase":{"AT":"ཕེབས་ཤོག་མ་ཤི་ཀ ","KT":"ཕེབས་ཤོག་མཱ་ཤི་ཀ ","CT":"ཕེབས་ཤོག་མཱ་ཤི་ཀ །"}}]],"label":"verse 4","id":4}]},"metadata":[{"AT":"(ཚིག་བློ་རྣམ་གྱིས་བརྩམས་པ། འབའ་གཞས་ཀྱི་གདངས།)","KT":"(ཚིག་བློ་རྣམ་གྱིས་བརྩམས་པ། འབའ་གཞས་ཀྱི་གདངས།) ","CT":"(ཚིག་བློ་རྣམ་གྱིས་བརྩམས་པ། འབའ་གཞས་ཀྱི་གདངས།)"},{"AT":"༡(ཕོ)སྐྱིད་གླུ་ལོངས་ཤིག  ཉི་མ་གསར་བ་ཤར་བྱུང་ལ།","KT":"༡ (ཕོ)སྐྱིད་གླུ་ལེན་ཤིག ཉི་མ་གསར་པ་ཤར་བྱུང་ལ། ","CT":"༡(ཕོ)སྐྱིད་གླུ་ལེན་ཞིག  ཉི་མ་གསར་པ་ཤར་བྱུང་ལ།"}]}