{"title":{"AT":"100.གཙོ་བོས་ཐོག་མར་ས་གཞི་བཀོད། ","KT":"100. གཙོ་བོས་ཐོག་མར་ས་གཞི་བཀོད། ","CT":"100.གཙོ་བོས་ཐོག་མར་ས་གཞི་བཀོད། "},"author":"*","key":"*","lyrics":{"Verse":[{"line":[[{"phrase":{"AT":"          (ཨིབ་རི་པའི་ལེའུ1པའི་མདོ5དང8-10བར་གཟིགས་རོགས།)","KT":"(ཨིབ་རི་པའི་ལེའུ1པའི་མདོ5དང8-10བར་གཟིགས་རོགས།) ","CT":"(ཨིབ་རུ་མི་རིགས་ཀྱི་དད་ལྡན་རྣམས་ལ་བྲིས་པའི་འཕྲིན་ཡིག་གི་ལེའུ་1 ཨང་5 དང་ 8-10 གཟིགས།)"}}],[{"phrase":{"AT":"0༼ཀློག་པ་པོ།༽","KT":"༼ཀློག་པ་པོ།༽ ","CT":"༼ཀློག་པ་པོ།༽"}}],[{"phrase":{"AT":"ཡབ་ཆེན་དཀོན་མཆོག་ཁོང་ཉིད་ཀྱིས།།","KT":"ཡབ་ཆེན་དཀོན་མཆོག་ཁོང་ཉིད་ཀྱིས།། ","CT":"ཡབ་ཆེན་དཀོན་མཆོག་ཁོང་ཉིད་ཀྱིས།"}}],[{"phrase":{"AT":"སྔོན་མར་ལུང་སྟོན་པ་རྣམས་བརྒྱུད།།","KT":"སྔོན་མར་ལུང་སྟོན་པ་རྣམས་བརྒྱུད།། ","CT":"སྔོན་མར་ལུང་སྟོན་རྣམས་ཀྱི་བརྒྱུད།"}}],[{"phrase":{"AT":"ཁོང་གི་སྲས་མཆོག་ཡེ་ཤུའི་སྐོར།།","KT":"ཁོང་གི་སྲས་མཆོག་ཡེ་ཤུའི་སྐོར།། ","CT":"ཁོང་གི་སྲས་མཆོག་ཡེ་ཤུའི་སྐོར།"}}],[{"phrase":{"AT":"འདི་སྐད་གསལ་བསྒྲགས་གནང་བ་ཡིན།། ","KT":"འདི་སྐད་གསལ་བསྒྲགས་གནང་བ་ཡིན།། ","CT":"འདི་སྐད་གསལ་བསྒྲགས་གནང་བ་ཡིན། "}}],[{"phrase":{"AT":"༼མཉམ།༽","KT":"མཉམ།༽ ","CT":"མཉམ།༽"}}],[{"phrase":{"AT":"གཙོ་བོས་ཐོག་མར་ས་གཞི་བཀོད།","KT":"༡ གཙོ་བོས་ཐོག་མར་ས་གཞི་བཀོད། ","CT":"༡གཙོ་བོས་ཐོག་མར་ས་གཞི་བཀོད།"}}],[{"phrase":{"AT":"གནམ་རྣམས་ཕྱག་གིས་མཛད།","KT":"གནམ་རྣམས་ཕྱག་གིས་མཛད། ","CT":"གནམ་རྣམས་ཕྱག་གིས་མཛད།"}}],[{"phrase":{"AT":"ཁྱེད་ཀྱི་རྒྱལ་ཁྲི་རྟག་ཏུ་གནས།","KT":"ཁྱེད་ཀྱི་རྒྱལ་ཁྲི་རྟག་ཏུ་གནས། ","CT":"ཁྱེད་ཀྱི་རྒྱལ་ཁྲི་རྟག་ཏུ་གནས།"}}],[{"phrase":{"AT":"དྲང་པོའི་ཁྲིམས་དབྱུག་ཡོད།","KT":"དྲང་པོའི་ཁྲིམས་དབྱུག་ཡོད། ","CT":"དྲང་པོའི་དབང་ཆ་ཡོད།"}}]],"label":"verse 1","id":1},{"line":[[{"phrase":{"AT":"དྲང་པོར་བྱམས་ཤིང་ངན་པར་སྡང་།","KT":" དྲང་པོར་བྱམས་ཤིང་ངན་པར་སྡང་། ","CT":"དྲང་པོར་བྱམས་ཀྱང་ངན་པར་སྡང་།"}}],[{"phrase":{"AT":"དེའི་ཕྱིར་དཀོན་མཆོག་གིས།","KT":"དེའི་ཕྱིར་དཀོན་མཆོག་གིས། ","CT":"དེའི་ཕྱིར་དཀོན་མཆོག་གིས།"}}],[{"phrase":{"AT":"གྲོགས་པོ་རྣམས་ལས་ལྷག་པར་ཁྱེད་ལ།","KT":"གྲོགས་པོ་རྣམས་ལས་ལྷག་པར་ཁྱེད་ལ། ","CT":"གྲོགས་པོ་རྣམས་ལས་ལྷག་པར་ཁྱེད་ལ།"}}],[{"phrase":{"AT":"དགའ་སྤྲོའི་སྣུམ་གྱིས་བྱུགས།","KT":"དགའ་སྤྲོའི་སྣུམ་གྱིས་བྱུགས། ","CT":"དགའ་སྤྲོའི་སྣུམ་གྱིས་བྱུགས།"}}]],"label":"verse 2","id":2},{"line":[[{"phrase":{"AT":"ྱེད་ནི་བདག་གི་སྲས་ཡིན་ཞིང་།","KT":"ཁྱེད་ནི་བདག་གི་སྲས་ཡིན་ཞིང་། ","CT":"ྱེད་ནི་བདག་གི་སྲས་ཡིན་ཞིང་།"}}],[{"phrase":{"AT":"དེ་རིང་ང་ལས་འཁྲུངས།","KT":"དེ་རིང་ང་ལས་འཁྲུངས། ","CT":"དེ་རིང་ང་ལས་འཁྲུངས།"}}],[{"phrase":{"AT":"ང་ནི་དེ་ཡི་ཡབ་ཡིན་ཞིང་།","KT":"ང་ནི་དེ་ཡི་ཡབ་ཡིན་ཞིང་། ","CT":"ང་ནི་དེ་ཡི་ཡབ་ཡིན་ཞིང་།"}}],[{"phrase":{"AT":"དེ་ངའི་སྲས་སུ་འགྱུར།","KT":"དེ་ངའི་སྲས་སུ་འགྱུར། ","CT":"དེ་ངའི་སྲས་སུ་འགྱུར།།"}}]],"label":"verse 3","id":3},{"line":[[{"phrase":{"AT":"༄༅།། ས་བཅད་གཉིས་པ། ","KT":"༅།། ས་བཅད་གཉིས་པ། ","CT":"༅།། ས་བཅད་གཉིས་པ། "}}]],"label":"verse 4","id":4}]},"metadata":[{"AT":"(ཨིབ་རི་པ།)","KT":"(ཨིབ་རི་པ།) ","CT":"(ཨིབ་རི་པ།)"}]}