{"title":{"AT":"101.ཀྱེ། དད་ལྡན་ཚང་མ་ཤོག་ཅིག","KT":"101. ཀྱེ། དད་ལྡན་ཚང་མ་ཤོག་ཅིག ","CT":"101.ཀྱེ། དད་ལྡན་ཚང་མ་ཤོག་ཅིག"},"author":"*","key":"*","lyrics":{"Verse":[{"line":[[{"phrase":{"AT":"         (O Come All Ye Faithful ཞེས་པའི་དབྱིན་ཇིའི་ཡེ་ཤུའི་འཁྲུངས་སྐར་མགུར་གླུ།)   DG 117","KT":"(O Come All Ye Faithful ཞེས་པའི་དབྱིན་ཇིའི་ཡེ་ཤུའི་འཁྲུངས་སྐར་མགུར་གླུ།)35 DG 117 35 John F. Wade (±1743) ","CT":"(O Come All Ye Faithful ཞེས་པའི་དབྱིན་ཇིའི་ཡེ་ཤུའི་འཁྲུངས་སྐར་མགུར་གླུ།)   DG 117"}}],[{"phrase":{"AT":"ྱེ། དད་ལྡན་ཚང་མ་ཤོག་ཅིག","KT":"ཀྱེ། དད་ལྡན་ཚང་མ་ཤོག་ཅིག ","CT":"ྱེ། དད་ལྡན་ཚང་མ་ཤོག་ཅིག"}}],[{"phrase":{"AT":"དེ་རིང་སྐྱིད་པོ་གཏོང་ཞིང་།","KT":"དེ་རིང་སྐྱིད་པོ་གཏོང་ཞིང་། ","CT":"དེ་རིང་སྐྱིད་པོ་གཏོང་ཞིང་།"}}],[{"phrase":{"AT":"པེད་ལེ་ཧེམ་དུ་ཤོག་ཅིག་མགྱོགས་ནས་མྱུར་དུ་ཤོག","KT":"པེད་ལེ་ཧེམ་དུ་ཤོག་ཅིག་མགྱོགས་ནས་མྱུར་དུ་ཤོག ","CT":"བེད་ལེ་ཧེམ་དུ་ཤོག་ཅིག་མགྱོགས་ནས་མྱུར་དུ་ཤོག"}}],[{"phrase":{"AT":"ཕོ་ཉ་ཡི་རྒྱལ་པོ་མི་ཡི་རྣམ་པ་བཟུང་བས།","KT":"ཕོ་ཉ་ཡི་རྒྱལ་པོ་མི་ཡི་རྣམ་པ་བཟུང་བས། ","CT":"ཕོ་ཉ་ཡི་རྒྱལ་པོ་མི་ཡི་རྣམ་པ་བཟུང་པས།།"}}],[{"phrase":{"AT":"ཡེ་ཤུ་ལ་ཕྱག་ཅིག་ཕུལ་དང་། ༢","KT":"ཡེ་ཤུ་ལ་ཕྱག་ཅིག་ཕུལ་དང་། ༢ ","CT":"ཡེ་ཤུ་ལ་ཕྱག་ཅིག་ཕུལ་དང་། ༢"}}],[{"phrase":{"AT":"ཨོ་སྐྱབས་མགོན་གཙོ་བོ་ཡེ་ཤུ་ལ་ཕྱག་ཅིག་ཕུལ་དང་།","KT":"ཨོ་སྐྱབས་མགོན་གཙོ་བོ་ཡེ་ཤུ་ལ་ཕྱག་ཅིག་ཕུལ་དང་། ","CT":"ཨོ་སྐྱབས་མགོན་གཙོ་བོ་ཡེ་ཤུ་ལ་ཕྱག་ཅིག་ཕུལ་དང་།"}}]],"label":"verse 1","id":1},{"line":[[{"phrase":{"AT":"ོང་རང་ཉིད་དཀོན་མཆོག་ཡིན་པས།","KT":"ཁོང་རང་ཉིད་དཀོན་མཆོག་ཡིན་པས། ","CT":"ོང་རང་ཉིད་དཀོན་མཆོག་ཡིན་པས།"}}],[{"phrase":{"AT":"ཁོང་ནི་འོད་དེ་རང་ཡིན།","KT":"ཁོང་ནི་འོད་དེ་རང་ཡིན། ","CT":"ཁོང་ནི་འོད་དེ་རང་ཡིན།"}}],[{"phrase":{"AT":"ན་ཆུང་མའི་མངལ་དུ་མཐོང་ཆུང་མི་གནང་བར་ཞུགས་སོ།།","KT":"ན་ཆུང་མའི་མངལ་དུ་མཐོང་ཆུང་མི་གནང་བར་ཞུགས་སོ།། ","CT":"ན་ཆུང་མའི་མངལ་དུ་མཐོང་ཆུང་མི་གནང་བར་ཞུགས་སོ།"}}],[{"phrase":{"AT":"དཀོན་མཆོག་རང་ཉིད་ལགས་མི་ཡི་རྣམ་པ་བཟུང་བས།","KT":"དཀོན་མཆོག་རང་ཉིད་ལགས་མི་ཡི་རྣམ་པ་བཟུང་བས། ","CT":"དཀོན་མཆོག་རང་ཉིད་ལགས་མི་ཡི་རྣམ་པ་བཟུངས་པས།།"}}]],"label":"verse 2","id":2},{"line":[[{"phrase":{"AT":"གཞས་གཏོང་མཁན་ཕོ་ཉའི་ཚོགས། ","KT":" གཞས་གཏོང་མཁན་ཕོ་ཉའི་ཚོགས། ","CT":"གཞས་གཏོང་མཁན་ཕོ་ཉའི་ཚོགས། "}}],[{"phrase":{"AT":"ཁོང་ལ་བསྟོད་དབྱངས་ལོངས་ཞིག","KT":"ཁོང་ལ་བསྟོད་དབྱངས་ལོངས་ཞིག ","CT":"ཁོང་ལ་བསྟོད་དབྱངས་ལེན་ཞིག"}}],[{"phrase":{"AT":"ནམ་མཁའ་ལ་ཡོད་པ་ཚང་མས་བསྟོད་པ་ཕུལ་ཞིང་།","KT":"ནམ་མཁའ་ལ་ཡོད་པ་ཚང་མས་བསྟོད་པ་ཕུལ་ཞིང་། ","CT":"ནམ་མཁའ་ལ་ཡོད་པ་ཚང་མས་བསྟོད་པ་ཕུལ་ཞིང་།"}}],[{"phrase":{"AT":"ནམ་མཁའ་ལ་བཞུགས་པའི་ཡབ་ལ་བསྙེན་བཀུར་ཞུས་ཤིག","KT":"ནམ་མཁའ་ལ་བཞུགས་པའི་ཡབ་ལ་བསྙེན་བཀུར་ཞུས་ཤིག ","CT":"ནམ་མཁའ་ལ་བཞུགས་པའི་ཡབ་ལ་བསྙེན་བཀུར་ཞུས་ཅིག།"}}]],"label":"verse 3","id":3}]},"metadata":[]}