{"title":{"AT":"102.དཀོན་མཆོག་ཁྱེད་དང་མཇལ་ན། ","KT":"102. དཀོན་མཆོག་ཁྱེད་དང་མཇལ་ན། ","CT":"102.དཀོན་མཆོག་ཁྱེད་དང་མཇལ་ན། "},"author":"*","key":"*","lyrics":{"Verse":[{"line":[[{"phrase":{"AT":"       (འགྱུར་མེད་རིན་ཆེན་གྱིས་བརྩམས་པའི་བསྟོད་དབྱངས།)","KT":"(འགྱུར་མེད་རིན་ཆེན་གྱིས་བརྩམས་པའི་བསྟོད་དབྱངས།) ","CT":"(འགྱུར་མེད་རིན་ཆེན་གྱིས་བརྩམས་པའི་བསྟོད་དབྱངས།)"}}],[{"phrase":{"AT":"དཀོན་མཆོག་ཁྱེད་དང་མཇལ་ན།","KT":" དཀོན་མཆོག་ཁྱེད་དང་མཇལ་ན། ","CT":"དཀོན་མཆོག་ཁྱེད་དང་མཇལ་ན།"}}],[{"phrase":{"AT":"ཞི་བདེ་གང་ནས་ཡོང་ངམ།","KT":"ཞི་བདེ་གང་ནས་ཡོང་ངམ། ","CT":"ཞི་བདེ་གང་ནས་ཡོང་ངམ།"}}],[{"phrase":{"AT":"དཀོན་མཆོག་ཁྱེད་ཀྱི་དྲུང་དུ། ","KT":"དཀོན་མཆོག་ཁྱེད་ཀྱི་དྲུང་དུ། ","CT":"དཀོན་མཆོག་ཁྱེད་ཀྱི་དྲུང་དུ། "}}],[{"phrase":{"AT":"དགའ་སྤྲོ་ང་ལ་ཡོད་རེད། ༢","KT":"དགའ་སྤྲོ་ང་ལ་ཡོད་རེད། ༢ ","CT":"དགའ་སྤྲོ་ང་ལ་ཡོད་རེད། ༢"}}],[{"phrase":{"AT":"ངའི་དཀོན་མཆོག དཀོན་མཆོག ","KT":"ངའི་དཀོན་མཆོག དཀོན་མཆོག ","CT":"ངའི་དཀོན་མཆོག དཀོན་མཆོག "}}],[{"phrase":{"AT":"དཀོན་མཆོག ངའི་དཀོན་མཆོག ","KT":"དཀོན་མཆོག ངའི་དཀོན་མཆོག ","CT":"དཀོན་མཆོག ངའི་དཀོན་མཆོག །"}}]],"label":"verse 1","id":1},{"line":[[{"phrase":{"AT":"དཀོན་མཆོག་ཁྱེད་དང་མཉམ་དུ།","KT":" དཀོན་མཆོག་ཁྱེད་དང་མཉམ་དུ། ","CT":"དཀོན་མཆོག་ཁྱེད་དང་མཉམ་དུ།"}}],[{"phrase":{"AT":"སྙིང་རྗེ་ཚེ་གང་གནང་ཡོད།","KT":"སྙིང་རྗེ་ཚེ་གང་གནང་ཡོད། ","CT":"སྙིང་རྗེ་ཚེ་གང་གནང་ཡོད།"}}],[{"phrase":{"AT":"དམ་པའི་ཐུགས་ཉིད་ཀྱི་སྟོབས་ཤུགས།","KT":"དམ་པའི་ཐུགས་ཉིད་ཀྱི་སྟོབས་ཤུགས། ","CT":"དམ་པའི་ཐུགས་ཉིད་ཀྱི་སྟོབས་ཤུགས།"}}],[{"phrase":{"AT":"ད་ལྟ་ངས་ཞུ་རྒྱུ་ཡིན། ༢","KT":"ད་ལྟ་ངས་ཞུ་རྒྱུ་ཡིན། ༢ ","CT":"ད་ལྟ་ངས་ཞུ་གི་ཡིན། ༢"}}],[{"phrase":{"AT":"        ངའི་དཀོན་མཆོག དཀོན་མཆོག ","KT":"ངའི་དཀོན་མཆོག དཀོན་མཆོག ","CT":"ངའི་དཀོན་མཆོག དཀོན་མཆོག "}}],[{"phrase":{"AT":"        དཀོན་མཆོག ངའི་དཀོན་མཆོག ","KT":"དཀོན་མཆོག ངའི་དཀོན་མཆོག ","CT":"དཀོན་མཆོག ངའི་དཀོན་མཆོག །"}}]],"label":"verse 2","id":2},{"line":[[{"phrase":{"AT":"དཀོན་མཆོག་ཁྱེད་ཀྱི་སྟོབས་ཤུགས།","KT":" དཀོན་མཆོག་ཁྱེད་ཀྱི་སྟོབས་ཤུགས། ","CT":"དཀོན་མཆོག་ཁྱེད་ཀྱི་སྟོབས་ཤུགས།"}}],[{"phrase":{"AT":"ད་ལྟ་ངས་ཞུ་རྒྱུ་ཡིན། ","KT":"ད་ལྟ་ངས་ཞུ་རྒྱུ་ཡིན། ","CT":"ད་ལྟ་ངས་ཞུ་གི་ཡིན། "}}],[{"phrase":{"AT":"དཀོན་མཆོག་ཁྱེད་ཀྱི་ཐུགས་རྗེའི་རྒྱལ་ཁ།","KT":"དཀོན་མཆོག་ཁྱེད་ཀྱི་ཐུགས་རྗེའི་རྒྱལ་ཁ། ","CT":"དཀོན་མཆོག་ཁྱེད་ཀྱི་ཐུགས་རྗེའི་རྒྱལ་ཁ།"}}],[{"phrase":{"AT":"ངས་ཞུ་རྒྱུ་ཡིན། ༢","KT":"ངས་ཞུ་རྒྱུ་ཡིན། ༢ ","CT":"ངས་ཞུ་གི་ཡིན། ༢"}}],[{"phrase":{"AT":"        ངའི་དཀོན་མཆོག དཀོན་མཆོག ","KT":"ངའི་དཀོན་མཆོག དཀོན་མཆོག ","CT":"ངའི་དཀོན་མཆོག དཀོན་མཆོག "}}],[{"phrase":{"AT":"        དཀོན་མཆོག ངའི་དཀོན་མཆོག ","KT":"དཀོན་མཆོག ངའི་དཀོན་མཆོག ","CT":"དཀོན་མཆོག ངའི་དཀོན་མཆོག །"}}]],"label":"verse 3","id":3}]},"metadata":[{"AT":"(ངའི་དཀོན་མཆོག)","KT":"(ངའི་དཀོན་མཆོག) ","CT":"(ངའི་དཀོན་མཆོག)"}]}