{"title":{"AT":"103.དཀོན་མཆོག་གི་ཐུགས་རྗེ་བཀའ་དྲིན་དེ།","KT":"103. དཀོན་མཆོག་གི་ཐུགས་རྗེ་བཀའ་དྲིན་དེ། ","CT":"103.དཀོན་མཆོག་གི་ཐུགས་རྗེ་བཀའ་དྲིན་དེ།"},"author":"*","key":"*","lyrics":{"Verse":[{"line":[[{"phrase":{"AT":"           (Amazing Grace ཞེས་པའི་དབྱིན་ཇིའི་བསྟོད་དབྱངས།)  PNJ 45","KT":"(Amazing Grace ཞེས་པའི་དབྱིན་ཇིའི་བསྟོད་དབྱངས།)36 PNJ 45 36 John Newton (1779) ","CT":"(Amazing Grace ཞེས་པའི་དབྱིན་ཇིའི་བསྟོད་དབྱངས།)  PNJ 45"}}],[{"phrase":{"AT":"དཀོན་མཆོག་གི་ཐུགས་རྗེ་བཀའ་དྲིན་དེ།","KT":" དཀོན་མཆོག་གི་ཐུགས་རྗེ་བཀའ་དྲིན་དེ། ","CT":"དཀོན་མཆོག་གིས་ཐུགས་རྗེ་བཀའ་དྲིན་དེ།"}}],[{"phrase":{"AT":"གང་འདྲའི་ཧ་ལས་པ་རེད།","KT":"གང་འདྲའི་ཧ་ལས་པ་རེད། ","CT":"གང་འདྲའི་ཧ་ལས་ཡ་རེད།"}}],[{"phrase":{"AT":"ཡེ་ཤུ་ཡི་བྱམས་པ་གཞི་ནས་ཧ་གོ་ཞིང་།","KT":"ཡེ་ཤུ་ཡི་བྱམས་པ་གཞི་ནས་ཧ་གོ་ཞིང་། ","CT":"ཡེ་ཤུ་ཡི་བྱམས་པ་གཞི་ནས་ཧོ་གོ་ཞིང་།"}}],[{"phrase":{"AT":"མི་ཚེ་གསར་བ་ཐོབ་སོང་།","KT":"མི་ཚེ་གསར་པ་ཐོབ་སོང་། ","CT":"མི་ཚེ་གསར་པ་ཐོབ་སོང་།"}}]],"label":"verse 1","id":1},{"line":[[{"phrase":{"AT":"གཙོ་བོ་ཡེ་ཤུ་ཡི་བཀའ་དྲིན་ཆེན་པོས།","KT":" གཙོ་བོ་ཡེ་ཤུ་ཡི་བཀའ་དྲིན་ཆེན་པོས། ","CT":"གཙོ་བོ་ཡེ་ཤུ་ཡི་བཀའ་དྲིན་ཆེན་པོས།"}}],[{"phrase":{"AT":"མི་སྡིག་ཅན་ང་ཡང་རྙེད།","KT":"མི་སྡིག་ཅན་ང་ཡང་རྙེད། ","CT":"མི་སྡིག་ཅན་ང་ཡང་རྙེད།"}}],[{"phrase":{"AT":"ཐར་བ་གནང་ནས་མི་ཚེ་གསར་བ་གནང་སོང་།","KT":"ཐར་བ་གནང་ནས་མི་ཚེ་གསར་པ་གནང་སོང་། ","CT":"ཐར་པ་གནང་ནས་མི་ཚེ་གསར་པ་གནང་སོང་།"}}],[{"phrase":{"AT":"ཡེ་ཤུ་ལ་ཐུགས་རྗེ་ཆེ།","KT":"ཡེ་ཤུ་ལ་ཐུགས་རྗེ་ཆེ། ","CT":"ཡེ་ཤུ་ལ་ཐུགས་རྗེ་ཆེ།"}}]],"label":"verse 2","id":2},{"line":[[{"phrase":{"AT":"དཀའ་ངལ་མང་པོའི་མི་ཚེ་འདི་ནང་།","KT":" དཀའ་ངལ་མང་པོའི་མི་ཚེ་འདི་ནང་། ","CT":"དཀའ་ངལ་མང་པོའི་མི་ཚེ་འདིའི་ནང་།"}}],[{"phrase":{"AT":"ཁོང་གི་བཀའ་དྲིན་བརྒྱུད་ནས།","KT":"ཁོང་གི་བཀའ་དྲིན་བརྒྱུད་ནས། ","CT":"ཁོང་གི་བཀའ་དྲིན་བརྒྱུད་ནས།"}}],[{"phrase":{"AT":"ད་ལྟ་ང་འདི་ལ་ཡོད། འདི་ནས་ནམ་མཁའི།","KT":"ད་ལྟ་ང་འདི་ལ་ཡོད། འདི་ནས་ནམ་མཁའི། ","CT":"ད་ལྟ་ང་འདི་ལ་ཡོད། འདི་ནས་ནམ་མཁའི།"}}],[{"phrase":{"AT":"རྒྱལ་སྲིད་དུ་ཁྲིད་པར་འགྱུར།","KT":"རྒྱལ་སྲིད་དུ་ཁྲིད་པར་འགྱུར། ","CT":"རྒྱལ་སྲིད་དུ་ཁྲིད་གནང་ཡོང་།"}}]],"label":"verse 3","id":3},{"line":[[{"phrase":{"AT":"དཀོན་མཆོག་གི་ཐུགས་རྗེ་བརྒྱུད་ནས།","KT":" དཀོན་མཆོག་གི་ཐུགས་རྗེ་བརྒྱུད་ནས། ","CT":"དཀོན་མཆོག་གི་ཐུགས་རྗེ་བརྒྱུད་ནས།"}}],[{"phrase":{"AT":"ནམ་མཁའི་རྒྱལ་སྲིད་དུ་བསླེབས།","KT":"ནམ་མཁའི་རྒྱལ་སྲིད་དུ་བསླེབས། ","CT":"ནམ་མཁའི་རྒྱལ་སྲིད་དུ་བསླེབས།"}}],[{"phrase":{"AT":"ཇི་སྲིད་བར་དུ་གཟི་བརྗིད་ཀྱི་འོད་ཤར།","KT":"ཇི་སྲིད་བར་དུ་གཟི་བརྗིད་ཀྱི་འོད་ཤར། ","CT":"ཇི་སྲིད་བར་དུ་གཟི་བརྗིད་ཀྱི་འོད་ཤར།"}}],[{"phrase":{"AT":"དཀོན་མཆོག་ལ་བསྟོད་དབྱངས་འབུལ།","KT":"དཀོན་མཆོག་ལ་བསྟོད་དབྱངས་འབུལ། ","CT":"དཀོན་མཆོག་ལ་བསྟོད་དབྱངས་ཕུལ།"}}]],"label":"verse 4","id":4},{"line":[[{"phrase":{"AT":"ཧ་ལེ་ལོའུ་ཡཱ། ཧ་ལེ་ལོའུ་ཡཱ། ཧ་ལེ་ལོའུ་ཡཱ། ཨ་མེན། ༢","KT":" ཧ་ལེ་ལོའུ་ཡཱ། ཧ་ལེ་ལོའུ་ཡཱ། ཧ་ལེ་ལོའུ་ཡཱ། ཨ་མེན། ༢ ","CT":"ཧཱ་ལེ་ལུ་ཡཱ། ཧཱ་ལེ་ལུ་ཡཱ། ཧཱ་ལེ་ལུ་ཡཱ། ཨ་མེན།། ༢"}}]],"label":"verse 5","id":5}]},"metadata":[]}