{"title":{"AT":"104.དཀོན་མཆོག་གི་བྱམས་སེམས།","KT":"104. དཀོན་མཆོག་གི་བྱམས་སེམས། ","CT":"104.དཀོན་མཆོག་གི་བྱམས་སེམས།"},"author":"*","key":"*","lyrics":{"Verse":[{"line":[[{"phrase":{"AT":"     (ལྷོ་ཁྲའོ་ཤན་གྱི་བསྟོད་དབྱངས།) TP 24","KT":"(ལྷོ་ཁྲའོ་ཤན་གྱི་བསྟོད་དབྱངས།) TP 24 ","CT":"(ལྷོ་ཁྲའོ་ཤན་གྱི་བསྟོད་དབྱངས།) TP 24"}}],[{"phrase":{"AT":"དཀོན་མཆོག་གི་བྱམས་སེམས་ལ་བརྩེ་བ་ཡོད་མཁན།","KT":"དཀོན་མཆོག་གི་བྱམས་སེམས་ལ་བརྩེ་བ་ཡོད་མཁན། ","CT":"དཀོན་མཆོག་གི་བྱམས་སེམས་ལ་བརྩེ་བ་ཡོད་མཁན།"}}],[{"phrase":{"AT":"དཀོན་མཆོག་གི་ཞི་བདེ་ལ་རེ་སྒུག་བྱེད་མཁན།","KT":"དཀོན་མཆོག་གི་ཞི་བདེ་ལ་རེ་སྒུག་བྱེད་མཁན། ","CT":"དཀོན་མཆོག་གི་ཞི་བདེ་ལ་རེ་སྒུག་བྱེད་མཁན།"}}],[{"phrase":{"AT":"ཁྱེད་ཀྱི་ཐམས་ཅད་སྐྲུན་མཁན་ང་ཚོའི་དཀོན་མཆོག་གིས།","KT":"ཁྱེད་ཀྱི་ཐམས་ཅད་སྐྲུན་མཁན་ང་ཚོའི་དཀོན་མཆོག་གིས། ","CT":"ཁྱེད་ཀྱི་ཐམས་ཅད་བསྐྲུན་མཁན་ང་ཚོའི་དཀོན་མཆོག་གིས།"}}],[{"phrase":{"AT":"ཁྱེད་ལ་བརྩེ་བ་ཆེན་པོ་གནང་གི་ཡོད། ","KT":"ཁྱེད་ལ་བརྩེ་བ་ཆེན་པོ་གནང་གི་ཡོད། ","CT":"ཁྱེད་ལ་ཧ་ཅང་དགའ་པོ་གནང་གི་ཡོད། "}}],[{"phrase":{"AT":"དཀོན་མཆོག་ལ་བསྙེན་བཀུར་དང་།","KT":"དཀོན་མཆོག་ལ་བསྙེན་བཀུར་དང་། ","CT":"དཀོན་མཆོག་ལ་བསྙེན་བཀུར་དང་།"}}],[{"phrase":{"AT":"བསྟོད་དབྱངས་འབུལ་མཁན།","KT":"བསྟོད་དབྱངས་འབུལ་མཁན། ","CT":"བསྟོད་དབྱངས་ཕུལ་མཁན།"}}],[{"phrase":{"AT":"དཀོན་མཆོག་བཞིན་བྱམས་སྙིང་རྗེ།","KT":"དཀོན་མཆོག་བཞིན་བྱམས་སྙིང་རྗེ། ","CT":"དཀོན་མཆོག་བཞིན་བྱམས་སྙིང་རྗེ།"}}],[{"phrase":{"AT":"སེམས་ལ་བཅངས་མཁན།","KT":"སེམས་ལ་བཅངས་མཁན། ","CT":"སེམས་ལ་བཅངས་མཁན།"}}],[{"phrase":{"AT":"ཁྱེད་ཀྱི་ཐམས་ཅད་ང་ཚོ་ཡི་དཀོན་མཆོག་གིས།","KT":"ཁྱེད་ཀྱི་ཐམས་ཅད་ང་ཚོ་ཡི་དཀོན་མཆོག་གིས། ","CT":"ཁྱེད་ཀྱི་ཐམས་ཅད་ང་ཚོ་ཡི་དཀོན་མཆོག་གིས།"}}],[{"phrase":{"AT":"བསྐྲུན་པར་མ་ཟད། ཁོང་གི་བརྩེ་བའི་ཕྲུ་གུར་འགྱུར།","KT":"བསྐྲུན་པར་མ་ཟད། ཁོང་གི་བརྩེ་བའི་ཕྲུ་གུར་འགྱུར། ","CT":"བསྐྲུན་མ་ཟད། ཁོང་གི་བརྩེ་བའི་ཕྲུ་གུར་འགྱུར།"}}],[{"phrase":{"AT":"དཀོན་མཆོག་གི་བརྩེ་སེམས་ཆེ་བའི་སྤྱན་གྱིས།","KT":"ཀོན་མཆོག་གི་བརྩེ་སེམས་ཆེ་བའི་སྤྱན་གྱིས། ","CT":"ཀོན་མཆོག་གིས་བརྩེ་སེམས་ཆེ་བའི་སྤྱན་གྱིས།"}}],[{"phrase":{"AT":"ཁྱེད་ལ་དུས་ནམ་ཡང་གཟིགས་ནས་ཡོད།","KT":"ཁྱེད་ལ་དུས་ནམ་ཡང་གཟིགས་ནས་ཡོད། ","CT":"ཁྱེད་ལ་དུས་ནམ་ཡང་གཟིགས་བཞུགས་ཡོད།"}}],[{"phrase":{"AT":"དཀོན་མཆོག་གི་སྙིང་རྗེ་ཡི་སྙན་དབང་གིས།","KT":"དཀོན་མཆོག་གི་སྙིང་རྗེ་ཡི་སྙན་དབང་གིས། ","CT":"སྙིང་རྗེ་ལྡན་པའི་ཁོང་གི་ཉན་ཅོག་གིས།"}}],[{"phrase":{"AT":"དུས་ནམ་ཡང་ཁྱེད་ཀྱི་ཞུ་བར་གསན་བཞིན་ཡོད།","KT":"དུས་ནམ་ཡང་ཁྱེད་ཀྱི་ཞུ་བར་གསན་བཞིན་ཡོད། ","CT":"དུས་ནམ་ཡང་ཁྱེད་ཀྱི་གཏམ་ལ་གསན་གྱི་ཡོད།"}}],[{"phrase":{"AT":"མུན་པའི་ནང་དུ་ཀུན་གསལ་འོད་ཟེར་འཕྲོ་བ་བཞིན།","KT":"མུན་པའི་ནང་དུ་ཀུན་གསལ་འོད་ཟེར་འཕྲོ་བ་བཞིན། ","CT":"མུན་པའི་ནང་དུ་ཀུན་གསལ་འོད་ཟེར་འཕྲོ་བ་བཞིན།"}}],[{"phrase":{"AT":"ཁྱེད་ཀྱི་སྡུག་བསྔལ་ཕྲན་བུ་དེ་ཡང་།","KT":"ཁྱེད་ཀྱི་སྡུག་བསྔལ་ཕྲན་བུ་དེ་ཡང་། ","CT":"ཁྱེད་ཀྱི་ཆུང་ངུའི་སྡུག་བསྔལ་ལ་ཡང་།"}}],[{"phrase":{"AT":"ཁོང་གིས་དང་ལེན་མཛད།","KT":"ཁོང་གིས་དང་ལེན་མཛད། ","CT":"ཁོང་གིས་ཁས་ལེན་མཛད།"}}],[{"phrase":{"AT":"ཁྱེད་གང་དུ་ཡོད་ཀྱང་དཀོན་མཆོག་སེམས་ལ་ཟུངས།","KT":"ཁྱེད་གང་དུ་ཡོད་ཀྱང་དཀོན་མཆོག་སེམས་ལ་ཞོག ","CT":"ཁྱེད་གང་དུ་ཡོད་ཀྱང་དཀོན་མཆོག་སེམས་ལ་བཞོག"}}],[{"phrase":{"AT":"དུས་ནམ་ཡང་ཁོང་ལ་རེ་སྨོན་བྱོས། ༢","KT":"དུས་ནམ་ཡང་ཁོང་ལ་རེ་སྨོན་བྱོས། ༢ ","CT":"དུས་ནམ་ཡང་ཁོང་ལ་རེ་སྨོན་བྱེད།། ༢"}}]],"label":"verse 1","id":1}]},"metadata":[]}