{"title":{"AT":"105.དཀོན་མཆོག་མཉམ་དུ་འབྲེལ་བ་མེད་ན།","KT":"105. དཀོན་མཆོག་མཉམ་དུ་འབྲེལ་བ་མེད་ན། ","CT":"105.དཀོན་མཆོག་མཉམ་དུ་འབྲེལ་བ་མེད་ན།"},"author":"*","key":"*","lyrics":{"Verse":[{"line":[[{"phrase":{"AT":"          (འགྱུར་མེད་རིན་ཆེན་གྱིས་བརྩམས་པའི་བསྟོད་དབྱངས།) JL CD3:4","KT":"(འགྱུར་མེད་རིན་ཆེན་གྱིས་བརྩམས་པའི་བསྟོད་དབྱངས།) JL CD3:4 ","CT":"(འགྱུར་མེད་རིན་ཆེན་གྱིས་བརྩམས་པའི་བསྟོད་དབྱངས།) JL CD3:4"}}],[{"phrase":{"AT":"དཀོན་མཆོག་མཉམ་དུ་འབྲེལ་བ་མེད་ན། ","KT":" དཀོན་མཆོག་མཉམ་དུ་འབྲེལ་བ་མེད་ན། ","CT":"དཀོན་མཆོག་མཉམ་དུ་འབྲེལ་བ་མེད་ན། "}}],[{"phrase":{"AT":"ཁོང་ལ་ཞབས་ཕྱི་ཞུ་མི་ཐུབ།","KT":"ཁོང་ལ་ཞབས་ཕྱི་ཞུ་མི་ཐུབ། ","CT":"ཁོང་ལ་ཞབས་ཕྱི་ཞུ་མི་ཐུབ།"}}],[{"phrase":{"AT":"སེམས་ལ་སྡིག་པ་ཡོད་ན། ","KT":"སེམས་ལ་སྡིག་པ་ཡོད་ན། ","CT":"  སེམས་ལ་སྡིག་པ་ཡོད་ན། "}}],[{"phrase":{"AT":"ཁོང་གི་དྲུང་དུ་བསླེབ་མི་ཐུབ། ༢","KT":"ཁོང་གི་དྲུང་དུ་བསླེབ་མི་ཐུབ། ༢ ","CT":"ཁོང་གི་དྲུང་དུ་སླེབས་མི་ཐུབ། ༢"}}]],"label":"verse 1","id":1},{"line":[[{"phrase":{"AT":"དཀོན་མཆོག་གི་བཀའ་ལ་མ་ཉན་ན། ","KT":"དཀོན་མཆོག་གི་བཀའ་ལ་མ་ཉན་ན། ","CT":"དཀོན་མཆོག་གི་བཀའ་ལ་མ་ཉན་ན། "}}],[{"phrase":{"AT":"ཁོང་གི་བྲན་གཡོག་བྱེད་མི་ཐུབ།","KT":"ཁོང་གི་བྲན་གཡོག་བྱེད་མི་ཐུབ། ","CT":"ཁོང་གི་འབྲན་གཡོག་བྱེད་མི་ཐུབ།"}}],[{"phrase":{"AT":"ཁོང་ལ་མི་ཚེ་མ་ཕུལ་ན། ","KT":"ཁོང་ལ་མི་ཚེ་མ་ཕུལ་ན། ","CT":"ཁོང་ལ་མི་ཚེ་མ་ཕུལ་ན། "}}],[{"phrase":{"AT":"ཁོང་གི་གཟི་བརྗིད་ཡོང་མི་ཐུབ། ༢","KT":"ཁོང་གི་གཟི་བརྗིད་ཡོང་མི་ཐུབ། ༢ ","CT":"ཁོང་གི་གཟི་བརྗིད་ཡོང་མི་ཐུབ། ༢"}}]],"label":"verse 2","id":2},{"line":[[{"phrase":{"AT":"དཀོན་མཆོག་ལ་བྱམས་པ་མེད་ན། ","KT":"དཀོན་མཆོག་ལ་བྱམས་པ་མེད་ན། ","CT":"དཀོན་མཆོག་ལ་བྱམས་པ་མེད་ན། "}}],[{"phrase":{"AT":"ཀུན་ལ་བརྩེ་བ་བྱེད་མི་ཐུབ།","KT":"ཀུན་ལ་བརྩེ་བ་བྱེད་མི་ཐུབ། ","CT":"ཀུན་ལ་བརྩེ་བ་བྱེད་མི་ཐུབ།"}}],[{"phrase":{"AT":"ཁོང་ལ་ཡིད་ཆེས་བརྟན་པོ་མེད་ན། ","KT":"ཁོང་ལ་ཡིད་ཆེས་བརྟན་པོ་མེད་ན། ","CT":"ཡིད་ཆེས་ཏན་ཏན་ཁོང་དང་མེད་ན། "}}],[{"phrase":{"AT":"བདུད་དང་དམག་འཁྲུག་རྒྱག་མི་ཐུབ། ༢","KT":"བདུད་དང་དམག་འཁྲུག་རྒྱག་མི་ཐུབ། ༢ ","CT":"བདུད་དང་དམག་དེ་བརྒྱབ་མི་ཐུབ།། ༢"}}]],"label":"verse 3","id":3}]},"metadata":[]}