{"title":{"AT":"106.དཀོན་མཆོག་ཉིད་ཀྱི་སྲས་ཡེ་ཤུ། ","KT":"106. དཀོན་མཆོག་ཉིད་ཀྱི་སྲས་ཡེ་ཤུ། ","CT":"106.དཀན་མཆོག་ཉིད་ཀྱི་སྲས་ཡེ་ཤུ། "},"author":"*","key":"*","lyrics":{"Verse":[{"line":[[{"phrase":{"AT":"དཀོན་མཆོག་ཉིད་ཀྱི་སྲས་ཡེ་ཤུ།","KT":" དཀོན་མཆོག་ཉིད་ཀྱི་སྲས་ཡེ་ཤུ། ","CT":"དཀོན་མཆོག་ཉིད་ཀྱི་སྲས་ཡེ་ཤུ།"}}],[{"phrase":{"AT":"ལུག་རྫི་བཟང་པོ་ཡིན་པ་ལ། ","KT":"ལུག་རྫི་བཟང་པོ་ཡིན་པ་ལ། ","CT":"ལུག་བརྫི་བཟང་པོ་ཡིན་པ་ལ། "}}],[{"phrase":{"AT":"ཁོང་གི་གསུང་སྐད་ཉན་ནས།","KT":"ཁོང་གི་གསུང་སྐད་ཉན་ནས། ","CT":"ཁོང་གི་གསུང་སྐད་ཉན་ནས།"}}],[{"phrase":{"AT":"ང་ཡི་མིང་ལ་འབོད་ཀྱིན་འདུག","KT":"ང་ཡི་མིང་ལ་འབོད་ཀྱིན་འདུག ","CT":"ང་ཡི་མིང་ལ་འབོད་ཀྱིན་འདུག ༢"}}],[{"phrase":{"AT":"ང་ཡི་མིང་ལ་འབོད་ཀྱིན་འདུག","KT":"ང་ཡི་མིང་ལ་འབོད་ཀྱིན་འདུག ","CT":"ཡེ་ཤུའི་གསུང་སྐད་སྙན་པོ།"}}],[{"phrase":{"AT":"ཡེ་ཤུའི་གསུང་སྐད་སྙན་པོ།","KT":"ཡེ་ཤུའི་གསུང་སྐད་སྙན་པོ། ","CT":"སེམས་ལ་དགའ་སྤྲོ་ཆེན་པོ།"}}],[{"phrase":{"AT":"སེམས་ལ་དགའ་སྤྲོ་ཆེན་པོ།","KT":"སེམས་ལ་དགའ་སྤྲོ་ཆེན་པོ། ","CT":"ང་ཚོར་ལམ་བཟང་བསྟན་ནས།"}}],[{"phrase":{"AT":"ང་ཚོར་ལམ་བཟང་བསྟན་ནས།","KT":"ང་ཚོར་ལམ་བཟང་བསྟན་ནས། ","CT":"ཁོང་གི་རྗེས་ལ་འགྲོ་གི་ཡོད། ༢"}}],[{"phrase":{"AT":"ཁོང་གི་རྗེས་ལ་འགྲོ་གི་ཡོད།","KT":"ཁོང་གི་རྗེས་ལ་འགྲོ་གི་ཡོད། ","CT":"༢བརྩེ་བའི་སྐྱབས་མགོན་ཡེ་ཤུ། "}}],[{"phrase":{"AT":"ཁོང་གི་རྗེས་ལ་འགྲོ་གི་ཡོད། ","KT":"ཁོང་གི་རྗེས་ལ་འགྲོ་གི་ཡོད། ","CT":"ང་ཚོར་གསུངས་རོགས་གནང་དང་། "}}]],"label":"verse 1","id":1},{"line":[[{"phrase":{"AT":"བརྩེ་བའི་སྐྱབས་མགོན་ཡེ་ཤུ། ","KT":" བརྩེ་བའི་སྐྱབས་མགོན་ཡེ་ཤུ། ","CT":"ྱེད་ཀྱི་གསུང་སྐད་གོ་བའི་དུས།"}}],[{"phrase":{"AT":"ང་ཚོར་གསུངས་རོགས་གནང་དང་། ","KT":"ང་ཚོར་གསུངས་རོགས་གནང་དང་། ","CT":"སེམས་ཤུགས་ཆེ་རུ་འགྲོ་ཡོང་།། ༢"}}],[{"phrase":{"AT":"ཁྱེད་ཀྱི་གསུང་སྐད་གོ་བའི་དུས།","KT":"ཁྱེད་ཀྱི་གསུང་སྐད་གོ་བའི་དུས། ","CT":"*"}}],[{"phrase":{"AT":"སེམས་ཤུགས་ཆེ་རུ་འགྲོ་ཡོང་། ","KT":"སེམས་ཤུགས་ཆེ་རུ་འགྲོ་ཡོང་། ","CT":"*"}}],[{"phrase":{"AT":"སེམས་ཤུགས་ཆེ་རུ་འགྲོ་ཡོང་། ","KT":"སེམས་ཤུགས་ཆེ་རུ་འགྲོ་ཡོང་། ","CT":"*"}}]],"label":"verse 2","id":2}]},"metadata":[{"AT":"(ཡེ་ཤུའི་གསུང་སྐད་སྙན་པོ།)","KT":"(ཡེ་ཤུའི་གསུང་སྐད་སྙན་པོ།) ","CT":"(ཡེ་ཤུའི་གསུང་སྐད་སྙན་པོ།)"},{"AT":"(བློ་རྣམ་གྱིས་བརྩམས་པའི་བསྟོད་དབྱངས།)","KT":"(བློ་རྣམ་གྱིས་བརྩམས་པའི་བསྟོད་དབྱངས།) ","CT":"(བློ་རྣམ་གྱིས་བརྩམས་པའི་བསྟོད་དབྱངས།)"}]}