{"title":{"AT":"107.དཀོན་མཆོག་ནི་ཁྱེད་ཀྱི་སྲུང་སྐྱོབ་གནང་མཁན།","KT":"107. དཀོན་མཆོག་ནི་ཁྱེད་ཀྱི་སྲུང་སྐྱོབ་གནང་མཁན། ","CT":"107.དཀོན་མཆོག་ནི་ཁྱེད་ཀྱི་སྲུང་སྐྱོབ་གནང་མཁན།"},"author":"*","key":"*","lyrics":{"Verse":[{"line":[[{"phrase":{"AT":"     (ལྷོ་ཁྲའོ་ཤན་གྱི་བསྟོད་དབྱངས།) TP 23","KT":"undefined(ལྷོ་ཁྲའོ་ཤན་གྱི་བསྟོད་དབྱངས།) TP 23 ","CT":"(ལྷོ་ཁྲའོ་ཤན་གྱི་བསྟོད་དབྱངས།) TP 23"}}],[{"phrase":{"AT":"དཀོན་མཆོག་ནི་ཁྱེད་ཀྱི་སྲུང་སྐྱོབ་གནང་མཁན་ཡིན།","KT":"དཀོན་མཆོག་ནི་ཁྱེད་ཀྱི་སྲུང་སྐྱོབ་གནང་མཁན་ཡིན། ","CT":"དཀོན་མཆོག་ནི་ཁྱེད་ཀྱི་སྲུང་སྐྱོབ་གནང་མཁན་ཡིན།"}}],[{"phrase":{"AT":"ཁྱེད་ཀྱི་གཡས་ཕྱོགས་སུ་བཞུགས་པའི་དཔུང་གྲོགས་ཡིན།","KT":"ཁྱེད་ཀྱི་གཡས་ཕྱོགས་སུ་བཞུགས་པའི་དཔུང་གྲོགས་ཡིན། ","CT":"ཁྱེད་ཀྱི་གཡས་ཕྱོགས་སུ་ཡོད་པའི་དཔུང་གྲོགས་ཡིན།"}}],[{"phrase":{"AT":"ཉིན་མོའི་ཉི་མ་དང་མཚན་མོའི་ཟླ་བས།","KT":"ཉིན་མོའི་ཉི་མ་དང་མཚན་མོའི་ཟླ་བས། ","CT":"ཉིན་མོའི་ཉི་མ་དང་མཚན་མོའི་ཟླ་བས།"}}],[{"phrase":{"AT":"ཁྱེད་ལ་གནོད་སྐྱོན་བྱེད་མི་ཐུབ།","KT":"ཁྱེད་ལ་གནོད་སྐྱོན་བྱེད་མི་ཐུབ། ","CT":"ཁྱེད་ལ་གནོད་སྐྱོན་བྱེད་མི་ཐུབ།"}}],[{"phrase":{"AT":"དཀོན་མཆོག་ནི་ཁྱེད་ཀྱི་སྲུང་སྐྱོབ་གནང་མཁན་ཡིན།","KT":"དཀོན་མཆོག་ནི་ཁྱེད་ཀྱི་སྲུང་སྐྱོབ་གནང་མཁན་ཡིན། ","CT":"དཀོན་མཆོག་ནི་ཁྱེད་ཀྱི་སྲུང་སྐྱོབ་གནང་མཁན་ཡིན།"}}],[{"phrase":{"AT":"ཁྱེད་སྡུག་བསྔལ་ལས་སྐྱོབ་མཁན་ཡིན།","KT":"ཁྱེད་སྡུག་བསྔལ་ལས་སྐྱོབ་མཁན་ཡིན། ","CT":"ཁྱེད་སྡུག་བསྔལ་ལས་སྐྱོབ་གནང་མཁན་ཡིན།"}}],[{"phrase":{"AT":"ཁོང་གིས་ཁྱེད་ལ་རོགས་རམ་གནང་བར་མཛད།","KT":"ཁོང་གིས་ཁྱེད་ལ་རོགས་རམ་གནང་བར་མཛད། ","CT":"ཁོང་གིས་ཁྱེད་ལ་རོགས་རམ་གནང་བར་མཛད།"}}],[{"phrase":{"AT":"ཁྱེད་རང་འགྲོ་བའི་ལམ་བུ་ཁོང་གིས་སྲུང་བར་གནང་།","KT":"ཁྱེད་ཀྱི་འགྲོ་བའི་ལམ་བུ་ཁོང་གིས་སྲུང་བར་གནང་། ","CT":"ཁྱེད་ཀྱི་འགྲོ་བའི་ལམ་བུ་ཁོང་གིས་སྲུང་བར་གནང་།"}}],[{"phrase":{"AT":"རི་བོ་མཐོན་པོ་རྣམས་ལ་ཡར་ལྟོས་དང་།","KT":"རི་བོ་མཐོན་པོ་རྣམས་ལ་ཡར་ལྟོས་དང་། ","CT":"རི་བོ་མཐོ་པོ་རྣམས་ལ་ཡར་གཟིགས་དང་།"}}],[{"phrase":{"AT":"ཁྱེད་ཀྱི་རོགས་རམ་གང་ནས་ཡོང་བ་ཡིན།","KT":"ཁྱེད་ཀྱི་རོགས་རམ་གང་ནས་ཡོང་བ་ཡིན། ","CT":"ཁྱེད་ལ་རོགས་རམ་གང་ནས་ཡོང་བར་ཡིན།"}}],[{"phrase":{"AT":"གནམ་ས་གཉིས་མཛད་པའི།","KT":"གནམ་ས་གཉིས་མཛད་པའི། ","CT":"གནམ་ས་གཉིས་མཛད་པའི།"}}],[{"phrase":{"AT":"ཁྱེད་ཐམས་ཅད་མཛད་པའི།","KT":"ཁྱེད་ཐམས་ཅད་མཛད་པའི། ","CT":"ཁྱེད་ཐམས་ཅད་མཛད་པའི།"}}],[{"phrase":{"AT":"ཡ་ཝཱེ་དཀོན་མཆོག་གི་ཕྱོགས་ནས་ཡོང་ངོ་།། ","KT":"ཡ་ཝཱེ་དཀོན་མཆོག་གི་ཕྱོགས་ནས་ཡོང་ངོ་།། ","CT":"ཡ་ཝཱེ་དཀོན་མཆོག་གི་ཕྱོགས་ནས་ཡོང་ངོ་།། "}}]],"label":"verse 1","id":1}]},"metadata":[]}