{"title":{"AT":"108.དཀོན་མཆོག་ཡེ་ཤུ་བཞུད་སོང་། ","KT":"108. དཀོན་མཆོག་ཡེ་ཤུ་བཞུད་སོང་། ","CT":"108.དཀན་མཆོག་ཡེ་ཤུ་བཞུད་སོང་། "},"author":"*","key":"*","lyrics":{"Verse":[{"line":[[{"phrase":{"AT":"དཀོན་མཆོག་ཡེ་ཤུ་བཞུད་སོང༌།","KT":" དཀོན་མཆོག་ཡེ་ཤུ་བཞུད་སོང༌། ","CT":"དཀོན་མཆོག་ཡེ་ཤུ་བཞུད་སོང༌།"}}],[{"phrase":{"AT":"སེམས་པ་སྐྱོ་བའི་ཁེངས་སོང༌།","KT":"སེམས་པ་སྐྱོ་བའི་ཁེངས་སོང༌། ","CT":"སེམས་པ་སྐྱོ་བའི་ཁེངས་སོང༌།"}}],[{"phrase":{"AT":"དཀོན་མཆོག་དྲན་པའི་མིག་ཆུ།","KT":"དཀོན་མཆོག་དྲན་པའི་མིག་ཆུ། ","CT":"དཀོན་མཆོག་དྲན་པའི་མིག་ཆུ།"}}],[{"phrase":{"AT":"(ལ་ནི)ཆུ་བོའི་གཞུང་ལ་འདྲེས་སོང༌། ","KT":"(ལ་ནི་)ཆུ་བོའི་གཞུང་ལ་འདྲེས་སོང༌། ","CT":"(ལ་ནི་)ཆུ་བོའི་གཞུང་ལ་འདྲེས་སོང༌། "}}],[{"phrase":{"AT":"སོ་འོ་ཡ་ལ་སོ། འོ་ཡ་འ་ལ།","KT":"སོ་འོ་ཡ་ལ་སོ། འོ་ཡ་འ་ལ། ","CT":"སོ་འོ་ཡ་ལ་སོ། འོ་ཡ་འ་ལ།"}}],[{"phrase":{"AT":"དཀོན་མཆོག་དྲན་པའི་མིག་ཆུ།","KT":"དཀོན་མཆོག་དྲན་པའི་མིག་ཆུ། ","CT":"དཀོན་མཆོག་དྲན་པའི་མིག་ཆུ།"}}],[{"phrase":{"AT":"(ལ་ནི)ཆུ་བོའི་གཞུང་ལ་འདྲེས་སོང༌། ","KT":"(ལ་ནི)ཆུ་བོའི་གཞུང་ལ་འདྲེས་སོང༌། ","CT":"(ལ་ནི་)ཆུ་བོའི་གཞུང་ལ་འདྲེས་སོང༌། "}}]],"label":"verse 1","id":1},{"line":[[{"phrase":{"AT":"སྐྱབས་མགོན་མེད་གི་མ་བསམ།","KT":" སྐྱབས་མགོན་མི་འདུག་མ་བསམ། ","CT":"སྐྱབས་མགོན་མེད་གི་མ་བསམ།"}}],[{"phrase":{"AT":"སྐྱབས་མགོན་ཡེ་ཤུ་བཞུགས་ཡོད།","KT":"སྐྱབས་མགོན་ཡེ་ཤུ་བཞུགས་ཡོད། ","CT":"སྐྱབས་མགོན་ཡེ་ཤུ་བཞུགས་ཡོད།"}}],[{"phrase":{"AT":"སྐྱབས་མགོན་གཙོ་བོ་ཡེ་ཤུའི། ","KT":"སྐྱབས་མགོན་གཙོ་བོ་ཡེ་ཤུའི། ","CT":"སྐྱབས་མགོན་གཙོ་བོ་ཡེ་ཤུའི། "}}],[{"phrase":{"AT":"(ལ་ནི)སྙན་པའི་སྐད་ངག་དྲན་བྱུང༌། ","KT":"(ལ་ནི་)སྙན་པའི་སྐད་ངག་དྲན་བྱུང༌། ","CT":"(ལ་ནི་)སྙན་པའི་སྐད་ངག་དྲན་བྱུང༌། "}}],[{"phrase":{"AT":"སོ་འོ་ཡ་ལ་སོ། འོ་ཡ་འ་ལ།","KT":"སོ་འོ་ཡ་ལ་སོ། འོ་ཡ་འ་ལ། ","CT":"སོ་འོ་ཡ་ལ་སོ། འོ་ཡ་འ་ལ།"}}],[{"phrase":{"AT":"སྐྱབས་མགོན་གཙོ་བོ་ཡེ་ཤུའི། ","KT":"སྐྱབས་མགོན་གཙོ་བོ་ཡེ་ཤུའི། ","CT":"སྐྱབས་མགོན་གཙོ་བོ་ཡེ་ཤུའི། "}}],[{"phrase":{"AT":"(ལ་ནི)སྙན་པའི་སྐད་ངག་དྲན་བྱུང༌། ","KT":"(ལ་ནི)སྙན་པའི་སྐད་ངག་དྲན་བྱུང༌། ","CT":"(ལ་ནི་)སྙན་པའི་སྐད་ངག་དྲན་བྱུང༌། "}}]],"label":"verse 2","id":2},{"line":[[{"phrase":{"AT":"སྐྱབས་མགོན་གཙོ་བོ་ཡེ་ཤུ།","KT":" སྐྱབས་མགོན་གཙོ་བོ་ཡེ་ཤུ། ","CT":"སྐྱབས་མགོན་གཙོ་བོ་ཡེ་ཤུ།"}}],[{"phrase":{"AT":"ཁ་ཐག་རིང་སོང་མ་བསམ།","KT":"ཁ་ཐག་རིང་སོང་མ་བསམ། ","CT":"ཁ་ཐག་རིང་སོང་མ་བསམ།"}}],[{"phrase":{"AT":"ཁྱེད་དང་ང་ཡི་བརྩེ་སེམས།","KT":"ཁྱེད་དང་ང་ཡི་བརྩེ་སེམས། ","CT":"ཁྱེད་དང་ང་ཡི་བརྩེ་སེམས།"}}],[{"phrase":{"AT":"(ལ་ནི)འགྱུར་མེད་བརྟན་པོར་གནས་ཡོད།","KT":"(ལ་ནི་)འགྱུར་མེད་བརྟན་པོར་གནས་ཡོད། ","CT":"(ལ་ནི་)འགྱུར་མེད་བརྟན་པོར་གནས་ཡོད།"}}],[{"phrase":{"AT":"སོ་འོ་ཡ་ལ་སོ། འོ་ཡ་འ་ལ།","KT":"སོ་འོ་ཡ་ལ་སོ། འོ་ཡ་འ་ལ། ","CT":"སོ་འོ་ཡ་ལ་སོ། འོ་ཡ་འ་ལ།"}}],[{"phrase":{"AT":"ཁྱེད་དང་ང་ཡི་བརྩེ་སེམས།","KT":"ཁྱེད་དང་ང་ཡི་བརྩེ་སེམས། ","CT":"ཁྱེད་དང་ང་ཡི་བརྩེ་སེམས།"}}],[{"phrase":{"AT":"(ལ་ནི)འགྱུར་མེད་བརྟན་པོར་གནས་ཡོད།","KT":"(ལ་ནི་)འགྱུར་མེད་བརྟན་པོར་གནས་ཡོད། ","CT":"(ལ་ནི་)འགྱུར་མེད་བརྟན་པོར་གནས་ཡོད།།"}}]],"label":"verse 3","id":3}]},"metadata":[{"AT":"(སེམས་ཁོང་གི་མིག་ཆུ།)","KT":"undefined(སེམས་ཁོང་གི་མིག་ཆུ།) ","CT":"(སེམས་ཁོང་གི་མིག་ཆུ།)"},{"AT":"(ཨ་མདོའི་བསྟོད་དབྱངས།)","KT":"(ཨ་མདོའི་བསྟོད་དབྱངས།) ","CT":"(ཨ་མདོའི་བསྟོད་དབྱངས།)"}]}