{"title":{"AT":"109.བཀའ་དྲིན་གྱི་ཡིད་སེམས་ཡར་ལ་འབུལ། ","KT":"109. བཀའ་དྲིན་གྱི་ཡིད་སེམས་ཡར་ལ་འབུལ། ","CT":"109.བཀའ་དྲིན་གྱི་ཡིད་སེམས་ཡར་ལ་འབུལ། "},"author":"*","key":"*","lyrics":{"Verse":[{"line":[[{"phrase":{"AT":"བཀའ་དྲིན་གྱི་ཡིད་སེམས་ཡར་ལ་འབུལ།","KT":"ཀའ་དྲིན་གྱི་ཡིད་སེམས་ཡར་ལ་འབུལ། ","CT":"ཀའ་དྲིན་གྱི་ཡིད་སེམས་ཡར་ལ་འབུལ།"}}],[{"phrase":{"AT":"བླ་མེད་དཀོན་མཆོག་ལ་འབུལ།","KT":"བླ་མེད་དཀོན་མཆོག་ལ་འབུལ། ","CT":"བླ་མེད་དཀོན་མཆོག་ལ་འབུལ།"}}],[{"phrase":{"AT":"ཁོང་གིས་ཉིད་ཀྱི་སྲས་གཅིག་པོ་གཙོ་བོ་ཡེ་ཤུ་གནང་། ༢","KT":"ཁོང་གིས་ཉིད་ཀྱི་སྲས་གཅིག་པོ་གཙོ་བོ་ཡེ་ཤུ་གནང་། ༢ ","CT":"ཁོང་གིས་ཉིད་ཀྱི་སྲས་གཅིག་པུ་གཙོ་བོ་ཡེ་ཤུ་གནང་། ༢"}}]],"label":"verse 1","id":1},{"line":[[{"phrase":{"AT":"ད་ལྟ། སྟོབས་ཆུང་རྣམས་ལ་སྟོབས་ཤུགས་འཛོམས།","KT":"་ལྟ། སྟོབས་ཆུང་རྣམས་ལ་སྟོབས་ཤུགས་འཛོམས། ","CT":"་ལྟ། སྟོབས་ཆུང་རྣམས་ལ་སྟོབས་ཤུགས་གནང་།"}}],[{"phrase":{"AT":"དབུལ་ཕོངས་རྣམས་ཕྱུག་པོ་ལ་གྱུར།","KT":"དབུལ་ཕོངས་རྣམས་ཕྱུག་པོ་ལ་གྱུར། ","CT":"དབུལ་ཕོངས་རྣམས་ཕྱུག་པོ་ལ་གྱུར།"}}]],"label":"verse 2","id":2},{"line":[[{"phrase":{"AT":"གཙོ་བོས་དོན་ཆེན་དེ་བསྒྲུབས་པས་དེ་ལྟར་བྱུང་། ༢","KT":"ཙོ་བོས་དོན་ཆེན་དེ་བསྒྲུབས་པས་དེ་ལྟར་བྱུང་། ༢ ","CT":"ཙོ་བོས་དོན་ཆེན་དེ་བསྒྲུབས་པས་དེ་ལྟར་བྱུང་། ༢"}}],[{"phrase":{"AT":"བཀའ་དྲིན་ཞུ། ","KT":"བཀའ་དྲིན་ཞུ། ","CT":"བཀའ་དྲིན་ཞུ།། "}}]],"label":"verse 3","id":3}]},"metadata":[{"AT":"(Give Thanks With a Grateful Heart ཞེས་པའི་དབྱིན་ཇིའི་བསྟོད་དབྱངས།)  AT08 101; KT06 102","KT":"undefined(Give Thanks With a Grateful Heart ཞེས་པའི་དབྱིན་ཇིའི་བསྟོད་དབྱངས།)37 AT08 101; KT06 102 37 Henry Smith. ©1978 Integrity's Hosanna! Music/ASCAP. Used by Permission ","CT":"(Give Thanks With a Grateful Heart ཞེས་པའི་དབྱིན་ཇིའི་བསྟོད་དབྱངས།)  AT08 101; KT06 102"}]}