{"title":{"AT":"11.ཁོང་གཙོ་བོ་ལགས།","KT":"11. ཁོང་གཙོ་བོ་ལགས། ","CT":"11.ཁོང་གཙོ་བོ་ལགས།"},"author":"*","key":"*","lyrics":{"Verse":[{"line":[[{"phrase":{"AT":"ཁོང་གཙོ་བོ་ལགས། ༢","KT":"ཁོང་གཙོ་བོ་ལགས། ༢ ","CT":"ཁོང་གཙོ་བོ་ལགས། ༢"}}],[{"phrase":{"AT":"ཁོང་གྲོངས་པ་ནས་སླར་གསོན་ཞིང་། ","KT":"ཁོང་གྲོངས་པ་ནས་ཡར་ལ་བཞེངས། ","CT":"ཁོང་གྲོངས་པ་ནས་ཡར་ལ་བཞེངས། "}}],[{"phrase":{"AT":"ཁོང་གཙོ་བོ་ལགས།","KT":"ཁོང་གཙོ་བོ་ལགས། ","CT":"ཁོང་གཙོ་བོ་ལགས།"}}],[{"phrase":{"AT":"པུས་མོ་ཀུན་སར་འཛུགས་ཤིང་།","KT":"པུས་མོ་ཀུན་སར་འཛུགས་ཤིང་། ","CT":"པུས་མོ་ཀུན་སར་བཙུགས་ཤིང་།"}}],[{"phrase":{"AT":"མི་ཚང་མས་ཁས་ལེན་ཞུས་ནས། ","KT":"མི་ཚང་མས་ཁས་ལེན་ཞུས་ནས། ","CT":"མི་ཚང་མས་ཁས་ལེན་་་ཞུས་ནས། "}}],[{"phrase":{"AT":"ཡེ་ཤུ་གཙོ་བོ་ལགས།","KT":"ཡེ་ཤུ་གཙོ་བོ་ལགས། ","CT":"ཡེ་ཤུ་གཙོ་བོ་ལགས།།"}}]],"label":"verse 1","id":1}]},"metadata":[{"AT":"(He is Lord ཞེས་པའི་དབྱིན་ཇིའི་བསྟོད་དབྱངས།) ","KT":"(He is Lord ཞེས་པའི་དབྱིན་ཇིའི་བསྟོད་དབྱངས།)2 Author Unknown, Copyright © Kingsway’s Thankyou Music, Lottbridge Drove, Eastbourne,E.Sussex, UK, BN23 6NT, Used by permission 3 Diane Davis Andrews, Copyright © 1975 Celebration, 809 Franklin Avenue, PO Box 309 Aliquippa, Pennsylvania, 15001, USA. ","CT":"(He is Lord ཞེས་པའི་དབྱིན་ཇིའི་བསྟོད་དབྱངས།) "}]}