{"title":{"AT":"110.བཀྲ་ཤིས་འཇའ་ཚོན་རི་མོ།","KT":"110. བཀྲ་ཤིས་འཇའ་ཚོན་རི་མོ། ","CT":"110.བཀྲ་ཤིས་འཇའ་ཚོན་རི་མོ།"},"author":"*","key":"*","lyrics":{"Verse":[{"line":[[{"phrase":{"AT":"     (ཨ་མདོའི་བསྟོད་དབྱངས།) AT08 103; KT06 103","KT":"undefined(ཨ་མདོའི་བསྟོད་དབྱངས།) AT08 103; KT06 103 ","CT":"(ཨ་མདོའི་བསྟོད་དབྱངས།) AT08 103; KT06 103"}}],[{"phrase":{"AT":"ཡེ་་་། ་་་ཡ།  བཀྲ་ཤིས་འཇའ་ཚོན་རི་མོ།","KT":"ཡེ་་་། ་་་ཡ། བཀྲ་ཤིས་འཇའ་ཚོན་རི་མོ། ","CT":"ཡེ་་་། ་་་ཡ།  བཀྲ་ཤིས་འཇའ་ཚོན་རི་མོ།"}}],[{"phrase":{"AT":"གསེར་གྱི་ཟམ་པ་ཡིན་ན་ཡ།","KT":"གསེར་གྱི་ཟམ་པ་ཡིན་ན་ཡ། ","CT":"གསེར་གྱི་ཟམ་པ་ཡིན་ན་ཡ།"}}],[{"phrase":{"AT":"རྫ་རི་སྐོར་ནས་འགྲོ་འགྲོ།","KT":"རྫ་རི་སྐོར་ནས་འགྲོ་འགྲོ། ","CT":"རྫ་རི་སྐོར་ནས་འགྲོ་འགྲོ།"}}],[{"phrase":{"AT":"ནམ་མཁའི་ཡབ་ཆེན་མཇལ་བར་འགྲོ་ཡ།","KT":"ནམ་མཁའི་ཡབ་ཆེན་མཇལ་བར་འགྲོ་ཡ། ","CT":"ནམ་མཁའི་ཡབ་ཆེན་མཇལ་བར་འགྲོ་ཡ།"}}],[{"phrase":{"AT":"ཡེ་་་། ་་་ཡ། ","KT":"ཡེ་་་། ་་་ཡ། ","CT":"ཡེ་་་། ་་་ཡ། "}}],[{"phrase":{"AT":"རྫ་རི་སྐོར་ནས་འགྲོ་འགྲོ།","KT":"རྫ་རི་སྐོར་ནས་འགྲོ་འགྲོ། ","CT":"རྫ་རི་སྐོར་རེ་འགྲོ་འགྲོ།"}}],[{"phrase":{"AT":"ནམ་མཁའི་ཡབ་ཆེན་མཇལ་བར། ","KT":"ནམ་མཁའི་ཡབ་ཆེན་མཇལ་བར། ","CT":"ནམ་མཁའི་ཡབ་ཆེན་མཇལ་བར། "}}],[{"phrase":{"AT":"ནམ་མཁའི་ཡབ་ཆེན་མཇལ་བར་འགྲོ་ཡ། ༢  ","KT":"ནམ་མཁའི་ཡབ་ཆེན་མཇལ་བར་འགྲོ་ཡ། ༢ ","CT":"ནམ་མཁའི་ཡབ་ཆེན་མཇལ་བར་འགྲོ་ཡ།། ༢  "}}]],"label":"verse 1","id":1}]},"metadata":[]}