{"title":{"AT":"111.བཀྲ་ཤིས་ཤོག ","KT":"111. བཀྲ་ཤིས་ཤོག ","CT":"111.བཀྲ་ཤིས་ཤོག "},"author":"*","key":"*","lyrics":{"Verse":[{"line":[[{"phrase":{"AT":"      (ཡེ་ཤུའི་འཁྲུངས་སྐར་ལ་རྟེན་འབྲེལ་ཞུ།)","KT":"undefined(ཡེ་ཤུའི་འཁྲུངས་སྐར་ལ་རྟེན་འབྲེལ་ཞུ།) ","CT":"(ཡེ་ཤུའི་འཁྲུངས་སྐར་ལ་རྟེན་འབྲེལ།)"}}],[{"phrase":{"AT":"     (ཨ་མདོའི་བསྟོད་དབྱངས།) AT08 144; KT06 155","KT":"(ཨ་མདོའི་བསྟོད་དབྱངས།) AT08 144; KT06 155 ","CT":"(ཨ་མདོའི་བསྟོད་དབྱངས།) AT08 144; KT06 155"}}],[{"phrase":{"AT":"ཨོ་་་བཀྲ་ཤིས་ཤོག  ཨོ་་་རྟེན་འབྲེལ་ཞུ།","KT":" ཨོ་་་བཀྲ་ཤིས་ཤོག ཨོ་་་རྟེན་འབྲེལ་ཞུ། ","CT":"ཨོ་་་བཀྲ་ཤིས་ཤོག  ཨོ་་་རྟེན་འབྲེལ་ཞུ།"}}],[{"phrase":{"AT":"བཀྲ་ཤིས་ཤོག  རྟེན་འབྲེལ་ཞུ།","KT":"བཀྲ་ཤིས་ཤོག རྟེན་འབྲེལ་ཞུ། ","CT":"བཀྲ་ཤིས་ཤོག  རྟེན་འབྲེལ་ཞུ།"}}],[{"phrase":{"AT":"བཀྲ་ཤིས་ཤོག  རྟེན་འབྲེལ་ཞུ། ལ་ལ་་་ལ་་་ལ་་་ལ།","KT":"བཀྲ་ཤིས་ཤོག རྟེན་འབྲེལ་ཞུ། ལ་ལ་་་ལ་་་ལ་་་ལ། ","CT":"བཀྲ་ཤིས་ཤོག  རྟེན་འབྲེལ་ཞུ། ལ་ལ་་་ལ་་་ལ་་་ལ།"}}],[{"phrase":{"AT":"ཡེ་ཤུའི་འཁྲུངས་སྐར་ལ་རྟེན་འབྲེལ་ཞུ།  རྟེན་འབྲེལ་ཞུ།","KT":"ཡེ་ཤུའི་འཁྲུངས་སྐར་ལ་རྟེན་འབྲེལ་ཞུ། རྟེན་འབྲེལ་ཞུ། ","CT":"ཡེ་ཤུའི་འཁྲུངས་སྐར་ལ་རྟེན་འབྲེལ་ཞུ།  རྟེན་འབྲེལ་ཞུ།"}}],[{"phrase":{"AT":"ང་ཚོས་དགའ་བའི་བསྟོད་དབྱངས་འབུལ།","KT":"ང་ཚོས་དགའ་བའི་བསྟོད་དབྱངས་འབུལ། ","CT":"ང་ཚོས་དགའ་བའི་བསྟོད་དབྱངས་འབུལ།"}}],[{"phrase":{"AT":"བསྟོད་དབྱངས་འབུལ།","KT":"བསྟོད་དབྱངས་འབུལ། ","CT":"བསྟོད་དབྱངས་འབུལ།"}}],[{"phrase":{"AT":"ང་ཚོས་སྐྱིད་པའི་བྲོ་གར་འཁྲབ།  བྲོ་གར་འཁྲབ།","KT":"ང་ཚོས་སྐྱིད་པའི་བྲོ་གར་འཁྲབ། བྲོ་གར་འཁྲབ། ","CT":"ང་ཚོས་སྐྱིད་པའི་བྲོ་གར་འཁྲབ།  བྲོ་གར་འཁྲབ།"}}],[{"phrase":{"AT":"ཀུན་ལ་ཁ་བྲོ་བཀྲ་ཤིས་ཤོགབཀྲ་ཤིས་ཤོག ༢  ","KT":"ཀུན་ལ་ཁ་བྲོ་བཀྲ་ཤིས་ཤོག བཀྲ་ཤིས་ཤོག ༢ ","CT":"ཀུན་ལ་ཁ་བྲོ་བཀྲ་ཤིས་ཤོགབཀྲ་ཤིས་ཤོག ༢  "}}]],"label":"verse 1","id":1},{"line":[[{"phrase":{"AT":"ཨོ་་་དུས་ཆེན་གྱི་མཆོག  ཨོ་་་རྟེན་འབྲེལ་ཞུ།","KT":"ndefined༢ ཨོ་་་དུས་ཆེན་གྱི་མཆོག ཨོ་་་རྟེན་འབྲེལ་ཞུ། ","CT":"ཨོ་་་དུས་ཆེན་གྱི་མཆོག  ཨོ་་་རྟེན་འབྲེལ་ཞུ།"}}],[{"phrase":{"AT":"དུས་ཆེན་མཆོག  རྟེན་འབྲེལ་ཞུ།","KT":"དུས་ཆེན་མཆོག རྟེན་འབྲེལ་ཞུ། ","CT":"དུས་ཆེན་མཆོག  རྟེན་འབྲེལ་ཞུ།"}}],[{"phrase":{"AT":"དུས་ཆེན་མཆོག  རྟེན་འབྲེལ་ཞུ། ལ་ལ་་་ལ་་་ལ་་་ལ།","KT":"དུས་ཆེན་མཆོག རྟེན་འབྲེལ་ཞུ། ལ་ལ་་་ལ་་་ལ་་་ལ། ","CT":"དུས་ཆེན་མཆོག  རྟེན་འབྲེལ་ཞུ། ལ་ལ་་་ལ་་་ལ་་་ལ།"}}],[{"phrase":{"AT":"ང་ཚོའི་ཆེད་ལ་མགོན་ཞིག་འཁྲུངས།  མགོན་ཞིག་འཁྲུངས།","KT":"ང་ཚོའི་ཆེད་ལ་མགོན་ཞིག་འཁྲུངས། མགོན་ཞིག་འཁྲུངས། ","CT":"ང་ཚོའི་ཆེད་ལ་མགོན་ཞིག་འཁྲུངས།  མགོན་ཞིག་འཁྲུངས།"}}],[{"phrase":{"AT":"ཁོང་གི་མཚན་ལ་ཡེ་ཤུ་གསོལ།  ཡེ་ཤུ་གསོལ།","KT":"ཁོང་གི་མཚན་ལ་ཡེ་ཤུ་གསོལ། ཡེ་ཤུ་གསོལ། ","CT":"ཁོང་གི་མཚན་ལ་ཡེ་ཤུ་གསོལ།  ཡེ་ཤུ་གསོལ།"}}],[{"phrase":{"AT":"དབང་དང་ནུས་ཤུགས་ཁོང་ལ་འཛོམས།  ཁོང་ལ་འཛོམས།","KT":"དབང་དང་ནུས་ཤུགས་ཁོང་ལ་འཛོམས། ཁོང་ལ་འཛོམས། ","CT":"དབང་དང་ནུས་ཤུགས་ཁོང་ལ་འཛོམས།  ཁོང་ལ་འཛོམས།"}}],[{"phrase":{"AT":"ཁོང་ཉིད་ང་ཚོའི་རྒྱལ་པོ་ཡིན།  རྒྱལ་པོ་ཡིན།","KT":"ཁོང་ཉིད་ང་ཚོའི་རྒྱལ་པོ་ཡིན། རྒྱལ་པོ་ཡིན། ","CT":"ཁོང་ཉིད་ང་ཚོའི་རྒྱལ་པོ་ཡིན།  རྒྱལ་པོ་ཡིན།"}}]],"label":"verse 2","id":2},{"line":[[{"phrase":{"AT":"ཨོ་་་དུས་ཆེན་གྱི་མཆོག  ཨོ་་་བཀྲ་ཤིས་ཤོག","KT":" ཨོ་་་དུས་ཆེན་གྱི་མཆོག ཨོ་་་བཀྲ་ཤིས་ཤོག ","CT":"ཨོ་་་དུས་ཆེན་གྱི་མཆོག  ཨོ་་་བཀྲ་ཤིས་ཤོག"}}],[{"phrase":{"AT":"དུས་ཆེན་མཆོག  བཀྲ་ཤིས་ཤོག","KT":"དུས་ཆེན་མཆོག བཀྲ་ཤིས་ཤོག ","CT":"དུས་ཆེན་མཆོག  བཀྲ་ཤིས་ཤོག"}}],[{"phrase":{"AT":"དུས་ཆེན་མཆོག  བཀྲ་ཤིས་ཤོག ལ་ལ་་་ལ་་་ལ་་་ལ།","KT":"དུས་ཆེན་མཆོག བཀྲ་ཤིས་ཤོག ལ་ལ་་་ལ་་་ལ་་་ལ། ","CT":"དུས་ཆེན་མཆོག  བཀྲ་ཤིས་ཤོག ལ་ལ་་་ལ་་་ལ་་་ལ།"}}],[{"phrase":{"AT":"ང་ཚོ་ཚང་མའི་སྐྱབས་མགོན་འཁྲུངས།","KT":"ང་ཚོ་ཚང་མའི་སྐྱབས་མགོན་འཁྲུངས། ","CT":"ང་ཚོ་ཚང་མའི་སྐྱབས་མགོན་འཁྲུངས།"}}],[{"phrase":{"AT":"སྐྱབས་མགོན་འཁྲུངས།","KT":"སྐྱབས་མགོན་འཁྲུངས། ","CT":"སྐྱབས་མགོན་འཁྲུངས།"}}],[{"phrase":{"AT":"ཁོང་གིས་ང་ཚོར་ཚེ་སྲོག་གནང་།  ཚེ་སྲོག་གནང་།","KT":"ཁོང་གིས་ང་ཚོར་ཚེ་སྲོག་གནང་། ཚེ་སྲོག་གནང་། ","CT":"ཁོང་གིས་ང་ཚོར་ཚེ་སྲོག་གནང་།  ཚེ་སྲོག་གནང་།"}}],[{"phrase":{"AT":"དགའ་སྤྲོའི་བསྟོད་དབྱངས་ཀུན་ལ་ཁྱབ།  ཀུན་ལ་ཁྱབ།","KT":"དགའ་སྤྲོའི་བསྟོད་དབྱངས་ཀུན་ལ་ཁྱབ། ཀུན་ལ་ཁྱབ། ","CT":"དགའ་སྤྲོའི་བསྟོད་དབྱངས་ཀུན་ལ་ཁྱབ།  ཀུན་ལ་ཁྱབ།"}}]],"label":"verse 3","id":3},{"line":[[{"phrase":{"AT":"གཟི་བརྗིད་བསྟོད་པ་ཁོང་ལ་འབུལ།  ཁོང་ལ་འབུལ།","KT":"ཟི་བརྗིད་བསྟོད་པ་ཁོང་ལ་འབུལ། ཁོང་ལ་འབུལ། ","CT":"ཟི་བརྗིད་བསྟོད་པ་ཁོང་ལ་འབུལ།  ཁོང་ལ་འབུལ།"}}],[{"phrase":{"AT":"ཡེ་ཤུའི་འཁྲུངས་སྐར་ལ་རྟེན་འབྲེལ་ཞུ། ","KT":"ཡེ་ཤུའི་འཁྲུངས་སྐར་ལ་རྟེན་འབྲེལ་ཞུ། ","CT":"ཡེ་ཤུའི་འཁྲུངས་སྐར་ལ་རྟེན་འབྲེལ་ཞུ། "}}],[{"phrase":{"AT":"ང་ཚོས་དགའ་བའི་བསྟོད་དབྱངས་འབུལ།","KT":"ང་ཚོས་དགའ་བའི་བསྟོད་དབྱངས་འབུལ། ","CT":"ང་ཚོས་དགའ་བའི་བསྟོད་དབྱངས་འབུལ།"}}],[{"phrase":{"AT":"ང་ཚོས་སྐྱིད་པའི་བྲོ་གར་འཁྲབ།","KT":"ང་ཚོས་སྐྱིད་པའི་བྲོ་གར་འཁྲབ། ","CT":"ང་ཚོས་སྐྱིད་པའི་བྲོ་གར་འཁྲབ།"}}],[{"phrase":{"AT":"ཀུན་ལ་ཁ་བྲོ་བཀྲ་ཤིས་ཤོག","KT":"ཀུན་ལ་ཁ་བྲོ་བཀྲ་ཤིས་ཤོག ","CT":"ཀུན་ལ་ཁ་བྲོ་བཀྲ་ཤིས་ཤོག"}}],[{"phrase":{"AT":"བཀྲ་ཤིས་ཤོག  བཀྲ་ཤིས་ཤོག","KT":"བཀྲ་ཤིས་ཤོག བཀྲ་ཤིས་ཤོག ","CT":"བཀྲ་ཤིས་ཤོག  བཀྲ་ཤིས་ཤོག"}}],[{"phrase":{"AT":"བཀྲ་ཤིས་བདེ་ལེགས་ཕུན་སུམ་ཚོགས་པར་ཤོག ","KT":"བཀྲ་ཤིས་བདེ་ལེགས་ཕུན་སུམ་ཚོགས་པར་ཤོག ","CT":"བཀྲ་ཤིས་བདེ་ལེགས་ཕུན་སུམ་ཚོགས་པར་ཤོག །"}}]],"label":"verse 4","id":4}]},"metadata":[]}