{"title":{"AT":"112.སྐལ་བཟང་ལ། བདག་གི་སེམས་ཀྱི་གཏིང་ནས།","KT":"112. སྐལ་བཟང་ལ། བདག་གི་སེམས་ཀྱི་གཏིང་ནས། ","CT":"112.སྐལ་བཟང་ལ། བདག་གི་སེམས་ཀྱི་གཏིང་ནས།"},"author":"*","key":"*","lyrics":{"Verse":[{"line":[[{"phrase":{"AT":"སྐལ་བཟང་ལ། ","KT":" སྐལ་བཟང་ལ། ","CT":"སྐལ་བཟང་ལ། "}}],[{"phrase":{"AT":"བདག་གི་ལ་སེམས་ཀྱི་གཏིང་ནས་ལ་ནི།","KT":"བདག་གི་ལ་སེམས་ཀྱི་གཏིང་ནས་ལ་ནི། ","CT":"བདག་གི་ལ་སེམས་ཀྱི་གཏིང་ནས་ལ་ནི།"}}],[{"phrase":{"AT":"སྐལ་བཟང་ལ།","KT":"སྐལ་བཟང་ལ། ","CT":"སྐལ་བཟང་ལ།"}}],[{"phrase":{"AT":"དཀོན་མཆོག་ལ་ཐུགས་རྗེ་ཆེ་ཞུ། ","KT":"དཀོན་མཆོག་ལ་ཐུགས་རྗེ་ཆེ་ཞུ། ","CT":"དཀོན་མཆོག་ལ་ཐུགས་རྗེ་ཕུལ་ཞིག "}}]],"label":"verse 1","id":1},{"line":[[{"phrase":{"AT":"ཡ་ལ་ནི་སྐལ་བཟང་ལ།","KT":"་ལ་ནི་སྐལ་བཟང་ལ། ","CT":"་ལ་ནི་སྐལ་བཟང་ལ།"}}],[{"phrase":{"AT":"ཁོང་ལ་ནི་ཐུགས་རྗེ་ཆེ་ཞུ། ༢","KT":"ཁོང་ལ་ནི་ཐུགས་རྗེ་ཆེ་ཞུ། ༢ ","CT":"ཁོང་ལ་ནི་ཐུགས་རྗེ་ཕུལ་ཞིག ། ༢"}}]],"label":"verse 2","id":2},{"line":[[{"phrase":{"AT":"སྐལ་བཟང་ལ། ","KT":" སྐལ་བཟང་ལ། ","CT":"སྐལ་བཟང་ལ། "}}],[{"phrase":{"AT":"དཀོན་མཆོག་གི་ཆོས་ཚོགས་ཚང་མ་ལ་ནི།","KT":"དཀོན་མཆོག་གི་ཆོས་ཚོགས་ཚང་མ་ལ་ནི། ","CT":"དཀོན་མཆོག་གི་ཆོས་ཚོགས་ཚང་མ་ལ་ནི།"}}],[{"phrase":{"AT":"སྐལ་བཟང་ལ།","KT":"སྐལ་བཟང་ལ། ","CT":"སྐལ་བཟང་ལ།"}}],[{"phrase":{"AT":"དཀོན་མཆོག་ལ་བསྟོད་པ་ཕུལ་ཞིག ","KT":"དཀོན་མཆོག་ལ་བསྟོད་པ་ཕུལ་ཞིག ","CT":"དཀོན་མཆོག་ལ་བསྟོད་པ་ཕུལ་ཞིག "}}]],"label":"verse 3","id":3},{"line":[[{"phrase":{"AT":"ཡ་ལ་ནི་སྐལ་བཟང་ལ།","KT":"་ལ་ནི་སྐལ་བཟང་ལ། ","CT":"་ལ་ནི་སྐལ་བཟང་ལ།"}}],[{"phrase":{"AT":"ཁོང་ལ་ནི་བསྟོད་པ་ཕུལ་ཞིག  ༢","KT":"ཁོང་ལ་ནི་བསྟོད་པ་ཕུལ་ཞིག ༢ ","CT":"ཁོང་ལ་ནི་བསྟོད་པ་ཕུལ་ཞིག ། ༢"}}]],"label":"verse 4","id":4},{"line":[[{"phrase":{"AT":"སྐལ་བཟང་ལ། ","KT":" སྐལ་བཟང་ལ། ","CT":"སྐལ་བཟང་ལ། "}}],[{"phrase":{"AT":"དཀོན་མཆོག་གི་གསུང་དེ་ཆེ་ཤོས་ཡིན།","KT":"དཀོན་མཆོག་གི་གསུང་དེ་ཆེ་ཤོས་ཡིན། ","CT":"དཀོན་མཆོག་གི་གསུང་དེ་ཆེ་ཤོས་ཡིན།"}}],[{"phrase":{"AT":"སྐལ་བཟང་ལ།","KT":"སྐལ་བཟང་ལ། ","CT":"སྐལ་བཟང་ལ།"}}],[{"phrase":{"AT":"དཀོན་མཆོག་ལ་སྨོན་ལམ་ཕུལ་ཞིག ","KT":"དཀོན་མཆོག་ལ་སྨོན་ལམ་ཕུལ་ཞིག ","CT":"དཀོན་མཆོག་ལ་སྨོན་ལམ་ཕུལ་ཞིག "}}]],"label":"verse 5","id":5},{"line":[[{"phrase":{"AT":"ཡ་ལ་ནི་སྐལ་བཟང་ལ།","KT":"་ལ་ནི་སྐལ་བཟང་ལ། ","CT":"་ལ་ནི་སྐལ་བཟང་ལ།"}}],[{"phrase":{"AT":"ཁོང་ལ་ནི་སྨོན་ལམ་ཕུལ་ཞིག ༢","KT":"ཁོང་ལ་ནི་སྨོན་ལམ་ཕུལ་ཞིག ༢ ","CT":"ཁོང་ལ་ནི་སྨོན་ལམ་ཕུལ་ཞིག ། ༢"}}]],"label":"verse 6","id":6},{"line":[[{"phrase":{"AT":"སྐལ་བཟང་ལ། ","KT":"ndefined༤ སྐལ་བཟང་ལ། ","CT":"ndefined༤སྐལ་བཟང་ལ། "}}],[{"phrase":{"AT":"དཀོན་མཆོག་ལ་གླུ་གཞས་བཏང་ནས་ལ་ནི།","KT":"དཀོན་མཆོག་ལ་གླུ་གཞས་བཏང་ནས་ལ་ནི། ","CT":"དཀོན་མཆོག་ལ་གླུ་གཞས་བཏང་ནས་ལ་ནི།"}}],[{"phrase":{"AT":"སྐལ་བཟང་ལ།","KT":"སྐལ་བཟང་ལ། ","CT":"སྐལ་བཟང་ལ།"}}],[{"phrase":{"AT":"དཀོན་མཆོག་ལ་གཟི་བརྗིད་ཕུལ་ཞིག ","KT":"དཀོན་མཆོག་ལ་གཟི་བརྗིད་ཕུལ་ཞིག ","CT":"དཀོན་མཆོག་ལ་གཟི་བརྗིད་ཕུལ་ཞིག "}}]],"label":"verse 7","id":7},{"line":[[{"phrase":{"AT":"ཡ་ལ་ནི་སྐལ་བཟང་ལ།","KT":"་ལ་ནི་སྐལ་བཟང་ལ། ","CT":"་ལ་ནི་སྐལ་བཟང་ལ།"}}],[{"phrase":{"AT":"ཁོང་ལ་ནི་གཟི་བརྗིད་ཕུལ་ཞིག  ༢","KT":"ཁོང་ལ་ནི་གཟི་བརྗིད་ཕུལ་ཞིག ༢ ","CT":"ཁོང་ལ་ནི་གཟི་བརྗིད་ཕུལ་ཞིག ། ༢"}}]],"label":"verse 8","id":8}]},"metadata":[{"AT":"(ཤར་པ་མི་རིགས་ཀྱི་བསྟོད་དབྱངས།)","KT":"undefined(ཤར་པ་མི་རིགས་ཀྱི་བསྟོད་དབྱངས།) ","CT":"(ཤར་པ་མི་རིགས་ཀྱི་བསྟོད་དབྱངས།)"}]}