{"title":{"AT":"113.སྐྱབས་མགོན་ཁྱེད་ཀྱི་བཀའ་དྲིན་གྱིས། ","KT":"113. སྐྱབས་མགོན་ཁྱེད་ཀྱི་བཀའ་དྲིན་གྱིས། ","CT":"113.སྐྱབས་མགོན་ཁྱེད་ཀྱིས་བཀའ་དྲིན་གྱིས། "},"author":"*","key":"*","lyrics":{"Verse":[{"line":[[{"phrase":{"AT":"       (ངག་དབང་སི་ལཱས་བརྩམས་པའི་བསྟོད་དབྱངས།) NS CD1:4; KT 104","KT":"(ངག་དབང་སི་ལཱས་བརྩམས་པའི་བསྟོད་དབྱངས།) NS CD1:4; KT 104 ","CT":"(ངག་དབང་སི་ལཱས་བརྩམས་པའི་བསྟོད་དབྱངས།) NS CD1:4; KT 104"}}],[{"phrase":{"AT":"སྐྱབས་མགོན་ཁྱེད་ཀྱི་བཀའ་དྲིན་གྱིས། ","KT":" སྐྱབས་མགོན་ཁྱེད་ཀྱི་བཀའ་དྲིན་གྱིས། ","CT":"སྐྱབས་མགོན་ཁྱེད་ཀྱིས་བཀའ་དྲིན་གྱིས། "}}],[{"phrase":{"AT":"ང་ཚོ་བོད་མིར་བཀོད་གནང་ནས།","KT":"ང་ཚོ་བོད་མིར་བཀོད་གནང་ནས། ","CT":"ང་ཚོ་བོད་མིར་བཀོད་གནང་ནས།"}}],[{"phrase":{"AT":"རྟ་ནོར་ལུག་གསུམ་འཛོམས།སེམས་པ་དགའ་སོང་། ༢","KT":"རྟ་ནོར་ལུག་གསུམ་འཛོམས། སེམས་པ་དགའ་སོང་། ༢ ","CT":"རྟ་ནོར་ལུག་གསུམ་འཛོམས།སེམས་པ་དགའ་སོང་། ༢"}}]],"label":"verse 1","id":1},{"line":[[{"phrase":{"AT":"སྐྱབས་མགོན་ཁྱེད་ཀྱི་བཀའ་དྲིན་གྱིས། ","KT":"སྐྱབས་མགོན་ཁྱེད་ཀྱི་བཀའ་དྲིན་གྱིས། ","CT":"སྐྱབས་མགོན་ཁྱེད་ཀྱིས་བཀའ་དྲིན་གྱིས། "}}],[{"phrase":{"AT":"ང་ཚོ་བོད་མིར་བཀོད་གནང་ནས།","KT":"ང་ཚོ་བོད་མིར་བཀོད་གནང་ནས། ","CT":"ང་ཚོ་བོད་མིར་བཀོད་གནང་ནས།"}}],[{"phrase":{"AT":"གངས་རིའི་ར་བས་བསྐོར།སེམས་པ་དགའ་སོང་། ༢","KT":"གངས་རིའི་ར་བས་བསྐོར། སེམས་པ་དགའ་སོང་། ༢ ","CT":"གངས་རིའི་ར་བས་བསྐོར།སེམས་པ་དགའ་སོང་། ༢"}}]],"label":"verse 2","id":2},{"line":[[{"phrase":{"AT":"སྐྱབས་མགོན་ཁྱེད་ཀྱི་བཀའ་དྲིན་གྱིས། ","KT":"སྐྱབས་མགོན་ཁྱེད་ཀྱི་བཀའ་དྲིན་གྱིས། ","CT":"སྐྱབས་མགོན་ཁྱེད་ཀྱིས་བཀའ་དྲིན་གྱིས། "}}],[{"phrase":{"AT":"ང་ཚོ་བོད་མིར་བཀོད་གནང་ནས།","KT":"ང་ཚོ་བོད་མིར་བཀོད་གནང་ནས། ","CT":"ང་ཚོ་བོད་མིར་བཀོད་གནང་བྱུང་།"}}],[{"phrase":{"AT":"གངས་ཆུ་བསིལ་མོ་བབས།སེམས་པ་དགའ་སོང་། ༢","KT":"གངས་ཆུ་བསིལ་མོ་བབས། སེམས་པ་དགའ་སོང་། ༢ ","CT":"གངས་ཆུ་བསིལ་མོ་བབས།སེམས་པ་དགའ་སོང་། ༢"}}]],"label":"verse 3","id":3},{"line":[[{"phrase":{"AT":"སྐྱབས་མགོན་ཁྱེད་ཀྱི་བཀའ་དྲིན་གྱིས། ","KT":"སྐྱབས་མགོན་ཁྱེད་ཀྱི་བཀའ་དྲིན་གྱིས། ","CT":"སྐྱབས་མགོན་ཁྱེད་ཀྱིས་བཀའ་དྲིན་གྱིས། "}}],[{"phrase":{"AT":"ང་ཚོ་བོད་མིར་བཀོད་གནང་ནས།","KT":"ང་ཚོ་བོད་མིར་བཀོད་གནང་ནས། ","CT":"ང་ཚོ་བོད་མིར་བཀོད་གནང་ནས།"}}],[{"phrase":{"AT":"སྤང་ལྗོངས་སྔོན་པོ་མཛད།སེམས་པ་དགའ་སོང་། ༢","KT":"སྤང་ལྗོངས་སྔོན་པོ་མཛད། སེམས་པ་དགའ་སོང་། ༢ ","CT":"སྤངས་ལྗོངས་སྔོན་པོ་མཛད།སེམས་པ་དགའ་སོང་།། ༢"}}]],"label":"verse 4","id":4}]},"metadata":[{"AT":"(སེམས་པ་དགའ་སོང་།)","KT":"undefined(སེམས་པ་དགའ་སོང་།) ","CT":"(སེམས་པ་དགའ་སོང་།)"}]}