{"title":{"AT":"114.སྐྱབས་མགོན་གཙོ་བོ་ང་ཡི་སྐྱབས་མགོན།","KT":"114. སྐྱབས་མགོན་གཙོ་བོ་ང་ཡི་སྐྱབས་མགོན། ","CT":"114.སྐྱབས་མགོན་གཙོ་བོ་ང་ཡི་སྐྱབས་མགོན།"},"author":"*","key":"*","lyrics":{"Verse":[{"line":[[{"phrase":{"AT":"སྐྱབས་མགོན་གཙོ་བོ་ང་ཡི་སྐྱབས་མགོན།","KT":" སྐྱབས་མགོན་གཙོ་བོ་ང་ཡི་སྐྱབས་མགོན། ","CT":"སྐྱབས་མགོན་གཙོ་བོ་ང་ཡི་སྐྱབས་མགོན།"}}],[{"phrase":{"AT":"ང་ལ་བརྩེ་བ་གནང་མཁན་སྐྱབས་མགོན།","KT":"ང་ལ་བརྩེ་བ་གནང་མཁན་སྐྱབས་མགོན། ","CT":"ང་ལ་བརྩེ་བ་གནང་མཁན་སྐྱབས་མགོན།"}}],[{"phrase":{"AT":"སྐྱབས་མགོན་གཙོ་བོ་ང་ཡི་སྐྱབས་མགོན།","KT":"སྐྱབས་མགོན་གཙོ་བོ་ང་ཡི་སྐྱབས་མགོན། ","CT":"སྐྱབས་མགོན་གཙོ་བོ་ང་ཡི་སྐྱབས་མགོན།"}}],[{"phrase":{"AT":"སྐྱབས་མགོན་གཙོ་བོ་སྐྱབས་མགོན་ཡེ་ཤུ།","KT":"སྐྱབས་མགོན་གཙོ་བོ་སྐྱབས་མགོན་ཡེ་ཤུ། ","CT":"སྐྱབས་མགོན་གཙོ་བོ་སྐྱབས་མགོན་ཡེ་ཤུ།།"}}]],"label":"verse 1","id":1},{"line":[[{"phrase":{"AT":"སྐྱབས་མགོན་གཙོ་བོ་ང་ཡི་སྐྱབས་མགོན།","KT":" སྐྱབས་མགོན་གཙོ་བོ་ང་ཡི་སྐྱབས་མགོན། ","CT":"སྐྱབས་མགོན་གཙོ་བོ་ང་ཡི་སྐྱབས་མགོན།"}}],[{"phrase":{"AT":"ང་ལ་ཞི་བདེ་གནང་མཁན་སྐྱབས་མགོན།","KT":"ང་ལ་ཞི་བདེ་གནང་མཁན་སྐྱབས་མགོན། ","CT":"ང་ལ་ཞི་བདེ་གནང་མཁན་སྐྱབས་མགོན།"}}],[{"phrase":{"AT":"སྐྱབས་མགོན་གཙོ་བོ་ང་ཡི་སྐྱབས་མགོན།","KT":"སྐྱབས་མགོན་གཙོ་བོ་ང་ཡི་སྐྱབས་མགོན། ","CT":"སྐྱབས་མགོན་གཙོ་བོ་ང་ཡི་སྐྱབས་མགོན།"}}],[{"phrase":{"AT":"སྐྱབས་མགོན་གཙོ་བོ་སྐྱབས་མགོན་ཡེ་ཤུ།","KT":"སྐྱབས་མགོན་གཙོ་བོ་སྐྱབས་མགོན་ཡེ་ཤུ། ","CT":"སྐྱབས་མགོན་གཙོ་བོ་སྐྱབས་མགོན་ཡེ་ཤུ།།"}}]],"label":"verse 2","id":2},{"line":[[{"phrase":{"AT":"སྐྱབས་མགོན་གཙོ་བོ་ང་ཡི་སྐྱབས་མགོན།","KT":" སྐྱབས་མགོན་གཙོ་བོ་ང་ཡི་སྐྱབས་མགོན། ","CT":"སྐྱབས་མགོན་གཙོ་བོ་ང་ཡི་སྐྱབས་མགོན།"}}],[{"phrase":{"AT":"ང་ལ་རང་དབང་གནང་མཁན་སྐྱབས་མགོན།","KT":"ང་ལ་རང་དབང་གནང་མཁན་སྐྱབས་མགོན། ","CT":"ང་ལ་རང་དབང་གནང་མཁན་སྐྱབས་མགོན།"}}],[{"phrase":{"AT":"སྐྱབས་མགོན་གཙོ་བོ་ང་ཡི་སྐྱབས་མགོན།","KT":"སྐྱབས་མགོན་གཙོ་བོ་ང་ཡི་སྐྱབས་མགོན། ","CT":"སྐྱབས་མགོན་གཙོ་བོ་ང་ཡི་སྐྱབས་མགོན།"}}],[{"phrase":{"AT":"སྐྱབས་མགོན་གཙོ་བོ་སྐྱབས་མགོན་ཡེ་ཤུ།","KT":"སྐྱབས་མགོན་གཙོ་བོ་སྐྱབས་མགོན་ཡེ་ཤུ། ","CT":"སྐྱབས་མགོན་གཙོ་བོ་སྐྱབས་མགོན་ཡེ་ཤུ།།"}}]],"label":"verse 3","id":3},{"line":[[{"phrase":{"AT":"སྐྱབས་མགོན་གཙོ་བོ་ང་ཡི་སྐྱབས་མགོན།","KT":" སྐྱབས་མགོན་གཙོ་བོ་ང་ཡི་སྐྱབས་མགོན། ","CT":"སྐྱབས་མགོན་གཙོ་བོ་ང་ཡི་སྐྱབས་མགོན།"}}],[{"phrase":{"AT":"ང་ལ་རེ་བ་གནང་མཁན་སྐྱབས་མགོན།","KT":"ང་ལ་རེ་བ་གནང་མཁན་སྐྱབས་མགོན། ","CT":"ང་ལ་རེ་བ་གནང་མཁན་སྐྱབས་མགོན།"}}],[{"phrase":{"AT":"སྐྱབས་མགོན་གཙོ་བོ་ང་ཡི་སྐྱབས་མགོན།","KT":"སྐྱབས་མགོན་གཙོ་བོ་ང་ཡི་སྐྱབས་མགོན། ","CT":"སྐྱབས་མགོན་གཙོ་བོ་ང་ཡི་སྐྱབས་མགོན།"}}],[{"phrase":{"AT":"སྐྱབས་མགོན་གཙོ་བོ་སྐྱབས་མགོན་ཡེ་ཤུ།","KT":"སྐྱབས་མགོན་གཙོ་བོ་སྐྱབས་མགོན་ཡེ་ཤུ། ","CT":"སྐྱབས་མགོན་གཙོ་བོ་སྐྱབས་མགོན་ཡེ་ཤུ།།"}}],[{"phrase":{"AT":"སྐྱབས་མགོན་ཡེ་ཤུ། ༣","KT":"སྐྱབས་མགོན་ཡེ་ཤུ། ༣ ","CT":"སྐྱབས་མགོན་ཡེ་ཤུ།། ༣"}}]],"label":"verse 4","id":4}]},"metadata":[{"AT":"(ཀརྨ་བསོད་ནམས་ཀྱིས་བརྩམས་པའི་བསྟོད་དབྱངས།)","KT":"undefined(ཀརྨ་བསོད་ནམས་ཀྱིས་བརྩམས་པའི་བསྟོད་དབྱངས།) ","CT":"(ཀརྨ་བསོད་ནམས་ཀྱིས་བརྩམས་པའི་བསྟོད་དབྱངས།)"}]}