{"title":{"AT":"115.སྐྱབས་མགོན་གཙོ་བོ་ཡེ་ཤུ།","KT":"115. སྐྱབས་མགོན་གཙོ་བོ་ཡེ་ཤུ། ","CT":"115.སྐྱབས་མགོན་གཙོ་བོ་ཡེ་ཤུ།"},"author":"*","key":"*","lyrics":{"Verse":[{"line":[[{"phrase":{"AT":"སྐྱབས་མགོན་གཙོ་བོ་ཡེ་ཤུ། ༤","KT":" སྐྱབས་མགོན་གཙོ་བོ་ཡེ་ཤུ། ༤ ","CT":"སྐྱབས་མགོན་གཙོ་བོ་ཡེ་ཤུ། ༤"}}],[{"phrase":{"AT":"ཞི་བདེ་རང་དབང་ང་ཚོར་གནང་བར་ཕེབས་པ་རེད།","KT":"ཞི་བདེ་རང་དབང་ང་ཚོར་གནང་བར་ཕེབས་པ་རེད། ","CT":"ཞི་བདེ་རང་དབང་ང་ཚོར་གནང་བར་ཕེབས་པ་རེད།"}}],[{"phrase":{"AT":"སྡུག་དང་དཀའ་ངལ་ཁོང་གིས་མྱོང་བར་ཕེབས་པ་རེད། ༢","KT":"སྡུག་དང་དཀའ་ངལ་ཁོང་གིས་མྱོང་བར་ཕེབས་པ་རེད། ༢ ","CT":"སྡུག་དང་དཀའ་ངལ་ཁོང་རང་མྱོང་བར་ཕེབས་པ་རེད།། ༢"}}],[{"phrase":{"AT":"ཧ་ལེ་ལོའུ་ཡཱ། ཨ་མེན། ༣","KT":"ཧ་ལེ་ལོའུ་ཡཱ། ཨ་མེན། ༣ ","CT":"ཧཱ་ལེ་ལུ་ཡཱ། ཨ་མེན། ༣"}}],[{"phrase":{"AT":"ཧ་ལེ་ལོའུ་ཡཱ། ཨ་མེན། ༣","KT":"ཧ་ལེ་ལོའུ་ཡཱ། ཨ་མེན། ༣ ","CT":"ཧཱ་ལེ་ལུ་ཡཱ། ཨ་མེན།། ༣"}}]],"label":"verse 1","id":1},{"line":[[{"phrase":{"AT":"སྐྱབས་མགོན་གཙོ་བོ་ཡེ་ཤུ། ༤","KT":" སྐྱབས་མགོན་གཙོ་བོ་ཡེ་ཤུ། ༤ ","CT":"སྐྱབས་མགོན་གཙོ་བོ་ཡེ་ཤུ། ༤"}}],[{"phrase":{"AT":"ང་ཚོ་ཚང་མས་ཁོང་ལ་ཡིད་ཆེས་བྱེད་དང།","KT":"ང་ཚོ་ཚང་མས་ཁོང་ལ་ཡིད་ཆེས་བྱེད་དང། ","CT":"ང་ཚོ་ཚང་མས་ཁོང་ལ་ཡིད་ཆེས་བྱེད་དང།"}}],[{"phrase":{"AT":"ཁོང་ནི་ང་ཚོ་སྐྱོབ་པར་ཕེབས་པ་རེད། ༢","KT":"ཁོང་ནི་ང་ཚོ་སྐྱོབ་པར་ཕེབས་པ་རེད། ༢ ","CT":"ཁོང་ནས་ང་ཚོ་སྐྱོབ་པར་ཕེབས་པ་རེད།། ༢"}}],[{"phrase":{"AT":"ཧ་ལེ་ལོའུ་ཡཱ། ཨ་མེན། ༣","KT":"ཧ་ལེ་ལོའུ་ཡཱ། ཨ་མེན། ༣ ","CT":"ཧཱ་ལེ་ལུ་ཡཱ། ཨ་མེན། ༣"}}],[{"phrase":{"AT":"ཧ་ལེ་ལོའུ་ཡཱ། ཨ་མེན། ༣","KT":"ཧ་ལེ་ལོའུ་ཡཱ། ཨ་མེན། ༣ ","CT":"ཧཱ་ལེ་ལུ་ཡཱ། ཨ་མེན།། ༣"}}]],"label":"verse 2","id":2}]},"metadata":[{"AT":"(ཀརྨ་བསོད་ནམས་ཀྱིས་བརྩམས་པའི་བསྟོད་དབྱངས།)","KT":"undefined(ཀརྨ་བསོད་ནམས་ཀྱིས་བརྩམས་པའི་བསྟོད་དབྱངས།) ","CT":"(ཀརྨ་བསོད་ནམས་ཀྱིས་བརྩམས་པའི་བསྟོད་དབྱངས།)"}]}