{"title":{"AT":"116.སྐྱབས་མགོན་གཙོ་བོ་ཡེ་ཤུ་ལགས། ","KT":"116. སྐྱབས་མགོན་གཙོ་བོ་ཡེ་ཤུ་ལགས། ","CT":"116.སྐྱབས་མགོན་གཙོ་བོ་ཡེ་ཤུ་ལགས། "},"author":"*","key":"*","lyrics":{"Verse":[{"line":[[{"phrase":{"AT":"       (ཨ་མདོའི་བསྟོད་དབྱངས།)","KT":"(ཨ་མདོའི་བསྟོད་དབྱངས།) ","CT":"(ཨ་མདོའི་བསྟོད་དབྱངས།)"}}],[{"phrase":{"AT":"སྐྱབས་མགོན་གཙོ་བོ་ཡེ་ཤུ་ལགས།།","KT":" སྐྱབས་མགོན་གཙོ་བོ་ཡེ་ཤུ་ལགས།། ","CT":"སྐྱབས་མགོན་གཙོ་བོ་ཡེ་ཤུ་ལགས།།"}}],[{"phrase":{"AT":"འཛམ་གླིང་ཤར་ཕྱོགས་སུ་ཕེབས་རོགས།།","KT":"འཛམ་གླིང་ཤར་ཕྱོགས་སུ་ཕེབས་རོགས།། ","CT":"འཛམ་གླིང་ཤར་ཕྱོགས་སུ་ཕེབས་རོགས།།"}}],[{"phrase":{"AT":"ཕུ་ནུ་མིང་སྲིང་ཚོའི་དོན་དུ།།","KT":"ཕུ་ནུ་མིང་སྲིང་ཚོའི་དོན་དུ།། ","CT":"ཕུ་ནུ་མིང་སྲིང་ཚོའི་དོན་དུ།།"}}],[{"phrase":{"AT":"སྲོག་གི་ཆུ་མིག་དེ་སྩོལ་རོགས།།","KT":"སྲོག་གི་ཆུ་མིག་དེ་སྩོལ་རོགས།། ","CT":"སྲོག་གི་ཆུ་མིག་དེ་སྩོལ་རོགས།།"}}]],"label":"verse 1","id":1},{"line":[[{"phrase":{"AT":"གུས་པའི་རྣམ་འགྱུར་དང་བཅས་ཏེ།།","KT":" གུས་པའི་རྣམ་འགྱུར་དང་བཅས་ཏེ།། ","CT":"གུས་པའི་རྣམ་འགྱུར་དང་བཅས་ཏེ།།"}}],[{"phrase":{"AT":"མོས་པའི་མཆི་མ་དང་བཅས་ཏེ།།","KT":"མོས་པའི་མཆི་མ་དང་བཅས་ཏེ།། ","CT":"མོས་པའི་མཆི་མ་དང་བཅས་ཏེ།།"}}],[{"phrase":{"AT":"ལག་ཟུང་སྙིང་ག་རུ་སྦྱར་ཏེ།།","KT":"ལག་ཟུང་སྙིང་ག་རུ་སྦྱར་ཏེ།། ","CT":"ལག་ཟུང་སྙིང་ག་རུ་སྦྱར་ཏེ།།"}}],[{"phrase":{"AT":"གསོལ་བ་ཤུགས་དྲག་ཏུ་འདེབས་སོ།།","KT":"གསོལ་བ་ཤུགས་དྲག་ཏུ་འདེབས་སོ།། ","CT":"གསོལ་བ་ཤུགས་དྲག་ཏུ་འདེབས་སོ།།"}}]],"label":"verse 2","id":2},{"line":[[{"phrase":{"AT":"བསྟོད་ཚིག་ལྷང་ལྷང་གིས་གྱེར་བཞིན།།","KT":" བསྟོད་ཚིག་ལྷང་ལྷང་གིས་གྱེར་བཞིན།། ","CT":"བསྟོད་ཚིག་ལྷང་ལྷང་གིས་གྱེར་བཞིན།།"}}],[{"phrase":{"AT":"བཀའ་གསུང་ནན་ནན་གྱིས་ཀློག་བཞིན།།","KT":"བཀའ་གསུང་ནན་ནན་གྱིས་ཀློག་བཞིན།། ","CT":"བཀའ་གསུང་ནན་ནན་གྱིས་ཀློག་བཞིན།།"}}],[{"phrase":{"AT":"ཐུ་བྷོད་བཙན་རྒྱལ་གྱི་ཕྱིར་དུ།།","KT":"ཐུ་བྷོད་བཙན་རྒྱལ་གྱི་ཕྱིར་དུ།། ","CT":"ཐུ་བྷོད་བཙན་རྒྱལ་གྱི་ཕྱིར་དུ།།"}}],[{"phrase":{"AT":"སྨོན་ལམ་ཡང་ཡང་དུ་ཞུའོ།།","KT":"སྨོན་ལམ་ཡང་ཡང་དུ་ཞུའོ།། ","CT":"སྨོན་ལམ་ཡང་ཡང་དུ་ཞུའོ།།"}}]],"label":"verse 3","id":3},{"line":[[{"phrase":{"AT":"ཤི་བོའི་སྐྱིད་སྡུག་ལ་ཁྱེད་མཁྱེན།།","KT":" ཤི་བོའི་སྐྱིད་སྡུག་ལ་ཁྱེད་མཁྱེན།། ","CT":"ཤི་བོའི་སྐྱིད་སྡུག་ལ་ཁྱེད་མཁྱེན།།"}}],[{"phrase":{"AT":"གསོན་པོའི་ཕུགས་འདུན་ལ་ཁྱེད་མཁྱེན།།","KT":"གསོན་པོའི་ཕུགས་འདུན་ལ་ཁྱེད་མཁྱེན།། ","CT":"གསོན་པོའི་ཕུགས་འདུན་ལ་ཁྱེད་མཁྱེན།།"}}],[{"phrase":{"AT":"ལྷན་འཛོམས་ཉིན་མོ་ལ་ཁྱེད་མཁྱེན།།","KT":"ལྷན་འཛོམས་ཉིན་མོ་ལ་ཁྱེད་མཁྱེན།། ","CT":"ལྷན་འཛོམས་ཉིན་མོ་ལ་ཁྱེད་མཁྱེན།།"}}],[{"phrase":{"AT":"དུས་ཀྱི་མཐའ་མ་ལ་ཁྱེད་མཁྱེན།།","KT":"དུས་ཀྱི་མཐའ་མ་ལ་ཁྱེད་མཁྱེན།། ","CT":"དུས་ཀྱི་མཐའ་མ་ལ་ཁྱེད་མཁྱེན།།"}}]],"label":"verse 4","id":4},{"line":[[{"phrase":{"AT":"ལྷ་ཡི་བྲན་གཡོག་ཏུ་མི་འགྲོ།།","KT":" ལྷ་ཡི་བྲན་གཡོག་ཏུ་མི་འགྲོ།། ","CT":"ndefined༥ལྷ་ཡི་བྲན་གཡོག་ཏུ་མི་འགྲོ།།"}}],[{"phrase":{"AT":"འདྲེ་ཡི་བསླུ་ཐབས་ལ་མི་རློམ།།","KT":"འདྲེ་ཡི་བསླུ་ཐབས་ལ་མི་རློམ།། ","CT":"འདྲེ་ཡི་བསླུ་ཐབས་ལ་མི་རློམ།།"}}],[{"phrase":{"AT":"སྐྱབས་མགོན་གཙོ་བོ་ཡེ་ཤུ་ལགས།།","KT":"སྐྱབས་མགོན་གཙོ་བོ་ཡེ་ཤུ་ལགས།། ","CT":"སྐྱབས་མགོན་གཙོ་བོ་ཡེ་ཤུ་ལགས།།"}}],[{"phrase":{"AT":"ཁྱེད་ཉིད་ཁོ་ན་ལ་དད་དོ།། ༢","KT":"ཁྱེད་ཉིད་ཁོ་ན་ལ་དད་དོ།། ༢ ","CT":"ཁྱེད་ཉིད་ཁོ་ན་ལ་དད་དོ།། ༢"}}]],"label":"verse 5","id":5}]},"metadata":[{"AT":"(གསོལ་འདེབས།)","KT":"(གསོལ་འདེབས།) ","CT":"(གསོལ་འདེབས།)"}]}