{"title":{"AT":"117.སྐྱབས་མགོན་གཙོ་བོ་ཡེ་ཤུ་ལགས།","KT":"117. སྐྱབས་མགོན་གཙོ་བོ་ཡེ་ཤུ་ལགས། ","CT":"117.སྐྱབས་མགོན་གཙོ་བོ་ཡེ་ཤུ་ལགས།"},"author":"*","key":"*","lyrics":{"Verse":[{"line":[[{"phrase":{"AT":"       (དབུས་གཙང་གི་བསྟོད་དབྱངས།)","KT":"(དབུས་གཙང་གི་བསྟོད་དབྱངས།) ","CT":"(དབུས་གཙང་གི་བསྟོད་དབྱངས།)"}}],[{"phrase":{"AT":"སྐྱབས་མགོན་གཙོ་བོ་ཡེ་ཤུ་ལགས།","KT":"སྐྱབས་མགོན་གཙོ་བོ་ཡེ་ཤུ་ལགས། ","CT":"སྐྱབས་མགོན་གཙོ་བོ་ཡེ་ཤུ་ལགས།"}}],[{"phrase":{"AT":"ཁོང་ལ་བསྟོད་དབྱངས་ཕུལ་ཞིག ༢","KT":"ཁོང་ལ་བསྟོད་དབྱངས་ཕུལ་ཞིག ༢ ","CT":"ཁོང་ལ་བསྟོད་དབྱངས་ཕུལ་ཞིག ༢"}}],[{"phrase":{"AT":"དབང་དང་ལྡན་པའི་དམ་པའི་ཐུགས་ཉིད།","KT":"དབང་དང་ལྡན་པའི་དམ་པའི་ཐུགས་ཉིད། ","CT":"དབང་དང་ལྡན་པའི་དམ་པའི་ཐུགས་ཉིད།"}}],[{"phrase":{"AT":"ཁོང་ལ་བསྟོད་དབྱངས་ཕུལ་ཞིག ༢","KT":"ཁོང་ལ་བསྟོད་དབྱངས་ཕུལ་ཞིག ༢ ","CT":"ཁོང་ལ་བསྟོད་དབྱངས་ཕུལ་ཞིག ༢"}}],[{"phrase":{"AT":"ནམ་མཁར་བཞུགས་པའི་ང་ཚོའི་ཡབ།","KT":"ནམ་མཁར་བཞུགས་པའི་ང་ཚོའི་ཡབ། ","CT":"ནམ་མཁར་བཞུགས་པའི་ང་ཚོའི་ཡབ།"}}],[{"phrase":{"AT":"ཁོང་ལ་བསྟོད་དབྱངས་ཕུལ་ཞིག  ༢","KT":"ཁོང་ལ་བསྟོད་དབྱངས་ཕུལ་ཞིག ༢ ","CT":"ཁོང་ལ་བསྟོད་དབྱངས་ཕུལ་ཞིག ། ༢"}}]],"label":"verse 1","id":1}]},"metadata":[]}