{"title":{"AT":"118.སྐྱབས་མགོན་ཡེ་ཤུ། ","KT":"118. སྐྱབས་མགོན་ཡེ་ཤུ། ","CT":"118.སྐྱབས་མགོན་ཡེ་ཤུ། "},"author":"*","key":"*","lyrics":{"Verse":[{"line":[[{"phrase":{"AT":"       (Once Again ཞེས་པའི་དབྱིན་ཇིའི་བསྟོད་དབྱངས།)  AT08 140; KT06 149","KT":"(Once Again ཞེས་པའི་དབྱིན་ཇིའི་བསྟོད་དབྱངས།)38 AT08 140; KT06 149 38 Matt Redman. Copyright © 1995 Thankyou Music/Adm. by worshiptogether.com Songs excl. UK & Europe, adm. by kingswaysongs.com A division of David C. Cook. tym@kingsway.co.uk Used by Permission ","CT":"(I Think Upon Your Sacrifice ཞེས་པའི་དབྱིན་ཇིའི་བསྟོད་དབྱངས།)  AT08 140; KT06 149"}}],[{"phrase":{"AT":"སྐྱབས་མགོན་ཡེ་ཤུ་ངས་ཁྱེད་ཀྱི་མཆོད་པ་ཡིད་ལ་དྲན།","KT":" སྐྱབས་མགོན་ཡེ་ཤུ་ངས་ཁྱེད་ཀྱི་མཆོད་པ་ཡིད་ལ་དྲན། ","CT":"སྐྱབས་མགོན་ཡེ་ཤུ་ངས་ཁྱེད་ཀྱི་བློས་བཏང་ཡིད་ལ་དྲན།"}}],[{"phrase":{"AT":"ཁྱེད་ཅི་ཡང་མིན་པར་གྱུར་ནས་རང་སྲོག་བློས་བཏང་།","KT":"ཁྱེད་ཅི་ཡང་མིན་པར་གྱུར་ནས་རང་སྲོག་བློས་བཏང་། ","CT":"ཁྱེད་ཅི་ཡང་མིན་པར་གྱུར་ནས་རང་སྲོག་བློས་བཏང་།"}}],[{"phrase":{"AT":"ང་ཐེངས་མང་པོར་ཁྱེད་ཀྱི་ཚེ་སྲོག་གནང་བར་ཡ་མཚན་སྐྱེས།","KT":"ང་ཐེངས་མང་པོར་ཁྱེད་ཀྱི་ཚེ་སྲོག་གནང་བར་ཡ་མཚན་སྐྱེས། ","CT":"ང་ཐེངས་མང་པོར་ཁྱེད་ཀྱི་ཚེ་སྲོག་གནང་བར་ཡ་མཚན་སྐྱེས།"}}],[{"phrase":{"AT":"ང་རང་ཡང་བསྐྱར་གནས་དེར་ཡོད། ༢","KT":"ང་རང་ཡང་བསྐྱར་གནས་དེར་ཡོད། ༢ ","CT":"ང་རང་ཡང་བསྐྱར་གནས་དེར་ཡོད། ༢"}}],[{"phrase":{"AT":"བདག་གིས་ཡང་བསྐྱར་ཁྱེད་ཉིད།","KT":"བདག་གིས་ཡང་བསྐྱར་ཁྱེད་ཉིད། ","CT":"བདག་གིས་ཡང་བསྐྱར་ཁྱེད་ཉིད།"}}],[{"phrase":{"AT":"གྲོངས་པའི་ཤིང་རྒྱ་གྲམ་ལ་ལྟ་དུས།","KT":"གྲོངས་པའི་ཤིང་རྒྱ་གྲམ་ལ་ལྟ་དུས། ","CT":"གྲོངས་པའི་རྒྱངས་ཤིང་ལ་ལྟ་དུས།"}}],[{"phrase":{"AT":"ཁྱེད་ཀྱི་སྙིང་རྗེ་ནང་དུ་དམན་སེམས།","KT":"ཁྱེད་ཀྱི་སྙིང་རྗེ་ནང་དུ་དམན་སེམས། ","CT":"ཁྱེད་ཀྱི་སྙིང་རྗེ་ནང་དུ་དམན་སེམས།"}}],[{"phrase":{"AT":"བཟུང་ཞིང་སྙིང་དུམ་བུར་ཆག་སོང་། ","KT":"བཟུང་ཞིང་སྙིང་དུམ་བུར་ཆག་སོང་། ","CT":"བཟུང་ཞིང་སྙིང་དུམ་བུར་ཆག་སོང་། "}}],[{"phrase":{"AT":"ངས་ཡང་བསྐྱར་ཁྱེད་ལ་བཀའ་དྲིན་ཞུ།","KT":"ངས་ཡང་བསྐྱར་ཁྱེད་ལ་བཀའ་དྲིན་ཞུ། ","CT":"ངས་ཡང་བསྐྱར་ཁྱེད་ལ་བཀའ་དྲིན་ཞུ།"}}],[{"phrase":{"AT":"ཡང་བསྐྱར་ངའི་ཚེ་སྲོག་ཁྱེད་ཉིད་ལ་འབུལ།","KT":"ཡང་བསྐྱར་ངའི་ཚེ་སྲོག་ཁྱེད་ཉིད་ལ་འབུལ། ","CT":"ཡང་བསྐྱར་ངའི་ཚེ་སྲོག་ཁྱེད་ཉིད་ལ་འབུལ།"}}]],"label":"verse 1","id":1},{"line":[[{"phrase":{"AT":"ད་ལྟ་ཁྱེད་ཉིད་ཐམས་ཅད་ལས་མཐོན་པོར་བསྒྲེངས་པ་ཡིན།","KT":" ད་ལྟ་ཁྱེད་ཉིད་ཐམས་ཅད་ལས་མཐོན་པོར་བསྒྲེངས་པ་ཡིན། ","CT":"ད་ལྟ་ཁྱེད་ཉིད་ཐམས་ཅད་ལས་མཐོན་པོར་བསྒྲེངས་པ་ཡིན།"}}],[{"phrase":{"AT":"ཁྱེད་ནི་ངས་ཕྱག་འཚལ་བའི་ནམ་མཁའི་རྒྱལ་པོ་ཡིན།","KT":"ཁྱེད་ནི་ངས་ཕྱག་འཚལ་བའི་ནམ་མཁའི་རྒྱལ་པོ་ཡིན། ","CT":"ཁྱེད་ནི་ངས་ཕྱག་འཚལ་འོས་པའི་ནམ་མཁའི་རྒྱལ་པོ་ཡིན།"}}],[{"phrase":{"AT":"འོན་ཀྱང་ད་ལྟ་ང་རང་ཁྱེད་ཀྱི་ཐུགས་རྗེ་ལ་ཡ་མཚན་སྐྱེས།","KT":"འོན་ཀྱང་ད་ལྟ་ང་རང་ཁྱེད་ཀྱི་ཐུགས་རྗེ་ལ་ཡ་མཚན་སྐྱེས། ","CT":"འོན་ཀྱང་ད་ལྟ་ང་རང་ཁྱེད་ཀྱི་ཐུགས་རྗེ་ལ་ཡ་མཚན་སྐྱེས།"}}],[{"phrase":{"AT":"ངའི་སེམས་ཡང་བསྐྱར་བསྟོད་པས་ཁེངས་སོང་། ༢","KT":"ངའི་སེམས་ཡང་བསྐྱར་བསྟོད་པས་ཁེངས་སོང་། ༢ ","CT":"ངའི་སེམས་ཡང་བསྐྱར་བསྟོད་པས་ཁེངས་སོང་།། ༢"}}]],"label":"verse 2","id":2}]},"metadata":[{"AT":"(ཡང་བསྐྱར།)","KT":"(ཡང་བསྐྱར།) ","CT":"(ཡང་བསྐྱར།)"}]}