{"title":{"AT":"119.སྐྱབས་མགོན་ཡེ་ཤུ་ནི་འཇིག་རྟེན་གྱི་འོད་ཟེར་ཡིན།།","KT":"119. སྐྱབས་མགོན་ཡེ་ཤུ་ནི་འཇིག་རྟེན་གྱི་འོད་ཟེར་ཡིན།། ","CT":"undefined119.སྐྱབས་མགོན་ཡེ་ཤུ་ནི་འཇིག་རྟེན་འོད་ཟེར་ཡིན།།"},"author":"*","key":"*","lyrics":{"Verse":[{"line":[[{"phrase":{"AT":"           (ཡོ་ཧ་ནན་གྱི་འཕྲིན་བཟང་གི་ལེའུ9བའི་མདོ1-7བར་གཟིགས་རོགས། བློ་རྣམ་ཀྱིས་བརྩམས་པའི་གདངས།)","KT":"(ཡོ་ཧ་ནན་གྱི་འཕྲིན་བཟང་གི་ལེའུ9བའི་མདོ1-7བར་གཟིགས་རོགས། བློ་རྣམ་ཀྱིས་བརྩམས་པའི་གདངས།) ","CT":"(ཡོ་ཧ་ནན་གྱིས་བྲིས་པའི་འཕྲིན་བཟང་ལེའུ་9 ཨང་གྲངས་1-7 བར་གཟིགས། བློ་རྣམ་ཀྱིས་བརྩམས་པའི་གདངས།)"}}],[{"phrase":{"AT":"སྐྱབས་མགོན་གཙོ་བོ་ཡེ་ཤུའི་འཁོར་དང་བཅས།།","KT":" སྐྱབས་མགོན་གཙོ་བོ་ཡེ་ཤུའི་འཁོར་དང་བཅས།། ","CT":"སྐྱབས་མགོན་གཙོ་བོ་ཡེ་ཤུའི་འཁོར་དང་བཅས།།"}}],[{"phrase":{"AT":"ཡུལ་གཞན་དུ་ཕེབས་པའི་ལམ་བར་ནས།།","KT":"ཡུལ་གཞན་དུ་ཕེབས་པའི་ལམ་བར་ནས།། ","CT":"ཡུལ་གཞན་ཕེབས་པའི་ལམ་བར་ནས།།"}}],[{"phrase":{"AT":"ལོང་བ་ཞིག་དང་འཕྲད་པ་ཡིན།།","KT":"ལོང་བ་ཞིག་དང་འཕྲད་པ་ཡིན།། ","CT":"ལོང་བ་ཞིག་དང་འཕྲད་པ་ཡིན།།"}}],[{"phrase":{"AT":"ལོང་བ་ཞིག་དང་འཕྲད་པ་ཡིན།།","KT":"ལོང་བ་ཞིག་དང་འཕྲད་པ་ཡིན།། ","CT":"ལོང་བ་ཞིག་དང་འཕྲད་པ་ཡིན།།"}}],[{"phrase":{"AT":"སྐྱབས་མགོན་ཡེ་ཤུ་མ་ཤི་ཀ།","KT":"སྐྱབས་མགོན་ཡེ་ཤུ་མཱ་ཤི་ཀ། ","CT":"སྐྱབས་མགོན་ཡེ་ཤུ་མཱ་ཤི་ཀ །"}}],[{"phrase":{"AT":"ཁོང་ནི་འཇིག་རྟེན་འོད་ཟེར་ཡིན།། ","KT":"ཁོང་ནི་འཇིག་རྟེན་འོད་ཟེར་ཡིན།། ","CT":"ཁོང་ནི་འཇིག་རྟེན་འོད་ཟེར་ཡིན།། "}}]],"label":"verse 1","id":1},{"line":[[{"phrase":{"AT":"ོང་གི་ཐུགས་སྲས་རྣམས་ཀྱིས་སློབ་དཔོན་ལགས།།","KT":"ཁོང་གི་ཐུགས་སྲས་རྣམས་ཀྱིས་སློབ་དཔོན་ལགས།། ","CT":"ོང་གི་ཐུགས་སྲས་རྣམས་ཀྱིས་སློབ་དཔོན་ལགས།།"}}],[{"phrase":{"AT":"སྐྱེ་བོ་འདི་ནི་ལོང་བ་རེད།།","KT":"སྐྱེ་བོ་འདི་ནི་ལོང་བ་རེད།། ","CT":"སྐྱེ་བོ་འདི་ནི་ལོང་བ་རེད།།"}}],[{"phrase":{"AT":"སྡིག་པ་བྱེད་མཁན་སུ་ཡིན་ཞུས།།","KT":"སྡིག་པ་བྱེད་མཁན་སུ་ཡིན་ཞུས།། ","CT":"སྡིག་པ་བྱེད་མཁན་སུ་ཡིན་ཞུས།།"}}],[{"phrase":{"AT":"སྡིག་པ་བྱེད་མཁན་སུ་ཡིན་ཞུས།།","KT":"སྡིག་པ་བྱེད་མཁན་སུ་ཡིན་ཞུས།། ","CT":"སྡིག་པ་བྱེད་མཁན་སུ་ཡིན་ཞུས།།"}}]],"label":"verse 2","id":2},{"line":[[{"phrase":{"AT":"ོ་དང་ཕ་མའི་ལས་ཀྱི་རྐྱེན་མ་ཡིན།།","KT":"ཁོ་དང་ཕ་མའི་ལས་ཀྱི་རྐྱེན་མ་ཡིན།། ","CT":"ོ་དང་ཕ་མའི་ལས་ཀྱིས་རྐྱེན་མ་ཡིན།།"}}],[{"phrase":{"AT":"ངོ་མཚར་མཛད་པ་དཀོན་མཆོག་གིས།།","KT":"ངོ་མཚར་མཛད་པ་དཀོན་མཆོག་གིས།། ","CT":"ངོ་མཚར་མཛད་པ་དཀོན་མཆོག་གིས།།"}}],[{"phrase":{"AT":"ཁོ་ཡི་ལུས་ནས་ཇི་བཞིན་དུ།།","KT":"ཁོ་ཡི་ལུས་ནས་ཇི་བཞིན་དུ།། ","CT":"ཁོ་ཡི་ལུས་ནས་ཇི་བཞིན་དུ།།"}}],[{"phrase":{"AT":"མངོན་ཕྱིར་དེ་ལྟར་བྱུང་བ་ལགས།།","KT":"མངོན་ཕྱིར་དེ་ལྟར་བྱུང་བ་ལགས།། ","CT":"མངོན་ཕྱིར་དེ་ལྟར་བྱུང་བ་ལགས།།"}}]],"label":"verse 3","id":3},{"line":[[{"phrase":{"AT":"ཉིན་མོའི་དུས་སྐབས་རིང་ལ་མངག་མཁན་གྱི།།","KT":" ཉིན་མོའི་དུས་སྐབས་རིང་ལ་མངག་མཁན་གྱི།། ","CT":"ཉི་མོའི་དུས་སྐབས་རིང་ལ་མངགས་མཁན་གྱི།།"}}],[{"phrase":{"AT":"དགོངས་དོན་བཞིན་དུ་སྒྲུབ་དགོས་ཀྱང་།།","KT":"དགོངས་དོན་བཞིན་དུ་སྒྲུབ་དགོས་ཀྱང་།། ","CT":"དགོངས་དོན་བཞིན་དུ་སྒྲུབ་དགོས་ཀྱང་།།"}}],[{"phrase":{"AT":"ཅི་ཡང་མི་སྒྲུབ་མཚན་མོ་ཞིག།","KT":"ཅི་ཡང་མི་སྒྲུབ་མཚན་མོ་ཞིག། ","CT":"ཅི་ཡང་མི་སྒྲུབ་མཚན་མོ་ཞིག།"}}],[{"phrase":{"AT":"མྱུར་བ་མྱུར་དུ་སླེབས་པར་ངེས།།","KT":"མྱུར་བ་མྱུར་དུ་སླེབས་པར་ངེས།། ","CT":"མྱུར་བ་མྱུར་དུ་སླེབས་པར་ངེས།།"}}]],"label":"verse 4","id":4},{"line":[[{"phrase":{"AT":"འཇིག་རྟེན་འདི་རུ་བཞུགས་པའི་དུས་སྐབས་རིང་།།","KT":"ndefined༥ འཇིག་རྟེན་འདི་རུ་བཞུགས་པའི་དུས་སྐབས་རིང་།། ","CT":"འཇིག་རྟེན་འདི་རུ་བཞུགས་པའི་དུས་སྐབས་རིང་།།"}}],[{"phrase":{"AT":"བདག་ནི་འཇིག་རྟེན་འོད་ཟེར་ཡིན།།","KT":"བདག་ནི་འཇིག་རྟེན་འོད་ཟེར་ཡིན།། ","CT":"བདག་ནི་འཇིག་རྟེན་འོད་ཟེར་ཡིན།།"}}],[{"phrase":{"AT":"དེ་སྐད་ཁོང་གིས་གསུངས་པ་ཡིན།།","KT":"དེ་སྐད་ཁོང་གིས་གསུངས་པ་ཡིན།། ","CT":"དེ་སྐད་ཁོང་གིས་གསུངས་པ་ཡིན།།"}}],[{"phrase":{"AT":"དེ་སྐད་ཁོང་གིས་གསུངས་པ་ཡིན།།","KT":"དེ་སྐད་ཁོང་གིས་གསུངས་པ་ཡིན།། ","CT":"དེ་སྐད་ཁོང་གིས་གསུངས་པ་ཡིན།།"}}]],"label":"verse 5","id":5},{"line":[[{"phrase":{"AT":"དེ་རྗེས་སྐྱབས་མགོན་གཙོ་བོ་ཡེ་ཤུ་ཡིས།།","KT":" དེ་རྗེས་སྐྱབས་མགོན་གཙོ་བོ་ཡེ་ཤུ་ཡིས།། ","CT":"དེ་རྗེས་སྐྱབས་མགོན་གཙོ་བོ་ཡེ་ཤུས་ཡིས།།"}}],[{"phrase":{"AT":"མཆིལ་མས་བརྫིས་པའི་འདམ་བག་དེ།།","KT":"མཆིལ་མས་བརྫིས་པའི་འདམ་བག་དེ།། ","CT":"མཆིལ་མས་བརྫིས་པའི་འདམ་བག་དེ།།"}}],[{"phrase":{"AT":"ལོང་བའི་མིག་ལ་བསྐུས་པ་ཡིན།།","KT":"ལོང་བའི་མིག་ལ་བསྐུས་པ་ཡིན།། ","CT":"ལོང་བའི་མིག་ལ་བསྐུས་པ་ཡིན།།"}}],[{"phrase":{"AT":"ལོང་བའི་མིག་ལ་བསྐུས་པ་ཡིན།།","KT":"ལོང་བའི་མིག་ལ་བསྐུས་པ་ཡིན།། ","CT":"ལོང་བའི་མིག་ལ་བསྐུས་པ་ཡིན།།"}}]],"label":"verse 6","id":6},{"line":[[{"phrase":{"AT":"ྱེད་ཀྱིས་སི་ལོ་ཨམ་ཞེས་རྫིང་བུ་ནས།།","KT":"ཁྱེད་ཀྱིས་སི་ལོ་ཨམ་ཞེས་རྫིང་བུ་ནས།། ","CT":"ྱེད་ཀྱིས་སི་ལོ་ཨམ་ཞེས་རྫིང་བུ་ནས།།"}}],[{"phrase":{"AT":"ཁྲུས་བྱོས་གསུངས་ཤིང་དེ་བཞིན་དུ།།","KT":"ཁྲུས་གྱིས་གསུངས་ཤིང་དེ་བཞིན་དུ།། ","CT":"ཁྲུས་ཞུས་གསུངས་ཤིང་དེ་བཞིན་དུ།།"}}],[{"phrase":{"AT":"མིག་ཟུང་བཀྲུས་པས་མཐོང་བར་གྱུར།།","KT":"མིག་ཟུང་བཀྲུས་པས་མཐོང་བར་གྱུར།། ","CT":"མིག་ཟུང་བཀྲུས་པས་མཐོང་བར་གྱུར།།"}}],[{"phrase":{"AT":"མིག་ཟུང་བཀྲུས་པས་མཐོང་བར་གྱུར།།","KT":"མིག་ཟུང་བཀྲུས་པས་མཐོང་བར་གྱུར།། ","CT":"མིག་ཟུང་བཀྲུས་པས་མཐོང་བར་གྱུར།།"}}]],"label":"verse 7","id":7}]},"metadata":[]}