{"title":{"AT":"12.ཁྱེད་ཀྱིས་གནང་བའི་ཉིན་བཟང་འདི་ལ།","KT":"12. ཁྱེད་ཀྱིས་གནང་བའི་ཉིན་བཟང་འདི་ལ། ","CT":"12.ཁྱེད་ཀྱིས་གནང་བའི་ཉིན་བཟང་འདི་ལ།"},"author":"*","key":"*","lyrics":{"Verse":[{"line":[[{"phrase":{"AT":"ྱེད་ཀྱིས་གནང་བའི་ཉིན་བཟང་འདི་ལ། ༣","KT":"ཁྱེད་ཀྱིས་གནང་བའི་ཉིན་བཟང་འདི་ལ། ༣ ","CT":"ྱེད་ཀྱིས་གནང་བའི་ཉིན་བཟང་འདི་ལ། ༣"}}],[{"phrase":{"AT":"གཙོ་བོ་ཐུགས་རྗེ་ཆེ།","KT":"གཙོ་བོ་ཐུགས་རྗེ་ཆེ། ","CT":"གཙོ་བོ་ཐུགས་རྗེ་ཆེ།"}}]],"label":"verse 1","id":1},{"line":[[{"phrase":{"AT":"ྱེད་ཀྱིས་གནང་བའི་ཁ་ཟས་འདི་ལ། ༣","KT":"ཁྱེད་ཀྱིས་གནང་བའི་ཁ་ཟས་འདི་ལ། ༣ ","CT":"ྱེད་ཀྱིས་གནང་བའི་ཞལ་ཟས་འདི་ལ། ༣"}}],[{"phrase":{"AT":"གཙོ་བོ་ཐུགས་རྗེ་ཆེ།","KT":"གཙོ་བོ་ཐུགས་རྗེ་ཆེ། ","CT":"གཙོ་བོ་ཐུགས་རྗེ་ཆེ།"}}]],"label":"verse 2","id":2},{"line":[[{"phrase":{"AT":"ྱེད་ཀྱིས་གནང་བའི་བྱིན་རླབས་འདི་ལ། ༣","KT":"ཁྱེད་ཀྱིས་གནང་བའི་བྱིན་རླབས་འདི་ལ། ༣ ","CT":"ྱེད་ཀྱིས་གནང་བའི་བྱིན་རླབས་འདི་ལ། ༣"}}],[{"phrase":{"AT":"གཙོ་བོ་ཐུགས་རྗེ་ཆེ།","KT":"གཙོ་བོ་ཐུགས་རྗེ་ཆེ། ","CT":"གཙོ་བོ་ཐུགས་རྗེ་ཆེ།།"}}]],"label":"verse 3","id":3}]},"metadata":[{"AT":"(Thank You Lord for this Fine Day ཞེས་པའི་དབྱིན་ཇིའི་བསྟོད་དབྱངས།) ","KT":"(Thank You Lord for this Fine Day ཞེས་པའི་དབྱིན་ཇིའི་བསྟོད་དབྱངས།)3 ","CT":"(Thank You Lord for this Fine Day ཞེས་པའི་དབྱིན་ཇིའི་བསྟོད་དབྱངས།) "}]}