{"title":{"AT":"120.སྐྱབས་མགོན་ཡེ་ཤུ་མིན་ནས།","KT":"120. སྐྱབས་མགོན་ཡེ་ཤུ་མེད་ན། ","CT":"undefined120.སྐྱབས་མགོན་ཡེ་ཤུ་མེད་ན།"},"author":"*","key":"*","lyrics":{"Verse":[{"line":[[{"phrase":{"AT":"          (There is No Other Name ཞེས་པའི་དབྱིན་ཇིའི་བསྟོད་དབྱངས།)  AT08 104, KT06 105","KT":"(There is No Other Name ཞེས་པའི་དབྱིན་ཇིའི་བསྟོད་དབྱངས།)39 AT08 104, KT06 105 39 Robin Mark ©1999 Integrity's Hosanna! Music/ASCAP. Used By Permission ","CT":"(There is No Other Name ཞེས་པའི་དབྱིན་ཇིའི་བསྟོད་དབྱངས།)  AT08 104, KT06 105"}}],[{"phrase":{"AT":"སྐྱབས་མགོན་ཡེ་ཤུ་མིན་ནས།","KT":" སྐྱབས་མགོན་ཡེ་ཤུ་མིན་ན། ","CT":"སྐྱབས་མགོན་ཡེ་ཤུ་མེད་ན།"}}],[{"phrase":{"AT":"སྐྱོབ་མཁན་གཞན་སུ་ཡང་མེད།","KT":"སྐྱོབ་མཁན་གཞན་སུ་ཡང་མེད། ","CT":"སྐྱོབ་མཁན་གཞན་སུ་ཡང་མེད།"}}],[{"phrase":{"AT":"འཇིག་རྟེན་མི་སྐྱོབ་མཁན་གཞན་སུ་ཡང་མེད།","KT":"འཇིག་རྟེན་མི་སྐྱོབ་མཁན་གཞན་སུ་ཡང་མེད། ","CT":"འཇིག་རྟེན་མི་སྐྱོབ་མཁན་གཞན་སུ་ཡང་མེད།"}}],[{"phrase":{"AT":"ངའི་སེམས་ལ་ངལ་གསོ་ཡོད།","KT":"ངའི་སེམས་ལ་ངལ་གསོ་ཡོད། ","CT":"ངའི་སེམས་ལ་ངལ་གསོ་ཡོད།"}}],[{"phrase":{"AT":"རྨ་ཁ་རྣམས་ཡོངས་སུ་དྲག","KT":"རྨ་ཁ་རྣམས་ཡོངས་སུ་དྲག ","CT":"རྨ་ཁ་རྣམས་ཡོངས་སུ་དྲག"}}],[{"phrase":{"AT":"བཙོན་མ་རྣམས་ཐར་ཞིང་གུ་ཡངས་ཐོབ།","KT":"བཙོན་མ་རྣམས་ཐར་ཞིང་གུ་ཡངས་ཐོབ། ","CT":"བཙོན་པ་རྣམས་ཐར་ཞིང་གུ་ཡངས་ཐོབ།"}}]],"label":"verse 1","id":1},{"line":[[{"phrase":{"AT":"ཐུགས་ཉིད་ངའི་སྟེང་བབས་ཤིང་།","KT":"ndefined༢ ཐུགས་ཉིད་ངའི་སྟེང་བབས་ཤིང་། ","CT":"ཐུགས་ཉིད་ངའི་སྟེང་བབས་ཤིང་།"}}],[{"phrase":{"AT":"ང་ལ་སྣུམ་གྱིས་བྱུགས་ནས།","KT":"ང་ལ་སྣུམ་གྱིས་བྱུགས་ནས། ","CT":"ང་ལ་དབང་ཆ་གནང་ནས།"}}],[{"phrase":{"AT":"དབུལ་ཕོངས་རྣམས་ལ་འཕྲིན་བཟང་བསྒྲོག་པར་མངགས།","KT":"དབུལ་ཕོངས་རྣམས་ལ་འཕྲིན་བཟང་བསྒྲོག་པར་མངགས། ","CT":"དབུལ་ཕོངས་རྣམས་ལ་འཕྲིན་བཟང་བསྒྲོག་པར་མངགས།"}}],[{"phrase":{"AT":"ལོང་བ་རྣམས་ཀྱིས་མཐོང་ཞིང་།","KT":"ལོང་བ་རྣམས་ཀྱིས་མཐོང་ཞིང་། ","CT":"ལོང་བ་རྣམས་ཀྱིས་མཐོང་ཞིང་།"}}],[{"phrase":{"AT":"མནར་བ་རྣམས་ལ་རང་དབང་འཐོབ།","KT":"མནར་བ་རྣམས་ལ་རང་དབང་འཐོབ། ","CT":"མནར་བ་རྣམས་ལ་རང་དབང་འཐོབ།"}}],[{"phrase":{"AT":"དཀོན་མཆོག་གིས་རོགས་རམ་མཛད་པའི་དུས་ལ་བབས།","KT":"དཀོན་མཆོག་གིས་རོགས་རམ་མཛད་པའི་དུས་ལ་བབས། ","CT":"དཀོན་མཆོག་གིས་རོགས་རམ་མཛད་པའི་དུས་ལ་བབས།"}}]],"label":"verse 2","id":2},{"line":[[{"phrase":{"AT":"འགྱོད་བཤགས་ངང་སྡིག་པ་སྤོངས།","KT":" འགྱོད་བཤགས་ངང་སྡིག་པ་སྤོངས། ","CT":"འགྱོད་བཤགས་ངང་སྡིག་པ་སྤོངས།"}}],[{"phrase":{"AT":"སེམས་སྒྱུར་ཞིང་ཁོང་རྩར་ཤོག","KT":"སེམས་སྒྱུར་ཞིང་ཁོང་རྩར་ཤོག ","CT":"སེམས་སྒྱུར་ཞིང་ཁོང་རྩར་ཤོག"}}],[{"phrase":{"AT":"ཡེ་ཤུས་ཕྱག་ཟུང་བརྐྱངས་ནས་ཁྱོད་རང་བསུ།","KT":"ཡེ་ཤུས་ཕྱག་ཟུང་བརྐྱངས་ནས་ཁྱོད་རང་བསུ། ","CT":"ཡེ་ཤུས་ཕྱག་ཟུང་བརྐྱངས་ནས་ཁྱེད་རང་བསུ།"}}],[{"phrase":{"AT":"གཞུང་དྲང་གིས་སེམས་གཏིང་ནས།","KT":"གཞུང་དྲང་གིས་སེམས་གཏིང་ནས། ","CT":"གཞུང་དྲང་གིས་སེམས་གཏིང་ནས།"}}],[{"phrase":{"AT":"ཡོད་ཚད་ཁོང་ལ་ཕུལ་དང་།","KT":"ཡོད་ཚད་ཁོང་ལ་ཕུལ་དང་། ","CT":"ཡོད་ཚད་ཁོང་ལ་ཕུལ་དང་།"}}],[{"phrase":{"AT":"ཁོང་གིས་གནང་བའི་སྙིང་རྗེ་བསམ་མི་ཁྱབ།","KT":"ཁོང་གིས་གནང་བའི་སྙིང་རྗེ་བསམ་མི་ཁྱབ། ","CT":"ཁོང་གིས་གནང་བའི་སྙིང་རྗེ་བསམ་མི་ཁྱབ།"}}]],"label":"verse 3","id":3},{"line":[[{"phrase":{"AT":"སྐྱབས་མགོན་ཡེ་ཤུ་མིན་ནས།","KT":" སྐྱབས་མགོན་ཡེ་ཤུ་མེད་ན། ","CT":"སྐྱབས་མགོན་ཡེ་ཤུ་མེད་ན།"}}],[{"phrase":{"AT":"སྐྱོབ་མཁན་གཞན་སུ་ཡང་མེད།","KT":"སྐྱོབ་མཁན་གཞན་སུ་ཡང་མེད། ","CT":"སྐྱོབ་མཁན་གཞན་སུ་ཡང་མེད།"}}],[{"phrase":{"AT":"འཇིག་རྟེན་མི་སྐྱོབ་མཁན་གཞན་སུ་ཡང་མེད།","KT":"འཇིག་རྟེན་མི་སྐྱོབ་མཁན་གཞན་སུ་ཡང་མེད། ","CT":"འཇིག་རྟེན་མི་སྐྱོབ་མཁན་གཞན་སུ་ཡང་མེད།"}}],[{"phrase":{"AT":"ངའི་སེམས་ལ་ངལ་གསོ་ཡོད།","KT":"ངའི་སེམས་ལ་ངལ་གསོ་ཡོད། ","CT":"ངའི་སེམས་ལ་ངལ་གསོ་ཡོད།"}}],[{"phrase":{"AT":"རྨ་ཁ་རྣམས་ཡོངས་སུ་དྲག","KT":"རྨ་ཁ་རྣམས་ཡོངས་སུ་དྲག ","CT":"རྨ་ཁ་རྣམས་ཡོངས་སུ་དྲག"}}],[{"phrase":{"AT":"བཙོན་མ་རྣམས་ཐར་ཞིང་གུ་ཡངས་ཐོབ།","KT":"བཙོན་མ་རྣམས་ཐར་ཞིང་གུ་ཡངས་ཐོབ། ","CT":"བཙོན་པ་རྣམས་ཐར་ཞིང་གུ་ཡངས་ཐོབ།།"}}]],"label":"verse 4","id":4}]},"metadata":[]}