{"title":{"AT":"121.སྐྱབས་མགོན་སེམས་ཅན་ཡོངས་ཀྱི་སྐྱབས་མགོན། ","KT":"121. སྐྱབས་མགོན་སེམས་ཅན་ཡོངས་ཀྱི་སྐྱབས་མགོན། ","CT":"121.སྐྱབས་མགོན་སེམས་ཅན་ཡོངས་ཀྱི་སྐྱབས་མགོན། "},"author":"*","key":"*","lyrics":{"Verse":[{"line":[[{"phrase":{"AT":"སྐྱབས་མགོན་སེམས་ཅན་ཡོངས་ཀྱི་སྐྱབས་མགོན།","KT":"སྐྱབས་མགོན་སེམས་ཅན་ཡོངས་ཀྱི་སྐྱབས་མགོན། ","CT":"སྐྱབས་མགོན་སེམས་ཅན་ཡོངས་ཀྱི་སྐྱབས་མགོན།"}}],[{"phrase":{"AT":"ང་ཡི་སྐྱབས་གཅིག་དྲིན་ཅན།","KT":"ང་ཡི་སྐྱབས་གཅིག་དྲིན་ཅན། ","CT":"ང་ཡི་སྐྱབས་གཅིག་དྲིན་ཅན།"}}],[{"phrase":{"AT":"ང་ནི་དབུལ་ཞིང་ཕོངས་པའི།","KT":"ང་ནི་དབུལ་ཞིང་ཕོངས་པའི། ","CT":"ང་ནི་དབུལ་ཞིང་ཕོངས་པའི།"}}],[{"phrase":{"AT":"ང་ཡི་བུ་ཕྲུག་བསྐྱབས་སོང༌། ༢","KT":"ང་ཡི་བུ་ཕྲུག་བསྐྱབས་སོང༌། ༢ ","CT":"ང་ཡི་བུ་ཕྲུག་བསྐྱབས་སོང༌། ༢"}}]],"label":"verse 1","id":1},{"line":[[{"phrase":{"AT":"སྐྱབས་མགོན་ནམ་ཡང་ང་ལ་གཟིགས་ཡོད།","KT":" སྐྱབས་མགོན་ནམ་ཡང་ང་ལ་གཟིགས་ཡོད། ","CT":"སྐྱབས་མགོན་ནམ་ཡང་ང་ལ་གཟིགས་ཡོད།"}}],[{"phrase":{"AT":"བདག་གི་ཁྱེད་ལ་བཅོལ་ཡོད།","KT":"བདག་གི་ཁྱེད་ལ་བཅོལ་ཡོད། ","CT":"བདག་གི་ཁྱེད་ལ་བཅོལ་ཡོད།"}}],[{"phrase":{"AT":"ཇི་བསྐུལ་བདག་གིས་བསྒྲུབ་ཡོང༌།","KT":"ཇི་བསྐུལ་བདག་གིས་བསྒྲུབ་ཡོང༌། ","CT":"ཇི་བསྐུལ་བདག་གིས་བསྒྲུབ་ཡོང༌།"}}],[{"phrase":{"AT":"སྐྱབས་མགོན་ཁྱེད་ཀྱིས་མཁྱེན་རོགས། ༢","KT":"སྐྱབས་མགོན་ཁྱེད་ཀྱིས་མཁྱེན་རོགས། ༢ ","CT":"སྐྱབས་མགོན་ཁྱེད་ཀྱིས་མཁྱེན་རོགས། ༢"}}]],"label":"verse 2","id":2}]},"metadata":[{"AT":"(སྤྲང་པོའི་བསྟོད་པ།)","KT":"(སྤྲང་པོའི་བསྟོད་པ།) ","CT":"(སྤྲང་པོའི་བསྟོད་པ།)"},{"AT":"(ཨ་མདོའི་བསྟོད་དབྱངས།)","KT":"(ཨ་མདོའི་བསྟོད་དབྱངས།) ","CT":"(ཨ་མདོའི་བསྟོད་དབྱངས།)"}]}