{"title":{"AT":"122.སྐྱིད་སྡུག་གཉིས་ཀྱི་མི་ཚེ་ལ།","KT":"122. སྐྱིད་སྡུག་གཉིས་ཀྱི་མི་ཚེ་ལ། ","CT":"122.སྐྱིད་སྡུག་གཉིས་ཀྱིས་མི་ཚེ་ལ།"},"author":"*","key":"*","lyrics":{"Verse":[{"line":[[{"phrase":{"AT":"           (འགྱུར་མེད་རིན་ཆེན་གྱིས་བརྩམས་པའི་བསྟོད་དབྱངས།) JL CD3:2 ","KT":"(འགྱུར་མེད་རིན་ཆེན་གྱིས་བརྩམས་པའི་བསྟོད་དབྱངས།) JL CD3:2 ","CT":"(འགྱུར་མེད་རིན་ཆེན་གྱིས་བརྩམས་པའི་བསྟོད་དབྱངས།) JL CD3:2 "}}],[{"phrase":{"AT":"སྐྱིད་སྡུག་གཉིས་ཀྱི་མི་ཚེ་ལ། ","KT":" སྐྱིད་སྡུག་གཉིས་ཀྱི་མི་ཚེ་ལ། ","CT":"སྐྱིད་སྡུག་གཉིས་ཀྱིས་མི་ཚེ་ལ། "}}],[{"phrase":{"AT":"ཉིན་དང་མཚན་འདྲ་པོ་ཡོང་། ","KT":"ཉིན་དང་མཚན་འདྲ་པོ་ཡོང་། ","CT":"ཉིན་དང་མཚན་འདྲ་པོ་ཡོང་། "}}],[{"phrase":{"AT":"མི་ཚེ་ལ་འཆི་བ་མ་ཡོང་བར། ","KT":"མི་ཚེ་ལ་འཆི་བ་མ་ཡོང་བར། ","CT":" མི་ཚེ་ལ་འཆི་བ་མ་ཡོང་བར། "}}],[{"phrase":{"AT":"སྡུག་བསྔལ་བྱུང་ནའང་སྐྱིད་པོ་ཡོང་། ༢","KT":"སྡུག་བསྔལ་བྱུང་ནའང་དགའ་སྤྲོ་ཡོང་། ༢ ","CT":"སྡུག་བསྔལ་བྱུང་ནའང་དགའ་པོ་ཡོང་། ༢"}}],[{"phrase":{"AT":"སྡུག་བསྔལ་བྱུང་ནའང་སྐྱིད་པོ་ཡོང་།","KT":"སྡུག་བསྔལ་བྱུང་ནའང་དགའ་སྤྲོ་ཡོང་། ","CT":"སྡུག་བསྔལ་བྱུང་ནའང་དགའ་པོ་ཡོང་།"}}]],"label":"verse 1","id":1},{"line":[[{"phrase":{"AT":"འཆི་བ་དེ་ནི་མི་ཚེ་ལ། ","KT":"འཆི་བ་དེ་ནི་མི་ཚེ་ལ། ","CT":"defined༢ འཆི་བ་དེ་ནི་མི་ཚེ་ལ། "}}],[{"phrase":{"AT":"ལུས་དང་སེམས་གཉིས་ལ་ཡོང་། ","KT":"ལུས་དང་སེམས་གཉིས་ལ་ཡོང་། ","CT":"ལུས་དང་སེམས་གཉིས་ལ་ཡོང་། "}}],[{"phrase":{"AT":"འཆི་བ་སེམས་ལ་མ་ཡོང་བར། ","KT":"འཆི་བ་སེམས་ལ་མ་ཡོང་བར། ","CT":"འཆི་བ་སེམས་ལ་མ་ཡོང་བར། "}}],[{"phrase":{"AT":"འཆི་བ་དང་པོ་ལུས་ལ་ཡོང་། ༢","KT":"འཆི་བ་དང་པོ་ལུས་ལ་ཡོང་། ༢ ","CT":"འཆི་བ་དང་པོ་ལུས་ལ་ཡོང་། ༢"}}],[{"phrase":{"AT":"འཆི་བ་དང་པོ་ལུས་ལ་ཡོང་།","KT":"འཆི་བ་དང་པོ་ལུས་ལ་ཡོང་། ","CT":"འཆི་བ་དང་པོ་ལུས་ལ་ཡོང་།"}}]],"label":"verse 2","id":2},{"line":[[{"phrase":{"AT":"ཐར་བ་ཐོབ་པའི་མི་ཚེ་ལ། ","KT":"ཐར་བ་ཐོབ་པའི་མི་ཚེ་ལ། ","CT":"ཐར་པ་ཐོབ་པའི་མི་ཚེ་ལ། "}}],[{"phrase":{"AT":"ཉི་མ་ཤར་བ་འདྲ་པོ་ཡོང་། ","KT":"ཉི་མ་ཤར་བ་འདྲ་པོ་ཡོང་། ","CT":"ཉིན་མ་ཤར་འདྲ་པོ་ཡོང་། "}}],[{"phrase":{"AT":"ཚེ་སྲོག་ཐར་བའི་མི་ཚེ་དེ། ","KT":"ཚེ་སྲོག་ཐར་བའི་མི་ཚེ་དེ། ","CT":"ཚེ་སྲོག་ཐར་པའི་མི་ཚེ་དེ། "}}],[{"phrase":{"AT":"གཙོ་བོ་ཡེ་ཤུའི་མཚན་ནས་ཡོང་། ༢","KT":"གཙོ་བོ་ཡེ་ཤུའི་མཚན་ནས་ཡོང་། ༢ ","CT":"གཙོ་བོ་ཡེ་ཤུའི་མཚན་ནས་ཡོང་། ༢"}}],[{"phrase":{"AT":"གཙོ་བོ་ཡེ་ཤུའི་མཚན་ནས་ཡོང་།","KT":"གཙོ་བོ་ཡེ་ཤུའི་མཚན་ནས་ཡོང་། ","CT":"གཙོ་བོ་ཡེ་ཤུའི་མཚན་ནས་ཡོང་།"}}]],"label":"verse 3","id":3},{"line":[[{"phrase":{"AT":"གྲོངས་ནས་གསོན་པོར་བཞེངས་མཁན་དེ། ","KT":"གྲོངས་ནས་གསོན་པོར་བཞེངས་མཁན་དེ། ","CT":"འཆི་བ་ནས་གསོན་པོ་བཞེང་མཁན་དེ། "}}],[{"phrase":{"AT":"ང་ཚོའི་གཙོ་བོ་ཡེ་ཤུ་ཡིན། ","KT":"ང་ཚོའི་གཙོ་བོ་ཡེ་ཤུ་ཡིན། ","CT":"ང་ཚོའི་གཙོ་བོ་ཡེ་ཤུ་ཡིན། "}}],[{"phrase":{"AT":"འཆི་བ་ནས་སྐྱོབ་ཐུབ་མཁན་དེ། ","KT":"འཆི་བ་ནས་སྐྱོབ་ཐུབ་མཁན་དེ། ","CT":"འཆི་བ་ནས་སྐྱབས་ཐུབ་མཁན་དེ། "}}],[{"phrase":{"AT":"ང་ཚོའི་གཙོ་བོ་ཡེ་ཤུ་ཡིན། ༢","KT":"ང་ཚོའི་གཙོ་བོ་ཡེ་ཤུ་ཡིན། ༢ ","CT":"ང་ཚོའི་གཙོ་བོ་ཡེ་ཤུ་ཡིན། ༢"}}],[{"phrase":{"AT":"ང་ཚོའི་གཙོ་བོ་ཡེ་ཤུ་ཡིན། ༣","KT":"ང་ཚོའི་གཙོ་བོ་ཡེ་ཤུ་ཡིན། ༣ ","CT":"ང་ཚོའི་གཙོ་བོ་ཡེ་ཤུ་ཡིན།། ༣"}}]],"label":"verse 4","id":4}]},"metadata":[]}