{"title":{"AT":"123.སྐྱེས་ས་སྐྱེས་ཡུལ་བཞག་ནས། ","KT":"123. སྐྱེས་ས་སྐྱེས་ཡུལ་བཞག་ནས། ","CT":"123.སྐྱེས་པའི་རང་ཡུལ་བཞག་ནས། "},"author":"*","key":"*","lyrics":{"Verse":[{"line":[[{"phrase":{"AT":"སྐྱེས་ས་སྐྱེས་ཡུལ་བཞག་ནས་མི་ཡུལ་ཕྱོགས་ལ་ཡོང་།","KT":"སྐྱེས་ས་སྐྱེས་ཡུལ་བཞག་ནས་མི་ཡུལ་ཕྱོགས་ལ་ཡོང་། ","CT":"སྐྱེས་པའི་རང་ཡུལ་བཞག་ནས་མི་ཡུལ་ཕྱོགས་ལ་ཡོང་།"}}],[{"phrase":{"AT":"མི་ཡུལ་བཟང་པོར་ཡེ་ཤུ་དང་ཐུག་ཕྲད་བྱུང་།  ","KT":"མི་ཡུལ་བཟང་པོར་ཡེ་ཤུ་དང་ཐུག་ཕྲད་བྱུང་། ","CT":"མི་ཡུལ་བཟང་པོར་ཡེ་ཤུ་དང་ཐུག་ཕྲད་བྱུང་།  "}}],[{"phrase":{"AT":"དཀའ་སྡུག་གི་མུན་ནག་ཁྱེད་ཀྱིས་བསལ་རོགས་གནང་། ","KT":"དཀའ་སྡུག་གི་མུན་ནག་ཁྱེད་ཀྱིས་བསལ་རོགས་གནང་། ","CT":"དཀའ་སྡུག་གི་མུན་ནག་ཁྱེད་ཀྱི་སེལ་རོགས་གནང་། "}}],[{"phrase":{"AT":"དཀའ་སྡུག་གི་མུན་ནག་ཁྱེད་ཀྱིས་བསལ་རོགས་གནང་།","KT":"དཀའ་སྡུག་གི་མུན་ནག་ཁྱེད་ཀྱིས་བསལ་རོགས་གནང་། ","CT":"དཀའ་སྡུག་གི་མུན་ནག་ཁྱེད་ཀྱི་སེལ་རོགས་གནང་།"}}],[{"phrase":{"AT":"ཨོའོ་་་དཀའ་སྡུག་མུན་ནག་ཁྱེད་ཀྱིས་བསལ་རོགས་གནང་།","KT":"ཨོའོ་་་དཀའ་སྡུག་མུན་ནག་ཁྱེད་ཀྱིས་བསལ་རོགས་གནང་། ","CT":"ཨཱོའོ་་་དཀའ་སྡུག་མུན་ནག་ཁྱེད་ཀྱི་སེལ་རོགས་གནང་།"}}],[{"phrase":{"AT":"ཨོའོ་་་ཨོའོ་དཀོན་མཆོག་བཀའ་དྲིན་ཆེན་པོ་ལ།","KT":"ཨོའོ་་་ཨོའོ་དཀོན་མཆོག་བཀའ་དྲིན་ཆེན་པོ་ལ། ","CT":"ཨོའོ་་་ཨོའོ་དཀོན་མཆོག་བཀའ་དྲིན་ཆེན་པོ་ལ།"}}],[{"phrase":{"AT":"ཀྱག་ཀྱོག་གི་མི་ཚེ་བགྲོད་ལམ་རིང་པོ་རེད།    ","KT":"ཀྱག་ཀྱོག་གི་མི་ཚེ་བགྲོད་ལམ་རིང་པོ་རེད། ","CT":"ཀྱོག་ཀྱོག་གི་མི་ཚེ་འགྲོ་ལམ་རིང་པོ་རེད།    "}}],[{"phrase":{"AT":"ཁྱེད་ཀྱི་བྱམས་སེམས་ང་ཚོ་ལ་གནང་རོགས་མཛོད།","KT":"ཁྱེད་ཀྱི་བྱམས་སེམས་ང་ཚོ་ལ་གནང་རོགས་མཛོད། ","CT":"ཁྱེད་ཀྱི་བྱམས་སེམས་ང་ཚོ་ལ་གནང་རོགས་གནང་།"}}],[{"phrase":{"AT":"ཨོའོ་་་ཁྱེད་ཀྱི་བྱམས་སེམས་ང་ཚོ་ལ།","KT":"ཨོའོ་་་ཁྱེད་ཀྱི་བྱམས་སེམས་ང་ཚོ་ལ། ","CT":"ཨཱོའོ་་་ཁྱེད་ཀྱི་བྱམས་སེམས་ང་ཚོ་ལ།"}}],[{"phrase":{"AT":"གནང་རོགས་མཛོད།","KT":"གནང་རོགས་མཛོད། ","CT":"གནང་རོགས་གནང་།"}}]],"label":"verse 1","id":1},{"line":[[{"phrase":{"AT":"ང་ཚོའི་སྡིག་པ་ཁྱེད་ཀྱིས་བསལ་རོགས་གནང་།","KT":"ང་ཚོའི་སྡིག་པ་ཁྱེད་ཀྱིས་བསལ་རོགས་གནང་། ","CT":"ང་ཚོའི་སྡིག་པ་ཁྱེད་ཀྱིས་སེལ་རོགས་གནང་།"}}],[{"phrase":{"AT":"ང་ཚོའི་སྨོན་ལམ་ཁྱེད་ཀྱིས་གསན་རོགས་གནང་།","KT":"ང་ཚོའི་སྨོན་ལམ་ཁྱེད་ཀྱིས་གསན་རོགས་གནང་། ","CT":"ང་ཚོའི་སྨོན་ལམ་ཁྱེད་ཀྱིས་གསན་རོགས་གནང་།"}}],[{"phrase":{"AT":"ང་ཚོའི་བསྟོད་པ་ཁྱེད་ལ་འབུལ་རྒྱུ་ཡིན།","KT":"ང་ཚོའི་བསྟོད་པ་ཁྱེད་ལ་འབུལ་རྒྱུ་ཡིན། ","CT":"ང་ཚོའི་བསྟོད་པ་ཁྱེད་ལ་ཕུལ་གྱི་ཡིན།"}}],[{"phrase":{"AT":"ང་ཚོའི་རེ་བ་ཁྱེད་ཀྱིས་གནང་རོགས་མཛོད།","KT":"ང་ཚོའི་རེ་བ་ཁྱེད་ཀྱིས་གནང་རོགས་མཛོད། ","CT":"ང་ཚོའི་རེ་བ་ཁྱེད་ཀྱིས་གནང་རོགས་གནང་།"}}],[{"phrase":{"AT":"ཨོའོ་་་ང་ཚོའི་རེ་བ་ཁྱེད་ཀྱིས་གནང་རོགས་མཛོད།","KT":"ཨོའོ་་་ང་ཚོའི་རེ་བ་ཁྱེད་ཀྱིས་གནང་རོགས་མཛོད། ","CT":"ཨཱོའོ་་་ང་ཚོའི་རེ་བ་ཁྱེད་ཀྱིས་གནང་རོགས་གནང་།"}}]],"label":"verse 2","id":2}]},"metadata":[{"AT":"(མི་ཡུལ་ནས་ལམ་བཟང་གནང་བ།)","KT":"(མི་ཡུལ་ནས་ལམ་བཟང་གནང་བ།) ","CT":"(མི་ཡུལ་ནས་ལམ་བཟང་གནང་བ།)"},{"AT":"(དབུས་གཙང་གི་བསྟོད་དབྱངས།)","KT":"(དབུས་གཙང་གི་བསྟོད་དབྱངས།) ","CT":"(དབུས་གཙང་གི་བསྟོད་དབྱངས།)"}]}