{"title":{"AT":"124.ཁྱོད་ཀྱི་ཁང་བ་བྱེ་ཐང་ནས་ལས་མི་ཉན།","KT":"124. ཁྱོད་ཀྱི་ཁང་པ་བྱེ་ཐང་ཐོག་ལས་མི་ཉན། ","CT":"124.ཁྱེད་ཀྱི་ཁང་པ་བྱེ་ཐང་ཐོག་ལས་མི་ཉན།"},"author":"*","key":"*","lyrics":{"Verse":[{"line":[[{"phrase":{"AT":"ཁྱོད་ཀྱི་ཁང་བ་བྱེ་ཐང་ནས་ལས་མི་ཉན། ","KT":"ཁྱོད་ཀྱི་ཁང་པ་བྱེ་ཐང་ཐོག་ལས་མི་ཉན། ","CT":"ཁྱེད་ཀྱི་ཁང་པ་བྱེ་ཐང་ཐོག་ལས་མི་ཉན། "}}],[{"phrase":{"AT":"མཚོ་ཁ་ནས་ཀྱང་བརྩིག་མི་ཉན།","KT":"མཚོ་ཁ་ལ་ཡང་བརྩིག་མི་ཉན། ","CT":"མཚོ་ཁ་ལ་ཡང་བརྩིག་མི་ཉན།"}}],[{"phrase":{"AT":"དེ་འདྲ་ལས་ན་མིག་ལ་ཡག་ཀྱང་།","KT":"དེ་འདྲ་ལས་ན་ལྟ་སར་ཡག་ཀྱང་། ","CT":"དེ་འདྲ་ལས་ན་བལྟས་ན་ཡག་ཀྱང་།"}}],[{"phrase":{"AT":"ཁྱོད་ཀྱིས་ཐེངས་མ་གཉིས་ལ་ལས་དགོས།","KT":"ཁྱོད་ཀྱིས་ཐེངས་མ་གཉིས་ལ་ལས་དགོས། ","CT":"ཁྱེད་ཀྱིས་ཐེངས་མ་གཉིས་ཙམ་བྱེད་དགོས།"}}],[{"phrase":{"AT":"ཨོ་ཁྱོད་ཀྱིས་ཐེངས་མ་གཉིས་ལ་ལས་དགོས།","KT":"ཨོ་ཁྱོད་ཀྱིས་ཐེངས་མ་གཉིས་ལ་ལས་དགོས། ","CT":"ཨོ་ཁྱེད་ཀྱིས་ཐེངས་མ་གཉིས་ཙམ་བྱེད་དགོས།"}}],[{"phrase":{"AT":"ཁྱོད་ཀྱིས་ཁང་བ་རྡོ་ཕ་བོང་ཐོག་ནས་ལས་དགོས།","KT":"ཁྱོད་ཀྱིས་ཁང་པ་རྡོ་ཕ་བོང་ཐོག་ལ་ལས་དགོས། ","CT":"ཁྱེད་ཀྱིས་ཁང་པ་རྡོ་ཕ་བོང་ཐོག་ལ་བྱེད་དགོས།"}}],[{"phrase":{"AT":"རྨང་གཞི་བརྟན་པོ་ཡི་ས་ཆ་ཞིག་ནས་ལས་དགོས།","KT":"རྨང་གཞི་བརྟན་པོ་ཡི་ས་ཆ་ཞིག་ལ་ལས་དགོས། ","CT":"རྨང་གཞི་བརྟན་པོ་ཡི་ས་ཆ་ཞིག་ལ་བྱེད་དགོས།"}}],[{"phrase":{"AT":"དེ་ནས་ཆར་ཤ་ཡོང་ནས་འགྲོ་རྒྱུ་ཡིན་ཡང་།","KT":"དེ་ནས་ཆར་དྲག་ཅི་ཙད་ཆེན་པོ་འབབ་ན་ཡང་། ","CT":"དེ་ནས་ཆར་དྲག་ཅི་ཚད་ཆེན་པོ་འབབ་ན་ཡང་།"}}],[{"phrase":{"AT":"ཁྱོད་ཀྱིས་དཀོན་མཆོག་གི་ཞི་བདེ་ཤེས་ཐུབ་བོ།།  ༣","KT":"ཁྱོད་ཀྱིས་དཀོན་མཆོག་གི་ཞི་བདེ་ཤེས་ཐུབ་བོ།། ༣ ","CT":"ཁྱེད་ཀྱིས་དཀོན་མཆོག་གི་ཞི་བདེ་ཤེས་ཐུབ་བོ།།  ༣"}}]],"label":"verse 1","id":1}]},"metadata":[{"AT":"(Don’t Build Your House On The Sandy Land ཞེས་པའི་དབྱིན་ཇིའི་བྱིས་པའི་གླུ།)  AT08 111; KT06 111","KT":"(Don’t Build Your House On The Sandy Land ཞེས་པའི་དབྱིན་ཇིའི་བྱིས་པའི་གླུ།)40 AT08 111; KT06 111 40 Karen Lafferty © 1981 Maranatha! Praise Inc. Permission sought. ","CT":"(Don’t Build Your House On The Sandy Land ཞེས་པའི་དབྱིན་ཇིའི་བྱིས་པའི་གླུ།)  AT08 111; KT06 111"}]}