{"title":{"AT":"125.ཁྱེད་ཀྱིས་སྡིག་པ་མ་བྱས་ཟེར་ན།","KT":"125. ཁྱེད་ཀྱིས་སྡིག་པ་མ་བྱས་ཟེར་ན། ","CT":"125.ཁྱེད་ཀྱིས་སྡིག་པ་མ་བྱས་ཟེར་ན།"},"author":"*","key":"*","lyrics":{"Verse":[{"line":[[{"phrase":{"AT":"ྱེད་ཀྱིས་སྡིག་པ་མ་བྱས་ཟེར་ན།","KT":"ཁྱེད་ཀྱིས་སྡིག་པ་མ་བྱས་ཟེར་ན། ","CT":"ྱེད་ཀྱིས་སྡིག་པ་མ་བྱས་ཟེར་ན།"}}],[{"phrase":{"AT":"རང་མགོ་རང་གིས་སྐོར་ཡོང་། ༢","KT":"རང་མགོ་རང་གིས་སྐོར་ཡོང་། ༢ ","CT":"རང་མགོ་རང་གིས་སྐོར་ཡོང་། ༢"}}],[{"phrase":{"AT":"ཁྱེད་ཀྱིས་སྡིག་པ་བྱས་ཡོད་ཟེར་ན།","KT":"ཁྱེད་ཀྱིས་སྡིག་པ་བྱས་ཡོད་ཟེར་ན། ","CT":"ཁྱེད་ཀྱིས་སྡིག་པ་བྱས་ཡོད་ཟེར་ན།"}}],[{"phrase":{"AT":"སྡིག་སེལ་ཡེ་ཤུས་གནང་ཡོང་། ༣","KT":"སྡིག་སེལ་ཡེ་ཤུས་གནང་ཡོང་། ༣ ","CT":"སྡིག་སེལ་ཡེ་ཤུས་གནང་ཡོང་། ༣"}}]],"label":"verse 1","id":1},{"line":[[{"phrase":{"AT":"ྱེད་ཀྱིས་སྡིག་པ་མེད་ཟེར་ན།","KT":"ཁྱེད་ཀྱིས་སྡིག་པ་མེད་ཟེར་ན། ","CT":"ྱེད་ཀྱིས་སྡིག་མེད་ཡིན་ཟེར་ན།"}}],[{"phrase":{"AT":"ཁྱེད་ཀྱི་ནང་ན་བདེན་པ་མེད། ༢","KT":"ཁྱེད་ཀྱི་ནང་ན་བདེན་པ་མེད། ༢ ","CT":"ཁྱེད་ཀྱི་ནང་ན་བདེན་པ་མེད། ༢"}}],[{"phrase":{"AT":"ཁྱེད་ཀྱིས་སྡིག་ཅན་ཡིན་ཟེར་ན།","KT":"ཁྱེད་ཀྱིས་སྡིག་ཅན་ཡིན་ཟེར་ན། ","CT":"ཁྱེད་ཀྱིས་སྡིག་ཅན་ཡིན་ཟེར་ན།"}}],[{"phrase":{"AT":"ཡེ་ཤུས་ཐར་བ་གནང་ཡོང་། ༣","KT":"ཡེ་ཤུས་ཐར་བ་གནང་ཡོང་། ༣ ","CT":"ཡེ་ཤུས་ཐར་པ་གནང་ཡོང་། ༣"}}]],"label":"verse 2","id":2},{"line":[[{"phrase":{"AT":"ྱེད་ཀྱིས་སྡིག་པ་བྱས་པའི་རྐྱེན་གྱིས།","KT":"ཁྱེད་ཀྱིས་སྡིག་པ་བྱས་པའི་རྐྱེན་གྱིས། ","CT":"ྱེད་ཀྱིས་སྡིག་པ་བྱས་པའི་རྐྱེན་གྱིས།"}}],[{"phrase":{"AT":"ཁྱེད་ལ་ཉེས་ཆད་ཕོག་དགོས་པ་རེད། ༢","KT":"ཁྱེད་ལ་ཉེས་ཆད་ཕོག་དགོས་ཡོད་རེད། ༢ ","CT":"ཁྱེད་ལ་ཉེད་པ་ཕོག་དགོས་ཡོད་རེད། ༢"}}],[{"phrase":{"AT":"ཁྱེད་སྡིག་པ་ནས་ཐར་བའི་ཕྱིར།","KT":"ཁྱེད་སྡིག་པ་ནས་ཐར་བའི་ཕྱིར། ","CT":"ཁྱེད་སྡིག་པ་ནས་ཐར་པའི་ཕྱིར།"}}],[{"phrase":{"AT":"སྐྱབས་མགོན་ཡེ་ཤུ་གྲོངས་པ་རེད། ༣","KT":"སྐྱབས་མགོན་ཡེ་ཤུ་གྲོངས་པ་རེད། ༣ ","CT":"སྐྱབས་མགོན་ཡེ་ཤུ་གྲོངས་པ་རེད།། ༣"}}]],"label":"verse 3","id":3}]},"metadata":[{"AT":"(འགྱུར་མེད་རིན་ཆེན་གྱིས་བརྩམས་པའི་བསྟོད་དབྱངས།) JL CD2:2","KT":"(འགྱུར་མེད་རིན་ཆེན་གྱིས་བརྩམས་པའི་བསྟོད་དབྱངས།) JL CD2:2 ","CT":"(འགྱུར་མེད་རིན་ཆེན་གྱིས་བརྩམས་པའི་བསྟོད་དབྱངས།) JL CD2:2"}]}