{"title":{"AT":"126.ཁྱེད་ནི་ང་ཡི་དཀོན་མཆོག","KT":"126. ཁྱེད་ནི་ང་ཡི་དཀོན་མཆོག ","CT":"126.ཁྱེད་ནི་ང་ཡི་དཀོན་མཆོག"},"author":"*","key":"*","lyrics":{"Verse":[{"line":[[{"phrase":{"AT":"ཁྱེད་ནི་ང་ཡི་དཀོན་མཆོག་ང་ཡི་རྒྱལ་པོ།","KT":"ཁྱེད་ནི་ང་ཡི་དཀོན་མཆོག་ང་ཡི་རྒྱལ་པོ། ","CT":"ཁྱེད་ནི་ང་ཡི་དཀོན་མཆོག་ང་ཡི་རྒྱལ་པོ།"}}],[{"phrase":{"AT":"ཁྱེད་ནི་ང་ཡི་བདག་པོ་ང་ཡི་ཡོད་ཚད།","KT":"ཁྱེད་ནི་ང་ཡི་བདག་པོ་ང་ཡི་ཡོད་ཚད། ","CT":"ཁྱེད་ནི་ང་ཡི་བདག་པོ་ང་ཡི་ཡོད་ཚད།"}}],[{"phrase":{"AT":"ཁྱེད་ནི་ང་ཡི་དཀོན་མཆོག་ངས་ཁྱེད་ལ་བསྟོད་བསྔགས་འབུལ།","KT":"ཁྱེད་ནི་ང་ཡི་དཀོན་མཆོག་ངས་ཁྱེད་ལ་བསྟོད་བསྔགས་འབུལ། ","CT":"ཁྱེད་ནི་ང་ཡི་དཀོན་མཆོག་ངས་ཁྱེད་ལ་བསྟོད་བསྔགས་འབུལ།"}}],[{"phrase":{"AT":"ཧ་ལེ་ལོའུ་ཡཱ། ཧ་ལེ་ལོའུ་ཡཱ།","KT":"ཧ་ལེ་ལོའུ་ཡཱ། ཧ་ལེ་ལོའུ་ཡཱ། ","CT":"ཧཱ་ལེ་ལུ་ཡཱ། ཧཱ་ལེ་ལུ་ཡཱ།།"}}]],"label":"verse 1","id":1}]},"metadata":[{"AT":"(You Are My God, You Are My King ཞེས་པའི་དབྱིན་ཇིའི་བསྟོད་དབྱངས།)  AT08 109; KT06 109","KT":"(You Are My God, You Are My King ཞེས་པའི་དབྱིན་ཇིའི་བསྟོད་དབྱངས།)41 AT08 109; KT06 109 41 By Kim Stratton, part of a song from the album “Live with the A.F.C. Mass Choir released 1995. Produced by Glorious Music. Unknown to CCLI. No copyright information available. ","CT":"(You Are My God, You Are My King ཞེས་པའི་དབྱིན་ཇིའི་བསྟོད་དབྱངས།)  AT08 109; KT06 109"}]}