{"title":{"AT":"127.ཁྱེད་ནི་ང་ཡི་སྦས་ས་ཡིན།","KT":"127. ཁྱེད་ནི་ང་ཡི་ཡིབ་ས་ཡིན། ","CT":"127.ཁྱེད་ནི་ང་ཡི་ཡིབ་ས་ཡིན།"},"author":"*","key":"*","lyrics":{"Verse":[{"line":[[{"phrase":{"AT":"ཁྱེད་ནི་ང་ཡི་སྦས་ས་ཡིན།","KT":"ཁྱེད་ནི་ང་ཡི་ཡིབ་ས་ཡིན། ","CT":"ཁྱེད་ནི་ང་ཡི་ཡིབ་ས་ཡིན།"}}],[{"phrase":{"AT":"ཁྱེད་ཀྱིས་ནམ་ཡང་ཐར་བའི་བསྟོད་དབྱངས་ཀྱིས།","KT":"ཁྱེད་ཀྱིས་ནམ་ཡང་ཐར་བའི་བསྟོད་དབྱངས་ཀྱིས། ","CT":"ཁྱེད་ཀྱིས་ནམ་ཡང་ཐར་པའི་བསྟོད་དབྱངས་ཀྱིས།"}}],[{"phrase":{"AT":"ངའི་སེམས་ཁྱབ་པར་མཛད།","KT":"ངའི་སེམས་ཁྱབ་པར་མཛད། ","CT":"ངའི་སེམས་ཁྱབ་པར་མཛད།"}}],[{"phrase":{"AT":"དུས་ནམ་ཡང་ང་འཇིགས་པའི་དུས།","KT":"དུས་ནམ་ཡང་ང་འཇིགས་པའི་དུས། ","CT":"དུས་ནམ་ཡང་ང་འཇིགས་པའི་དུས།"}}],[{"phrase":{"AT":"ང་ཁྱེད་ལ་བརྟེན་རྒྱུ་ཡིན།","KT":"ང་ཁྱེད་ལ་བརྟེན་རྒྱུ་ཡིན། ","CT":"ང་ཁྱེད་ལ་བརྟེན་གྱི་ཡིན།"}}],[{"phrase":{"AT":"ང་ཁྱེད་ལ་བརྟེན་རྒྱུ་ཡིན།","KT":"ང་ཁྱེད་ལ་བརྟེན་རྒྱུ་ཡིན། ","CT":"ང་ཁྱེད་ལ་བརྟེན་གྱི་ཡིན།"}}],[{"phrase":{"AT":"སྟོབས་ཆུང་རྣམས་ཀྱིས་གཙོ་བོའི་ནང་དུ།","KT":"སྟོབས་ཆུང་རྣམས་ཀྱིས་གཙོ་བོའི་ནང་དུ། ","CT":"སྟོབས་ཆུང་རྣམས་ནི་གཙོ་བོའི་ནང་དུ།"}}],[{"phrase":{"AT":"སྟོབས་ཤུགས་འཛོམས་ཞེས་བཤད་པར་ཤོག","KT":"སྟོབས་ཤུགས་འཛོམས་ཞེས་བཤད་པར་ཤོག ","CT":"སྟོབས་ཤུགས་འཛོམས་ཞེས་བཤད་པར་ཤོག"}}],[{"phrase":{"AT":"ང་ཁྱེད་ལ་བརྟེན་རྒྱུ་ཡིན།","KT":"ང་ཁྱེད་ལ་བརྟེན་རྒྱུ་ཡིན། ","CT":"ང་ཁྱེད་ལ་བརྟེན་གྱི་ཡིན།།"}}]],"label":"verse 1","id":1}]},"metadata":[{"AT":"(You Are My Hiding Place ཞེས་པའི་དབྱིན་ཇིའི་བསྟོད་དབྱངས།)  AT08 110; KT06 110","KT":"(You Are My Hiding Place ཞེས་པའི་དབྱིན་ཇིའི་བསྟོད་དབྱངས།)42 AT08 110; KT06 110 42 Michael Ledner © 1981 Maranatha! Music. Permission sought. ","CT":"(You Are My Hiding Place ཞེས་པའི་དབྱིན་ཇིའི་བསྟོད་དབྱངས།)  AT08 110; KT06 110"}]}