{"title":{"AT":"128.ཁྱོད་ནི་གཙོ་བོའི་བྱམས་པ་ཐོབ་པའི་ཕྱིར། ","KT":"128. ཁྱོད་ནི་གཙོ་བོའི་བྱམས་པ་ཐོབ་པའི་ཕྱིར། ","CT":"128.ཁྱེད་ལ་གཙོ་བོའི་བྱམས་པ་ཐོབ་པའི་ཕྱིར། "},"author":"*","key":"*","lyrics":{"Verse":[{"line":[[{"phrase":{"AT":"ྱོད་ནི་གཙོ་བོའི་བྱམས་པ་ཐོབ་པའི་ཕྱིར།","KT":"ོད་ནི་གཙོ་བོའི་བྱམས་པ་ཐོབ་པའི་ཕྱིར། ","CT":"ེད་ལ་གཙོ་བོའི་བྱམས་པ་ཐོབ་པའི་ཕྱིར།"}}],[{"phrase":{"AT":"བདམས་པའི་མི་ཡིན་ཞིང་། ","KT":"བདམས་པའི་མི་ཞིག་ཡིན། ","CT":"བདམས་པའི་མི་ཞིག་ཡིན། "}}],[{"phrase":{"AT":"ཁྱོད་ཀྱི་འཚོ་བའི་ནང་དུ།","KT":"ཁྱོད་ཀྱི་འཚོ་བའི་ནང་དུ། ","CT":"ཁྱེད་ཀྱི་འཚོ་བའི་ནང་དུ།"}}],[{"phrase":{"AT":"ཕུན་སུམ་ཚོགས་པའི་བྱམས་པ་ཡོད། ༢","KT":"ཕུན་སུམ་ཚོགས་པའི་བྱམས་པ་ཡོད། ༢ ","CT":"ཕུན་སུམ་ཚོགས་པའི་བྱམས་པ་ཡོད། ༢"}}]],"label":"verse 1","id":1},{"line":[[{"phrase":{"AT":"འཇིག་རྟེན་མ་བསྐྲུན་སྔོན་ལ།","KT":"ཇིག་རྟེན་མ་བསྐྲུན་སྔོན་ལ། ","CT":"ཇིག་རྟེན་མ་བསྐྲུན་སྔོན་ལ།"}}],[{"phrase":{"AT":"དཀོན་མཆོག་གིས་ང་ཚོར་གཅེས།","KT":"དཀོན་མཆོག་གིས་ང་ཚོར་གཅེས། ","CT":"དཀོན་མཆོག་གིས་ང་ཚོར་གཅེས།"}}],[{"phrase":{"AT":"ང་ཚོའི་ལྷན་འཛོམས་བརྒྱུད་ནས།","KT":"ང་ཚོའི་ལྷན་འཛོམས་བརྒྱུད་ནས། ","CT":"ང་ཚོའི་ལྷན་འཛོམས་བརྒྱུད་ནས།"}}],[{"phrase":{"AT":"བྱམས་པའི་འབྲས་བུ་བསྐྱེད།","KT":"བྱམས་པའི་འབྲས་བུ་བསྐྱེད། ","CT":"བྱམས་པའི་འབྲས་བུ་བསྐྱེད།"}}],[{"phrase":{"AT":"འཇིག་རྟེན་འདི་ནས་ཁྱོད་རང་ཡོད་པའི་རྐྱེན་གྱིས།","KT":"འཇིག་རྟེན་འདི་ནས་ཁྱོད་རང་ཡོད་པའི་རྐྱེན་གྱིས། ","CT":"འཇིག་རྟེན་འདི་ལ་ཁྱེད་རང་ཡོད་པའི་རྐྱེན་གྱིས།"}}],[{"phrase":{"AT":"ང་ཚོ་ལ་ཞི་བདེ་དང་དགའ་སྤྲོ་ཚད་མེད་པ་ཞིག་བྱུང༌།","KT":"ང་ཚོ་ལ་ཞི་བདེ་དང་དགའ་སྤྲོ་ཚད་མེད་པ་ཞིག་བྱུང༌། ","CT":"ང་ཚོ་ལ་ཞི་བདེ་དང་དགའ་སྤྲོ་ཚད་མེད་པ་ཞིག་བྱུང༌།"}}]],"label":"verse 2","id":2},{"line":[[{"phrase":{"AT":"ྱོད་ནི་གཙོ་བོའི་བྱམས་པ་ཐོབ་པའི་ཕྱིར་སྐྱེས་པའི་མི་ཡིན།","KT":"ོད་ནི་གཙོ་བོའི་བྱམས་པ་ཐོབ་པའི་ཕྱིར་སྐྱེས་པའི་མི་ཡིན། ","CT":"ེད་ནི་གཙོ་བོའི་བྱམས་པ་ཐོབ་པའི་ཕྱིར་སྐྱེས་པའི་མི་ཡིན།"}}],[{"phrase":{"AT":"ད་ལྟ་ད་དུང་མཐའ་མེད་པའི་བྱམས་པ་དེ་ཐོབ། ༢","KT":"ད་ལྟ་ད་དུང་མཐའ་མེད་པའི་བྱམས་པ་དེ་ཐོབ། ༢ ","CT":"ད་ལྟ་ད་དུང་མཐའ་མེད་པའི་བྱམས་པ་དེ་ཐོབ།། ༢"}}]],"label":"verse 3","id":3}]},"metadata":[{"AT":"(བྱམས་པ་ཐོབ་པའི་ཕྱིར་བདམས་པའི་མི།) ","KT":"(བྱམས་པ་ཐོབ་པའི་ཕྱིར་བདམས་པའི་མི།)43 43 당신은 사랑받기 위해 태어난 사람 Dang Shin Eun ","CT":"(བྱམས་པ་ཐོབ་པའི་ཕྱིར་བདམས་པའི་མི།) "},{"AT":"(Born To Be Loved ཞེས་པའི་ལྷོ་ཁྲའོ་ཤན་གྱི་བསྟོད་དབྱངས།) AT08 131; KT06 138","KT":"(Born To Be Loved ཞེས་པའི་ལྷོ་ཁྲའོ་ཤན་གྱི་བསྟོད་དབྱངས།) AT08 131; KT06 138 ","CT":"(Born To Be Loved ཞེས་པའི་ལྷོ་ཁྲའོ་ཤན་གྱི་བསྟོད་དབྱངས།) AT08 131; KT06 138"}]}