{"title":{"AT":"129.ཁྱེད་ལ་སེམས་ཁྲལ་ཡོད་ན།","KT":"129. ཁྱེད་ལ་སེམས་ཁྲལ་ཡོད་ན། ","CT":"129.ཁྱེད་ལ་སེམས་ཁྲལ་ཡོད་ན།"},"author":"*","key":"*","lyrics":{"Verse":[{"line":[[{"phrase":{"AT":"ྱེད་ལ་སེམས་ཁྲལ་ཡོད་ན།","KT":"ཁྱེད་ལ་སེམས་ཁྲལ་ཡོད་ན། ","CT":"ྱེད་ལ་སེམས་ཁྲལ་ཡོད་ན།"}}],[{"phrase":{"AT":"སེམས་ཁྲལ་ཡེ་ཤུ་ལ་ཞུས་ཤིག","KT":"སེམས་ཁྲལ་ཡེ་ཤུ་ལ་ཞུས་ཤིག ","CT":"སེམས་ཁྲལ་ཡེ་ཤུ་ལ་ཕུལ་ཞིག།"}}],[{"phrase":{"AT":"ཁྱེད་ལ་སྡུག་བསྔལ་ཡོད་ན།","KT":"ཁྱེད་ལ་སྡུག་བསྔལ་ཡོད་ན། ","CT":"ཁྱེད་ལ་སྡུག་བསྔལ་ཡོད་ན།"}}],[{"phrase":{"AT":"སྡུག་བསྔལ་ཡེ་ཤུ་ལ་ཞུས་ཤིག ༢","KT":"སྡུག་བསྔལ་ཡེ་ཤུ་ལ་ཞུས་ཤིག ༢ ","CT":"སྡུག་བསྔལ་ཡེ་ཤུ་ལ་ཕུལ་ཞིག། ༢"}}]],"label":"verse 1","id":1},{"line":[[{"phrase":{"AT":"ྱེད་ལ་དགའ་སྤྲོ་ཡོད་ན། ༢","KT":"ཁྱེད་ལ་དགའ་སྤྲོ་ཡོད་ན། ༢ ","CT":"ྱེད་ལ་དགའ་སྤྲོ་ཡོད་ན། ༢"}}],[{"phrase":{"AT":"བསྟོད་དབྱངས་ཡེ་ཤུ་ལ་ཕུལ་ཞིག","KT":"བསྟོད་དབྱངས་ཡེ་ཤུ་ལ་ཕུལ་ཞིག ","CT":"བསྟོད་དབྱངས་ཡེ་ཤུ་ལ་ཕུལ་ཞིག།"}}]],"label":"verse 2","id":2}]},"metadata":[{"AT":"(འགྱུར་མེད་རིན་ཆེན་གྱིས་བརྩམས་པའི་བསྟོད་དབྱངས།)","KT":"(འགྱུར་མེད་རིན་ཆེན་གྱིས་བརྩམས་པའི་བསྟོད་དབྱངས།) ","CT":"(འགྱུར་མེད་རིན་ཆེན་གྱིས་བརྩམས་པའི་བསྟོད་དབྱངས།)"}]}