{"title":{"AT":"13.ཁྱེད་ནི་རྒུན་ཤིང་བདེན་པ།","KT":"13. ཁྱེད་ནི་རྒུན་ཤིང་བདེན་པ། ","CT":"13.ཁྱེད་ནི་རྒུན་ཤིང་བདེན་པ།"},"author":"*","key":"*","lyrics":{"Verse":[{"line":[[{"phrase":{"AT":"ཁྱེད་ནི་རྒུན་ཤིང་བདེན་པ།  ","KT":"ཁྱེད་ནི་རྒུན་ཤིང་བདེན་པ། ","CT":"ཁྱེད་ནི་རྒུན་ཤིང་བདེན་པ།  "}}],[{"phrase":{"AT":"ང་ཚོ་ནི་ཡལ་ག་ཡིན།","KT":"ང་ཚོ་ནི་ཡལ་ག་ཡིན། ","CT":"ང་ཚོ་ནི་ཡལ་ག་ཡིན།"}}],[{"phrase":{"AT":"ཁྱེད་དང་འབྲེལ་བར་གནས་པར་ཤོག ༢ ","KT":"ཁྱེད་དང་འབྲེལ་བར་གནས་པར་ཤོག ༢ ","CT":"ང་ཚོ་ཁྱེད་ནང་གནས་པར་ཤོག ༢ "}}],[{"phrase":{"AT":"ཁྱེད་ཀྱི་བྱམས་པའི་མཚན་ལ།","KT":"ཁྱེད་ཀྱི་བྱམས་པའི་མཚན་ལ། ","CT":"ཁྱེད་ཀྱི་བྱམས་པའི་མཚན་ལ།"}}],[{"phrase":{"AT":"ངེད་རྣམས་ཡར་འགྲོ་བའི་དུས།","KT":"ངེད་རྣམས་ཡར་འགྲོ་བའི་དུས། ","CT":"ངེད་ཡར་རྒྱས་ནས་འགྲོ་དུས།"}}],[{"phrase":{"AT":"ནད་སངས་པ་དང་ཐར་བའི་དབང་།","KT":"ནད་དྲག་པ་དང་ཐར་བའི་དབང་། ","CT":"དྲག་གསོ་བ་དང་ཐར་པའི་དབང་།"}}],[{"phrase":{"AT":"ཁྱེད་རང་གི་ཡིན་པ་ནི། འཇིག་རྟེན་པས་ཤེས་ཡོང་། ","KT":"ཁྱེད་རང་གི་ཡིན་པ་ནི། འཇིག་རྟེན་པས་ཤེས་ཡོང་། ","CT":"ཁྱེད་རང་གི་ཡིན་པ་ནི། འཇིག་རྟེན་པས་ཤེས་ཡོང་།། "}}]],"label":"verse 1","id":1}]},"metadata":[{"AT":"(You are the Vine ཞེས་པའི་དབྱིན་ཇིའི་བསྟོད་དབྱངས།) ","KT":"(You are the Vine ཞེས་པའི་དབྱིན་ཇིའི་བསྟོད་དབྱངས།)4 Danny Daniels & Randy Rigby, Copyright © 1982 Mercy/Vineyard Publishing, 2209 Chapelwood Drive, Franklin, TN37069, USA. Used by permission. 5 Graham Kendrick, Copyright © 1988 Make Way Music, PO Box 263, Croydon, Surrey CR9 5AP, UK. Used by permission. ","CT":"(You are the Vine ཞེས་པའི་དབྱིན་ཇིའི་བསྟོད་དབྱངས།) "}]}