{"title":{"AT":"130.གང་ཡང་། གང་ཡང་།","KT":"130. གང་ཡང་། གང་ཡང་། ","CT":"130.གང་ཡང་། གང་ཡང་།"},"author":"*","key":"*","lyrics":{"Verse":[{"line":[[{"phrase":{"AT":"གང་ཡང་། གང་ཡང་། གང་ཡང་། ","KT":"གང་ཡང་། གང་ཡང་། གང་ཡང་། ","CT":"གང་ཡང་། གང་ཡང་། གང་ཡང་། "}}],[{"phrase":{"AT":"ཡ་ཧོ་ཝཱ་ལ་ཁག་པོ་གང་ཡང་མེད།","KT":"ཡ་ཧོ་ཝ་ལ་ཁག་པོ་གང་ཡང་མེད། ","CT":"ཡ་ཧོ་ཝཱ་ལ་ཁག་པོ་གང་ཡང་མེད།"}}],[{"phrase":{"AT":"གང་ཡང་། གང་ཡང་། གང་ཡང་། ","KT":"གང་ཡང་། གང་ཡང་། གང་ཡང་། ","CT":"གང་ཡང་། གང་ཡང་། གང་ཡང་། "}}],[{"phrase":{"AT":"ཡ་ཧོ་ཝཱ་ལ་ཁག་པོ་གང་ཡང་མེད།","KT":"ཡ་ཧོ་ཝ་ལ་ཁག་པོ་གང་ཡང་མེད། ","CT":"ཡ་ཧོ་ཝཱ་ལ་ཁག་པོ་གང་ཡང་མེད།"}}],[{"phrase":{"AT":"ང་ཡིས་རི་བོ་ཕྱོགས་སུ་མིག་ཟུང་གཏོད།","KT":"ང་ཡིས་རི་བོ་ཕྱོགས་སུ་མིག་ཟུང་གཏོད། ","CT":"རི་བོ་ལ་ང་ཡི་མིག་ཡར་འདེགས།"}}],[{"phrase":{"AT":"ང་ཡི་རོགས་རམ་གང་ནས་ཐོབ་པ་ཡིན།","KT":"ང་ཡི་རོགས་རམ་གང་ནས་ཐོབ་པ་ཡིན། ","CT":"ངའི་རོགས་པ་ག་པར་ནས་ཡོང་གི་ཡོད།"}}],[{"phrase":{"AT":"ནམ་མཁའ་དང་ས་གཞི་འགོད་མཁན།","KT":"ནམ་མཁའ་དང་ས་གཞི་འགོད་མཁན། ","CT":"ནམ་མཁའ་དང་ས་གཞི་བཀོད་པའི།"}}],[{"phrase":{"AT":"ཡ་ཧོ་ཝཱ་ནས་ཡོང་བཞིན་ཡོད།","KT":"ཡ་ཧོ་ཝ་ནས་ཡོང་བཞིན་ཡོད། ","CT":"ཡ་ཧོ་ཝཱ་ནས་ཡོང་གི་ཡོད།"}}],[{"phrase":{"AT":"གླག་བཞིན་དུ་བདག་གིས་གནམ་འཕང་སྐྱོད་རྒྱུ་ཡིན།","KT":"གོ་བོ་འདྲ་པོ་ང་ཤུགས་ཆེན་པོར་འཕུར་གྱི་ཡིན། ","CT":"གོ་བོ་འདྲ་པོ་ང་ཤུགས་ཆེན་པོ་འཕུར་གྱི་ཡིན།"}}],[{"phrase":{"AT":"གླག་བཞིན་དུ་ལངས་ནས་མཐོ་སར་བགྲོད།","KT":"གོ་བོ་འདྲ་པོ་ལངས་ནས་མཐོ་སར་འགྲོ། ","CT":"གོ་བོ་འདྲ་པོ་མཐོ་པོར་ཡར་ལང་གི་ཡིན།"}}],[{"phrase":{"AT":"ཡ་ཧོ་ཝཱ་ནི་དབང་ཤུགས་ཆེ་ཤོས།","KT":"ཡ་ཧོ་ཝ་ནི་དབང་ཤུགས་ཆེ་ཤོས། ","CT":"ཡ་ཧོ་ཝཱ་ནི་དབང་ཤུགས་ཆེ་ཤོས།"}}],[{"phrase":{"AT":"ཡ་ཧོ་ཝཱ་ལ་ཁག་པོ་གང་ཡང་མེད།","KT":"undefinedཡ་ཧོ་ཝ་ལ་ཁག་པོ་གང་ཡང་མེད། ","CT":"ཡ་ཧོ་ཝཱ་ལ་ཁག་པོ་གང་ཡང་མེད།"}}],[{"phrase":{"AT":"ཁག་པོ་གང་ཡང་མེད། ༢","KT":"ཁག་པོ་གང་ཡང་མེད། ༢ ","CT":"ཁག་པོ་གང་ཡང་མེད།། ༢"}}]],"label":"verse 1","id":1}]},"metadata":[{"AT":"(འཇིགས་མེད་ཀྱིས་བརྩམས་པའི་བསྟོད་དབྱངས།) PNJ 3","KT":"(འཇིགས་མེད་ཀྱིས་བརྩམས་པའི་བསྟོད་དབྱངས།) PNJ 3 ","CT":"(འཇིགས་མེད་ཀྱིས་བརྩམས་པའི་བསྟོད་དབྱངས།) PNJ 3"}]}