{"title":{"AT":"131.གངས་རིའི་རྩེ་མོའི་ཡུལ་དུ། ","KT":"131. གངས་རིའི་རྩེ་མོའི་ཡུལ་དུ། ","CT":"131.གངས་རིའི་རྩེ་མོའི་ཡུལ་དུ། "},"author":"*","key":"*","lyrics":{"Verse":[{"line":[[{"phrase":{"AT":"གངས་རིའི་རྩེ་མོའི་ཡུལ་དུ།","KT":"གངས་རིའི་རྩེ་མོའི་ཡུལ་དུ། ","CT":"གངས་རིའི་རྩེ་མོའི་ཡུལ་དུ།"}}],[{"phrase":{"AT":"མཛའ་གཉེན་ཡེ་ཤུ་དྲན་སོང་།","KT":"མཛའ་གཉེན་ཡེ་ཤུ་དྲན་སོང་། ","CT":"མཛའ་གཉེན་ཡེ་ཤུ་དྲན་སོང་།"}}],[{"phrase":{"AT":"སེམས་ལ་ཡེ་ཤུ་དྲན་དུས།","KT":"སེམས་ལ་ཡེ་ཤུ་དྲན་དུས། ","CT":"སེམས་ལ་ཡེ་ཤུ་དྲན་དུས།"}}],[{"phrase":{"AT":"ང་ཡི་ཡིད་སེམས་ཚིམ་སོང་།","KT":"ང་ཡི་ཡིད་སེམས་ཚིམ་སོང་། ","CT":"ང་ཡི་ཡིད་སེམས་ཚིམ་སོང་།"}}],[{"phrase":{"AT":"སེམས་ཀྱི་བྱམས་པ་ཡེ་ཤུས།","KT":"སེམས་ཀྱི་བྱམས་པ་ཡེ་ཤུས། ","CT":"སེམས་ལ་བྱམས་པ་ཡེ་ཤུས།"}}],[{"phrase":{"AT":"ང་ཡི་ཡིད་སེམས་འཕྲོག་སོང་།","KT":"ང་ཡི་ཡིད་སེམས་འཕྲོག་སོང་། ","CT":"ང་ཡི་ཡིད་སེམས་འཕྲོག་སོང་།"}}],[{"phrase":{"AT":"ཁྱེད་རང་ཁོ་ན་ལས་གཞན།","KT":"ཁྱེད་རང་ཁོ་ན་ལས་གཞན། ","CT":"ཁྱེད་རང་ཁོ་ན་ལས་གཞན།"}}],[{"phrase":{"AT":"ང་ལ་དུང་ས་མི་འདུག","KT":"ང་ལ་གཅེས་ས་མི་འདུག ","CT":"ང་ལ་གཅེས་ས་མི་འདུག"}}],[{"phrase":{"AT":"ཁྱེད་རང་ཁོ་ན་ལས་གཞན།","KT":"ཁྱེད་རང་ཁོ་ན་ལས་གཞན། ","CT":"ཁྱེད་རང་ཁོ་ན་ལས་གཞན།"}}],[{"phrase":{"AT":"ལ་ནི་ང་ལ་དུང་ས་དུང་ས་མི་འདུག","KT":"ལ་ནི་ང་ལ་གཅེས་ས་གཅེས་ས་མི་འདུག ","CT":"ལ་ནི་ང་ལ་གཅེས་ས་གཅེས་ས་མི་འདུག"}}],[{"phrase":{"AT":"ང་ཡི་སྐྱབས་མགོན་ཡེ་ཤུ་ནི།","KT":"ང་ཡི་སྐྱབས་མགོན་ཡེ་ཤུ་ནི། ","CT":"ང་ཡི་སྐྱབས་མགོན་ཡེ་ཤུ་ནི།"}}],[{"phrase":{"AT":"ངའི་ཡིད་དབང་འཕྲོག་པའི་བྱམས་པ་ཡིན།","KT":"ངའི་ཡིད་དབང་འཕྲོག་པའི་བྱམས་པ་ཡིན། ","CT":"ངའི་ཡིད་དབང་འཕྲོག་མཁན་བྱམས་པ་ཡིན།"}}],[{"phrase":{"AT":"ང་ཡི་སྐྱབས་མགོན་ཡེ་ཤུ་ནི།","KT":"ང་ཡི་སྐྱབས་མགོན་ཡེ་ཤུ་ནི། ","CT":"ང་ཡི་སྐྱབས་མགོན་ཡེ་ཤུ་ནི།"}}],[{"phrase":{"AT":"ངའི་ཡིད་དབང་འཕྲོག་པའི་བྱམས་པ་ཡིན། (བྱམས་པ་ཡིན།)","KT":"ངའི་ཡིད་དབང་འཕྲོག་པའི་བྱམས་པ་ཡིན། (བྱམས་པ་ཡིན།) ","CT":"ངའི་ཡིད་དབང་འཕྲོག་པའི་བྱམས་པ་ཡིན།། (བྱམས་པ་ཡིན།)"}}]],"label":"verse 1","id":1}]},"metadata":[{"AT":"(སེམས་ཀྱི་བྱམས་པ་དྲན་སོང་།)","KT":"undefined(སེམས་ཀྱི་བྱམས་པ་དྲན་སོང་།) ","CT":"(སེམས་ཀྱི་བྱམས་པ་དྲན་སོང་།)"},{"AT":"(ཨ་མདོའི་བསྟོད་དབྱངས།) AT08 152; KT06 162","KT":"(ཨ་མདོའི་བསྟོད་དབྱངས།) AT08 152; KT06 162 ","CT":"(ཨ་མདོའི་བསྟོད་དབྱངས།) AT08 152; KT06 162"}]}