{"title":{"AT":"132.གལ་ཏེ་བདག་གི་མི་ཡིས་ཁེངས་སྐྱུང་སྒོ་ནས། ","KT":"undefined132. གལ་ཏེ་བདག་གི་མི་ཡིས་ཁེངས་སྐྱུང་སྒོ་ནས། ","CT":"132.གལ་ཏེ་བདག་གི་མི་ཡིས་ཁེངས་སྐྱུང་སྒོ་ནས། "},"author":"*","key":"*","lyrics":{"Verse":[{"line":[[{"phrase":{"AT":"གལ་ཏེ་བདག་གི་མི་ཡིས་ཁེངས་སྐྱུང་སྒོ་ནས།","KT":"གལ་ཏེ་བདག་གི་མི་ཡིས་ཁེངས་སྐྱུང་སྒོ་ནས། ","CT":"གལ་ཏེ་བདག་གི་མི་ཡིས་ཁེངས་སྐྱུང་སྒོ་ནས།"}}],[{"phrase":{"AT":"ཁེངས་སྐྱུང་གིས་སྨོན་ལམ་ཞུས་ན།","KT":"ཁེངས་སྐྱུང་གིས་སྨོན་ལམ་ཞུས་ན། ","CT":"ཁེངས་སྐྱུང་གིས་སྨོན་ལམ་ཞུས་ན།"}}],[{"phrase":{"AT":"ཁེངས་སྐྱུང་སྒོ་ནས་ང་རང་བཙལ་ཞིང་།","KT":"ཁེངས་སྐྱུང་སྒོ་ནས་ང་རང་བཙལ་ཞིང་། ","CT":"ཁེངས་སྐྱུང་སྒོ་ནས་ང་རང་བཙལ་ཞིང་།"}}],[{"phrase":{"AT":"ངན་པའི་ལས་རྣམས་སྤངས་ན།","KT":"ངན་པའི་ལས་རྣམས་སྤངས་ན། ","CT":"ངན་པའི་ལས་རྣམས་སྤངས་ན།"}}],[{"phrase":{"AT":"བདག་གིས་སྨོན་ལམ་ཐོས་ཤིང་ཁོ་ཚོར་གུ་ཡངས་གནང་།","KT":"བདག་གིས་སྨོན་ལམ་ཐོས་ཤིང་ཁོ་ཚོར་གུ་ཡངས་གནང་། ","CT":"བདག་གིས་སྨོན་ལམ་ཐོས་ཤིང་ཁོ་ཚོར་གུ་ཡངས་གནང་།"}}],[{"phrase":{"AT":"བདག་གིས་སྨོན་ལམ་ཐོས་ཤིང་།","KT":"བདག་གིས་སྨོན་ལམ་ཐོས་ཤིང་། ","CT":"བདག་གིས་སྨོན་ལམ་ཐོས་ཤིང་།"}}],[{"phrase":{"AT":"ཁོ་ཚོའི་ཡུལ་གྲུ་དྲག་པར་མཛད།","KT":"ཁོ་ཚོའི་ཡུལ་གྲུ་དྲག་པར་མཛད། ","CT":"ཁོ་ཚོའི་ཡུལ་གྲུ་དྲག་པར་མཛད།"}}],[{"phrase":{"AT":"གཙོ་བོ་དཀོན་མཆོག་ངའི་ཡུལ་དྲག་པར་མཛད་རོགས།","KT":"གཙོ་བོ་དཀོན་མཆོག་ངའི་ཡུལ་དྲག་པར་མཛད་རོགས། ","CT":"གཙོ་བོ་དཀོན་མཆོག་ངའི་ཡུལ་དྲག་པར་མཛད་རོགས།"}}],[{"phrase":{"AT":"གཙོ་བོ་ལགས། ","KT":"གཙོ་བོ་ལགས། ","CT":"གཙོ་བོ་ལགས། "}}],[{"phrase":{"AT":"ང་ཚོའི་རྒྱལ་ཁབ་ཁྱེད་ཕྱོགས་བསྒྱུར་བར་མཛོད།","KT":"ང་ཚོའི་རྒྱལ་ཁབ་ཁྱེད་ཕྱོགས་བསྒྱུར་བར་མཛོད། ","CT":"ང་ཚོའི་རྒྱལ་ཁབ་ཁྱེད་ཕྱོགས་བསྒྱུར་བར་མཛོད།"}}],[{"phrase":{"AT":"ང་ཚོ་དྲག་པར་མཛད་རོགས། ང་ཚོར་གུ་ཡངས་གནང་ནས།","KT":"ང་ཚོ་དྲག་པར་མཛད་རོགས། ང་ཚོར་གུ་ཡངས་གནང་ནས། ","CT":"ང་ཚོ་དྲག་པར་མཛད་རོགས། ང་ཚོར་གུ་ཡངས་གནང་ནས།"}}],[{"phrase":{"AT":"ཡུལ་གྲུ་འདི་དྲག་པར་མཛད་རོགས།","KT":"ཡུལ་གྲུ་འདི་དྲག་པར་མཛད་རོགས། ","CT":"ཡུལ་གྲུ་འདི་དྲག་པར་མཛད་རོགས།"}}],[{"phrase":{"AT":"པུས་མོ་སར་བཙུགས་ནས་གཙོ་བོ་ཁྱེད་ཉིད་འཚོལ་ཞིང་།","KT":"པུས་མོ་སར་བཙུགས་ནས་གཙོ་བོ་ཁྱེད་ཉིད་འཚོལ་ཞིང་། ","CT":"པུས་མོ་སར་བཙུགས་ནས་གཙོ་བོ་ཁྱེད་ཉིད་འཚོལ་ཞིང་།"}}],[{"phrase":{"AT":"ཁེངས་སྐྱུང་གིས་སྨོན་ལམ་ཞུས་ན།","KT":"ཁེངས་སྐྱུང་གིས་སྨོན་ལམ་ཞུས་ན། ","CT":"ཁེངས་སྐྱུང་གིས་སྨོན་ལམ་ཞུས་ན།"}}],[{"phrase":{"AT":"ཁྱེད་ཀྱི་ཞལ་ངོ་འཚོལ་ཞིང་ངན་པའི་ལས་རྣམས་སྤངས་ན།","KT":"ཁྱེད་ཀྱི་ཞལ་ངོ་འཚོལ་ཞིང་ངན་པའི་ལས་རྣམས་སྤངས་ན། ","CT":"ཁྱེད་ཀྱི་ཞལ་ངོ་འཚོལ་ཞིང་ངན་པའི་ལས་རྣམས་སྤངས་ན།"}}],[{"phrase":{"AT":"ཁྱེད་ཀྱིས་སྙིང་རྗེ་ཆེན་པོས་ང་ཚོར་གུ་ཡངས་གནང་རོགས།","KT":"ཁྱེད་ཀྱིས་སྙིང་རྗེ་ཆེན་པོས་ང་ཚོར་གུ་ཡངས་གནང་རོགས། ","CT":"ཁྱེད་ཀྱིས་སྙིང་རྗེ་ཆེན་པོས་ང་ཚོར་གུ་ཡངས་གནང་རོགས།"}}],[{"phrase":{"AT":"ཁྱེད་ཀྱིས་སྙིང་རྗེ་ཆེན་པོས། ","KT":"ཁྱེད་ཀྱིས་སྙིང་རྗེ་ཆེན་པོས། ","CT":"ཁྱེད་ཀྱིས་སྙིང་རྗེ་ཆེན་པོས། "}}],[{"phrase":{"AT":"ང་ཚོའི་ཡུལ་གྲུ་དྲག་པར་མཛད་རོགས།","KT":"ང་ཚོའི་ཡུལ་གྲུ་དྲག་པར་མཛད་རོགས། ","CT":"ང་ཚོའི་ཡུལ་གྲུ་དྲག་པར་མཛད་རོགས།།"}}]],"label":"verse 1","id":1}]},"metadata":[{"AT":"(ང་ཚོའི་ཡུལ་གྲུ་དྲག་པར་མཛད་རོགས།)","KT":"undefined(ང་ཚོའི་ཡུལ་གྲུ་དྲག་པར་མཛད་རོགས།) ","CT":"(ང་ཚོའི་ཡུལ་གྲུ་དྲག་པར་མཛད་རོགས།)"},{"AT":"(དབྱིན་ཇིའི་བསྟོད་དབྱངས།) AT08 114; KT06 116","KT":"(དབྱིན་ཇིའི་བསྟོད་དབྱངས།) AT08 114; KT06 116 ","CT":"(དབྱིན་ཇིའི་བསྟོད་དབྱངས།) AT08 114; KT06 116"}]}