{"title":{"AT":"133.དགའ་སྤྲོ་ངང་ནས་སྐྱིད་གླུ་གཙོ་བོ་ཡེ་ཤུ་ལ། ","KT":"undefined133. དགའ་སྤྲོ་ངང་ནས་སྐྱིད་གླུ་གཙོ་བོ་ཡེ་ཤུ་ལ། ","CT":"133.དགའ་སྤྲོ་བྱས་ནས་སྐྱིད་གླུ་གཙོ་བོ་ཡེ་ཤུ་ལ། "},"author":"*","key":"*","lyrics":{"Verse":[{"line":[[{"phrase":{"AT":"དགའ་སྤྲོ་ངང་ནས་གཙོ་བོ་ཡེ་ཤུ་ལ་སྐྱིད་གླུ་ལེན། ","KT":"དགའ་སྤྲོ་ངང་ནས་གཙོ་བོ་ཡེ་ཤུ་ལ་སྐྱིད་གླུ་ལེན། ","CT":"དགའ་སྤྲོ་ངང་ནས་གཙོ་བོ་ཡེ་ཤུ་ལ་སྐྱིད་གླུ་ལེན། "}}],[{"phrase":{"AT":"དགའ་སྤྲོ་ངང་ནས་གཙོ་བོ་ཡེ་ཤུ་ལ་སྐྱིད་གླུ་ལེན།","KT":"དགའ་སྤྲོ་ངང་ནས་གཙོ་བོ་ཡེ་ཤུ་ལ་སྐྱིད་གླུ་ལེན། ","CT":"དགའ་སྤྲོ་ངང་ནས་གཙོ་བོ་ཡེ་ཤུ་ལ་སྐྱིད་གླུ་ལེན།"}}],[{"phrase":{"AT":"མི་རིགས་ཐམས་ཅད་འདི་རུ་འཛོམས་ནས།","KT":"མི་རིགས་ཐམས་ཅད་འདི་རུ་འཛོམས་ནས། ","CT":"མི་རིགས་ཐམས་ཅད་འདི་རུ་འཛོམས་ནས།"}}],[{"phrase":{"AT":"ང་ཚོའི་སྐྱབས་མགོན་གཙོ་བོ་ཡེ་ཤུ་ལ།","KT":"ང་ཚོའི་སྐྱབས་མགོན་གཙོ་བོ་ཡེ་ཤུ་ལ། ","CT":"ང་ཚོའི་སྐྱབས་མགོན་གཙོ་བོ་ཡེ་ཤུ་ལ།"}}],[{"phrase":{"AT":"སོའོ། ཞབས་བྲོ་འཁྲབ།","KT":"སོའོ། ཞབས་བྲོ་འཁྲབ། ","CT":"སོའོ། ཞབས་བྲོ་བརྒྱབ།"}}],[{"phrase":{"AT":"ཧ་ལེ་ལོའུ་ཡ།","KT":"ཧ་ལེ་ལོའུ་ཡ། ","CT":"ཧཱ་ལེ་ལུ་ཡ།"}}],[{"phrase":{"AT":"ཧ་ལེ་ལོའུ་ཡ། གཙོ་བོ་ཡེ་ཤུ་འཁྲུངས་སོང༌།","KT":"ཧ་ལེ་ལོའུ་ཡ། གཙོ་བོ་ཡེ་ཤུ་འཁྲུངས་སོང༌། ","CT":"ཧཱ་ལེ་ལུ་ཡ། གཙོ་བོ་ཡེ་ཤུ་འཁྲུངས་སོང༌།"}}],[{"phrase":{"AT":"ཧ་ལེ་ལོའུ་ཡ། གཙོ་བོ་ཡེ་ཤུ་འཁྲུངས་སོང༌།","KT":"ཧ་ལེ་ལོའུ་ཡ། གཙོ་བོ་ཡེ་ཤུ་འཁྲུངས་སོང༌། ","CT":"ཧཱ་ལེ་ལུ་ཡ། གཙོ་བོ་ཡེ་ཤུ་འཁྲུངས་སོང༌།།"}}]],"label":"verse 1","id":1}]},"metadata":[{"AT":"(འཇིགས་མེད་ཀྱིས་བརྩམས་པའི་བསྟོད་དབྱངས།) PNJ 55","KT":"undefined(འཇིགས་མེད་ཀྱིས་བརྩམས་པའི་བསྟོད་དབྱངས།) PNJ 55 ","CT":"(འཇིགས་མེད་ཀྱིས་བརྩམས་པའི་བསྟོད་དབྱངས།) PNJ 55"}]}