{"title":{"AT":"134.དགའ་བ་ལ་གཙོ་བོ་ཁྱེད་ཀྱི་འཕྲིན་བཟང་ཐོས། ","KT":"134. དགའ་བ་ལ་གཙོ་བོ་ཁྱེད་ཀྱི་འཕྲིན་བཟང་ཐོས། ","CT":"134.དགའ་བ་ལ་གཙོ་བོ་ཁྱེད་ཀྱི་འཕྲིན་བཟང་ཐོས། "},"author":"*","key":"*","lyrics":{"Verse":[{"line":[[{"phrase":{"AT":"དགའ་བ་ལ། གཙོ་བོ་ཁྱེད་ཀྱི་འཕྲིན་བཟང་ཐོས།","KT":"དགའ་བ་ལ། གཙོ་བོ་ཁྱེད་ཀྱི་འཕྲིན་བཟང་ཐོས། ","CT":"དགའ་བ་ལ། གཙོ་བོ་ཁྱེད་ཀྱི་འཕྲིན་བཟང་ཐོས།"}}],[{"phrase":{"AT":"སྐྱིད་པ་ལ། བསྟོད་དབྱངས་གཙོ་བོ་ཁྱེད་ལ་འབུལ།","KT":"སྐྱིད་པ་ལ། བསྟོད་དབྱངས་གཙོ་བོ་ཁྱེད་ལ་འབུལ། ","CT":"སྐྱིད་པ་ལ། བསྟོད་དབྱངས་གཙོ་བོ་ཁྱེད་ལ་ཕུལ།"}}],[{"phrase":{"AT":"མི་དམངས་འདི་ཐམས་ཅད།","KT":" མི་དམངས་འདི་ཐམས་ཅད། ","CT":"མི་དམངས་འདི་ཐམས་ཅད།"}}],[{"phrase":{"AT":"ཁྱེད་ལ་དད་པ་བྱས་ཆོག","KT":"ཁྱེད་ལ་དད་པ་བྱེད་ཆོག ","CT":"ཁྱེད་ལ་དད་པ་ཞུ་ཆོག"}}],[{"phrase":{"AT":"མདང་དགོང་རྨི་ལམ་ནང་དུ།","KT":"མདང་དགོང་རྨི་ལམ་ནང་དུ། ","CT":"མདང་དགོངས་ཉལ་བའི་རྨིད་ལམ།"}}],[{"phrase":{"AT":"སྐྱབས་མགོན་ཡེ་ཤུ་མཇལ་བྱུང་།","KT":"སྐྱབས་མགོན་ཡེ་ཤུ་མཇལ་བྱུང་། ","CT":"སྐྱབས་མགོན་ཡེ་ཤུ་མཇལ་བྱུང་།"}}],[{"phrase":{"AT":"undefinedགཙོ་བོ་ཁྱེད་ཀྱིས་གནང་བའི་དམ་པའི་གསུང་རབ།","KT":"undefinedགཙོ་བོ་ཁྱེད་ཀྱིས་གནང་བའི་དམ་པའི་གསུང་རབ། ","CT":"undefinedགཙོ་བོ་ཁྱེད་ཀྱིས་གནང་བའི་དམ་པའི་གསུང་རབ།"}}],[{"phrase":{"AT":"ཀློག་བཞིན་ཡོད།","KT":"ཀློག་བཞིན་ཡོད། ","CT":"ཀློག་བཞིན་ཡོད།"}}],[{"phrase":{"AT":"གཙོ་བོ་དྲན་པའི་སྐབས་སུ་ཁྱེད་ལ་བསྟོད་དབྱངས་འབུལ་ཆོག","KT":"གཙོ་བོ་དྲན་པའི་སྐབས་སུ་ཁྱེད་ལ་བསྟོད་དབྱངས་འབུལ་ཆོག ","CT":"གཙོ་བོ་དྲན་པའི་སྐབས་སུ་ཁྱེད་ལ་བསྟོད་དབྱངས་ཕུལ་ཆོག"}}],[{"phrase":{"AT":"དགའ་བ་ལ། གཙོ་བོ་ཁྱེད་ཀྱི་འཕྲིན་བཟང་ཐོས།","KT":"དགའ་བ་ལ། གཙོ་བོ་ཁྱེད་ཀྱི་འཕྲིན་བཟང་ཐོས། ","CT":"དགའ་བ་ལ། གཙོ་བོ་ཁྱེད་ཀྱི་འཕྲིན་བཟང་ཐོས།"}}],[{"phrase":{"AT":"སྐྱིད་པ་ལ། བསྟོད་དབྱངས་གཙོ་བོ་ཁྱེད་ལ་འབུལ།","KT":"སྐྱིད་པ་ལ། བསྟོད་དབྱངས་གཙོ་བོ་ཁྱེད་ལ་འབུལ། ","CT":"སྐྱིད་པ་ལ། བསྟོད་དབྱངས་གཙོ་བོ་ཁྱེད་ལ་ཕུལ།"}}]],"label":"verse 1","id":1},{"line":[[{"phrase":{"AT":"ང་ཡི་ལུས་ལ་ནད་ཡོད། ཁྱེད་ཀྱིས་དྲག་གསོ་གནང་བྱུང་།","KT":" ང་ཡི་ལུས་ལ་ནད་ཡོད། ཁྱེད་ཀྱིས་དྲག་གསོ་གནང་བྱུང་། ","CT":"ང་ཡི་ལུས་ལ་ནད་ཡོད། ཁྱེད་ཀྱིས་དྲག་བཟོ་གནང་བྱུང་།"}}],[{"phrase":{"AT":"ཁྱེད་ལ་སྨོན་ལམ་ཞུས་ནས་ལྷད་མེད་དད་པ་བསྐྱེད་བྱུང་།","KT":"ཁྱེད་ལ་སྨོན་ལམ་ཞུས་ནས་ལྷད་མེད་དད་པ་བསྐྱེད་བྱུང་། ","CT":"ཁྱེད་ལ་སྨོན་ལམ་ཞུས་ནས་ལྷད་མེད་དད་པ་བསྐྱེད་བྱུང་།"}}],[{"phrase":{"AT":"སེམས་ལ་འགྱུར་བ་མེད་པས་རྒྱུན་དུ་ཁྱེད་ལ་སྨོན་ལམ།","KT":"སེམས་ལ་འགྱུར་བ་མེད་པས་རྒྱུན་དུ་ཁྱེད་ལ་སྨོན་ལམ། ","CT":"སེམས་ལ་འགྱུར་བ་མེད་པས་རྒྱུན་དུ་ཁྱེད་ལ་སྨོན་ལམ།"}}],[{"phrase":{"AT":"ང་ཡི་བརྩེ་བའི་སྐྱབས་མགོན་ཁྱེད་ལ་སྨོན་ལམ་ཞུ་ཆོག","KT":"ང་ཡི་བརྩེ་བའི་སྐྱབས་མགོན་ཁྱེད་ལ་སྨོན་ལམ་ཞུ་ཆོག ","CT":"ང་ཡི་བརྩེ་བའི་སྐྱབས་མགོན་ཁྱེད་ལ་སྨོན་ལམ་ཞུ་ཆོག"}}],[{"phrase":{"AT":"དགའ་བ་ལ། གཙོ་བོ་ཁྱེད་ཀྱི་འཕྲིན་བཟང་ཐོས།","KT":"དགའ་བ་ལ། གཙོ་བོ་ཁྱེད་ཀྱི་འཕྲིན་བཟང་ཐོས། ","CT":"དགའ་བ་ལ། གཙོ་བོ་ཁྱེད་ཀྱི་འཕྲིན་བཟང་ཐོས།"}}],[{"phrase":{"AT":"སྐྱིད་པ་ལ། བསྟོད་དབྱངས་གཙོ་བོ་ཁྱེད་ལ་འབུལ།","KT":"སྐྱིད་པ་ལ། བསྟོད་དབྱངས་གཙོ་བོ་ཁྱེད་ལ་འབུལ། ","CT":"སྐྱིད་པ་ལ། བསྟོད་དབྱངས་གཙོ་བོ་ཁྱེད་ལ་ཕུལ།"}}]],"label":"verse 2","id":2},{"line":[[{"phrase":{"AT":"མི་དམངས་འདི་ཐམས་ཅད་ཁྱེད་ལ་དད་པ་བྱས་ཆོག","KT":" མི་དམངས་འདི་ཐམས་ཅད་ཁྱེད་ལ་དད་པ་བྱེད་ཆོག ","CT":"མི་དམངས་འདི་ཐམས་ཅད་ཁྱེད་ལ་དད་པ་ཞུ་ཆོག"}}],[{"phrase":{"AT":"མདང་དགོང་རྨི་ལམ་ནང་དུ།","KT":"མདང་དགོང་རྨི་ལམ་ནང་དུ། ","CT":"མདང་དགོངས་ཉལ་བའི་རྨིད་ལམ།"}}],[{"phrase":{"AT":"སྐྱབས་མགོན་ཡེ་ཤུ་མཇལ་བྱུང་།","KT":"སྐྱབས་མགོན་ཡེ་ཤུ་མཇལ་བྱུང་། ","CT":"སྐྱབས་མགོན་ཡེ་ཤུ་མཇལ་བྱུང་།"}}],[{"phrase":{"AT":"གཙོ་བོ་ཁྱེད་ཀྱིས་གནང་བའི་དམ་པའི་གསུང་རབ།","KT":"གཙོ་བོ་ཁྱེད་ཀྱིས་གནང་བའི་དམ་པའི་གསུང་རབ། ","CT":"གཙོ་བོ་ཁྱེད་ཀྱིས་གནང་བའི་དམ་པའི་གསུང་རབ།"}}],[{"phrase":{"AT":"ཀློག་བཞིན་ཡོད།","KT":"ཀློག་བཞིན་ཡོད། ","CT":"ཀློག་བཞིན་ཡོད།"}}],[{"phrase":{"AT":"གཙོ་བོ་དྲན་པའི་སྐབས་སུ་ཁྱེད་ལ་བསྟོད་དབྱངས་འབུལ་ཆོག","KT":"གཙོ་བོ་དྲན་པའི་སྐབས་སུ་ཁྱེད་ལ་བསྟོད་དབྱངས་འབུལ་ཆོག ","CT":"གཙོ་བོ་དྲན་པའི་སྐབས་སུ་ཁྱེད་ལ་བསྟོད་དབྱངས་ཕུལ་ཆོག"}}],[{"phrase":{"AT":"དགའ་བ་ལ། གཙོ་བོ་ཁྱེད་ཀྱི་འཕྲིན་བཟང་ཐོས།","KT":"དགའ་བ་ལ། གཙོ་བོ་ཁྱེད་ཀྱི་འཕྲིན་བཟང་ཐོས། ","CT":"དགའ་བ་ལ། གཙོ་བོ་ཁྱེད་ཀྱི་འཕྲིན་བཟང་ཐོས།"}}],[{"phrase":{"AT":"སྐྱིད་པ་ལ། བསྟོད་དབྱངས་གཙོ་བོ་ཁྱེད་ལ་འབུལ།","KT":"སྐྱིད་པ་ལ། བསྟོད་དབྱངས་གཙོ་བོ་ཁྱེད་ལ་འབུལ། ","CT":"སྐྱིད་པ་ལ། བསྟོད་དབྱངས་གཙོ་བོ་ཁྱེད་ལ་ཕུལ།།"}}]],"label":"verse 3","id":3}]},"metadata":[{"AT":"(གཙོ་བོ།)","KT":"undefined(གཙོ་བོ།) ","CT":"(གཙོ་བོ།)"},{"AT":"(ངག་དབང་སི་ལཱས་བརྩམས་པའི་བསྟོད་དབྱངས།) NS CD2:6","KT":"(ངག་དབང་སི་ལཱས་བརྩམས་པའི་བསྟོད་དབྱངས།) NS CD2:6 ","CT":"(ངག་དབང་སི་ལཱས་བརྩམས་པའི་བསྟོད་དབྱངས།) NS CD2:6"}]}