{"title":{"AT":"135.དགའ་བསུ་ཞུ་བཞིན་ཡོད།","KT":"undefined135. དགའ་བསུ་ཞུ་བཞིན་ཡོད། ","CT":"undefined135.དགའ་བསུ་ཞུ་གི་ཡོད།"},"author":"*","key":"*","lyrics":{"Verse":[{"line":[[{"phrase":{"AT":"དགའ་བསུ་ཞུ་བཞིན་ཡོད། དགའ་བསུ་ཞུ་བཞིན་ཡོད།","KT":" དགའ་བསུ་ཞུ་བཞིན་ཡོད། དགའ་བསུ་ཞུ་བཞིན་ཡོད། ","CT":"དགའ་བསུ་ཞུ་ཡི་ཡོད། དགའ་བསུ་ཞུ་ཡི་ཡོད།"}}],[{"phrase":{"AT":"གཙོ་བོ་ཡེ་ཤུའི་མཚན་བརྒྱུད་ནས་དགའ་བསུ་ཞུ་བཞིན་ཡོད།","KT":"གཙོ་བོ་ཡེ་ཤུའི་མཚན་བརྒྱུད་ནས་དགའ་བསུ་ཞུ་བཞིན་ཡོད། ","CT":"གཙོ་བོ་ཡེ་ཤུའི་མཚན་བརྒྱུད་ནས་དགའ་བསུ་ཞུ་ཡི་ཡོད།"}}]],"label":"verse 1","id":1},{"line":[[{"phrase":{"AT":"བྱིན་རླབས་ཡོང་བར་ཤོག  བྱིན་རླབས་ཡོང་བར་ཤོག ","KT":" བྱིན་རླབས་ཡོང་བར་ཤོག བྱིན་རླབས་ཡོང་བར་ཤོག ","CT":"བྱིན་རླབས་ཡོང་བར་ཤོག  བྱིན་རླབས་ཡོང་བར་ཤོག "}}],[{"phrase":{"AT":"གཙོ་བོ་ཡེ་ཤུའི་མཚན་བརྒྱུད་ནས་བྱིན་རླབས་ཡོང་བར་ཤོག ","KT":"གཙོ་བོ་ཡེ་ཤུའི་མཚན་བརྒྱུད་ནས་བྱིན་རླབས་ཡོང་བར་ཤོག ","CT":"གཙོ་བོ་ཡེ་ཤུའི་མཚན་བརྒྱུད་ནས་བྱིན་རླབས་ཡོང་བར་ཤོག །"}}]],"label":"verse 2","id":2}]},"metadata":[{"AT":"(We Welcome You ཞེས་པའི་ལྷོ་ཁྲའོ་ཤན་གྱི་བསྟོད་དབྱངས།) PNJ A11","KT":"undefined(We Welcome You ཞེས་པའི་ལྷོ་ཁྲའོ་ཤན་གྱི་བསྟོད་དབྱངས།) PNJ A11 ","CT":"(We Welcome You ཞེས་པའི་ལྷོ་ཁྲའོ་ཤན་གྱི་བསྟོད་དབྱངས།) PNJ A11"}]}