{"title":{"AT":"136.འགྲོ། འགྲོ། འགྲོ། གསུང་རབ་བཤད་དུ་འགྲོ།","KT":"136. འགྲོ། འགྲོ། འགྲོ། གསུང་རབ་བཤད་དུ་འགྲོ། ","CT":"136.འགྲོ། འགྲོ། འགྲོ། གསུང་རབ་བཤད་དུ་འགྲོ།"},"author":"*","key":"*","lyrics":{"Verse":[{"line":[[{"phrase":{"AT":"འགྲོ། འགྲོ། འགྲོ། གསུང་རབ་བཤད་དུ་འགྲོ། ༣ ","KT":" འགྲོ། འགྲོ། འགྲོ། གསུང་རབ་བཤད་དུ་འགྲོ། ༣ ","CT":"འགྲོ། འགྲོ། འགྲོ། གསུང་རབ་བཤད་དུ་འགྲོ། ༣ "}}],[{"phrase":{"AT":" ཕ་མ་སྤུན་ཟླ་ཚོ་ལ། གཙོ་བོ་ཡེ་ཤུ་སུ་རེད།","KT":"ཕ་མ་སྤུན་ཟླ་ཚོ་ལ། གཙོ་བོ་ཡེ་ཤུ་སུ་རེད། ","CT":" ཕ་མ་སྤུན་ཀྱག་ཚོ་ལ། གཅོ་བོ་ཡེ་ཤུ་སུ་རེད།"}}],[{"phrase":{"AT":"ལ་ནི་ཐར་བ་གནང་མཁན་སུ་རེད།  ཧ་གོ་བ་མ་རེད། ཧ་གོ་བ་མ་རེད།","KT":"ལ་ནི་ཐར་བ་གནང་མཁན་སུ་རེད། ཧ་གོ་བ་མ་རེད། ཧ་གོ་བ་མ་རེད། ","CT":"ལ་ནི་ཐར་པ་གནང་མཁན་སུ་རེད།  ཧ་གོ་གི་མ་རེད། ཧ་གོ་གི་མ་རེད།"}}]],"label":"verse 1","id":1},{"line":[[{"phrase":{"AT":"འགྲོ། འགྲོ། འགྲོ། གསུང་རབ་བཤད་དུ་འགྲོ། ༣","KT":" འགྲོ། འགྲོ། འགྲོ། གསུང་རབ་བཤད་དུ་འགྲོ། ༣ ","CT":"འགྲོ། འགྲོ། འགྲོ། གསུང་རབ་བཤད་དུ་འགྲོ། ༣"}}],[{"phrase":{"AT":" བདག་གི་ཁྱིམ་མཚེས་ཚོ་ལ། གཙོ་བོ་ཡེ་ཤུ་སུ་རེད།","KT":"བདག་གི་ཁྱིམ་མཚེས་ཚོ་ལ། གཙོ་བོ་ཡེ་ཤུ་སུ་རེད། ","CT":" བདག་གི་ཁྱིམ་མཚེས་ཚོ་ལ། གཅོ་བོ་ཡེ་ཤུ་སུ་རེད།"}}],[{"phrase":{"AT":" ལ་ནི་ཕྱི་མ་ལམ་དེ་སུ་རེད།  ཧ་གོ་བ་མ་རེད། ཧ་གོ་བ་མ་རེད།","KT":"ལ་ནི་ཕྱི་མ་ལམ་དེ་སུ་རེད། ཧ་གོ་བ་མ་རེད། ཧ་གོ་བ་མ་རེད། ","CT":" ལ་ནི་ཕྱི་མ་ལམ་དེ་སུ་རེད།  ཧ་གོ་གི་མ་རེད། ཧ་གོ་གི་མ་རེད།"}}]],"label":"verse 2","id":2},{"line":[[{"phrase":{"AT":"འགྲོ། འགྲོ། འགྲོ། གསུང་རབ་བཤད་དུ་འགྲོ། ༣","KT":" འགྲོ། འགྲོ། འགྲོ། གསུང་རབ་བཤད་དུ་འགྲོ། ༣ ","CT":"འགྲོ། འགྲོ། འགྲོ། གསུང་རབ་བཤད་དུ་འགྲོ། ༣"}}],[{"phrase":{"AT":" གྲོགས་པོ་གྲོགས་མོ་ཚོ་ལ། གཙོ་བོ་ཡེ་ཤུ་སུ་རེད།","KT":"གྲོགས་པོ་གྲོགས་མོ་ཚོ་ལ། གཙོ་བོ་ཡེ་ཤུ་སུ་རེད། ","CT":" གྲོགས་པོ་གྲོགས་མ་ཚོ་ལ། གཅོ་བོ་ཡེ་ཤུ་སུ་རེད།"}}],[{"phrase":{"AT":"ལ་ནི་སེམས་ཤུགས་གནང་མཁན་སུ་རེད། ","KT":"ལ་ནི་སེམས་ཤུགས་གནང་མཁན་སུ་རེད། ","CT":"ལ་ནི་སེམས་ཤུགས་གནང་མཁན་སུ་རེད། "}}],[{"phrase":{"AT":"ཧ་གོ་བ་མ་རེད།","KT":"ཧ་གོ་བ་མ་རེད། ","CT":"ཧ་གོ་གི་མ་རེད།"}}],[{"phrase":{"AT":"འགྲོ། འགྲོ། འགྲོ། གསུང་རབ་བཤད་དུ་འགྲོ། ༣","KT":"འགྲོ། འགྲོ། འགྲོ། གསུང་རབ་བཤད་དུ་འགྲོ། ༣ ","CT":"འགྲོ། འགྲོ། འགྲོ། གསུང་རབ་བཤད་དུ་འགྲོ། ༣"}}]],"label":"verse 3","id":3}]},"metadata":[{"AT":"(འགྱུར་མེད་རིན་ཆེན་གྱིས་བརྩམས་པའི་བསྟོད་དབྱངས།) JL CD3:6","KT":"undefined(འགྱུར་མེད་རིན་ཆེན་གྱིས་བརྩམས་པའི་བསྟོད་དབྱངས།) JL CD3:6 ","CT":"(འགྱུར་མེད་རིན་ཆེན་གྱིས་བརྩམས་པའི་བསྟོད་དབྱངས།) JL CD3:6"}]}