{"title":{"AT":"137.ང་ཅི་ལྟར་ཡོད་བཞིན་ཡོང་གི་ཡོད།","KT":"undefined137. ང་ཅི་ལྟར་ཡོད་བཞིན་ཡོང་གི་ཡོད། ","CT":"137.ང་ཅི་ལྟར་ཡོད་བཞིན་ཡོང་གི་ཡོད།"},"author":"*","key":"*","lyrics":{"Verse":[{"line":[[{"phrase":{"AT":"ང་ཅི་ལྟར་ཡོད་བཞིན་ཡོང་གི་ཡོད།","KT":"ང་ཅི་ལྟར་ཡོད་བཞིན་ཡོང་གི་ཡོད། ","CT":"ང་ཅི་ལྟར་ཡོད་བཞིན་ཡོང་གི་ཡོད།"}}],[{"phrase":{"AT":"ཁྱེད་ང་ཡི་དོན་ལ་གྲོངས་པ་ཡིན། ","KT":"ཁྱེད་ང་ཡི་དོན་ལ་གྲོངས་པ་ཡིན། ","CT":"ཁྱེད་ང་ཡི་དོན་ལ་གྲོངས་པ་ཡིན། "}}],[{"phrase":{"AT":"ཁྱེད་ཀྱིས་ང་རང་འབོད་ཀྱིན་འདུག","KT":"ཁྱེད་ཀྱིས་ང་རང་འབོད་ཀྱིན་འདུག ","CT":"ཁྱེད་ཀྱིས་ང་ལ་ཤོག་གསུང་གི་འདུག"}}],[{"phrase":{"AT":"(གཙོ་བོ་ཡེ་ཤུ་ང་ཡོང་གི་ཡོད།) གཙོ་བོ་ང་ཡོང་གི་ཡོད། ","KT":"(གཙོ་བོ་ཡེ་ཤུ་ང་ཡོང་གི་ཡོད།)གཙོ་བོ་ང་ཡོང་གི་ཡོད། ","CT":"(གཙོ་བོ་ཡེ་ཤུ་ང་ཡོང་གི་ཡོད།) གཙོ་བོ་ང་ཡོང་གི་ཡོད༎ "}}]],"label":"verse 1","id":1},{"line":[[{"phrase":{"AT":"ང་ཅི་ལྟར་ཡོད་བཞིན་ཡོང་གི་ཡོད།","KT":" ང་ཅི་ལྟར་ཡོད་བཞིན་ཡོང་གི་ཡོད། ","CT":"ང་ཅི་ལྟར་ཡོད་བཞིན་ཡོང་གི་ཡོད།"}}],[{"phrase":{"AT":"ངའི་སྡིག་པ་ཐམས་ཅད་བསལ་རོགས་གནང་།","KT":"ངའི་སྡིག་པ་ཐམས་ཅད་བསལ་རོགས་གནང་། ","CT":"ངའི་སྡིག་པ་ཐམས་ཅད་སེལ་རོགས་གནང་།"}}],[{"phrase":{"AT":"ཁྱེད་གྲོངས་ནས་ང་བླུས་པ་ཡིན་པས།","KT":"ཁྱེད་གྲོངས་ནས་ང་བླུས་པ་ཡིན་པས། ","CT":"ཁྱེད་གྲོངས་ནས་ང་བླུས་པ་ཡིན་པས།"}}],[{"phrase":{"AT":"(གཙོ་བོ་ཡེ་ཤུ་ང་ཡོང་གི་ཡོད།) གཙོ་བོ་ང་ཡོང་གི་ཡོད།","KT":"(གཙོ་བོ་ཡེ་ཤུ་ང་ཡོང་གི་ཡོད།)གཙོ་བོ་ང་ཡོང་གི་ཡོད། ","CT":"(གཙོ་བོ་ཡེ་ཤུ་ང་ཡོང་གི་ཡོད།) གཙོ་བོ་ང་ཡོང་གི་ཡོད༎"}}]],"label":"verse 2","id":2},{"line":[[{"phrase":{"AT":"ང་ཅི་ལྟར་ཡོད་བཞིན་ཡོང་གི་ཡོད།","KT":" ང་ཅི་ལྟར་ཡོད་བཞིན་ཡོང་གི་ཡོད། ","CT":"ང་ཅི་ལྟར་ཡོད་བཞིན་ཡོང་གི་ཡོད།"}}],[{"phrase":{"AT":"ངའི་ཐེ་ཚོམ་དང་སྡིག་པ་ཚང་མ།","KT":"ངའི་ཐེ་ཚོམ་དང་སྡིག་པ་ཚང་མ། ","CT":"ངའི་ཐེ་ཚོམ་དང་སྡིག་པ་ཚང་མ།"}}],[{"phrase":{"AT":"སྐྱིད་སྡུག་དང་འཇིགས་པ་ཀུན་ཁྱེར་ནས།","KT":"སྐྱིད་སྡུག་དང་འཇིགས་པ་ཀུན་ཁྱེར་ནས། ","CT":"སྐྱིད་སྡུག་དང་འཇིགས་པ་ཀུན་ཁྱེར་ནས།"}}],[{"phrase":{"AT":"(གཙོ་བོ་ཡེ་ཤུ་ང་ཡོང་གི་ཡོད།) གཙོ་བོ་ང་ཡོང་གི་ཡོད།","KT":"(གཙོ་བོ་ཡེ་ཤུ་ང་ཡོང་གི་ཡོད།)གཙོ་བོ་ང་ཡོང་གི་ཡོད། ","CT":"(གཙོ་བོ་ཡེ་ཤུ་ང་ཡོང་གི་ཡོད།) གཙོ་བོ་ང་ཡོང་གི་ཡོད༎"}}]],"label":"verse 3","id":3},{"line":[[{"phrase":{"AT":"ང་ཅི་ལྟར་ཡོད་བཞིན་ཡོང་གི་ཡོད།","KT":" ང་ཅི་ལྟར་ཡོད་བཞིན་ཡོང་གི་ཡོད། ","CT":"ང་ཅི་ལྟར་ཡོད་བཞིན་ཡོང་གི་ཡོད།"}}],[{"phrase":{"AT":"ང་དབུལ་པོ་ཉམ་ཆུང་ལོང་བ་ཡིན།","KT":"ང་དབུལ་པོ་ཉམ་ཆུང་ལོང་བ་ཡིན། ","CT":"ང་དབུལ་པོ་ཉམས་ཆུང་ལོང་བ་ཡིན།"}}],[{"phrase":{"AT":"ཁྱེད་ཀྱིས་ངའི་སྡིག་པ་བསལ་རོགས་གནང་།","KT":"ཁྱེད་ཀྱིས་ངའི་སྡིག་པ་བསལ་རོགས་གནང་། ","CT":"ཁྱེད་ཀྱིས་ངའི་སྡིག་པ་སེལ་རོགས་གནང་།"}}],[{"phrase":{"AT":"(གཙོ་བོ་ཡེ་ཤུ་ང་ཡོང་གི་ཡོད།) གཙོ་བོ་ང་ཡོང་གི་ཡོད།","KT":"(གཙོ་བོ་ཡེ་ཤུ་ང་ཡོང་གི་ཡོད།)གཙོ་བོ་ང་ཡོང་གི་ཡོད། ","CT":"(གཙོ་བོ་ཡེ་ཤུ་ང་ཡོང་གི་ཡོད།) གཙོ་བོ་ང་ཡོང་གི་ཡོད༎"}}]],"label":"verse 4","id":4},{"line":[[{"phrase":{"AT":"ང་ཅི་ལྟར་ཡོད་བཞིན་ཡོང་གི་ཡོད།","KT":"ndefined༥ ང་ཅི་ལྟར་ཡོད་བཞིན་ཡོང་གི་ཡོད། ","CT":"ང་ཅི་ལྟར་ཡོད་བཞིན་ཡོང་གི་ཡོད།"}}],[{"phrase":{"AT":"ཁྱེད་ཀྱིས་ངའི་སྡིག་པ་བསལ་བ་ཡིན།","KT":"ཁྱེད་ཀྱིས་ངའི་སྡིག་པ་བསལ་བ་ཡིན། ","CT":"ཁྱེད་ཀྱིས་ངའི་སྡིག་པ་བསལ་བ་ཡིན།"}}],[{"phrase":{"AT":"ཁྱེད་ཀྱི་བཀའ་ལ་དད་པ་བྱེད་ཅིང་།","KT":"ཁྱེད་ཀྱི་བཀའ་ལ་དད་པ་བྱེད་ཅིང་། ","CT":"ཁྱེད་ཀྱི་བཀའ་ལ་དད་པ་བྱེད་ཅིང་།"}}],[{"phrase":{"AT":"(གཙོ་བོ་ཡེ་ཤུ་ང་ཡོང་གི་ཡོད།) གཙོ་བོ་ང་ཡོང་གི་ཡོད།","KT":"(གཙོ་བོ་ཡེ་ཤུ་ང་ཡོང་གི་ཡོད།)གཙོ་བོ་ང་ཡོང་གི་ཡོད། ","CT":"(གཙོ་བོ་ཡེ་ཤུ་ང་ཡོང་གི་ཡོད།) གཙོ་བོ་ང་ཡོང་གི་ཡོད༎"}}]],"label":"verse 5","id":5},{"line":[[{"phrase":{"AT":"ང་ཅི་ལྟར་ཡོད་བཞིན་ཡོང་གི་ཡོད།","KT":" ང་ཅི་ལྟར་ཡོད་བཞིན་ཡོང་གི་ཡོད། ","CT":"ང་ཅི་ལྟར་ཡོད་བཞིན་ཡོང་གི་ཡོད།"}}],[{"phrase":{"AT":"ཁྱེད་ཀྱི་བྱམས་པས་ང་རང་ཐར་བར་མཛད།","KT":"ཁྱེད་ཀྱི་བྱམས་པས་ང་རང་ཐར་བར་མཛད། ","CT":"ཁྱེད་ཀྱི་བྱམས་པའི་དབང་ང་ཐར་ཡོད།"}}],[{"phrase":{"AT":"ད་ང་གཙོ་བོ་ཁྱེད་རང་གི་ཡིན།","KT":"ད་ང་གཙོ་བོ་ཁྱེད་རང་གི་ཡིན། ","CT":"ད་ང་གཙོ་བོ་ཁྱེད་རང་གི་ཡིན།"}}],[{"phrase":{"AT":"(གཙོ་བོ་ཡེ་ཤུ་ང་ཡོང་གི་ཡོད།) གཙོ་བོ་ང་ཡོང་གི་ཡོད། ","KT":"(གཙོ་བོ་ཡེ་ཤུ་ང་ཡོང་གི་ཡོད།)གཙོ་བོ་ང་ཡོང་གི་ཡོད། ","CT":"(གཙོ་བོ་ཡེ་ཤུ་ང་ཡོང་གི་ཡོད།) གཙོ་བོ་ང་ཡོང་གི་ཡོད༎ "}}]],"label":"verse 6","id":6}]},"metadata":[{"AT":"(Just As I Am ཞེས་པའི་དབྱིན་ཇིའི་མགུར་གླུ།)   DG 35; KT06 113","KT":"undefined(Just As I Am ཞེས་པའི་དབྱིན་ཇིའི་མགུར་གླུ།)44 DG 35; KT06 113 44 Charlotte Elliott (1835) ","CT":"(Just As I Am ཞེས་པའི་དབྱིན་ཇིའི་མགུར་གླུ།)   DG 35; KT06 113"}]}