{"title":{"AT":"138.ང་ནི་ཁྱོད་ཀྱི་དཀོན་མཆོག་ཡིན། ","KT":"138. ང་ནི་ཁྱོད་ཀྱི་དཀོན་མཆོག་ཡིན། ","CT":"138.ང་ནི་ཁྱེད་ཀྱི་དཀོན་མཆོག་ཡིན། "},"author":"*","key":"*","lyrics":{"Verse":[{"line":[[{"phrase":{"AT":"ང་ནི་ཁྱོད་ཀྱི་དཀོན་མཆོག་ཡིན།","KT":"ང་ནི་ཁྱོད་ཀྱི་དཀོན་མཆོག་ཡིན། ","CT":"ང་ནི་ཁྱེད་ཀྱི་དཀོན་མཆོག་ཡིན།"}}],[{"phrase":{"AT":"ནམ་ཡང་གཉིད་དུ་མི་ཡུར་བའི་དཀོན་མཆོག་ཡིན།","KT":"ནམ་ཡང་གཉིད་དུ་མི་ཡུར་བའི་དཀོན་མཆོག་ཡིན། ","CT":"ནམ་ཡང་གཉིད་དུ་མི་ཡུར་བའི་དཀོན་མཆོག་ཡིན།"}}],[{"phrase":{"AT":"ངས་བྱམས་པའི་མིག་ཟུང་གིས་རྒྱུན་དུ་ཁྱོད་ལ་གཟིགས།","KT":"ངས་བྱམས་པའི་མིག་ཟུང་གིས་རྒྱུན་དུ་ཁྱོད་ལ་གཟིགས། ","CT":"ངས་བྱམས་པའི་མིག་ཟུང་གིས་ཁྱེད་ལ་གཟིགས།"}}],[{"phrase":{"AT":"ངས་བྱམས་པའི་མིག་ཟུང་གིས་རྒྱུན་དུ་ཁྱོད་ལ་གཟིགས།  ","KT":"ངས་བྱམས་པའི་མིག་ཟུང་གིས་རྒྱུན་དུ་ཁྱོད་ལ་གཟིགས། ","CT":"ངས་བྱམས་པའི་མིག་ཟུང་གིས་ཁྱེད་ལ་གཟིགས། ༢ "}}],[{"phrase":{"AT":"ངས་མིག་ཆུ་ཐིགས་པ་རེ་རེ་གཟིགས་ཤིང་ཡོད་ཚད་རྟོགས།","KT":"ངས་མིག་ཆུ་ཐིགས་པ་རེ་རེ་གཟིགས་ཤིང་ཡོད་ཚད་རྟོགས། ","CT":"ངས་མིག་ཆུ་ཐིགས་པ་རེ་ལ་གཟིགས་ཤིང་ཡོད་ཚད་རྟོགས།"}}],[{"phrase":{"AT":"ངའི་བྱམས་པ་དུས་ནམ་ཡང་ཁྱོད་དང་མཉམ་དུ་ཡོད།","KT":"ངའི་བྱམས་པ་དུས་ནམ་ཡང་ཁྱོད་དང་མཉམ་དུ་ཡོད། ","CT":"ངའི་བྱམས་པ་དུས་ནམ་ཡང་ཁྱེད་དང་མཉམ་དུ་བཞུགས།།"}}]],"label":"verse 1","id":1}]},"metadata":[{"AT":"(བྱམས་པའི་མིག་ཟུང༌།)","KT":"undefined(བྱམས་པའི་མིག་ཟུང༌།)","CT":"(བྱམས་པའི་མིག་ཟུང༌།)"},{"AT":"(The Eyes of Love ཞེས་པའི་དབྱིན་ཇིའི་བསྟོད་དབྱངས།) AT08 132","KT":"(The Eyes of Love ཞེས་པའི་དབྱིན་ཇིའི་བསྟོད་དབྱངས།) AT08 132 ","CT":"(The Eyes of Love ཞེས་པའི་དབྱིན་ཇིའི་བསྟོད་དབྱངས།) AT08 132"}]}