{"title":{"AT":"139.ང་ནི་ཁྱོད་ཀྱི་ཨ་ཕ་ཡིན།","KT":"undefined139. ང་ནི་ཁྱོད་ཀྱི་ཨ་ཕ་ཡིན། ","CT":"139.ང་ནི་ཁྱེད་ཀྱི་པཱ་ལགས་ཡིན།"},"author":"*","key":"*","lyrics":{"Verse":[{"line":[[{"phrase":{"AT":"ང་ནི་ཁྱོད་ཀྱི་ཨ་ཕ་ཡིན། ༢","KT":" ང་ནི་ཁྱོད་ཀྱི་ཨ་ཕ་ཡིན། ༢ ","CT":"ང་ནི་ཁྱེད་ཀྱི་པཱ་ལགས་ཡིན། ༢"}}],[{"phrase":{"AT":"གལ་སྲིད་ཁྱོད་ཀྱི་ཕ་མས་ཁྱོད་རང་དོར་ནའང་།","KT":"གལ་སྲིད་ཁྱོད་ཀྱི་ཕ་མས་ཁྱོད་རང་དོར་ནའང་། ","CT":"གལ་སྲིད་ཁྱེད་ཀྱི་ཕ་མས་ཁྱེད་རང་གཡུག་ནའང་།"}}],[{"phrase":{"AT":"ངས་ཁྱོད་རང་འདོར་རྒྱུ་མིན། ","KT":"ངས་ཁྱོད་རང་འདོར་རྒྱུ་མིན། ","CT":"ངས་ཁྱེད་རང་གཡུག་གི་མིན། "}}],[{"phrase":{"AT":"ང་ནི་ཁྱོད་ཀྱི་ཨ་ཕ་ཡིན། ","KT":"ང་ནི་ཁྱོད་ཀྱི་ཨ་ཕ་ཡིན། ","CT":"ང་ནི་ཁྱེད་ཀྱི་པཱ་ལགས་ཡིན། "}}]],"label":"verse 1","id":1},{"line":[[{"phrase":{"AT":"ང་ནི་ཁྱོད་ཀྱི་ཨ་ཕ་ཡིན། ༢","KT":" ང་ནི་ཁྱོད་ཀྱི་ཨ་ཕ་ཡིན། ༢ ","CT":"ང་ནི་ཁྱེད་ཀྱི་པཱ་ལགས་ཡིན། ༢"}}],[{"phrase":{"AT":"ཁྱོད་ཡུལ་དུ་ལོག་ཤོག ངས་ཁྱོད་ལ་སྒུག་བསྡད་ཡོད།","KT":"ཁྱོད་ཡུལ་དུ་ལོག་ཤོག ངས་ཁྱོད་ལ་སྒུག་བསྡད་ཡོད། ","CT":"ཁྱེད་ནང་དུ་ལོག་ཤོག ངས་ཁྱེད་ལ་སྒུག་བསྡད་ཡོད།"}}],[{"phrase":{"AT":"ངས་ཁྱོད་རང་འདོར་རྒྱུ་མིན། ","KT":"ངས་ཁྱོད་རང་འདོར་རྒྱུ་མིན། ","CT":"ངས་ཁྱེད་རང་གཡུག་གི་མིན། "}}],[{"phrase":{"AT":"ང་ནི་ཁྱོད་ཀྱི་ཨ་ཕ་ཡིན། ༣","KT":"ང་ནི་ཁྱོད་ཀྱི་ཨ་ཕ་ཡིན། ༣ ","CT":"ང་ནི་ཁྱེད་ཀྱི་པཱ་ལགས་ཡིན།། ༣"}}]],"label":"verse 2","id":2}]},"metadata":[{"AT":"(འཇིགས་མེད་ཀྱིས་བརྩམས་པའི་བསྟོད་དབྱངས།) PNJ 27","KT":"undefined(འཇིགས་མེད་ཀྱིས་བརྩམས་པའི་བསྟོད་དབྱངས།) PNJ 27 ","CT":"(འཇིགས་མེད་ཀྱིས་བརྩམས་པའི་བསྟོད་དབྱངས།) PNJ 27"}]}