{"title":{"AT":"14.ཁྱེད་རང་ལ་ཞི་བདེ་ཡོང་བར་ཤོག","KT":"14. ཁྱེད་རང་ལ་ཞི་བདེ་ཡོང་བར་ཤོག ","CT":"14.ཁྱེད་རང་ལ་ཞི་བདེ་ཡོང་བར་ཤོག"},"author":"*","key":"*","lyrics":{"Verse":[{"line":[[{"phrase":{"AT":"ཁྱེད་རང་ལ། ","KT":"ཁྱེད་རང་ལ། ","CT":"ཁྱེད་རང་ལ། "}}],[{"phrase":{"AT":"གཙོ་བོའི་མཚན་ནས་ཞི་བདེ་ཡོང་བར་ཤོག ","KT":"གཙོ་བོའི་མཚན་ནས་ཞི་བདེ་ཡོང་བར་ཤོག ","CT":"གཙོ་བོའི་མཚན་ནས་ཞི་བདེ་ཡོང་བར་ཤོག "}}],[{"phrase":{"AT":"ཁྱེད་རང་ལ། ","KT":"ཁྱེད་རང་ལ། ","CT":"ཁྱེད་རང་ལ། "}}],[{"phrase":{"AT":"ཞི་བདེ་ཡི་རྒྱལ་པོའི་མཚན་ནས་ཞི་བདེ་ཡོང་བར་ཤོག ","KT":"ཞི་བདེ་ཡི་རྒྱལ་པོའི་མཚན་ནས་ཞི་བདེ་ཡོང་བར་ཤོག ","CT":"ཞི་བདེ་ཡི་རྒྱལ་པོའི་མཚན་ནས་ཞི་བདེ་ཡོང་བར་ཤོག "}}],[{"phrase":{"AT":"ཡོང་བར་ཤོག ","KT":"ཡོང་བར་ཤོག ","CT":"ཡོང་བར་ཤོག །"}}]],"label":"verse 1","id":1}]},"metadata":[{"AT":"(Peace to You ཞེས་པའི་དབྱིན་ཇིའི་བསྟོད་དབྱངས།) ","KT":"(Peace to You ཞེས་པའི་དབྱིན་ཇིའི་བསྟོད་དབྱངས།)5 ","CT":"(Peace to You ཞེས་པའི་དབྱིན་ཇིའི་བསྟོད་དབྱངས།) "}]}