{"title":{"AT":"140.ང་ནི་ཁྱོད་ཚོའི་དཀོན་མཆོག ","KT":"140. ང་ནི་ཁྱོད་ཚོའི་དཀོན་མཆོག ","CT":"140.ང་ནི་ཁྱེད་ཚོའི་དཀོན་མཆོག། "},"author":"*","key":"*","lyrics":{"Verse":[{"line":[[{"phrase":{"AT":"ང་ནི་ཁྱོད་ཚོའི་དཀོན་མཆོག་ཡིན་ལ།","KT":" ང་ནི་ཁྱོད་ཚོའི་དཀོན་མཆོག་ཡིན་ལ། ","CT":"ང་ནི་ཁྱེད་ཚོའི་དཀོན་མཆོག་ཡིན་ལ།།"}}],[{"phrase":{"AT":"ཁྱོད་ཚོར་དཀོན་མཆོག་གཞན་མི་དགོས།","KT":"ཁྱོད་ཚོར་དཀོན་མཆོག་གཞན་མི་དགོས། ","CT":"ཁྱེད་ཚོར་དཀོན་མཆོག་གཞན་མི་དགོས།།"}}],[{"phrase":{"AT":"དཀོན་མཆོག་གཅིག་པོ་དེ་ང་ཡིན།","KT":"དཀོན་མཆོག་གཅིག་པོ་དེ་ང་ཡིན། ","CT":"དཀོན་མཆོག་གཅིག་པུ་དེ་ང་ཡིན།།"}}],[{"phrase":{"AT":"ང་རང་གཙོ་བོ་ཨ་ཕ་དེ་ཡིན།","KT":"ང་རང་གཙོ་བོ་ཨ་ཕ་དེ་ཡིན། ","CT":"ང་རང་གཙོ་བོ་པཱ་ལགས་དེ་ཡིན།།"}}],[{"phrase":{"AT":"ཡ་རེ་ལོ།  ཞང་ཡ་རེ་ལོ།","KT":"ཡ་རེ་ལོ། ཞང་ཡ་རེ་ལོ། ","CT":"ཡ་རེ་ལོ།  ཞང་ཡ་རེ་ལོ།།"}}],[{"phrase":{"AT":"ང་རང་གཙོ་བོ་ཨ་ཕ།  ཨ་ཕ་དེ་ཡིན། ","KT":"ང་རང་གཙོ་བོ་ཨ་ཕ། ཨ་ཕ་དེ་ཡིན། ","CT":"ང་རང་གཙོ་བོ་ཡབ་ཆེན།  ཡབ་ཆེན་དེ་ཡིན།། "}}]],"label":"verse 1","id":1},{"line":[[{"phrase":{"AT":"ྱོད་ཚོས་ལྷ་སྐུ་གཟུགས་བརྙན་དག་ལ།","KT":"defined༢ ཁྱོད་ཚོས་ལྷ་སྐུ་གཟུགས་བརྙན་དག་ལ། ","CT":"ྱེད་ཚོས་ལྷ་སྐུ་གཟུགས་བརྙན་དེ་ཚོར།།"}}],[{"phrase":{"AT":"ལུས་ངག་ཡིད་གསུམ་གྱིས་ཕྱག་མ་འཚལ།","KT":"ལུས་ངག་ཡིད་གསུམ་གྱིས་ཕྱག་མ་འཚལ། ","CT":"ལུས་ངག་ཡིད་གསུམ་གྱིས་ཕྱག་མ་འཚལ།།"}}],[{"phrase":{"AT":"བསྟོད་དབྱངས་སྨོན་ལམ་ཁོང་ལ་ཐོབས་དང་།","KT":"བསྟོད་དབྱངས་སྨོན་ལམ་ཁོང་ལ་ཐོབས་དང་། ","CT":"བསྟོད་དབྱངས་སྨོན་ལམ་ཁོང་ལ་ཐོབས་དང་།།"}}],[{"phrase":{"AT":"ཁོང་ང་ཚོའི་དྲིན་ཆེན་ཨ་ཕ་དེ་རེད། ","KT":"ཁོང་ང་ཚོའི་དྲིན་ཆེན་ཨ་ཕ་དེ་རེད། ","CT":"ཁོང་ང་ཚོའི་དྲིན་ཆེན་པཱ་ལགས་ཡིན།། "}}],[{"phrase":{"AT":"ཡ་རེ་ལོ།  ཞང་ཡ་རེ་ལོ།","KT":"ཡ་རེ་ལོ། ཞང་ཡ་རེ་ལོ། ","CT":"ཡ་རེ་ལོ།  ཞང་ཡ་རེ་ལོ།།"}}],[{"phrase":{"AT":"ཁོང་ང་ཚོའི་དྲིན་ཆེན་ཨ་ཕ། ཨ་ཕ་དེ་རེད།","KT":"ཁོང་ང་ཚོའི་དྲིན་ཆེན་ཨ་ཕ། ཨ་ཕ་དེ་རེད། ","CT":"ཁོང་ང་ཚོའི་དྲིན་ཆེན་ཡབ་ཆེན། ཡབ་ཆེན་དེ་ཡིན།།"}}]],"label":"verse 2","id":2},{"line":[[{"phrase":{"AT":"ྱོད་ཀྱིས་སྐྱབས་མགོན་གསུང་ལ་ཉོན་དང་།","KT":"ཁྱོད་ཀྱིས་སྐྱབས་མགོན་གསུང་ལ་ཉོན་དང་། ","CT":"ྱེད་ཀྱིས་སྐྱབས་མགོན་གསུང་ལ་ཉོན་དང་།།"}}],[{"phrase":{"AT":"ཁྱོད་དཀོན་མཆོག་ཐུགས་ཉིད་དབང་ཐོབ་ནས།","KT":"ཁྱོད་དཀོན་མཆོག་ཐུགས་ཉིད་དབང་ཐོབ་ནས། ","CT":"ཁྱེད་དཀོན་མཆོག་ཐུགས་ཉིད་དབང་ཐོབ་ནས།།"}}],[{"phrase":{"AT":"དུས་དང་རྣམ་པ་ཀུན་ཏུ་ཁྱོད་ལ།","KT":"དུས་དང་རྣམ་པ་ཀུན་ཏུ་ཁྱོད་ལ། ","CT":"དུས་དང་རྣམ་པ་ཀུན་ཏུ་ཁྱེད་ལ།།"}}],[{"phrase":{"AT":"བྱིན་རླབས་གནང་མཁན་ཨ་ཕ་དེ་རེད།","KT":"བྱིན་རླབས་གནང་མཁན་ཨ་ཕ་དེ་རེད། ","CT":"བྱིན་རླབས་གནང་མཁན་ཡབ་ཆེན་དེ་རེད།།"}}],[{"phrase":{"AT":"ཡ་རེ་ལོ།  ཞང་ཡ་རེ་ལོ།","KT":"ཡ་རེ་ལོ། ཞང་ཡ་རེ་ལོ། ","CT":"ཡ་རེ་ལོ།  ཞང་ཡ་རེ་ལོ།།"}}],[{"phrase":{"AT":"བྱིན་རླབས་གནང་མཁན་ཨ་ཕ། ཨ་ཕ་དེ་རེད། ༢","KT":"བྱིན་རླབས་གནང་མཁན་ཨ་ཕ། ཨ་ཕ་དེ་རེད། ༢ ","CT":"བྱིན་རླབས་གནང་མཁན་ཡབ་ཆེན་དེ་ཡིན། ཡབ་ཆེན་དེ་ཡིན།། ༢"}}]],"label":"verse 3","id":3}]},"metadata":[{"AT":"(ཁོང་ཨ་ཕ་རེད།)","KT":"undefined(ཁོང་ཨ་ཕ་རེད།) ","CT":"(ཁོང་ཡབ་ཆེན་ཡིན།)"},{"AT":"(ཨ་མདོའི་བསྟོད་དབྱངས།) AT08 105; KT06 107","KT":"(ཨ་མདོའི་བསྟོད་དབྱངས།) AT08 105; KT06 107 ","CT":"(ཁོང་ཨ་ཕ་རེད་ཅེས་པའི་ཨ་མདོའི་བསྟོད་དབྱངས།) AT08 105; KT06 107"}]}