{"title":{"AT":"141.ང་ནི་ཡ་མཚན་སྒོ་ནས་མཛད་ཅིང་།","KT":"141. ང་ནི་ཡ་མཚན་སྒོ་ནས་མཛད་ཅིང་། ","CT":"141.ང་ནི་ཡ་མཚན་སྒོ་ནས་མཛད་ཅིང་།"},"author":"*","key":"*","lyrics":{"Verse":[{"line":[[{"phrase":{"AT":"ང་ནི་ཡ་མཚན་སྒོ་ནས་མཛད་ཅིང་། ","KT":"ང་ནི་ཡ་མཚན་སྒོ་ནས་མཛད་ཅིང་། ","CT":"ང་ནི་ཡ་མཚན་སྒོ་ནས་མཛད་ཅིང་། "}}],[{"phrase":{"AT":"ཁྱོད་ཀྱང་ཡ་མཚན་སྒོ་ནས་མཛད་པ་ཡིན། ","KT":"ཁྱོད་ཀྱང་ཡ་མཚན་སྒོ་ནས་མཛད་པ་ཡིན། ","CT":"ཁྱེད་ཀྱང་ཡ་མཚན་སྒོ་ནས་མཛད་པ་ཡིན། "}}],[{"phrase":{"AT":"དཀོན་མཆོག་གིས་ང་ཚོ་ཁྱད་པར་ཅན་དུ་མཛད།","KT":"དཀོན་མཆོག་གིས་ང་ཚོ་ཁྱད་པར་ཅན་དུ་མཛད། ","CT":"དཀོན་མཆོག་གིས་ང་ཚོ་ཁྱད་པར་ཅན་དུ་མཛད།"}}],[{"phrase":{"AT":"ང་ཚོ་ཡ་མཚན་སྒོ་ནས་མཛད་པ་ཡིན།","KT":"ང་ཚོ་ཡ་མཚན་སྒོ་ནས་མཛད་པ་ཡིན། ","CT":"ང་ཚོ་ཡ་མཚན་སྒོ་ནས་མཛད་པ་ཡིན།།"}}]],"label":"verse 1","id":1}]},"metadata":[{"AT":"(I’m So Wonderfully Made ཞེས་པའི་དབྱིན་ཇིའི་བྱིས་པའི་གླུ།)   AT08 113","KT":"undefined(I’m So Wonderfully Made ཞེས་པའི་དབྱིན་ཇིའི་བྱིས་པའི་གླུ།) 45 AT08 113 45 Robert C. Evans ©1987 Integrity's Hosanna! Music/ASCAP. Used By Permission ","CT":"(I’m So Wonderfully Made ཞེས་པའི་དབྱིན་ཇིའི་བྱིས་པའི་གླུ།)  AT08 113"}]}