{"title":{"AT":"142.ང་ཚོ་དཀོན་མཆོག་གིས་བྱམས་པའི་བུ་དང་བུ་མོ།","KT":"undefined142. ང་ཚོ་དཀོན་མཆོག་གིས་བྱམས་པའི་བུ་དང་བུ་མོ། ","CT":"142.ང་ཚོ་དཀོན་མཆོག་གིས་བྱམས་པའི་བུ་དང་བུ་མོ།"},"author":"*","key":"*","lyrics":{"Verse":[{"line":[[{"phrase":{"AT":"ང་ཚོ་དཀོན་མཆོག་གིས་བྱམས་པའི།","KT":"ང་ཚོ་དཀོན་མཆོག་གིས་བྱམས་པའི། ","CT":"ང་ཚོ་དཀོན་མཆོག་གིས་བྱམས་པའི།"}}],[{"phrase":{"AT":"ཁོང་གི་བུ་དང་བུ་མོ།","KT":"ཁོང་གི་བུ་དང་བུ་མོ། ","CT":"ཁོང་གི་བུ་དང་བུ་མོ།"}}],[{"phrase":{"AT":"ང་ཚོ་སྔ་མོ་ལངས་ནས་སྨོན་ལམ་ཞུ་རྒྱུ་ཡིན། ༢","KT":"ང་ཚོ་སྔ་མོ་ལངས་ནས་སྨོན་ལམ་ཞུ་རྒྱུ་ཡིན། ༢ ","CT":"ང་ཚོ་སྔ་དྲོ་ལང་ནས་སྨོན་ལམ་ཞུ་གི་ཡིན། ༢"}}],[{"phrase":{"AT":"དཀོན་མཆོག་གི་གསུང་རབ་རྒྱུན་དུ་ཀློག་རྒྱུ་ཡིན། ༢","KT":"དཀོན་མཆོག་གི་གསུང་རབ་རྒྱུན་དུ་ཀློག་རྒྱུ་ཡིན། ༢ ","CT":"དཀོན་མཆོག་གི་གསུང་རབ་རྒྱུན་དུ་ཀློག་གི་ཡིན། ༢"}}]],"label":"verse 1","id":1},{"line":[[{"phrase":{"AT":"ང་ཚོ་དཀོན་མཆོག་གིས་བྱམས་པའི།","KT":"ང་ཚོ་དཀོན་མཆོག་གིས་བྱམས་པའི། ","CT":"ང་ཚོ་དཀོན་མཆོག་གིས་བྱམས་པའི།"}}],[{"phrase":{"AT":"ཁོང་གི་བུ་དང་བུ་མོ།","KT":"ཁོང་གི་བུ་དང་བུ་མོ། ","CT":"ཁོང་གི་བུ་དང་བུ་མོ།"}}],[{"phrase":{"AT":"དཀོན་མཆོག་གི་བཀའ་ལ་རྒྱུན་དུ་ཉན་རྒྱུ་ཡིན། ༢","KT":"དཀོན་མཆོག་གི་བཀའ་ལ་རྒྱུན་དུ་ཉན་རྒྱུ་ཡིན། ༢ ","CT":"དཀོན་མཆོག་གི་བཀའ་ལ་རྒྱུན་དུ་ཉན་གྱི་ཡིན། ༢"}}],[{"phrase":{"AT":"དཀོན་མཆོག་ལ་རྒྱུན་དུ་བསྟོད་དབྱངས་འབུལ་རྒྱུ་ཡིན། ༢","KT":"དཀོན་མཆོག་ལ་རྒྱུན་དུ་བསྟོད་དབྱངས་འབུལ་རྒྱུ་ཡིན། ༢ ","CT":"དཀོན་མཆོག་ལ་རྒྱུན་དུ་བསྟོད་དབྱངས་ཕུལ་གྱི་ཡིན། ༢"}}]],"label":"verse 2","id":2},{"line":[[{"phrase":{"AT":"ང་ཚོ་དཀོན་མཆོག་གིས་བྱམས་པའི།","KT":"ང་ཚོ་དཀོན་མཆོག་གིས་བྱམས་པའི། ","CT":"ང་ཚོ་དཀོན་མཆོག་གིས་བྱམས་པའི།"}}],[{"phrase":{"AT":"ཁོང་གི་བུ་དང་བུ་མོ།","KT":"ཁོང་གི་བུ་དང་བུ་མོ། ","CT":"ཁོང་གི་བུ་དང་བུ་མོ།"}}],[{"phrase":{"AT":"དཀོན་མཆོག་གི་གསུང་རབ་མི་ལ་བཤད་རྒྱུ་ཡིན། ༢","KT":"དཀོན་མཆོག་གི་གསུང་རབ་མི་ལ་བཤད་རྒྱུ་ཡིན། ༢ ","CT":"དཀོན་མཆོག་གི་གསུང་རབ་མི་ལ་བཤད་ཀྱི་ཡིན། ༢"}}],[{"phrase":{"AT":"ང་ཚོས་མི་ཚེ་དཀོན་མཆོག་གི་ཕྱག་ལ་འབུལ་རྒྱུ་ཡིན། ༢","KT":"ང་ཚོས་མི་ཚེ་དཀོན་མཆོག་གི་ཕྱག་ལ་འབུལ་རྒྱུ་ཡིན། ༢ ","CT":"ང་ཚོས་མི་ཚེ་དཀོན་མཆོག་གི་ཕྱག་ལ་ཕུལ་གྱི་ཡིན།། ༢"}}]],"label":"verse 3","id":3}]},"metadata":[{"AT":"(འགྱུར་མེད་རིན་ཆེན་གྱིས་བརྩམས་པའི་བསྟོད་དབྱངས།) JL CD2:4","KT":"undefined(འགྱུར་མེད་རིན་ཆེན་གྱིས་བརྩམས་པའི་བསྟོད་དབྱངས།) JL CD2:4 ","CT":"(འགྱུར་མེད་རིན་ཆེན་གྱིས་བརྩམས་པའི་བསྟོད་དབྱངས།) JL CD2:4"}]}