{"title":{"AT":"143.ང་ཚོ་འདི་ལ་འཛོམས་འཛོམས།  ","KT":"143. ང་ཚོ་འདི་ལ་འཛོམས་འཛོམས། ","CT":"143.ང་ཚོ་འདི་ལ་འཛོམས་འཛོམས།  "},"author":"*","key":"*","lyrics":{"Verse":[{"line":[[{"phrase":{"AT":"ང་ཚོ(ལ་ནི)འདི་ལ་འཛོམས་འཛོམས།","KT":"ང་ཚོ་(ལ་ནི་)འདི་ལ་འཛོམས་འཛོམས། ","CT":"ང་ཚོ་(ལ་ནི་)འདི་ལ་འཛོམས་འཛོམས།"}}],[{"phrase":{"AT":"སྣང་བ་སྐྱིད་པ་ལ་ཡེ། ","KT":"སྣང་བ་སྐྱིད་པ་ལ་ཡེ། ","CT":"སྣང་བ་སྐྱིད་པ་ལ། "}}],[{"phrase":{"AT":"དཀོན་མཆོག་གི་བཀའ་དྲིན་ཡིན་པས།","KT":"དཀོན་མཆོག་གི་བཀའ་དྲིན་ཡིན་པས། ","CT":"དཀོན་མཆོག་གིས་བཀའ་དྲིན་ཡིན་པས།"}}],[{"phrase":{"AT":"སྣང་བ་སྐྱིད་པ་ལ། ","KT":"སྣང་བ་སྐྱིད་པ་ལ། ","CT":"སྣང་བ་སྐྱིད་པ་ལ། "}}],[{"phrase":{"AT":"དཀོན་མཆོག་གི(ལ་ནི)བཀའ་དྲིན་ཡིན་པས།","KT":"undefinedདཀོན་མཆོག་གི་(ལ་ནི་)བཀའ་དྲིན་ཡིན་པས། ","CT":"དཀོན་མཆོག་གི་(ལ་ནི་)བཀའ་དྲིན་ཡིན་པས།"}}],[{"phrase":{"AT":"སྣང་བ་སྐྱིད་པ་ལ་ཡེ། ","KT":"སྣང་བ་སྐྱིད་པ་ལ་ཡེ། ","CT":"སྣང་བ་སྐྱིད་པ་ལ། "}}],[{"phrase":{"AT":"ཉིན་ལྟར་བསྟོད་དབྱངས་འབུལ་བ། ","KT":"ཉིན་ལྟར་བསྟོད་དབྱངས་འབུལ་བ། ","CT":"ཉིན་ལྟར་བསྟོད་དབྱངས་འབུལ་བ། "}}],[{"phrase":{"AT":"སྣང་བ་སྐྱིད་པ་ལ། སྣང་བ་སྐྱིད་པ་གཅིག་སོ།། ","KT":"སྣང་བ་སྐྱིད་པ་ལ། སྣང་བ་སྐྱིད་པ་གཅིག་སོ།། ","CT":"སྣང་བ་སྐྱིད་པ་ལ། སྣང་བ་སྐྱིད་པ་གཅིག་སོ། "}}],[{"phrase":{"AT":"སྣང་བ་སྐྱིད་པ་གཉིས་སོ།། སྣང་བ་སྐྱིད་པ་གསུམ་གསུམ།","KT":"སྣང་བ་སྐྱིད་པ་གཉིས་སོ།། སྣང་བ་སྐྱིད་པ་གསུམ་གསུམ། ","CT":"སྣང་བ་སྐྱིད་པ་གཉིས་སོ། སྣང་བ་སྐྱིད་པ་གསུམ་གསུམ།"}}]],"label":"verse 1","id":1},{"line":[[{"phrase":{"AT":"ང་ཚོ(ལ་ནི)འདི་ལ་འཛོམས་འཛོམས། ","KT":"ང་ཚོ་(ལ་ནི་)འདི་ལ་འཛོམས་འཛོམས། ","CT":"ང་ཚོ་(ལ་ནི་)འདི་ལ་འཛོམས་འཛོམས། "}}],[{"phrase":{"AT":"སྣང་བ་སྐྱིད་པ་ལ་ཡེ།","KT":"སྣང་བ་སྐྱིད་པ་ལ་ཡེ། ","CT":"སྣང་བ་སྐྱིད་པ་ལ།"}}],[{"phrase":{"AT":"ཡེ་ཤུའི་མཚན་ཐོབ་པར། ","KT":"ཡེ་ཤུའི་མཚན་ཐོབ་པར། ","CT":"ཡེ་ཤུའི་མཚན་ཐོབ་པར། "}}],[{"phrase":{"AT":"སྣང་བ་སྐྱིད་པ་ལ། ","KT":"སྣང་བ་སྐྱིད་པ་ལ། ","CT":"སྣང་བ་སྐྱིད་པ་ལ། "}}],[{"phrase":{"AT":"གཏན་དུ(ལ་ནི)འཛོམས་རྒྱུ་བྱུང་ན། ","KT":"གཏན་དུ་(ལ་ནི་)འཛོམས་རྒྱུ་བྱུང་ན། ","CT":"གཏན་དུ་(ལ་ནི་)འཛོམས་རྒྱུ་བྱུང་ན། "}}],[{"phrase":{"AT":"སྣང་བ་སྐྱིད་པ་ལ་ཡེ། ","KT":"སྣང་བ་སྐྱིད་པ་ལ་ཡེ། ","CT":"སྣང་བ་སྐྱིད་པ་ལ། "}}],[{"phrase":{"AT":"ཉིན་ལྟར་གསོལ་བ་བཏབ་ན། ","KT":"ཉིན་ལྟར་གསོལ་བ་བཏབ་ན། ","CT":"ཉིན་ལྟར་གསོལ་བ་བཏབས་ནས། "}}],[{"phrase":{"AT":"སྣང་བ་སྐྱིད་པ་ལ། སྣང་བ་སྐྱིད་པ་གཅིག་སོ།། ","KT":"སྣང་བ་སྐྱིད་པ་ལ། སྣང་བ་སྐྱིད་པ་གཅིག་སོ།། ","CT":"སྣང་བ་སྐྱིད་པ་ལ། སྣང་བ་སྐྱིད་པ་གཅིག་སོ། "}}],[{"phrase":{"AT":"སྣང་བ་སྐྱིད་པ་གཉིས་སོ།། སྣང་བ་སྐྱིད་པ་གསུམ་གསུམ། ","KT":"སྣང་བ་སྐྱིད་པ་གཉིས་སོ།། སྣང་བ་སྐྱིད་པ་གསུམ་གསུམ། ","CT":"སྣང་བ་སྐྱིད་པ་གཉིས་སོ། སྣང་བ་སྐྱིད་པ་གསུམ་གསུམ། "}}],[{"phrase":{"AT":"(ཨ་མེན།) ","KT":"(ཨ་མེན།) ","CT":"(ཨ་མེན།།) "}}]],"label":"verse 2","id":2}]},"metadata":[{"AT":"(སྣང་བ་སྐྱིད་པ་ལ།)","KT":"undefined(སྣང་བ་སྐྱིད་པ་ལ།)","CT":"(སྣང་བ་སྐྱིད་པ་ལ།)"},{"AT":"(ཁམས་པའི་བསྟོད་དབྱངས།) KT06 115","KT":"(ཁམས་པའི་བསྟོད་དབྱངས།) KT06 115 ","CT":"(ཁམས་པའི་བསྟོད་དབྱངས།) KT06 115"}]}