{"title":{"AT":"144.ང་ཚོ་ཚང་མ་འདི་རུ་འཛོམས་འཛོམས་ནས།","KT":"undefined144. ང་ཚོ་ཚང་མ་འདི་རུ་འཛོམས་འཛོམས་ནས། ","CT":"144.ང་ཚོ་ཚང་མ་འདི་རུ་འཛོམས་འཛོམས་ནས།"},"author":"*","key":"*","lyrics":{"Verse":[{"line":[[{"phrase":{"AT":"ང་ཚོ་ཚང་མ་འདི་རུ་འཛོམས་འཛོམས་ནས།","KT":"ང་ཚོ་ཚང་མ་འདི་རུ་འཛོམས་འཛོམས་ནས། ","CT":"ང་ཚོ་ཚང་མ་འདི་རུ་འཛོམས་འཛོམས་ནས།"}}],[{"phrase":{"AT":"འགྲོ་འགྲོ་འོད་ཀྱི་ནང་དུ་འགྲོ།","KT":"འགྲོ་འགྲོ་འོད་ཀྱི་ནང་དུ་འགྲོ། ","CT":"འགྲོ་འགྲོ་འོད་ཀྱི་ནང་དུ་འགྲོ།"}}],[{"phrase":{"AT":"ང་ཚོ་ཚང་མ་འདི་རུ་འཛོམས་འཛོམས་ནས།","KT":"ང་ཚོ་ཚང་མ་འདི་རུ་འཛོམས་འཛོམས་ནས། ","CT":"ང་ཚོ་ཚང་མ་འདི་རུ་འཛོམས་འཛོམས་ནས།"}}],[{"phrase":{"AT":"འགྲོ་འགྲོ་འོད་ཀྱི་ནང་དུ་འགྲོ།","KT":"འགྲོ་འགྲོ་འོད་ཀྱི་ནང་དུ་འགྲོ། ","CT":"འགྲོ་འགྲོ་འོད་ཀྱི་ནང་དུ་འགྲོ།"}}],[{"phrase":{"AT":"འགྲོ་འགྲོ་འགྲོ་འོད་ཀྱི་ནང་དུ་འགྲོ།","KT":"འགྲོ་འགྲོ་འགྲོ་འོད་ཀྱི་ནང་དུ་འགྲོ། ","CT":"འགྲོ་འགྲོ་འགྲོ་འོད་ཀྱི་ནང་དུ་འགྲོ།"}}],[{"phrase":{"AT":"འགྲོ་འགྲོ་འགྲོ་འོད་ཀྱི་ནང་དུ་འགྲོ།","KT":"འགྲོ་འགྲོ་འགྲོ་འོད་ཀྱི་ནང་དུ་འགྲོ། ","CT":"འགྲོ་འགྲོ་འགྲོ་འོད་ཀྱི་ནང་དུ་འགྲོ།"}}],[{"phrase":{"AT":"འགྲོ་འགྲོ་འགྲོ་འོད་ཀྱི་ནང་དུ་འགྲོ།","KT":"འགྲོ་འགྲོ་འགྲོ་འོད་ཀྱི་ནང་དུ་འགྲོ། ","CT":"འགྲོ་འགྲོ་འགྲོ་འོད་ཀྱི་ནང་དུ་འགྲོ།"}}],[{"phrase":{"AT":"དཀོན་མཆོག་གི་འོད་ཀྱི་ནང་དུ་འགྲོ།","KT":"དཀོན་མཆོག་གི་འོད་ཀྱི་ནང་དུ་འགྲོ། ","CT":"དཀོན་མཆོག་གི་འོད་ཀྱི་ནང་དུ་འགྲོ།།"}}]],"label":"verse 1","id":1}]},"metadata":[{"AT":"(Walk, Walk In The Light ཞེས་པའི་དབྱིན་ཇིའི་བསྟོད་དབྱངས་།)  AT08 121; KT06 126","KT":"undefined(Walk, Walk In The Light ཞེས་པའི་དབྱིན་ཇིའི་བསྟོད་དབྱངས་།)46 AT08 121; KT06 126 46 Public Domain པར་དབང་འཛིན་མཁན་མེད་པ། ","CT":"(Walk, Walk In The Light ཞེས་པའི་དབྱིན་ཇིའི་བསྟོད་དབྱངས་།)  AT08 121; KT06 126"}]}