{"title":{"AT":"145.ང་ཚོ་ཨ་མའི་ཁོག་ནས་ཡོད་དུས་སུ། ","KT":"145. ང་ཚོ་ཨ་མའི་ཁོག་ལ་ཡོད་དུས་སུ། ","CT":"145.ང་ཚོ་ཨ་མའི་ཁོག་པའི་ནང་ཡོད་དུས། "},"author":"*","key":"*","lyrics":{"Verse":[{"line":[[{"phrase":{"AT":"ང་ཚོ་ཨ་མའི་ཁོག་ནས་ཡོད་དུས་སུ། ","KT":" ང་ཚོ་ཨ་མའི་ཁོག་ལ་ཡོད་དུས་སུ། ","CT":"ང་ཚོ་ཨ་མའི་ཁོག་པའི་ནང་ཡོད་དུས། "}}],[{"phrase":{"AT":"དཀོན་མཆོག་གིས་ང་ཚོའི་ལུས་ངག་ཡིད་གསུམ་བསྐྲུན།","KT":"དཀོན་མཆོག་གིས་ང་ཚོའི་ལུས་ངག་ཡིད་གསུམ་བསྐྲུན། ","CT":"དཀོན་མཆོག་གིས་ང་ཚོའི་ལུས་ངག་ཡིད་གསུམ་བསྐྲུན།"}}],[{"phrase":{"AT":"ཁོང་གིས་ཡ་མཚན་སྒོ་ནས་ང་ཚོ་མཛད།","KT":"ཁོང་གིས་ཡ་མཚན་སྒོ་ནས་ང་ཚོ་མཛད། ","CT":"ཁོང་གིས་ཡ་མཚན་སྒོ་ནས་ང་ཚོ་མཛད།"}}],[{"phrase":{"AT":"ཁོང་གིས་ང་ཚོ་མཁྱེན།","KT":"ཁོང་གིས་ང་ཚོ་མཁྱེན། ","CT":"ཁོང་གིས་ང་ཚོ་མཁྱེན།"}}],[{"phrase":{"AT":"ཁོང་གིས་ཐམས་ཅད་གཟིགས།","KT":"ཁོང་གིས་ཐམས་ཅད་གཟིགས། ","CT":"ཁོང་གིས་ཐམས་ཅད་གཟིགས།"}}],[{"phrase":{"AT":"ང་ཚོ་ཚང་མ་ཁྱིམ་ཚང་གཅིག་གི་མི་རེད།","KT":"ང་ཚོ་ཚང་མ་ཁྱིམ་ཚང་གཅིག་གི་མི་རེད། ","CT":"ང་ཚོ་ཚང་མ་ཁྱིམ་ཚང་གཅིག་གི་མི་ཡིན།"}}]],"label":"verse 1","id":1},{"line":[[{"phrase":{"AT":"ྱོད་ཀྱི་ཨ་ཕ་ཡ་ཧོ་ཝཱ་རེད།","KT":"defined༢ ཁྱོད་ཀྱི་ཨ་ཕ་ཡ་ཧོ་ཝ་རེད། ","CT":"ྱེད་ཀྱི་ཡབ་ཆེན་ཡ་ཧོ་ཝཱ་རེད།"}}],[{"phrase":{"AT":"ང་ཡི་ཨ་ཕ་ཡ་ཧོ་ཝཱ་ཡིན།","KT":"ང་ཡི་ཨ་ཕ་ཡ་ཧོ་ཝ་ཡིན། ","CT":"ང་ཡི་ཡབ་ཆེན་ཡ་ཧོ་ཝཱ་ཡིན།"}}],[{"phrase":{"AT":"ང་ཚོ་ཚང་མ་དཀོན་མཆོག་གི་བུ་ཕྲུག་ཡིན།","KT":"ང་ཚོ་ཚང་མ་དཀོན་མཆོག་གི་བུ་ཕྲུག་ཡིན། ","CT":"ང་ཚོ་ཚང་མ་དཀོན་མཆོག་གི་བུ་ཕྲུག་ཡིན།"}}],[{"phrase":{"AT":"གཅིག་སེམས་གཅིག་ལ་འབྲེལ།","KT":"གཅིག་སེམས་གཅིག་ལ་འབྲེལ། ","CT":"གཅིག་སེམས་གཅིག་ལ་འབྲེལ།"}}],[{"phrase":{"AT":"གཅིག་བློ་གཅིག་ལ་མཐུན།","KT":"གཅིག་བློ་གཅིག་ལ་མཐུན། ","CT":"གཅིག་བློ་གཅིག་ལ་མཐུན།"}}],[{"phrase":{"AT":"ང་ཚོ་ཚང་མ་ཁྱིམ་ཚང་གཅིག་གི་མི་རེད།","KT":"ང་ཚོ་ཚང་མ་ཁྱིམ་ཚང་གཅིག་གི་མི་རེད། ","CT":"ང་ཚོ་ཚང་མ་ཁྱིམ་ཚང་གཅིག་གི་མི་ཡིན།"}}]],"label":"verse 2","id":2},{"line":[[{"phrase":{"AT":"ང་ཚོའི་སྐྱབས་མགོན་གཙོ་བོ་ཡེ་ཤུ་ཡིན།","KT":" ང་ཚོའི་སྐྱབས་མགོན་གཙོ་བོ་ཡེ་ཤུ་ཡིན། ","CT":"ང་ཚོའི་སྐྱབས་མགོན་གཙོ་བོ་ཡེ་ཤུ་ཡིན།"}}],[{"phrase":{"AT":"ང་ཚོ་སྐྱོབ་མཁན་ཁོང་ཉིད་གཅིག་པུ་ཡིན།","KT":"ང་ཚོ་སྐྱོབ་མཁན་ཁོང་ཉིད་གཅིག་པུ་ཡིན། ","CT":"ང་ཚོ་སྐྱོབ་མཁན་ཁོང་ཉིད་གཅིག་པུ་ཡིན།"}}],[{"phrase":{"AT":"ཁོང་གིས་རང་སྲོག་ང་ཚོའི་དོན་ལ་གནང་།","KT":"ཁོང་གིས་རང་སྲོག་ང་ཚོའི་དོན་ལ་གནང་། ","CT":"ཁོང་གིས་རང་སྲོག་ང་ཚོའི་དོན་ལ་གནང་།"}}],[{"phrase":{"AT":"ཐུགས་ཉིད་གཅིག་གི་ནང་།","KT":"ཐུགས་ཉིད་གཅིག་གི་ནང་། ","CT":"ཐུགས་ཉིད་གཅིག་གི་ནང་།"}}],[{"phrase":{"AT":"ཚང་མ་ལྷན་དུ་སྦྲེལ།","KT":"ཚང་མ་ལྷན་དུ་སྦྲེལ། ","CT":"ཚང་མ་ལྷན་དུ་སྦྲེལ།"}}],[{"phrase":{"AT":"ང་ཚོ་ཚང་མ་ཁྱིམ་ཚང་གཅིག་གི་མི་རེད།","KT":"ང་ཚོ་ཚང་མ་ཁྱིམ་ཚང་གཅིག་གི་མི་རེད། ","CT":"ང་ཚོ་ཚང་མ་ཁྱིམ་ཚང་གཅིག་གི་མི་ཡིན།"}}]],"label":"verse 3","id":3},{"line":[[{"phrase":{"AT":"སྤུན་ཟླ་ཚང་མས་ཁོང་གི་བཀའ་བཞིན་དུ།","KT":" སྤུན་ཟླ་ཚང་མས་ཁོང་གི་བཀའ་བཞིན་དུ། ","CT":"སྤུན་ཟླ་ཚང་མས་ཁོང་གི་བཀའ་གསུང་ལྟར།"}}],[{"phrase":{"AT":"ཕན་ཚུན་བྱམས་པས་བསྲུང་ཞིང་གཅེས་ན།","KT":"ཕན་ཚུན་བྱམས་པས་བསྲུང་ཞིང་གཅེས་ན། ","CT":"ཕན་ཚུན་བྱམས་པས་བསྲུང་ཞིང་གཅེས་ན།"}}],[{"phrase":{"AT":"འཇིག་རྟེན་མི་ཡིས་ང་ཚོ་ཚང་མ་ནི།","KT":"འཇིག་རྟེན་མི་ཡིས་ང་ཚོ་ཚང་མ་ནི། ","CT":"འཇིག་རྟེན་མི་ཡིས་ང་ཚོ་ཚང་མ་ནི།"}}],[{"phrase":{"AT":"ཁོང་གི་རྗེས་འབྲང་བ།","KT":"ཁོང་གི་རྗེས་འབྲང་བ། ","CT":"ཁོང་གི་རྗེས་འབྲང་བ།"}}],[{"phrase":{"AT":"ཡིན་པ་ཤེས་པར་འགྱུར།","KT":"ཡིན་པ་ཤེས་པར་འགྱུར། ","CT":"ཡིན་པ་ཤེས་པར་འགྱུར།"}}],[{"phrase":{"AT":"ང་ཚོ་ཚང་མ་ཁྱིམ་ཚང་གཅིག་གི་མི་རེད། ༢","KT":"ང་ཚོ་ཚང་མ་ཁྱིམ་ཚང་གཅིག་གི་མི་རེད། ༢ ","CT":"ང་ཚོ་ཚང་མ་ཁྱིམ་ཚང་གཅིག་གི་མི་ཡིན།། ༢"}}]],"label":"verse 4","id":4}]},"metadata":[{"AT":"(ཁྱིམ་ཚང་གཅིག་གི་མི།)","KT":"undefined(ཁྱིམ་ཚང་གཅིག་གི་མི།) ","CT":"(ཁྱིམ་ཚང་གཅིག་གི་མི།)"},{"AT":"(གསུང་མགུར139 ཡི་མདོ1 དང 13-14། ཡོ་ཧ་ནན་གྱི་ལེའུ13གྱི་མདོ35།) AT08 106; KT06 108 ","KT":"(གསུང་མགུར139 ཡི་མདོ1 དང 13-14། ཡོ་ཧ་ནན་གྱི་ལེའུ13གྱི་མདོ35།) AT08 106; KT06 108 ","CT":"(གསུང་མགུར་139 ཨང་1 དང 13-14། ཡོ་ཧ་ནན་13 ཨང་35།) AT08 106; KT06 108 "}]}