{"title":{"AT":"146.ང་ཚོའི་དཀོན་མཆོག་ཡ་ཧོ་ཝཱ། ","KT":"undefined146. ང་ཚོའི་དཀོན་མཆོག་ཡ་ཧོ་ཝ། ","CT":"146.ང་ཚོའི་སྐྱབས་མགོན་ཡ་ཧོ་ཝཱ། "},"author":"*","key":"*","lyrics":{"Verse":[{"line":[[{"phrase":{"AT":"ང་ཚོའི་དཀོན་མཆོག་ཡ་ཧོ་ཝཱ།","KT":" ང་ཚོའི་དཀོན་མཆོག་ཡ་ཧོ་ཝ། ","CT":"ང་ཚོའི་སྐྱབས་མགོན་ཡ་ཧོ་ཝཱ།"}}],[{"phrase":{"AT":"ང་ཚོའི་སྨོན་ལམ་གསན་རོགས་གནང་། ","KT":"ང་ཚོའི་སྨོན་ལམ་གསན་རོགས་གནང་། ","CT":"ང་ཚོའི་སྨོན་ལམ་གསན་རོགས་གནང་། "}}],[{"phrase":{"AT":"ང་ཚོའི་དཀོན་མཆོག་ཡ་ཧོ་ཝཱ།","KT":"ང་ཚོའི་དཀོན་མཆོག་ཡ་ཧོ་ཝ། ","CT":"ང་ཚོའི་སྐྱབས་མགོན་ཡ་ཧོ་ཝཱ།"}}],[{"phrase":{"AT":"ང་ཚོའི་སྨོན་ལམ་གསན་རོགས་གནང་། ","KT":"ང་ཚོའི་སྨོན་ལམ་གསན་རོགས་གནང་། ","CT":"ང་ཚོའི་སྨོན་ལམ་གསན་རོགས་གནང་། "}}],[{"phrase":{"AT":"ང་ཚོ་མི་རིགས་ཀྱིས་བསགས་པའི་སྡིག་པ་རྣམས། ","KT":"ང་ཚོ་མི་རིགས་ཀྱིས་བསགས་པའི་སྡིག་པ་རྣམས། ","CT":"ང་ཚོའི་མི་རིགས་ཀྱི་བསགས་པའི་སྡིག་པ་རྣམས། "}}],[{"phrase":{"AT":"ཁ་བ་བཞིན་དུ་གཙང་མ་བཟོ་རོགས་གནང་།","KT":"ཁ་བ་བཞིན་དུ་གཙང་མ་བཟོ་རོགས་གནང་། ","CT":"གངས་དཀར་བཞིན་དུ་གཙང་མ་བཟོ་རོགས་གནང་།"}}],[{"phrase":{"AT":"ཉི་མ་ཤར་བ་ལྟར་ང་ཚོའི་མི་རིགས་ལ།","KT":"ཉི་མ་ཤར་བ་ལྟར་ང་ཚོའི་མི་རིགས་ལ། ","CT":"ཉི་མ་ཤར་བ་ལྟར་ང་ཚོའི་མི་རིགས་ལ།"}}],[{"phrase":{"AT":"ཁྱེད་ཀྱི་དམ་པའི་འོད་འཕྲོ་བར་ཤོག","KT":"ཁྱེད་ཀྱི་དམ་པའི་འོད་འཕྲོ་བར་ཤོག ","CT":"ཁྱེད་ཀྱི་དམ་པའི་འོད་འཕྲོ་བར་ཤོག"}}],[{"phrase":{"AT":"ངས་སྨོན་ལམ་ཞུ་རྒྱུ་ཡིན། ཁྱེད་ལ་ཞུ་རྒྱུ་ཡིན།","KT":"ངས་སྨོན་ལམ་ཞུ་རྒྱུ་ཡིན། ཁྱེད་ལ་ཞུ་རྒྱུ་ཡིན། ","CT":"ངས་སྨོན་ལམ་ཞུ་གི་ཡིན། ཁྱེད་ལ་ཞུ་གི་ཡིན།"}}],[{"phrase":{"AT":"ཁྱེད་ཀྱི་རྒྱལ་སྲིད་ངའི་ཕ་ཡུལ་ལ་བསླེབ་རག་བར་དུ།","KT":"ཁྱེད་ཀྱི་རྒྱལ་སྲིད་ངའི་ཕ་ཡུལ་ལ་མ་བསླེབ་བར་དུ། ","CT":"ཁྱེད་ཀྱི་རྒྱལ་སྲིད་ངའི་ཕ་ཡུལ་ལ་མ་ཡོང་བའི་བར་དུ།"}}],[{"phrase":{"AT":"ངས་སྨོན་ལམ་ཞུ་རྒྱུ་ཡིན། ཁྱེད་ལ་ཞུ་རྒྱུ་ཡིན།","KT":"ངས་སྨོན་ལམ་ཞུ་རྒྱུ་ཡིན། ཁྱེད་ལ་ཞུ་རྒྱུ་ཡིན། ","CT":"ངས་སྨོན་ལམ་ཞུ་གི་ཡིན། ཁྱེད་ལ་ཞུ་གི་ཡིན།"}}],[{"phrase":{"AT":"ཁྱེད་ཀྱི་ཞི་བདེ་ངའི་ཕ་ཡུལ་ལ་བསླེབ་རག་བར་དུ།","KT":"ཁྱེད་ཀྱི་ཞི་བདེ་ངའི་ཕ་ཡུལ་ལ་མ་བསླེབ་བར་དུ། ","CT":"ཁྱེད་ཀྱི་ཞི་བདེ་ངའི་ཕ་ཡུལ་ལ་མ་ཡོང་བའི་བར་དུ།"}}]],"label":"verse 1","id":1},{"line":[[{"phrase":{"AT":"ང་ཚོའི་དཀོན་མཆོག་ཡ་ཧོ་ཝཱ།","KT":" ང་ཚོའི་དཀོན་མཆོག་ཡ་ཧོ་ཝ། ","CT":"ང་ཚོའི་སྐྱབས་མགོན་ཡ་ཧོ་ཝཱ།"}}],[{"phrase":{"AT":"ང་ཚོའི་སྨོན་ལམ་གསན་རོགས་གནང་། ","KT":"ང་ཚོའི་སྨོན་ལམ་གསན་རོགས་གནང་། ","CT":"ང་ཚོའི་སྨོན་ལམ་གསན་རོགས་གནང་། "}}],[{"phrase":{"AT":"ང་ཚོའི་དཀོན་མཆོག་ཡ་ཧོ་ཝཱ།","KT":"ང་ཚོའི་དཀོན་མཆོག་ཡ་ཧོ་ཝ། ","CT":"ང་ཚོའི་སྐྱབས་མགོན་ཡ་ཧོ་ཝཱ།"}}],[{"phrase":{"AT":"ང་ཚོའི་སྨོན་ལམ་གསན་རོགས་གནང་། ","KT":"ང་ཚོའི་སྨོན་ལམ་གསན་རོགས་གནང་། ","CT":"ང་ཚོའི་སྨོན་ལམ་གསན་རོགས་གནང་། "}}],[{"phrase":{"AT":"དཔྱིད་ཀའི་མེ་ཏོག་ལྟར་ང་ཚོའི་ཕ་ཡུལ་ལ།","KT":"དཔྱིད་ཀའི་མེ་ཏོག་ལྟར་ང་ཚོའི་ཕ་ཡུལ་ལ། ","CT":"དཔྱིད་ཀའི་མེ་ཏོག་ལྟར་ང་ཚོའི་ཕ་ཡུལ་ལ།"}}],[{"phrase":{"AT":"ཁྱེད་ཀྱི་རེ་བའི་འཆར་གཞི་གནང་བར་ཤོག","KT":"ཁྱེད་ཀྱི་རེ་བའི་འཆར་གཞི་གནང་བར་ཤོག ","CT":"ཁྱེད་ཀྱི་རེ་བའི་འཆར་གཞི་གནང་བར་ཤོག"}}],[{"phrase":{"AT":"ནམ་མཁའི་རྒོད་པོ་ལྟར་ང་ཡི་སེམས་ལ།","KT":"undefinedནམ་མཁའི་རྒོད་པོ་ལྟར་ང་ཡི་སེམས་ལ། ","CT":"ནམ་མཁའི་གོ་བོ་ལྟར་ང་ཡི་སེམས་ལ།"}}],[{"phrase":{"AT":"ཁྱེད་ཀྱི་སྟོབས་ཤུགས་གནང་བར་ཤོག ","KT":"ཁྱེད་ཀྱི་སྟོབས་ཤུགས་གནང་བར་ཤོག ","CT":"ཁྱེད་ཀྱི་སྟོབས་ཤུགས་གནང་བར་ཤོག "}}],[{"phrase":{"AT":"ངས་སྨོན་ལམ་ཞུ་རྒྱུ་ཡིན། ཁྱེད་ལ་ཞུ་རྒྱུ་ཡིན།","KT":"ངས་སྨོན་ལམ་ཞུ་རྒྱུ་ཡིན། ཁྱེད་ལ་ཞུ་རྒྱུ་ཡིན། ","CT":"ངས་སྨོན་ལམ་ཞུ་གི་ཡིན། ཁྱེད་ལ་ཞུ་གི་ཡིན།"}}],[{"phrase":{"AT":"ཁྱེད་ཀྱི་རྒྱལ་སྲིད་ངའི་ཕ་ཡུལ་ལ་བསླེབ་རག་བར་དུ།","KT":"ཁྱེད་ཀྱི་རྒྱལ་སྲིད་ངའི་ཕ་ཡུལ་ལ་མ་བསླེབ་བར་དུ། ","CT":"ཁྱེད་ཀྱི་རྒྱལ་སྲིད་ངའི་ཕ་ཡུལ་ལ་མ་ཡོང་བའི་བར་དུ།"}}],[{"phrase":{"AT":"ངས་སྨོན་ལམ་ཞུ་རྒྱུ་ཡིན། ཁྱེད་ལ་ཞུ་རྒྱུ་ཡིན།","KT":"ངས་སྨོན་ལམ་ཞུ་རྒྱུ་ཡིན། ཁྱེད་ལ་ཞུ་རྒྱུ་ཡིན། ","CT":"ངས་སྨོན་ལམ་ཞུ་གི་ཡིན། ཁྱེད་ལ་ཞུ་གི་ཡིན།"}}],[{"phrase":{"AT":"ཁྱེད་ཀྱི་ཞི་བདེ་ངའི་ཕ་ཡུལ་ལ་བསླེབ་རག་བར་དུ།","KT":"ཁྱེད་ཀྱི་ཞི་བདེ་ངའི་ཕ་ཡུལ་ལ་མ་བསླེབ་བར་དུ། ","CT":"ཁྱེད་ཀྱི་ཞི་བདེ་ངའི་ཕ་ཡུལ་ལ་མ་ཡོང་བའི་བར་དུ།།"}}]],"label":"verse 2","id":2}]},"metadata":[{"AT":"(ང་ཚོའི་སྨོན་ལམ།)","KT":"undefined(ང་ཚོའི་སྨོན་ལམ།) ","CT":"(ང་ཚོའི་སྨོན་ལམ།)"},{"AT":"(འཇིགས་མེད་ཀྱིས་བརྩམས་པའི་བསྟོད་དབྱངས།)","KT":"(འཇིགས་མེད་ཀྱིས་བརྩམས་པའི་བསྟོད་དབྱངས།) ","CT":"(འཇིགས་མེད་ཀྱིས་བརྩམས་པའི་བསྟོད་དབྱངས།)"}]}