{"title":{"AT":"147.ང་ཚོའི་ཐར་ལམ་གང་ཡིན་ནམ།","KT":"147. ང་ཚོའི་ཐར་ལམ་གང་ཡིན་ནམ། ","CT":"147.ང་ཚོའི་ཐར་ལམ་གང་ཡིན་ནམ།"},"author":"*","key":"*","lyrics":{"Verse":[{"line":[[{"phrase":{"AT":"དྲི༡།ང་ཚོའི་ཐར་ལམ་གང་ཡིན་ནམ།","KT":"དྲི༡། ང་ཚོའི་ཐར་ལམ་གང་ཡིན་ནམ། ","CT":"དྲི་༡།ང་ཚོའི་ཐར་ལམ་གང་ཡིན་ནམ།"}}],[{"phrase":{"AT":"ང་ཚོའི་སྐྱབས་མགོན་སུ་ཡིན་ནམ།","KT":"ང་ཚོའི་སྐྱབས་མགོན་སུ་ཡིན་ནམ། ","CT":"ང་ཚོའི་སྐྱབས་མགོན་སུ་ཡིན་ནམ།"}}],[{"phrase":{"AT":"རེ་བའི་མི་ཚེ་གང་ནས་ཡོང་།","KT":"རེ་བའི་མི་ཚེ་གང་ནས་ཡོང་། ","CT":"རེ་བའི་མི་ཚེ་གང་ནས་ཡོང་།"}}],[{"phrase":{"AT":"ཁྱེད་ཀྱིས་ང་ལ་་་་གསུངས་དང་།","KT":"ཁྱེད་ཀྱིས་ང་ལ་་་་གསུངས་དང་། ","CT":"ཁྱེད་ཀྱིས་ང་ལ་་་་གསུངས་དང་།"}}],[{"phrase":{"AT":"ལན༡།སྡིག་པ་རྣམས་ནས་ཐར་བའི་ལམ།","KT":"ལན༡། སྡིག་པ་རྣམས་ནས་ཐར་བའི་ལམ། ","CT":"ལེན་༡།སྡིག་པ་རྣམས་ནས་ཐར་ལམ།"}}],[{"phrase":{"AT":"སྐྱབས་མགོན་གཙོ་བོ་ཡེ་ཤུ་ཡིན། ","KT":"སྐྱབས་མགོན་གཙོ་བོ་ཡེ་ཤུ་ཡིན། ","CT":"སྐྱབས་མགོན་གཙོ་བོ་ཡེ་ཤུ་ཡིན། "}}],[{"phrase":{"AT":"ཐར་བའི་དགའ་སྤྲོ་ཐོབ་པའི་ཆེད། ","KT":"ཐར་བའི་དགའ་སྤྲོ་ཐོབ་པའི་ཆེད། ","CT":"ཐར་པའི་དགའ་སྤྲོ་ཐོབ་པའི་ཆེད། "}}],[{"phrase":{"AT":"ཁོང་ལ་དད་པ་་་་བྱོས་དང་།","KT":"ཁོང་ལ་དད་པ་་་་བྱོས་དང་། ","CT":"ཁོང་ལ་དད་པ་་་་བྱེད་དང་།"}}],[{"phrase":{"AT":"དྲི༢།ང་ཚོའི་ཞི་བདེ་གང་ནས་ཡོང་།","KT":"དྲི༢། ང་ཚོའི་ཞི་བདེ་གང་ནས་ཡོང་། ","CT":"དྲི་༢།ང་ཚོའི་ཞི་བདེ་གང་ནས་ཡོང་།"}}],[{"phrase":{"AT":"ང་ཚོའི་རྒྱལ་པོ་སུ་ཡིན་ནམ། ","KT":"ང་ཚོའི་རྒྱལ་པོ་སུ་ཡིན་ནམ། ","CT":"ང་ཚོའི་རྒྱལ་པོ་སུ་ཡིན་ནམ། "}}],[{"phrase":{"AT":"རེ་བའི་མི་ཚེ་གང་ནས་ཡོང་།","KT":"རེ་བའི་མི་ཚེ་གང་ནས་ཡོང་། ","CT":"རེ་བའི་མི་ཚེ་གང་ནས་ཡོང་།"}}],[{"phrase":{"AT":"ཁྱེད་ཀྱིས་ང་ལ་་་་གསུངས་དང་།","KT":"ཁྱེད་ཀྱིས་ང་ལ་་་་གསུངས་དང་། ","CT":"ཁྱེད་ཀྱིས་ང་ལ་་་་གསུངས་དང་།"}}],[{"phrase":{"AT":"ལན༢།ང་ཚོའི་ཞི་བདེའི་རྒྱལ་པོ། ","KT":"undefinedལན༢། ང་ཚོའི་ཞི་བདེའི་རྒྱལ་པོ། ","CT":"ལེན་༢།ང་ཚོའི་ཞི་བདེའི་རྒྱལ་པོ། "}}],[{"phrase":{"AT":"སྐྱབས་མགོན་གཙོ་བོ་ཡེ་ཤུ་ཡིན། ","KT":"སྐྱབས་མགོན་གཙོ་བོ་ཡེ་ཤུ་ཡིན། ","CT":"སྐྱབས་མགོན་གཙོ་བོ་ཡེ་ཤུ་ཡིན། "}}],[{"phrase":{"AT":"ཐར་བའི་དགའ་སྤྲོ་ཐོབ་པའི་ཆེད། ","KT":"ཐར་བའི་དགའ་སྤྲོ་ཐོབ་པའི་ཆེད། ","CT":"ཐར་པའི་དགའ་སྤྲོ་ཐོབ་པའི་ཆེད། "}}],[{"phrase":{"AT":"ཁོང་ལ་དད་པ་་་་བྱོས་དང་།","KT":"ཁོང་ལ་དད་པ་་་་བྱོས་དང་། ","CT":"ཁོང་ལ་དད་པ་་་་བྱེད་དང་།"}}],[{"phrase":{"AT":"དྲི༣།ང་ཚོའི་སེམས་ཤུགས་གང་ནས་ཡོང་།","KT":"དྲི༣། ང་ཚོའི་སེམས་ཤུགས་གང་ནས་ཡོང་། ","CT":"དྲི་༣།ང་ཚོའི་སེམས་ཤུགས་གང་ནས་ཡོང་།"}}],[{"phrase":{"AT":"ང་ཚོའི་སྡོངས་གྲོགས་སུ་ཡིན་ནམ། ","KT":"ང་ཚོའི་སྡོངས་གྲོགས་སུ་ཡིན་ནམ། ","CT":"ང་ཚོའི་རོགས་པ་སུ་ཡིན་ནམ། "}}],[{"phrase":{"AT":"རེ་བའི་མི་ཚེ་གང་ནས་ཡོང་། ","KT":"རེ་བའི་མི་ཚེ་གང་ནས་ཡོང་། ","CT":"རེ་བའི་མི་ཚེ་གང་ནས་ཡོང་། "}}],[{"phrase":{"AT":"ཁྱེད་ཀྱིས་ང་ལ་་་་གསུངས་དང་།","KT":"ཁྱེད་ཀྱིས་ང་ལ་་་་གསུངས་དང་། ","CT":"ཁྱེད་ཀྱིས་ང་ལ་་་་གསུངས་དང་།"}}],[{"phrase":{"AT":"ལན༣།སེམས་ཤུགས་གནང་བའི་སྡོངས་གྲོགས།","KT":"ལན༣། སེམས་ཤུགས་གནང་བའི་སྡོངས་གྲོགས། ","CT":"ལེན་༣།སེམས་ཤུགས་གནང་བའི་རོགས་པ།"}}],[{"phrase":{"AT":"སྐྱབས་མགོན་གཙོ་བོ་ཡེ་ཤུ་ཡིན། ","KT":"སྐྱབས་མགོན་གཙོ་བོ་ཡེ་ཤུ་ཡིན། ","CT":"སྐྱབས་མགོན་གཙོ་བོ་ཡེ་ཤུ་ཡིན། "}}],[{"phrase":{"AT":"ཐར་བའི་དགའ་སྤྲོ་ཐོབ་པའི་ཆེད། ","KT":"ཐར་བའི་དགའ་སྤྲོ་ཐོབ་པའི་ཆེད། ","CT":"ཐར་པའི་དགའ་སྤྲོ་ཐོབ་པའི་ཆེད། "}}],[{"phrase":{"AT":"ཁོང་ལ་དད་པ་་་་བྱོས་དང་། ༣ ","KT":"ཁོང་ལ་དད་པ་་་་བྱོས་དང་། ༣ ","CT":"ཁོང་ལ་དད་པ་་་་བྱེད་དང་།། ༣ "}}]],"label":"verse 1","id":1}]},"metadata":[{"AT":"(རིན་ཆེན་དང་འཇིགས་མེད། བློ་རྣམ་གསུམ་གྱིས་བརྩམས་པའི་བསྟོད་དབྱངས།) ","KT":"undefined(རིན་ཆེན་དང་འཇིགས་མེད། བློ་རྣམ་གསུམ་གྱིས་བརྩམས་པའི་བསྟོད་དབྱངས།) ","CT":"(རིན་ཆེན་དང་འཇིགས་མེད། བློ་རྣམ་གསུམ་གྱིས་བརྩམས་པའི་བསྟོད་དབྱངས།) "}]}