{"title":{"AT":"148.ང་ཚོ་རྒྱལ་ཁྲིའི་དྲུང་དུ།","KT":"148. ང་ཚོ་རྒྱལ་ཁྲིའི་དྲུང་དུ། ","CT":"148.ང་ཚོས་རྒྱལ་ཁྲིའི་དྲུང་དུ།"},"author":"*","key":"*","lyrics":{"Verse":[{"line":[[{"phrase":{"AT":"       (ལྷོ་ཁྲའོ་ཤན་གྱི་བསྟོད་དབྱངས།) TP 19","KT":"undefined(ལྷོ་ཁྲའོ་ཤན་གྱི་བསྟོད་དབྱངས།) TP 19 ","CT":"(ལྷོ་ཁྲའོ་ཤན་གྱི་བསྟོད་དབྱངས།) TP 19"}}],[{"phrase":{"AT":"ང་ཚོ་རྒྱལ་ཁྲིའི་དྲུང་དུ་འཛོམས་བྱུང་།","KT":"ང་ཚོ་རྒྱལ་ཁྲིའི་དྲུང་དུ་འཛོམས་བྱུང་། ","CT":"ང་ཚོས་རྒྱལ་ཁྲིའི་དྲུང་དུ་འཛོམས་སོང་།"}}],[{"phrase":{"AT":"མཉམ་དུ་གཙོ་བོ་ལ་བསྟོད་དབྱངས་འབུལ།","KT":"མཉམ་དུ་གཙོ་བོ་ལ་བསྟོད་དབྱངས་འབུལ། ","CT":"མཉམ་དུ་གཙོ་བོ་ལ་བསྟོད་དབྱངས་ཕུལ།"}}],[{"phrase":{"AT":"དཀོན་མཆོག་གི་བྱམས་པས་ཁོང་གི་སྲས་ཡེ་ཤུ་གནང་བྱུང་།","KT":"དཀོན་མཆོག་གི་བྱམས་པས་ཁོང་གི་སྲས་ཡེ་ཤུ་གནང་བྱུང་། ","CT":"དཀོན་མཆོག་གི་བྱམས་པས་ཁོང་གི་སྲས་ཡེ་ཤུ་གནང་བྱུང་།"}}],[{"phrase":{"AT":"ཁོང་གི་སྐུ་ཁྲག་གིས་སྡིག་སེལ་གནང་སོང་།","KT":"ཁོང་གི་སྐུ་ཁྲག་གིས་སྡིག་སེལ་གནང་སོང་། ","CT":"ཁོང་གི་སྐུ་ཁྲག་གིས་སྡིག་སེལ་གནང་སོང་།"}}],[{"phrase":{"AT":"ཤིང་རྒྱ་གྲམ་སྟེང་གནང་བའི་བྱམས་པ་དེ།","KT":"ཤིང་རྒྱ་གྲམ་སྟེང་གནང་བའི་བྱམས་པ་དེ། ","CT":"རྒྱངས་ཤིང་ཁ་རུ་གནང་བའི་བྱམས་པོ་དེས།"}}],[{"phrase":{"AT":"གཙང་པོ་ནང་བཞིན་ས་གཞི་ཀུན་ཏུ་བཞུར།","KT":"གཙང་པོ་ནང་བཞིན་ས་གཞི་ཀུན་ཏུ་རྒྱུག ","CT":"གཙང་པོ་ནང་བཞིན་ས་གཞི་ཀུན་དུ་རྒྱུག "}}],[{"phrase":{"AT":"undefinedམི་རྒྱུད་དང་མི་སྡེ་མི་རིགས་སྐད་རིགས་ཐམས་ཅད།","KT":"undefinedམི་རྒྱུད་དང་མི་སྡེ་མི་རིགས་སྐད་རིགས་ཐམས་ཅད། ","CT":"མི་བརྒྱུད་དང་སྡེ་དང་མི་རིགས་སྐད་རིགས་ཐམས་ཅད།"}}],[{"phrase":{"AT":"ཐར་བ་ཐོབ་ནས་གཙོ་བོ་ལ་བསྟོད་དབྱངས་འབུལ།","KT":"ཐར་བ་ཐོབ་ནས་གཙོ་བོ་ལ་བསྟོད་དབྱངས་འབུལ། ","CT":"ཐར་པ་ཐོབ་ནས་གཙོ་བོ་ལ་བསྟོད་དབྱངས་ཕུལ།"}}],[{"phrase":{"AT":"ཐར་བ་ནི་རྒྱལ་ཁྲིར་བཞུགས་པའི།","KT":"ཐར་བ་ནི་རྒྱལ་ཁྲིར་བཞུགས་པའི། ","CT":"ཐར་པ་ནི་རྒྱལ་ཁྲིར་བཞུགས་པའི།"}}],[{"phrase":{"AT":"ང་ཚོའི་དཀོན་མཆོག་དང་ཡེ་ཤུ་ནས་བྱུང་ངོ་།།","KT":"ང་ཚོའི་དཀོན་མཆོག་དང་ཡེ་ཤུ་ནས་བྱུང་ངོ་། ","CT":"ང་ཚོའི་དཀོན་མཆོག་དང་ཡེ་ཤུ་ནས་བྱུང་ངོ་།"}}],[{"phrase":{"AT":"ཐར་བ་ནི་རྒྱལ་ཁྲིར་བཞུགས་པའི།","KT":"ཐར་བ་ནི་རྒྱལ་ཁྲིར་བཞུགས་པའི། ","CT":"ཐར་པ་ནི་རྒྱལ་ཁྲིར་བཞུགས་པའི།"}}],[{"phrase":{"AT":"ང་ཚོའི་དཀོན་མཆོག་དང་ཡེ་ཤུ་ནས་བྱུང་ངོ་།།","KT":"ང་ཚོའི་དཀོན་མཆོག་དང་ཡེ་ཤུ་ནས་བྱུང་ངོ་།། ","CT":"ང་ཚོའི་དཀོན་མཆོག་དང་ཡེ་ཤུ་ནས་བྱུང་ངོ་།།"}}]],"label":"verse 1","id":1}]},"metadata":[]}