{"title":{"AT":"149.ང་ཚོས་འདི་ནས་ཁྱེད་ལ་བསྟོད་དབྱངས་འབུལ།","KT":"149. ང་ཚོས་འདི་ནས་ཁྱེད་ལ་བསྟོད་དབྱངས་འབུལ། ","CT":"149.ང་ཚོས་འདི་ནས་ཁྱེད་ལ་བསྟོད་དབྱངས་འབུལ།"},"author":"*","key":"*","lyrics":{"Verse":[{"line":[[{"phrase":{"AT":"       (ཨ་མདོའི་བསྟོད་དབྱངས།) AT08 115; KT06 117","KT":"undefined(ཨ་མདོའི་བསྟོད་དབྱངས།) AT08 115; KT06 117 ","CT":"(ཨ་མདོའི་བསྟོད་དབྱངས།) AT08 115; KT06 117"}}],[{"phrase":{"AT":"ང་ཚོས་འདི་ནས་ཁྱེད་ལ་བསྟོད་དབྱངས་འབུལ། ༢","KT":"ང་ཚོས་འདི་ནས་ཁྱེད་ལ་བསྟོད་དབྱངས་འབུལ། ༢ ","CT":"ང་ཚོས་འདི་ནས་ཁྱེད་ལ་བསྟོད་དབྱངས་འབུལ། ༢"}}],[{"phrase":{"AT":"སྐོར་བྲོ་ལྡིང་ནས་བསྟོད་དབྱངས་འབུལ།","KT":"སྐོར་བྲོ་འཁྲབས་ནས་བསྟོད་དབྱངས་འབུལ། ","CT":"ཞབས་བྲོ་བརྒྱབ་ནས་བསྟོད་དབྱངས་འབུལ།།"}}]],"label":"verse 1","id":1}]},"metadata":[]}