{"title":{"AT":"15.ཁྱོད་ཀྱིས་ཡེ་ཤུ་ལ་དད་པ་བྱེད་དམ།","KT":"15. ཁྱོད་ཀྱིས་ཡེ་ཤུ་ལ་དད་པ་བྱེད་དམ། ","CT":"15.ཁྱེད་ཡེ་ཤུ་ལ་དད་པ་བྱེད་དམ།"},"author":"*","key":"*","lyrics":{"Verse":[{"line":[[{"phrase":{"AT":"ྱོད་ཀྱིས་ཡེ་ཤུ་ལ་དད་པ་བྱེད་དམ།","KT":"ཁྱོད་ཀྱིས་ཡེ་ཤུ་ལ་དད་པ་བྱེད་དམ། ","CT":"ྱེད་ཡེ་ཤུ་ལ་དད་པ་བྱེད་དམ།"}}],[{"phrase":{"AT":"ཁྱོད་ལ་སེམས་གསར་བ་ཐོབ་བམ།","KT":"ཁྱོད་ལ་སེམས་གསར་པ་ཐོབ་བམ། ","CT":"ཁྱེད་ལ་སེམས་གསར་པ་ཐོབ་བམ།"}}],[{"phrase":{"AT":"ཁྱོད་ཀྱི་མིང་ནམ་མཁའ་ལ་ཡོད་དམ།","KT":"ཁྱོད་ཀྱི་མིང་ནམ་མཁའ་ལ་ཡོད་དམ། ","CT":"ཁྱེད་ཀྱི་མིང་ནམ་མཁའ་ལ་ཡོད་དམ།"}}],[{"phrase":{"AT":"ཁྱོད་དེ་རུ་གནས་པར་འགྱུར་རམ།","KT":"ཁྱོད་དེ་ན་གནས་པར་འགྱུར་རམ། ","CT":"ཁྱེད་དེ་ན་གནས་པར་འགྱུར་རམ།"}}],[{"phrase":{"AT":"ཁྱོད་ལ་སེམས་གསར་བ་དགོས་ན་ལེན་དུ་ཤོག ","KT":"ཁྱོད་ལ་སེམས་གསར་པ་དགོས་ན་ལེན་ལ་ཤོག། ","CT":"ཁྱེད་ལ་སེམས་གསར་པ་དགོས་ན་ལེན་ལ་ཤོག །"}}]],"label":"verse 1","id":1},{"line":[[{"phrase":{"AT":"ྱོད་ནི་སྔར་བཞིན་ངོ་ཚ་དང་བྲལ་ནས།","KT":"ཁྱོད་ནི་སྔར་བཞིན་ངོ་ཚ་དང་བྲལ་ནས། ","CT":"་དུང་ཁྱེད་ནི་ངོ་ཚ་མེད་པར།"}}],[{"phrase":{"AT":"སྡིག་པའི་དོན་ལ་ཡིད་སེམས་སྤྲོ་ཞིང་།","KT":"སྡིག་པའི་དོན་ལ་ཡིད་སེམས་སྤྲོ་ཞིང་། ","CT":"སྡིག་པ་ལ་དགའ་གི་ཡོད་འགྲོ།"}}],[{"phrase":{"AT":"ཚེ་ཕྱི་མ་ཡང་བརྗེད་པར་འགྱུར་འགྲོ།","KT":"ཚེ་ཕྱི་མ་ཡང་བརྗེད་པར་འགྱུར་འགྲོ། ","CT":"ཚེ་ཕྱི་མ་ཡང་བརྗེད་པ་ཡིན་འགྲོ།"}}],[{"phrase":{"AT":"དེའི་ཕྱིར་ངས་ཁྱོད་ལ་སྐུལ་དགོས།","KT":"དེའི་ཕྱིར་ངས་ཁྱོད་ལ་སྐུལ་དགོས། ","CT":"དེའི་ཕྱིར་ངས་ཁྱེད་ལ་སྐུལ་དགོས།"}}],[{"phrase":{"AT":"ཡེ་ཤུ་ནས་སེམས་གསར་བ་འདི་ལེན་དུ་ཤོག ","KT":"ཡེ་ཤུ་ནས་སེམས་གསར་པ་འདི་ལེན་ལ་ཤོག། ","CT":"ཡེ་ཤུ་ནས་སེམས་གསར་པ་འདི་ལེན་ལ་ཤོག །"}}]],"label":"verse 2","id":2},{"line":[[{"phrase":{"AT":"འོ་ན་སྡིག་པའི་འབྲས་བུ་དེ་ནི།","KT":" འོ་ན་སྡིག་པའི་འབྲས་བུ་དེ་ནི། ","CT":"འོ་ན་སྡིག་པའི་འབྲས་བུ་དེ་ནི།"}}],[{"phrase":{"AT":"སེམས་ཀྱི་འཆི་བ་དངོས་དེ་ཡིན། ","KT":"སེམས་ཀྱི་འཆི་བ་ངོ་མ་ཡིན། ","CT":"སེམས་ཀྱི་འཆི་བ་དངོས་གནས་ཡིན། "}}],[{"phrase":{"AT":"ཡེ་ཤུས་གནང་བའི་ཚེ་སྲོག་མེད་ན། ","KT":"ཡེ་ཤུས་གནང་བའི་ཚེ་སྲོག་མེད་ན། ","CT":"ཡེ་ཤུས་གནང་བའི་ཚེ་སྲོག་མེད་ན། "}}],[{"phrase":{"AT":"ཁྱོད་ནི་འཆི་བར་འགྱུར་ངེས་ཡིན་ནོ།། ","KT":"ཁྱོད་ནི་འཆི་བར་འགྱུར་ངེས་ཡིན་ནོ།། ","CT":"ཁྱེད་རྒྱུན་དུ་འཆི་བར་འགྱུར་རོ། "}}],[{"phrase":{"AT":"མཐའ་མེད་པའི་སྲོག་དེ་ལེན་དུ་མགྱོགས་པོར་ཤོག ","KT":"མཐའ་མེད་པའི་སྲོག་དེ་ལེན་དུ་མགྱོགས་པོར་ཤོག། ","CT":"མཐའ་མེད་པའི་སྲོག་དེ་ལེན་ལ་མགྱོགས་པོ་ཤོག །"}}]],"label":"verse 3","id":3},{"line":[[{"phrase":{"AT":"ཡེ་ཤུ་ང་ཡི་བྱམས་པའི་སྐྱབས་མགོན།","KT":" ཡེ་ཤུ་ང་ཡི་བྱམས་པའི་སྐྱབས་མགོན། ","CT":"ཡེ་ཤུ་ང་ཡི་བྱམས་པའི་སྐྱབས་མགོན།"}}],[{"phrase":{"AT":"ང་ཡི་སྡིག་པ་བསལ་རོགས་གནང་།","KT":"ང་ཡི་སྡིག་པ་བསལ་རོགས་གནང་། ","CT":"ང་ཡི་སྡིག་པ་སེལ་རོགས་གནང་།"}}],[{"phrase":{"AT":"ང་ལ་སེམས་གསར་བ་ཞིག་གནང་ཞིང་།","KT":"ང་ལ་སེམས་གསར་པ་ཞིག་གནང་ཞིང་། ","CT":"ང་ལ་སེམས་གསར་པ་ཞིག་གནང་ཞིང་།"}}],[{"phrase":{"AT":"མཐའ་མེད་པའི་སྲོག་གནང་བར་མཛོད།","KT":"མཐའ་མེད་པའི་སྲོག་གནང་རོགས་གནང་། ","CT":"མཐའ་མེད་པའི་སྲོག་གནང་རོགས་གནང་།"}}],[{"phrase":{"AT":"འདི་ལྟར་ཡེ་ཤུ་ལ་ཞུས་ན་འཐོབ་ཡོང་ངོ་།།","KT":"འདི་འདྲས་ཡེ་ཤུ་ལ་ཞུས་ན་འཐོབ་ཡོང་ངོ་།། ","CT":"འདི་འདྲས་ཡེ་ཤུ་ལ་ཞུ་ན་ཐོབ་ཡོང་ངོ་།།"}}]],"label":"verse 4","id":4}]},"metadata":[{"AT":"(བོད་པའི་བསྟོད་དབྱངས།) DG 02","KT":"(བོད་པའི་བསྟོད་དབྱངས།) DG 02 ","CT":"(བོད་པའི་བསྟོད་དབྱངས།) DG 02"}]}