{"title":{"AT":"150.ང་ཡི་དཀོན་མཆོག་ངས་ཁྱེད་ལ་བསྟོད།","KT":"150. ང་ཡི་དཀོན་མཆོག་ངས་ཁྱེད་ལ་བསྟོད། ","CT":"150.ང་ཡི་དཀོན་མཆོག་ངས་ཁྱེད་ལ་བསྟོད།"},"author":"*","key":"*","lyrics":{"Verse":[{"line":[[{"phrase":{"AT":"ང་ཡི་དཀོན་མཆོག་ངས་ཁྱེད་ལ་བསྟོད།","KT":"ང་ཡི་དཀོན་མཆོག་ངས་ཁྱེད་ལ་བསྟོད། ","CT":"ང་ཡི་དཀོན་མཆོག་ངས་ཁྱེད་ལ་བསྟོད།"}}],[{"phrase":{"AT":"ང་རང་སེམས་གཏིང་ནས་ཁྱེད་ལ་དགའ།","KT":"ང་རང་སེམས་གཏིང་ནས་ཁྱེད་ལ་དགའ། ","CT":"ང་རང་སེམས་གཏིང་ནས་ཁྱེད་ལ་དགའ།"}}],[{"phrase":{"AT":"ཁྱེད་ཀྱི་བཞུགས་ཁྲི་མདུན་དུ།","KT":"ཁྱེད་ཀྱི་བཞུགས་ཁྲི་མདུན་དུ། ","CT":"ཁྱེད་ཀྱི་བཞུགས་ཁྲི་མདུན་དུ།"}}],[{"phrase":{"AT":"ངས་ཁྱེད་ཀྱི་བཀའ་དྲིན་དྲན་བྱུང་།","KT":"ངས་ཁྱེད་ཀྱི་བཀའ་དྲིན་དྲན་བྱུང་། ","CT":"ངས་ཁྱེད་ཀྱི་བཀའ་དྲིན་དྲན་བྱུང་།"}}],[{"phrase":{"AT":"ང་ཡིས་སེམས་ནས་ཁྱེད་ལ་བསྟོད་པ་འབུལ།","KT":"ང་ཡིས་སེམས་ནས་ཁྱེད་ལ་བསྟོད་པ་འབུལ། ","CT":"ང་ཡིས་སེམས་ནས་ཁྱེད་ལ་བསྟོད་པ་འབུལ།"}}],[{"phrase":{"AT":"ཁྱེད་ནི་ངའི་ཡིད་སེམས་ཀྱི་འདོད་མོས།","KT":"ཁྱེད་ནི་ངའི་ཡིད་སེམས་ཀྱི་འདོད་མོས། ","CT":"ཁྱེད་ནི་ངའི་ཡིད་སེམས་ཀྱི་འདོད་མོས།"}}],[{"phrase":{"AT":"ཁྱེད་ནི་ངའི་དགའ་སྤྲོ་ཁོ་ན་ཡིན།","KT":"ཁྱེད་ནི་ངའི་དགའ་སྤྲོ་ཁོ་ན་ཡིན། ","CT":"ཁྱེད་ནི་ངའི་དགའ་སྤྲོ་ཁོ་ན་ཡིན།"}}],[{"phrase":{"AT":"ཁྱེད་ཀྱི་བཞུགས་ཁྲི་མདུན་དུ།","KT":"undefinedཁྱེད་ཀྱི་བཞུགས་ཁྲི་མདུན་དུ། ","CT":"ཁྱེད་ཀྱི་བཞུགས་ཁྲི་མདུན་དུ།"}}],[{"phrase":{"AT":"ངས་ཁྱེད་ཀྱི་བཀའ་དྲིན་དྲན་བྱུང་།","KT":"ངས་ཁྱེད་ཀྱི་བཀའ་དྲིན་དྲན་བྱུང་། ","CT":"ངས་ཁྱེད་ཀྱི་བཀའ་དྲིན་དྲན་བྱུང་།"}}],[{"phrase":{"AT":"ང་ཡི་དཀོན་མཆོག་ངས་ཁྱེད་ལ་བསྟོད།","KT":"ང་ཡི་དཀོན་མཆོག་ངས་ཁྱེད་ལ་བསྟོད། ","CT":"ང་ཡི་དཀོན་མཆོག་ངས་ཁྱེད་ལ་བསྟོད།།"}}]],"label":"verse 1","id":1}]},"metadata":[{"AT":"(我的神我敬拜你 ཞེས་པའི་རྒྱ་རིགས་ཀྱི་བསྟོད་དབྱངས།) AT08 117; KT06 118","KT":"undefined(我集敬我神的我 ཞེས་པའི་རྒྱ་རིགས་ཀྱི་བསྟོད་དབྱངས།) AT08 117; KT06 118 ","CT":"(我的神我敬拜你 ཞེས་པའི་རྒྱ་རིགས་ཀྱི་བསྟོད་དབྱངས།) AT08 117; KT06 118"}]}