{"title":{"AT":"151.ང་ཡི་སྐྱབས་མགོན་ཡེ་ཤུ།","KT":"151. ང་ཡི་སྐྱབས་མགོན་ཡེ་ཤུ། ","CT":"151.ང་ཡི་སྐྱབས་མགོན་ཡེ་ཤུ།"},"author":"*","key":"*","lyrics":{"Verse":[{"line":[[{"phrase":{"AT":"ང་ཡི་སྐྱབས་མགོན་ཡེ་ཤུ། ","KT":" ང་ཡི་སྐྱབས་མགོན་ཡེ་ཤུ། ","CT":"ང་ཡི་སྐྱབས་མགོན་ཡེ་ཤུ། "}}],[{"phrase":{"AT":"ད་ལྟ་ང་ཁྱེད་ཀྱི་མདུན་དུ་ཡོང་བཞིན་ཡོད།","KT":"ད་ལྟ་ང་ཁྱེད་ཀྱི་མདུན་དུ་ཡོང་བཞིན་ཡོད། ","CT":"ད་ལྟ་ང་ཁྱེད་ཀྱི་མདུན་དུ་ཡོང་གི་ཡོད།"}}],[{"phrase":{"AT":"ཁྱེད་ཀྱི་སྐུ་ལུས་ཡིན་པའི་བག་ལེབ་འདི།","KT":"ཁྱེད་ཀྱི་སྐུ་ལུས་ཡིན་པའི་བག་ལེབ་འདི། ","CT":"ཁྱེད་ཀྱི་སྐུ་གཟུགས་ཡིན་པའི་བག་ལེབ་འདི།"}}],[{"phrase":{"AT":"ང་ལ་གནང་བར་མཛོད།","KT":"ང་ལ་གནང་བར་མཛོད། ","CT":"ང་ལ་གནང་རོགས་གནང་།"}}],[{"phrase":{"AT":"སྡིག་པས་ཁེངས་ཡོད་པའི་ངའི་སེམས།","KT":"སྡིག་པས་ཁེངས་ཡོད་པའི་ངའི་སེམས། ","CT":"སྡིག་པ་ཁེངས་ཡོད་པའི་ངའི་སེམས།"}}],[{"phrase":{"AT":"ད་ལྟ་ངས་འགྱོད་བཤགས་འབུལ་རྒྱུ་ཡིན།","KT":"ད་ལྟ་ངས་འགྱོད་བཤགས་འབུལ་རྒྱུ་ཡིན། ","CT":"ད་ལྟ་ངས་འགྱོད་བཤགས་འབུལ་གྱི་ཡིན།"}}],[{"phrase":{"AT":"ཁྱེད་ཀྱི་སྐུ་ཁྲག་རིན་ཆེན་བརྒྱུད་ནས།","KT":"ཁྱེད་ཀྱི་སྐུ་ཁྲག་རིན་ཆེན་བརྒྱུད་ནས། ","CT":"ཁྱེད་ཀྱི་སྐུ་ཁྲག་རིན་ཆེན་བརྒྱུད་ནས།"}}],[{"phrase":{"AT":"ངའི་སྡིག་པ་བསལ་རོགས་གནང་།","KT":"ངའི་སྡིག་པ་བསལ་རོགས་གནང་། ","CT":"ངའི་སྡིག་པ་སེལ་རོགས་གནང་།"}}]],"label":"verse 1","id":1},{"line":[[{"phrase":{"AT":"ང་ཡི་སྐྱབས་མགོན་ཡེ་ཤུ། ","KT":" ང་ཡི་སྐྱབས་མགོན་ཡེ་ཤུ། ","CT":"ང་ཡི་སྐྱབས་མགོན་ཡེ་ཤུ། "}}],[{"phrase":{"AT":"ད་ལྟ་ང་ཁྱེད་ཀྱི་མདུན་དུ་ཡོང་བཞིན་ཡོད།","KT":"ད་ལྟ་ང་ཁྱེད་ཀྱི་མདུན་དུ་ཡོང་བཞིན་ཡོད། ","CT":"ད་ལྟ་ང་ཁྱེད་ཀྱི་མདུན་དུ་ཡོང་གི་ཡོད།"}}],[{"phrase":{"AT":"ཁྱེད་ཀྱི་སྐུ་ཁྲག་ཡིན་པའི་ཕོར་བ་འདི།","KT":"ཁྱེད་ཀྱི་སྐུ་ཁྲག་ཡིན་པའི་ཕོར་པ་འདི། ","CT":"ཁྱེད་ཀྱི་སྐུ་ཁྲག་ཡིན་པའི་ཕོར་པ་འདི།"}}],[{"phrase":{"AT":"ང་ལ་གནང་བར་མཛོད།","KT":"ང་ལ་གནང་བར་མཛོད། ","CT":"ང་ལ་གནང་རོགས་གནང་།"}}],[{"phrase":{"AT":"སྡིག་པས་ཁེངས་ཡོད་པའི་ངའི་སེམས།","KT":"སྡིག་པས་ཁེངས་ཡོད་པའི་ངའི་སེམས། ","CT":"སྡིག་པས་ཁེངས་ཡོད་པའི་ངའི་སེམས།"}}],[{"phrase":{"AT":"ད་ལྟ་ངས་འགྱོད་བཤགས་འབུལ་རྒྱུ་ཡིན།","KT":"ད་ལྟ་ངས་འགྱོད་བཤགས་འབུལ་རྒྱུ་ཡིན། ","CT":"ད་ལྟ་ངས་འགྱོད་བཤགས་འབུལ་གྱི་ཡིན།"}}],[{"phrase":{"AT":"ཁྱེད་ཀྱི་སྐུ་ཁྲག་རིན་ཆེན་བརྒྱུད་ནས།","KT":"ཁྱེད་ཀྱི་སྐུ་ཁྲག་རིན་ཆེན་བརྒྱུད་ནས། ","CT":"ཁྱེད་ཀྱི་སྐུ་ཁྲག་རིན་ཆེན་བརྒྱུད་ནས།"}}],[{"phrase":{"AT":"ངའི་སྡིག་པ་བསལ་རོགས་གནང་།","KT":"ངའི་སྡིག་པ་བསལ་རོགས་གནང་། ","CT":"ངའི་སྡིག་པ་སེལ་རོགས་གནང་།།"}}]],"label":"verse 2","id":2}]},"metadata":[{"AT":"(ཁྱེད་ཀྱི་སྐུ་ཁྲག་རིན་ཆེན།)","KT":"undefined(ཁྱེད་ཀྱི་སྐུ་ཁྲག་རིན་ཆེན།) ","CT":"(ཁྱེད་ཀྱི་སྐུ་ཁྲག་རིན་ཆེན།)"},{"AT":"(འཇིགས་མེད་ཀྱིས་བརྩམས་པའི་བསྟོད་དབྱངས།) PNJ 9","KT":"(འཇིགས་མེད་ཀྱིས་བརྩམས་པའི་བསྟོད་དབྱངས།) PNJ 9 ","CT":"(འཇིགས་མེད་ཀྱིས་བརྩམས་པའི་བསྟོད་དབྱངས།) PNJ 9"}]}