{"title":{"AT":"152.ང་ཡི་ཕ་ཡུལ།","KT":"undefined152. ང་ཡི་ཕ་ཡུལ། ","CT":"152.ང་ཡི་ཕ་ཡུལ།"},"author":"*","key":"*","lyrics":{"Verse":[{"line":[[{"phrase":{"AT":"ང་ཡི་ཕ་ཡུལ་གངས་ཅན་གསེར་མོ་ལྗོངས།","KT":"ང་ཡི་ཕ་ཡུལ་གངས་ཅན་ཡུལ་གྱི་ལྗོངས། ","CT":"ང་ཡི་ཕ་ཡུལ་གངས་ཅན་ཡུལ་གྱི་ལྗོངས།"}}],[{"phrase":{"AT":"དྭངས་གཙང་ཆུ་མོ་ཤང་ཤང་བཞུར།","KT":"དྭངས་གཙང་ཆུ་མོ་ཤང་ཤང་བཞུར། ","CT":"དྭངས་གཙང་ཆུ་མོ་ཤང་ཤང་བཞུར།"}}],[{"phrase":{"AT":"རྟ་ནོར་ལུག་གསུམ་རྩྭ་ཐང་ཡོངས་ལ་ཁྱབ།","KT":"རྟ་ནོར་ལུག་གསུམ་རྩྭ་ཐང་ཡོངས་ལ་ཁྱབ། ","CT":"རྟ་ནོར་ལུག་གསུམ་རྩྭ་ཐང་ཡོངས་ལ་ཁྱབ།"}}],[{"phrase":{"AT":"འདི་ནི་དཀོན་མཆོག་གིས་བཀོད་པ་རེད།","KT":"འདི་ནི་དཀོན་མཆོག་གིས་བཀོད་པ་རེད། ","CT":"འདི་དཀོན་མཆོག་གིས་བཀོད་དོ།"}}],[{"phrase":{"AT":"སྔོ་སིང་ནམ་མཁར་སྤྲིན་དཀར་རྒྱུ།","KT":"སྔོ་སིང་ནམ་མཁར་སྤྲིན་དཀར་འཁོར། ","CT":"སྔོ་སིང་ནམ་མཁར་སྤྲིན་དཀར་འཁོར།"}}],[{"phrase":{"AT":"མཛེས་སྡུག་རྩྭ་ཐང་མུ་མཐའ་བྲལ།","KT":"མཛེས་སྡུག་རྩྭ་ཐང་མུ་མཐའ་བྲལ། ","CT":"མཛེས་སྡུག་རྩྭ་ཐང་མུ་མཐའ་བྲལ།"}}],[{"phrase":{"AT":"བྱ་རྒྱལ་རྒོད་པོའི་ནམ་འཕང་གཏད།","KT":"བྱ་རྒྱལ་རྒོད་པོའི་ནམ་འཕང་གཏད། ","CT":"བྱ་རྒྱལ་རྒོད་པོའི་ནམ་འཕང་གཏད།"}}],[{"phrase":{"AT":"མཛེས་སྡུག་ཕྱིར་དྲན་རི་མོ་བཀོད།","KT":"མཛེས་སྡུག་ཕྱིར་དྲན་རི་མོ་བཀོད། ","CT":"མཛེས་སྡུག་ཕྱིར་དྲན་རི་མོ་བཀོད།"}}],[{"phrase":{"AT":"ཧ་ལེ་ལོའུ་ཡཱ། ","KT":"ཧ་ལེ་ལོའུ་ཡཱ། ","CT":"ཧཱ་ལེ་ལུ་ཡཱ། "}}],[{"phrase":{"AT":"ཡེ་ཤུ་ལ་བསྟོད་པར་ཤོག","KT":"ཡེ་ཤུ་ལ་བསྟོད་པར་ཤོག ","CT":"ཡེ་ཤུ་ལ་བསྟོད་པར་ཤོག"}}],[{"phrase":{"AT":"ཧ་ལེ་ལོའུ་ཡཱ།","KT":"ཧ་ལེ་ལོའུ་ཡཱ། ","CT":"ཧཱ་ལེ་ལུ་ཡཱ།"}}],[{"phrase":{"AT":"སྐྱབས་མགོན་ལ་བསྟོད་པར་ཤོག  ༢","KT":"སྐྱབས་མགོན་ལ་བསྟོད་པར་ཤོག ༢ ","CT":"སྐྱབས་མགོན་ལ་བསྟོད་པར་ཤོག ། ༢"}}]],"label":"verse 1","id":1}]},"metadata":[{"AT":"(ཨ་མདོའི་བསྟོད་དབྱངས། དབུས་གཙང་གི་གདངས།) AT08 118; KT06 119","KT":"undefined(ཨ་མདོའི་བསྟོད་དབྱངས། དབུས་གཙང་གི་གདངས།) AT08 118; KT06 119 ","CT":"(ཨ་མདའི་བསྟོད་དབྱངས། དབུས་གཙང་གི་གདངས།) AT08 118; KT06 119"}]}