{"title":{"AT":"153.ང་ཡི་མི་ཚེ་འདི་ནི།","KT":"undefined153. ང་ཡི་མི་ཚེ་འདི་ནི། ","CT":"153.ང་ཡི་མི་ཚེ་འདི་ནི།"},"author":"*","key":"*","lyrics":{"Verse":[{"line":[[{"phrase":{"AT":"ང་ཡི་མི་ཚེ་འདི་ནི། ","KT":" ང་ཡི་མི་ཚེ་འདི་ནི། ","CT":"ང་ཡི་མི་ཚེ་འདི་ནི། "}}],[{"phrase":{"AT":"ཡེ་ཤུའི་ཕྱག་ལ་ཡོད་དོ།།","KT":"ཡེ་ཤུའི་ཕྱག་ལ་ཡོད་དོ། ","CT":"ཡེ་ཤུའི་ཕྱག་ལ་ཡོད་དོ།"}}],[{"phrase":{"AT":"ཚེའི་དེབ་ལ་ང་ཡི།","KT":"ཚེའི་དེབ་ལ་ང་ཡི། ","CT":"ཚེའི་དེབ་ལ་ང་ཡི།"}}],[{"phrase":{"AT":"མིང་འདི་བྲིས་ནས་ཡོད་དོ།། ༢","KT":"མིང་འདི་བྲིས་ནས་ཡོད་དོ། ༢ ","CT":"མིང་འདི་བྲིས་ནས་ཡོད་དོ། ༢"}}]],"label":"verse 1","id":1},{"line":[[{"phrase":{"AT":"ཡེ་ཤུའི་ལམ་གྱི་ནང་ལ།","KT":" ཡེ་ཤུའི་ལམ་གྱི་ནང་ལ། ","CT":"ཡེ་ཤུའི་ལམ་གྱི་ནང་ལ།"}}],[{"phrase":{"AT":"འགྲོ་ན་སླེབས་ས་ཡོད་དོ།།","KT":"འགྲོ་ན་སླེབས་ས་ཡོད་དོ། ","CT":"འགྲོ་ན་སླེབས་ས་ཡོད་དོ།"}}],[{"phrase":{"AT":"ཡེ་ཤུའི་ལམ་ལ་བལྟས་ན།","KT":"ཡེ་ཤུའི་ལམ་ལ་བལྟས་ན། ","CT":"ཡེ་ཤུའི་ལམ་ལ་བལྟ་ན།"}}],[{"phrase":{"AT":"ལམ་དེ་མཐོང་རྒྱུ་ཡོད་དོ།། ༢","KT":"ལམ་དེ་མཐོང་རྒྱུ་ཡོད་དོ། ༢ ","CT":"ལམ་དེ་མཐོང་བ་ཡོད་དོ། ༢"}}]],"label":"verse 2","id":2},{"line":[[{"phrase":{"AT":"ཡེ་ཤུའི་དྲུང་དུ་ཡོང་ན།","KT":" ཡེ་ཤུའི་དྲུང་དུ་ཡོང་ན། ","CT":"ཡེ་ཤུའི་དྲུང་དུ་ཡོང་ན།"}}],[{"phrase":{"AT":"སེམས་ལ་འགྱོད་པ་མེད་དོ།།","KT":"སེམས་ལ་འགྱོད་པ་མེད་དོ། ","CT":"སེམས་ལ་འགྱོད་པ་མེད་དོ།"}}],[{"phrase":{"AT":"ཡེ་ཤུའི་དྲུང་དུ་འཛོམས་ན།","KT":"ཡེ་ཤུའི་དྲུང་དུ་འཛོམས་ན། ","CT":"ཡེ་ཤུའི་དྲུང་དུ་འཛོམས་ན།"}}],[{"phrase":{"AT":"སེམས་ལ་ཞི་བདེ་ཡོད་དོ།། ༢","KT":"སེམས་ལ་ཞི་བདེ་ཡོད་དོ།། ༢ ","CT":"སེམས་ལ་ཞི་བདེ་ཡོད་དོ།། ༢"}}]],"label":"verse 3","id":3}]},"metadata":[{"AT":"(འགྱུར་མེད་རིན་ཆེན་གྱིས་བརྩམས་པའི་བསྟོད་དབྱངས།) JL CD2:3","KT":"undefined(འགྱུར་མེད་རིན་ཆེན་གྱིས་བརྩམས་པའི་བསྟོད་དབྱངས།) JL CD2:3 ","CT":"(འགྱུར་མེད་རིན་ཆེན་གྱིས་བརྩམས་པའི་བསྟོད་དབྱངས།) JL CD2:3"}]}