{"title":{"AT":"154.ང་ཡི་གཙོ་བོ་དཀོན་མཆོག","KT":"undefined154. ང་ཡི་གཙོ་བོ་དཀོན་མཆོག ","CT":"154.ང་ཡི་གཙོ་བོ་དཀོན་མཆོག"},"author":"*","key":"*","lyrics":{"Verse":[{"line":[[{"phrase":{"AT":"      (ཁྱེད་ཀྱིས་བོད་ལྗོངས་སྐྱོབ་པར་མཛད་རོགས།)","KT":"undefined(ཁྱེད་ཀྱིས་བོད་ལྗོངས་སྐྱོབ་པར་མཛད་རོགས།) ","CT":"(ཁྱེད་ཀྱིས་བོད་ལྗོངས་སྐྱོབ་པར་མཛད་རོགས།)"}}],[{"phrase":{"AT":"(May You Touch And Heal ཞེས་པའི་ལྷོ་ཁྲའོ་ཤན་གྱི་བསྟོད་དབྱངས།) AT08 108","KT":"(May You Touch And Heal ཞེས་པའི་ལྷོ་ཁྲའོ་ཤན་གྱི་བསྟོད་དབྱངས།) AT08 108 ","CT":"(May You Touch And Heal ཞེས་པའི་ལྷོ་ཁྲའོ་ཤན་གྱི་བསྟོད་དབྱངས།) AT08 108"}}],[{"phrase":{"AT":"ང་ཡི་གཙོ་བོ་དཀོན་མཆོག","KT":"ང་ཡི་གཙོ་བོ་དཀོན་མཆོག ","CT":"ང་ཡི་གཙོ་བོ་དཀོན་མཆོག"}}],[{"phrase":{"AT":"ཁྱེད་ཀྱིས་སྐྱོབ་པར་མཛད་རོགས།","KT":"ཁྱེད་ཀྱིས་སྐྱོབ་པར་མཛད་རོགས། ","CT":"ཁྱེད་ཀྱིས་སྐྱོབ་པར་མཛད་རོགས།"}}],[{"phrase":{"AT":"བོད་ལྗོངས་ཡོངས་མུན་པས་ཁེབས་ཡོད།","KT":"བོད་ལྗོངས་ཡོངས་མུན་པས་ཁེབས་ཡོད། ","CT":"བོད་ལྗོངས་ཡོངས་སུ་མུན་པས་ཁེབས་ནས་ཡོད།"}}],[{"phrase":{"AT":"ཁྱེད་ཀྱིས་སྐྱོབ་པར་མཛད་རོགས།","KT":"ཁྱེད་ཀྱིས་སྐྱོབ་པར་མཛད་རོགས། ","CT":"ཁྱེད་ཀྱིས་སྐྱོབ་པར་མཛད་རོགས།"}}],[{"phrase":{"AT":"ང་ཡི་གཙོ་བོ་དཀོན་མཆོག","KT":"ང་ཡི་གཙོ་བོ་དཀོན་མཆོག ","CT":"ང་ཡི་གཙོ་བོ་དཀོན་མཆོག"}}],[{"phrase":{"AT":"ངས་ཡུལ་འདིའི་མི་རྣམས་ཁྱེད་ལ་བཅོལ།","KT":"ངས་ཡུལ་འདིའི་མི་རྣམས་ཁྱེད་ལ་བཅོལ། ","CT":"ངས་ཡུལ་འདིའི་མི་རྣམས་ཁྱེད་ལ་བཅོལ།"}}],[{"phrase":{"AT":"ཁྱེད་ཀྱིས་ཡུལ་འདིའི་མི་རྣམས།","KT":"ཁྱེད་ཀྱིས་ཡུལ་འདིའི་མི་རྣམས། ","CT":"ཁྱེད་ཀྱིས་ཡུལ་འདིའི་མི་རྣམས།"}}],[{"phrase":{"AT":"ཐུགས་སུ་འཛིན་པར་སྨོན།","KT":"ཐུགས་སུ་འཛིན་པར་སྨོན། ","CT":"ཐུགས་སུ་འཛིན་པར་སྨོན།"}}],[{"phrase":{"AT":"ཐུགས་སུ་འཛིན་པར་སྨོན།","KT":"ཐུགས་སུ་འཛིན་པར་སྨོན། ","CT":"ཐུགས་སུ་འཛིན་པར་སྨོན།"}}],[{"phrase":{"AT":"ལོངས་ལ་འོད་སྤྲོས།","KT":"ལོངས་ལ་འོད་སྤྲོས། ","CT":"ལོངས་ལ་འོད་སྤྲོས།"}}],[{"phrase":{"AT":"ཁྱེད་ཀྱིས་འོད་སྤྲོ་བར་གྱིས།","KT":"ཁྱེད་ཀྱིས་འོད་སྤྲོ་བར་གྱིས། ","CT":"ཁྱེད་ཀྱིས་འོད་སྤྲོ་བར་གྱིས།"}}],[{"phrase":{"AT":"དཀོན་མཆོག་གི་གཟི་བརྗིད་བསླེབས་བྱུང༌།","KT":"དཀོན་མཆོག་གི་གཟི་བརྗིད་བསླེབས་བྱུང༌། ","CT":"དཀོན་མཆོག་གི་གཟི་བརྗིད་བསླེབས་བྱུང༌།"}}],[{"phrase":{"AT":"ཁོང་གི་གཟི་བརྗིད་བསླེབས་ཟིན།","KT":"ཁོང་གི་གཟི་བརྗིད་བསླེབས་ཟིན། ","CT":"ཁོང་གི་གཟི་བརྗིད་བསླེབས་ཟིན།"}}],[{"phrase":{"AT":"ཁྱོད་དཀོན་མཆོག་གི་མི་རྣམས།","KT":"ཁྱོད་དཀོན་མཆོག་གི་མི་རྣམས། ","CT":"ཁྱེད་དཀོན་མཆོག་གི་མི་རྣམས།"}}],[{"phrase":{"AT":"ལོངས་ལ་འོད་སྤྲོ་བར་གྱིས།","KT":"ལོངས་ལ་འོད་སྤྲོ་བར་གྱིས། ","CT":"ལོངས་ལ་འོད་སྤྲོ་བར་གྱིས།"}}],[{"phrase":{"AT":"ལོངས་ལ་ཁྱོད་ཀྱི་འོད་སྤྲོ་བར་གྱིས།","KT":"ལོངས་ལ་ཁྱོད་ཀྱི་འོད་སྤྲོ་བར་གྱིས། ","CT":"ལོངས་ལ་ཁྱེད་ཀྱི་འོད་སྤྲོ་བར་གྱིས།།"}}]],"label":"verse 1","id":1}]},"metadata":[]}