{"title":{"AT":"155.ང་ཡི་སེམས་གཏིང་ནས་ཐུགས་རྗེ་ཆེ་ཞུ།","KT":"undefined155. ང་ཡི་སེམས་གཏིང་ནས་ཐུགས་རྗེ་ཆེ་ཞུ། ","CT":"155.ང་ཡི་སེམས་གཏིང་ནས་ཐུགས་རྗེ་ཆེ་ཞུ།"},"author":"*","key":"*","lyrics":{"Verse":[{"line":[[{"phrase":{"AT":"ང་ཡི་སེམས་གཏིང་ནས་ཐུགས་རྗེ་ཆེ་ཞུ་ཞིང་།","KT":"ང་ཡི་སེམས་གཏིང་ནས་ཐུགས་རྗེ་ཆེ་ཞུ་ཞིང་། ","CT":"ང་ཡི་སེམས་གཏིང་ནས་ཐུགས་རྗེ་ཆེ་ཞུ་ཞིང་།"}}],[{"phrase":{"AT":"ཁྱེད་ཀྱི་རྒྱལ་སྒོ་ནང་དུ་འཛུལ་རྒྱུ་ཡིན།","KT":"ཁྱེད་ཀྱི་རྒྱལ་སྒོ་ནང་དུ་འཛུལ་རྒྱུ་ཡིན། ","CT":"ཁྱེད་ཀྱི་རྒྱལ་སྒོ་ནང་དུ་འཛུལ་གྱི་ཡིན།"}}],[{"phrase":{"AT":"དེ་རིང་ཉི་མ་གསར་བ་འདི།","KT":"དེ་རིང་ཉི་མ་གསར་པ་འདི། ","CT":"དེ་རིང་ཉིན་མོ་གསར་པ་འདི།"}}],[{"phrase":{"AT":"གཙོ་བོས་བཀོད་པ་ཡིན།","KT":"གཙོ་བོས་བཀོད་པ་ཡིན། ","CT":"གཙོ་བོས་བཀོད་པ་ཡིན།"}}],[{"phrase":{"AT":"ངས་དགའ་སྤྲོ་དང་བཅས་ཁྱེད་ལ་བསྟོད་དབྱངས་འབུལ།","KT":"ངས་དགའ་སྤྲོ་དང་བཅས་ཁྱེད་ལ་བསྟོད་དབྱངས་འབུལ། ","CT":"ངས་དགའ་སྤྲོ་བྱས་ནས་ཁྱེད་ལ་བསྟོད་དབྱངས་ཕུལ།"}}],[{"phrase":{"AT":"ཞི་བདེ་གནང་སོང་། དགའ་སྤྲོ་གནང་སོང་། ","KT":"ཞི་བདེ་གནང་སོང་། དགའ་སྤྲོ་གནང་སོང་། ","CT":"ཞི་བདེ་གནང་སོང་། དགའ་སྤྲོ་གནང་སོང་། "}}],[{"phrase":{"AT":"ཁོང་གིས་ང་ལ་བདེ་སྐྱིད་གནང་སོང་།","KT":"ཁོང་གིས་ང་ལ་བདེ་སྐྱིད་གནང་སོང་། ","CT":"ཁོང་གིས་ང་ལ་བདེ་སྐྱིད་གནང་སོང་།"}}],[{"phrase":{"AT":"ཐུགས་རྗེ་ཆེ་ཞུ། བསྟོད་དབྱངས་འབུལ།","KT":"ཐུགས་རྗེ་ཆེ་ཞུ། བསྟོད་དབྱངས་འབུལ། ","CT":"ཐུགས་རྗེ་ཆེ་ཞུས། བསྟོད་དབྱངས་ཕུལ།"}}],[{"phrase":{"AT":"ཁོང་གིས་ང་ལ་བདེ་སྐྱིད་གནང་སོང་།","KT":"ཁོང་གིས་ང་ལ་བདེ་སྐྱིད་གནང་སོང་། ","CT":"ཁོང་གིས་ང་ལ་བདེ་སྐྱིད་གནང་སོང་།།"}}]],"label":"verse 1","id":1}]},"metadata":[{"AT":"(I Will Enter His Gates ཞེས་པའི་དབྱིན་ཇིའི་བསྟོད་དབྱངས།)  PNJ 43","KT":"undefined(I Will Enter His Gates ཞེས་པའི་དབྱིན་ཇིའི་བསྟོད་དབྱངས།)47 PNJ 43 47 Leona Von Brethorst © 1976 Maranatha! Music. Permission sought. ","CT":"(I Will Enter His Gates ཞེས་པའི་དབྱིན་ཇིའི་བསྟོད་དབྱངས།)  PNJ 43"}]}