{"title":{"AT":"156.ང་ཡི་སེམས་ཀྱི་བརྟེན་ས།","KT":"156. ང་ཡི་སེམས་ཀྱི་བརྟེན་ས། ","CT":"156.ང་ཡི་སེམས་ཀྱི་བརྟེན་ས།"},"author":"*","key":"*","lyrics":{"Verse":[{"line":[[{"phrase":{"AT":"       (ཨ་མདོའོ་བསྟོད་དབྱངས། དབུས་གཙང་གི་གདངས།) AT08 119; KT06 120","KT":"(ཨ་མདོའོ་བསྟོད་དབྱངས། དབུས་གཙང་གི་གདངས།) AT08 119; KT06 120 ","CT":"(ཨ་མདོའོ་བསྟོད་དབྱངས། དབུས་གཙང་གི་གདངས།) AT08 119; KT06 120"}}],[{"phrase":{"AT":"ང་ཡི་སེམས་ཀྱི་བརྟེན་ས་ནམ་མཁའི་ཡབ་ཆེན་དཀོན་མཆོག","KT":" ང་ཡི་སེམས་ཀྱི་བརྟེན་ས་ནམ་མཁའི་ཡབ་ཆེན་དཀོན་མཆོག ","CT":"ང་ཡི་སེམས་ཀྱི་བརྟེན་ས་ནམ་མཁའི་ཡབ་ཆེན་དཀོན་མཆོག"}}],[{"phrase":{"AT":"ང་ལ་ཐར་བ་གནང་ཕྱིར་ཉིད་ཀྱི་སྲས་གཅིག་གནང་སོང་།","KT":"ང་ལ་ཐར་བ་གནང་ཕྱིར་ཉིད་ཀྱི་སྲས་གཅིག་གནང་སོང་། ","CT":"ང་ལ་ཐར་པ་གནང་ཕྱིར་ཉིད་ཀྱི་སྲས་གཅིག་གནང་སོང་།"}}],[{"phrase":{"AT":"ཁྱེད་ཀྱི་བྱམས་པ་དེ་ཡིས་ང་ཡི་ཡིད་སེམས་བཀུགས་བྱུང་།","KT":"ཁྱེད་ཀྱི་བྱམས་པ་དེ་ཡིས་ང་ཡི་ཡིད་སེམས་བཀུགས་བྱུང་། ","CT":"ཁྱེད་ཀྱི་བྱམས་པ་དེ་ཡིས་ང་ཡི་ཡིད་སེམས་བཀུགས་བྱུང་།"}}],[{"phrase":{"AT":"ཁྱེད་ཀྱི་ཐུགས་དགོངས་ཤེས་ཆེད།","KT":"ཁྱེད་ཀྱི་ཐུགས་དགོངས་ཤེས་ཆེད། ","CT":"ཁྱེད་ཀྱི་ཐུགས་དགོངས་ཤེས་ཆེད།"}}],[{"phrase":{"AT":"ང་ལ་བཀའ་ཞིག་གནང་རོགས།","KT":"ང་ལ་བཀའ་ཞིག་གནང་རོགས། ","CT":"ང་ལ་བཀའ་ཞིག་གནང་རོགས།"}}],[{"phrase":{"AT":"ང་ལ་བཀའ་ཞིག་གནང་རོགས།","KT":"ང་ལ་བཀའ་ཞིག་གནང་རོགས། ","CT":"ང་ལ་བཀའ་ཞིག་གནང་རོགས།"}}]],"label":"verse 1","id":1},{"line":[[{"phrase":{"AT":"ང་ཡི་སེམས་ཀྱི་བྱམས་པ་སྙིང་གི་སྐྱབས་མགོན་ཡེ་ཤུ།","KT":"ndefined༢ ང་ཡི་སེམས་ཀྱི་བྱམས་པ་སྙིང་གི་སྐྱབས་མགོན་ཡེ་ཤུ། ","CT":"ང་ཡི་སེམས་ཀྱི་བྱམས་པ་སྙིང་གི་སྐྱབས་མགོན་ཡེ་ཤུ།"}}],[{"phrase":{"AT":"ང་ཡི་སྡིག་པ་བསལ་ཆེད་རང་སྲོག་ཕངས་མེད་བཏང་སོང་།","KT":"ང་ཡི་སྡིག་པ་བསལ་ཆེད་རང་སྲོག་ཕངས་མེད་བཏང་སོང་། ","CT":"ང་ཡི་སྡིག་པ་སེལ་ཆེད་རང་སྲོག་ཕངས་མེད་བཏང་སོང་།"}}],[{"phrase":{"AT":"ཁྱེད་ཀྱིས་སྡུག་བསྔལ་མྱངས་པས།","KT":"ཁྱེད་ཀྱིས་སྡུག་བསྔལ་མྱངས་པས། ","CT":"ཁྱེད་ཀྱིས་སྡུག་བསྔལ་མྱངས་པས།"}}],[{"phrase":{"AT":"ང་རང་ཡེ་ནས་དྲག་བྱུང་།","KT":"ང་རང་ཡོངས་སུ་དྲག་བྱུང་། ","CT":"ང་རང་ཡོངས་སུ་དྲག་བྱུང་།"}}],[{"phrase":{"AT":"ང་རང་ཁྱེད་ལ་དབང་ཕྱིར།","KT":"ང་རང་ཁྱེད་ལ་དབང་ཕྱིར། ","CT":"ང་རང་ཁྱེད་ལ་དབང་ཕྱིར།"}}],[{"phrase":{"AT":"སྙིང་རྗེའི་སྤྱན་གྱིས་གཟིགས་རོགས།","KT":"སྙིང་རྗེའི་སྤྱན་གྱིས་གཟིགས་རོགས། ","CT":"སྙིང་རྗེའི་སྤྱན་གྱིས་གཟིགས་རོགས།"}}],[{"phrase":{"AT":"སྙིང་རྗེའི་སྤྱན་གྱིས་གཟིགས་རོགས།","KT":"སྙིང་རྗེའི་སྤྱན་གྱིས་གཟིགས་རོགས། ","CT":"སྙིང་རྗེའི་སྤྱན་གྱིས་གཟིགས་རོགས།"}}]],"label":"verse 2","id":2},{"line":[[{"phrase":{"AT":"ང་ཡི་སེམས་ཀྱི་སྡོངས་གྲོགས་བརྩེ་བའི་དམ་པའི་ཐུགས་ཉིད།","KT":" ང་ཡི་སེམས་ཀྱི་སྡོངས་གྲོགས་བརྩེ་བའི་དམ་པའི་ཐུགས་ཉིད། ","CT":"ང་ཡི་སེམས་ཀྱི་སྡོང་གྲོགས་བརྩེ་བའི་དམ་པའི་ཐུགས་ཉིད།"}}],[{"phrase":{"AT":"ང་ལ་སེམས་གསོ་གནང་ཆེད།","KT":"ང་ལ་སེམས་གསོ་གནང་ཆེད། ","CT":"ང་ལ་སེམས་གསོ་གནང་ཆེད།"}}],[{"phrase":{"AT":"ཁྱེད་ངའི་སེམས་སུ་ཕེབས་བྱུང་།","KT":"ཁྱེད་ངའི་སེམས་ལ་ཕེབས་བྱུང་། ","CT":"ཁྱེད་ངའི་སེམས་ལ་ཕེབས་བྱུང་།"}}],[{"phrase":{"AT":"ཁྱེད་ཀྱིས་ཐེངས་གཅིག་རེག་པས།","KT":"ཁྱེད་ཀྱིས་ཐེངས་གཅིག་རེག་པས། ","CT":"ཁྱེད་ཀྱིས་ཐེངས་གཅིག་རེག་པས།"}}],[{"phrase":{"AT":"ང་ལ་སྟོབས་ཤུགས་འཛོམས་བྱུང་།","KT":"ང་ལ་སྟོབས་ཤུགས་འཛོམས་བྱུང་། ","CT":"ང་ལ་སྟོབས་ཤུགས་འཛོམས་བྱུང་།"}}],[{"phrase":{"AT":"ཁྱེད་དང་མཉམ་དུ་གནས་ཕྱིར།","KT":"ཁྱེད་དང་མཉམ་དུ་གནས་ཕྱིར། ","CT":"ཁྱེད་དང་མཉམ་དུ་གནས་ཕྱིར།"}}],[{"phrase":{"AT":"ང་ཡི་ཡིད་སེམས་སྲུང་རོགས།","KT":"ང་ཡི་ཡིད་སེམས་སྲུང་རོགས། ","CT":"ང་ཡི་ཡིད་སེམས་སྲུང་རོགས།"}}],[{"phrase":{"AT":"ང་ཡི་ཡིད་སེམས་སྲུང་རོགས།","KT":"ང་ཡི་ཡིད་སེམས་སྲུང་རོགས། ","CT":"ང་ཡི་ཡིད་སེམས་སྲུང་རོགས།།"}}]],"label":"verse 3","id":3}]},"metadata":[]}