{"title":{"AT":"157.ང་ཡི་སེམས་ཡབ་དཀོན་མཆོག་ལ།","KT":"157. ང་ཡི་སེམས་ཡབ་དཀོན་མཆོག་ལ། ","CT":"157.ང་ཡི་སེམས་ཡབ་དཀོན་མཆོག་ལ།"},"author":"*","key":"*","lyrics":{"Verse":[{"line":[[{"phrase":{"AT":"       (འགྱུར་མེད་རིན་ཆེན་གྱིས་བརྩམས་པའི་བསྟོད་དབྱངས།) JL CD2:1","KT":"(འགྱུར་མེད་རིན་ཆེན་གྱིས་བརྩམས་པའི་བསྟོད་དབྱངས།) JL CD2:1 ","CT":"(འགྱུར་མེད་རིན་ཆེན་གྱིས་བརྩམས་པའི་བསྟོད་དབྱངས།) JL CD2:1"}}],[{"phrase":{"AT":"ང་ཡི་སེམས་ཡབ་དཀོན་མཆོག་ལ།","KT":" ང་ཡི་སེམས་ཡབ་དཀོན་མཆོག་ལ། ","CT":"ང་ཡི་སེམས་ཡབ་དཀོན་མཆོག་ལ།"}}],[{"phrase":{"AT":"དགའ་བའི་གླུ་དབྱངས་ཕུལ་ཞིག","KT":"དགའ་བའི་གླུ་དབྱངས་ཕུལ་ཞིག ","CT":"དགའ་བའི་གླུ་དབྱངས་ཕུལ་ཞིག"}}],[{"phrase":{"AT":"ཁོང་གི་དམ་པའི་མཚན་ལ།","KT":"ཁོང་གི་དམ་པའི་མཚན་ལ། ","CT":"ཁོང་གི་དམ་པའི་མཚན་ལ།"}}],[{"phrase":{"AT":"བསྟོད་པ་གཏང་རག་ཕུལ་ཞིག ༢","KT":"བསྟོད་པ་གཏང་རག་ཕུལ་ཞིག ༢ ","CT":"བསྟོད་པ་གཏང་རག་ཕུལ་ཞིག ༢"}}],[{"phrase":{"AT":"ཁོང་བླ་ན་མེད་པའི་དཀོན་མཆོག་རེད།","KT":"ཁོང་བླ་ན་མེད་པའི་དཀོན་མཆོག་རེད། ","CT":"ཁོང་བླ་ན་མེད་པའི་དཀོན་མཆོག་རེད།"}}],[{"phrase":{"AT":"བསྟོད་པ་ཕུལ་འོས་པའི་དཀོན་མཆོག་རེད།","KT":"བསྟོད་པ་འབུལ་འོས་པའི་དཀོན་མཆོག་རེད། ","CT":"བསྟོད་པ་ཕུལ་དགོས་པའི་དཀོན་མཆོག་རེད།"}}],[{"phrase":{"AT":"ཁོང་གཟི་བརྗིད་ཆེན་པོའི་དཀོན་མཆོག་རེད།","KT":"ཁོང་གཟི་བརྗིད་ཆེན་པོའི་དཀོན་མཆོག་རེད། ","CT":"ཁོང་གཟི་བརྗིད་ཆེན་པོའི་དཀོན་མཆོག་རེད།"}}],[{"phrase":{"AT":"ཁོང་གཅིག་པོ་ཀུན་དབང་གི་དཀོན་མཆོག་རེད། ༢","KT":"ཁོང་གཅིག་པོ་ཀུན་དབང་གི་དཀོན་མཆོག་རེད། ༢ ","CT":"ཁོང་གཅིག་པོ་ཀུན་དབང་གི་དཀོན་མཆོག་རེད། ༢"}}]],"label":"verse 1","id":1},{"line":[[{"phrase":{"AT":"ང་ཡི་སེམས་ཡབ་དཀོན་མཆོག་ལ།","KT":" ང་ཡི་སེམས་ཡབ་དཀོན་མཆོག་ལ། ","CT":"ང་ཡི་སེམས་ཡབ་དཀོན་མཆོག་ལ།"}}],[{"phrase":{"AT":"དུས་རྒྱུན་རྟག་པར་བསྙེན་བཀུར་བྱོས་ཤིག","KT":"ཉི་མ་རྟག་པར་བསྙེན་བཀུར་བྱོས་ཤིག ","CT":"ཉིན་མ་རྟག་པར་བསྙེན་བཀུར་བྱེད་ཅིག"}}],[{"phrase":{"AT":"ཁོང་གི་དམ་པའི་མཚན་ལ།","KT":"ཁོང་གི་དམ་པའི་མཚན་ལ། ","CT":"ཁོང་གི་དམ་པའི་མཚན་ལ།"}}],[{"phrase":{"AT":"ཉིན་མཚན་མེད་པར་ཕྱག་འཚལ་ཞིག  ༢","KT":"ཉིན་མཚན་མེད་པར་ཕྱག་འཚལ་ཞིག ༢ ","CT":"ཉིན་མཚན་མེད་པར་ཕྱག་འཚལ་ཞིག ། ༢"}}]],"label":"verse 2","id":2}]},"metadata":[]}