{"title":{"AT":"158.ང་ཡི་བརྩེ་བའི་བུ་དང་བུ་མོ།","KT":"158. ང་ཡི་བརྩེ་བའི་བུ་དང་བུ་མོ། ","CT":"158.ང་ཡིས་བརྩེ་བའི་བུ་དང་བུ་མོ།"},"author":"*","key":"*","lyrics":{"Verse":[{"line":[[{"phrase":{"AT":"       (འཇིགས་མེད་ཀྱིས་བརྩམས་པའི་བསྟོད་དབྱངས།) PNJ 26","KT":"(འཇིགས་མེད་ཀྱིས་བརྩམས་པའི་བསྟོད་དབྱངས།) PNJ 26 ","CT":"(འཇིགས་མེད་ཀྱིས་བརྩམས་པའི་བསྟོད་དབྱངས།) PNJ 26"}}],[{"phrase":{"AT":"ང་ཡི་བརྩེ་བའི་བུ་དང་བུ་མོ། ངའི་རྩ་ལ་ཤོག","KT":"ང་ཡི་བརྩེ་བའི་བུ་དང་བུ་མོ། ངའི་རྩ་ལ་ཤོག ","CT":"ང་ཡི་བརྩེ་བའི་བུ་དང་བུ་མོ། ངའི་རྩ་ལ་ཤོག"}}],[{"phrase":{"AT":"ཁུར་པོ་འཁུར་ནས་ཐང་ཆད་མཁན། ངའི་རྩ་ལ་ཤོག","KT":"ཁུར་པོ་འཁུར་ནས་ཐང་ཆད་མཁན། ངའི་རྩ་ལ་ཤོག ","CT":"འཁུར་པོ་ཁུར་ནས་ཐང་ཆད་མཁན། ངའི་རྩ་ལ་ཤོག"}}],[{"phrase":{"AT":"ངས་ཁྱོད་ལ་ངལ་གསོ་སྤྲོད་རྒྱུ་ཡིན།","KT":"ངས་ཁྱོད་ལ་ངལ་གསོ་སྤྲོད་རྒྱུ་ཡིན། ","CT":"ངས་ཁྱེད་ལ་ངལ་གསོ་སྤྲོད་ཀྱི་ཡིན།"}}],[{"phrase":{"AT":"ངས་ཁྱོད་ལ་ཞི་བདེ་སྤྲོད་རྒྱུ་ཡིན།","KT":"ངས་ཁྱོད་ལ་ཞི་བདེ་སྤྲོད་རྒྱུ་ཡིན། ","CT":"ངས་ཁྱེད་ལ་ཞི་བདེ་སྤྲོད་ཀྱི་ཡིན།"}}],[{"phrase":{"AT":"ཁྱོད་ཀྱི་སེམས་ཁྲལ་ཐམས་ཅད། ང་ལ་འཁྱེར་ཤོག ","KT":"ཁྱོད་ཀྱི་སེམས་ཁྲལ་ཐམས་ཅད། ང་ལ་འཁྱེར་ཤོག ","CT":"ཁྱེད་ཀྱི་སེམས་ཁྲལ་ཐམས་ཅད། ང་ལ་འཁྱེར་ཤོག །"}}]],"label":"verse 1","id":1}]},"metadata":[]}