{"title":{"AT":"159.ང་ཡེ་ཤུའི་རྗེས་སུ་འབྲང་བར་ཐག་བཅད།","KT":"159. ང་ཡེ་ཤུའི་རྗེས་སུ་འབྲང་བར་ཐག་བཅད། ","CT":"159.ང་ཡེ་ཤུའི་རྗེས་སུ་འབྲང་བར་ཐག་བཅད།"},"author":"*","key":"*","lyrics":{"Verse":[{"line":[[{"phrase":{"AT":"ང་ཡེ་ཤུའི་རྗེས་སུ་འབྲང་བར་ཐག་བཅད། ༣","KT":"ང་ཡེ་ཤུའི་རྗེས་སུ་འབྲང་བར་ཐག་བཅད། ༣ ","CT":"ང་ཡེ་ཤུའི་རྗེས་སུ་འབྲང་བར་ཐག་བཅད། ༣"}}],[{"phrase":{"AT":"ད་ཕྱིར་མི་འགྲོ། ད་ཕྱིར་མི་འགྲོ།","KT":"ད་ཕྱིར་མི་འགྲོ། ད་ཕྱིར་མི་འགྲོ། ","CT":"ཕྱིར་ལོག་མི་འགྲོ། ཕྱིར་ལོག་མི་འགྲོ།"}}]],"label":"verse 1","id":1},{"line":[[{"phrase":{"AT":"གཞན་པ་ངའི་མཉམ་དུ་མི་འགྲོ་ཡང་ང་འགྲོ། ༣","KT":"གཞན་པ་ངའི་མཉམ་དུ་མི་འགྲོ་ཡང་ང་འགྲོ། ༣ ","CT":"མི་གཞན་ང་མཉམ་དུ་མི་འགྲོ་ཡང་ང་འགྲོ། ༣"}}],[{"phrase":{"AT":"ད་ཕྱིར་མི་འགྲོ། ད་ཕྱིར་མི་འགྲོ།","KT":"ད་ཕྱིར་མི་འགྲོ། ད་ཕྱིར་མི་འགྲོ། ","CT":"ཕྱིར་ལོག་མི་འགྲོ། ཕྱིར་ལོག་མི་འགྲོ།"}}]],"label":"verse 2","id":2},{"line":[[{"phrase":{"AT":"ཤིང་རྒྱ་གྲམ་སྔུན་ན། འཇིག་རྟེན་རྒྱབ་ན་ཡོད། ༣","KT":"ཤིང་རྒྱ་གྲམ་སྔུན་ན། འཇིག་རྟེན་རྒྱབ་ན་ཡོད། ༣ ","CT":"རྒྱངས་ཤིང་ངའི་སྔོན་ལ། འཇིག་རྟེན་རྒྱབ་ལ་ཡོད། ༣"}}],[{"phrase":{"AT":"ད་ཕྱིར་མི་འགྲོ། ད་ཕྱིར་མི་འགྲོ།","KT":"ད་ཕྱིར་མི་འགྲོ། ད་ཕྱིར་མི་འགྲོ། ","CT":"ཕྱིར་ལོག་མི་འགྲོ། ཕྱིར་ལོག་མི་འགྲོ།"}}]],"label":"verse 3","id":3},{"line":[[{"phrase":{"AT":"ང་ཡེ་ཤུའི་རྗེས་སུ་འགྲོ་སེམས་དགའ་སྤྲོ་ཡིས་ཁེངས། ","KT":"ང་ཡེ་ཤུའི་རྗེས་སུ་འགྲོ་སེམས་དགའ་སྤྲོ་ཡིས་ཁེངས། ","CT":"ང་ཡེ་ཤུའི་རྗེས་ལ་འགྲོ་བའི་དུས་ལ། "}}],[{"phrase":{"AT":"ང་ཡེ་ཤུའི་རྗེས་སུ་འགྲོ་སེམས་དགའ་སྤྲོ་ཡིས་ཁེངས། ","KT":"ང་ཡེ་ཤུའི་རྗེས་སུ་འགྲོ་སེམས་དགའ་སྤྲོ་ཡིས་ཁེངས། ","CT":"ང་ཡེ་ཤུའི་རྗེས་ལ་འགྲོ་བའི་དུས་ལ། "}}],[{"phrase":{"AT":"ང་ཡེ་ཤུའི་རྗེས་སུ་འགྲོ་སེམས་དགའ་སྤྲོ་ཡིས་ཁེངས། ","KT":"ང་ཡེ་ཤུའི་རྗེས་སུ་འགྲོ་སེམས་དགའ་སྤྲོ་ཡིས་ཁེངས། ","CT":"ངའི་སེམས་ནང་དགའ་སྤྲོས་ཁེངས་བཞིན་བསྡད་ནས་ཡོད། "}}],[{"phrase":{"AT":"ད་ཕྱིར་མི་འགྲོ། ད་ཕྱིར་མི་འགྲོ།","KT":"ད་ཕྱིར་མི་འགྲོ། ད་ཕྱིར་མི་འགྲོ། ","CT":"ཕྱིར་ལོག་མི་འགྲོ། ཕྱིར་ལོག་མི་འགྲོ།།"}}]],"label":"verse 4","id":4}]},"metadata":[{"AT":"(I Have Decided to Follow Jesus ཞེས་པའི་བསྟོད་དབྱངས།)  AT08 120; KT06 121","KT":"undefined(I Have Decided to Follow Jesus ཞེས་པའི་བསྟོད་དབྱངས།)48 AT08 120; KT06 121 48 ས་དོ་སོན་དར་སེང (Sadhu Sundar Singh) གིས་བརྩམས་པ། Copyright © public domain པར་དབང་འཛིན་མཁན་མེད་པ། ","CT":"(I Have Decided to Follow Jesus ཞེས་པའི་བསྟོད་དབྱངས།)  AT08 120; KT06 121"}]}