{"title":{"AT":"16.ཁྱོད་རང་སྡིག་པའི་ཁལ་ནས། (དབང་ཡོད་དབང་།)","KT":"16. ཁྱོད་རང་སྡིག་པའི་ཁལ་ནས། (དབང་ཡོད་དབང་།)","CT":"16.ཁྱེད་རང་སྡིག་པའི་ཁལ་ནས། (དབང་ཡོད་དབང་།)"},"author":"*","key":"*","lyrics":{"Verse":[{"line":[[{"phrase":{"AT":"ྱོད་རང་སྡིག་པ་ནས་ཐར་བ་འཐོབ་འདོད་དམ།","KT":"ཁྱོད་རང་སྡིག་པ་ནས་ཐར་པ་འཐོབ་འདོད་དམ། ","CT":"ྱེད་རང་སྡིག་པའི་ཁལ་ནས་ཐར་བར་འདོད་དམ།"}}],[{"phrase":{"AT":"སྐུ་ཁྲག་ལ་དབང་ཡོད། ཁྲག་ལ་དབང་ཡོད།","KT":"སྐུ་ཁྲག་ལ་དབང་ཡོད། ཁྲག་ལ་དབང་ཡོད། ","CT":"སྐུ་ཁྲག་ལ་དབང་ཡོད། ཁྲག་ལ་དབང་ཡོད།"}}],[{"phrase":{"AT":"ཁྱོད་ངན་པ་ལས་རྒྱལ་ཁ་འཐོབ་པར་འདོད་དམ། ","KT":"ཁྱོད་ངན་པ་ལས་རྒྱལ་ཁ་འཐོབ་པར་འདོད་དམ། ","CT":"ཁྱེད་ངན་པ་ལས་རྒྱལ་ཁ་འཐོབ་པར་འདོད་དམ། "}}],[{"phrase":{"AT":"སྐུ་ཁྲག་ལ་ཡ་མཚན་གྱི་དབང་ཡོད།","KT":"སྐུ་ཁྲག་ལ་ཡ་མཚན་གྱི་དབང་ཡོད། ","CT":"སྐུ་ཁྲག་ལ་ཡ་མཚན་གྱི་དབང་ཡོད།"}}],[{"phrase":{"AT":"དབང་ཡོད། དབང་། དབང་།","KT":"དབང་ཡོད། དབང་། དབང་། ","CT":"དབང་ཡོད། དབང་། དབང་།"}}],[{"phrase":{"AT":"ཡ་མཚན་ཅན་གྱི་དབང་།","KT":"ཡ་མཚན་ཅན་གྱི་དབང་། ","CT":"ཡ་མཚན་ཅན་གྱི་དབང་།"}}],[{"phrase":{"AT":"ལུ་གུའི་སྐུ་ཁྲག་ནང་ན།","KT":"ལུ་གུའི་སྐུ་ཁྲག་ནང་ན། ","CT":"ལུ་གུའི་སྐུ་ཁྲག་ནང་ན།"}}],[{"phrase":{"AT":"དབང་ཡོད། དབང་། དབང་།","KT":"དབང་ཡོད། དབང་། དབང་། ","CT":"དབང་ཡོད། དབང་། དབང་།"}}],[{"phrase":{"AT":"ཡ་མཚན་ཅན་གྱི་དབང་།","KT":"ཡ་མཚན་ཅན་གྱི་དབང་། ","CT":"ཡ་མཚན་ཅན་གྱི་དབང་།"}}],[{"phrase":{"AT":"ལུ་གུའི་སྐུ་ཁྲག་རིན་ཆེན་དེར་ཡོད།","KT":"ལུ་གུའི་སྐུ་ཁྲག་རིན་ཆེན་དེར་ཡོད། ","CT":"ལུ་གུའི་སྐུ་ཁྲག་རིན་ཆེན་དེར་ཡོད།"}}]],"label":"verse 1","id":1},{"line":[[{"phrase":{"AT":"འདོད་ཆགས་དང་ང་རྒྱལ་ནས་ཐར་བར་འདོད་དམ།","KT":" འདོད་ཆགས་དང་ང་རྒྱལ་ནས་ཐར་བར་འདོད་དམ། ","CT":"འདོད་ཆགས་དང་ང་རྒྱལ་ནས་ཐར་བར་འདོད་དམ།"}}],[{"phrase":{"AT":"སྐུ་ཁྲག་ལ་དབང་ཡོད། ཁྲག་ལ་དབང་ཡོད།","KT":"སྐུ་ཁྲག་ལ་དབང་ཡོད། ཁྲག་ལ་དབང་ཡོད། ","CT":"སྐུ་ཁྲག་ལ་དབང་ཡོད། ཁྲག་ལ་དབང་ཡོད།"}}],[{"phrase":{"AT":"སེམས་འདག་པའི་ཕྱིར་སྐུ་ཁྲག་འདིའི་རྩར་ཤོག","KT":"སེམས་འདག་པའི་ཕྱིར་སྐུ་ཁྲག་འདིའི་སར་ཤོག ","CT":"སེམས་འཁྲུད་པའི་ཕྱིར་སྐུ་ཁྲག་འདིའི་རྩར་ཤོག"}}],[{"phrase":{"AT":"སྐུ་ཁྲག་ལ་ཡ་མཚན་གྱི་དབང་ཡོད།","KT":"སྐུ་ཁྲག་ལ་ཡ་མཚན་གྱི་དབང་ཡོད། ","CT":"སྐུ་ཁྲག་ལ་ཡ་མཚན་གྱི་དབང་ཡོད།"}}]],"label":"verse 2","id":2},{"line":[[{"phrase":{"AT":"ྱོད་ཁ་བ་ལས་དཀར་པོར་འགྱུར་འདོད་དམ། ","KT":"ཁྱོད་ཁ་བ་ལས་དཀར་པོར་འགྱུར་འདོད་དམ། ","CT":"ྱེད་ཁ་བ་ལས་དཀར་པོར་འགྱུར་འདོད་དམ། "}}],[{"phrase":{"AT":"སྐུ་ཁྲག་ལ་དབང་ཡོད། ཁྲག་ལ་དབང་ཡོད།","KT":"སྐུ་ཁྲག་ལ་དབང་ཡོད། ཁྲག་ལ་དབང་ཡོད། ","CT":"སྐུ་ཁྲག་ལ་དབང་ཡོད། ཁྲག་ལ་དབང་ཡོད།"}}],[{"phrase":{"AT":"རིན་ཆེན་ཁྲག་འདིས་སྡིག་སྒྲིབ་ཀུན་འདག་ཡོང་། ","KT":"རིན་ཆེན་ཁྲག་འདིས་སྡིག་སྒྲིབ་ཀུན་འདག་ཡོང་། ","CT":"སྐུ་ཁྲག་དེ་ཡིས་སྡིག་སྒྲིབ་ཀུན་དག་ཡོང་། "}}],[{"phrase":{"AT":"སྐུ་ཁྲག་ལ་ཡ་མཚན་གྱི་དབང་ཡོད། ","KT":"སྐུ་ཁྲག་ལ་ཡ་མཚན་གྱི་དབང་ཡོད། ","CT":"སྐུ་ཁྲག་ལ་ཡ་མཚན་གྱི་དབང་ཡོད། "}}]],"label":"verse 3","id":3},{"line":[[{"phrase":{"AT":"ྱོད་ཀྱིས་ཡེ་ཤུ་ལ་ཞབས་ཕྱི་ཞུ་འདོད་དམ།","KT":"ཁྱོད་ཀྱིས་ཡེ་ཤུ་ལ་ཞབས་ཕྱི་ཞུ་འདོད་དམ། ","CT":"ྱེད་ཡེ་ཤུའི་ཕྱིར་ཞབས་ཕྱི་ཞུ་བར་འདོད་དམ།"}}],[{"phrase":{"AT":"སྐུ་ཁྲག་ལ་དབང་ཡོད། ཁྲག་ལ་དབང་ཡོད།","KT":"སྐུ་ཁྲག་ལ་དབང་ཡོད། ཁྲག་ལ་དབང་ཡོད། ","CT":"སྐུ་ཁྲག་ལ་དབང་ཡོད། ཁྲག་ལ་དབང་ཡོད།"}}],[{"phrase":{"AT":"ཁྱོད་ཀྱིས་རྒྱུན་དུ་ཁོང་ལ་བསྟོད་པར་འདོད་དམ།","KT":"ཁྱོད་ཀྱིས་རྒྱུན་དུ་ཁོང་ལ་བསྟོད་པར་འབུལ་འདོད་དམ། ","CT":"ཁྱེད་རྒྱུན་དུ་ཁོང་ལ་བསྟོད་པ་ཕུལ་འདོད་དམ།"}}],[{"phrase":{"AT":"སྐུ་ཁྲག་ལ་ཡ་མཚན་གྱི་དབང་ཡོད།","KT":"སྐུ་ཁྲག་ལ་ཡ་མཚན་གྱི་དབང་ཡོད། ","CT":"སྐུ་ཁྲག་ལ་ཡ་མཚན་གྱི་དབང་ཡོད།།"}}]],"label":"verse 4","id":4}]},"metadata":[{"AT":"(There is Power in the Blood ཞེས་པའི་དབྱིན་ཇིའི་མགུར་གླུ།)  DG 85","KT":"(There is Power in the Blood ཞེས་པའི་དབྱིན་ཇིའི་མགུར་གླུ།)6 DG 85 6 Lewis E. Jones (1899) ","CT":"(There is Power in the Blood ཞེས་པའི་དབྱིན་ཇིའི་མགུར་གླུ།)  DG 85"}]}