{"title":{"AT":"160.ང་རང་ཁྱེད་ཀྱི་གམ་དུ་བསྡད་ན་འདོད།  ","KT":"160. ང་རང་ཁྱེད་ཀྱི་འགྲམ་དུ་བསྡད་ན་འདོད། ","CT":"160.ང་རང་ཁྱེད་ཀྱི་འགྲམ་དུ་བསྡད་ན་འདོད།  "},"author":"*","key":"*","lyrics":{"Verse":[{"line":[[{"phrase":{"AT":"ྱེད་ཀྱི་གམ་དུ་བསྡད་ན་འདོད།","KT":"ེད་ཀྱི་འགྲམ་དུ་བསྡད་ན་འདོད། ","CT":"རང་ཁྱེད་ཀྱི་འགྲམ་དུ་བསྡད་ན་འདོད།"}}],[{"phrase":{"AT":"སྙིང་གི་འགྱུར་ཁུག་ཚོར་བར་མཛོད།","KT":"སྙིང་གི་འགྱུར་ཁུག་ཚོར་བར་མཛོད། ","CT":"ཁྱེད་ཀྱི་སྙིང་གི་འགྱུར་ཁུག་ཚོར་བར་མཛོད།"}}],[{"phrase":{"AT":"ཁྱེད་ཀྱི་བཀའ་བརྩི་ན་འདོད།","KT":"ཁྱེད་ཀྱི་བཀའ་བརྩི་ན་འདོད། ","CT":"བདག་གིས་ཁྱེད་ཀྱི་བཀའ་བརྩི་ན་འདོད།"}}]],"label":"verse 1","id":1},{"line":[[{"phrase":{"AT":"ྱེད་ཀྱི་གསུང་སྐད་ཐོས་པར་མཛོད།","KT":"ེད་ཀྱི་གསུང་སྐད་ཐོས་པར་མཛོད། ","CT":"ེད་ཀྱི་གསུང་སྐད་ཐོས་པར་མཛོད།"}}]],"label":"verse 2","id":2},{"line":[[{"phrase":{"AT":"ས་གཞི་འགུལ་ནས་གཡོ་ཞིང༌།","KT":"་གཞི་འགུལ་ནས་གཡོ་ཞིང༌། ","CT":"་གཞི་འགུལ་ནས་གཡོ་ཞིང༌།"}}],[{"phrase":{"AT":"རྒྱ་མཚོའི་གཏིང་ལྷུང་ཡང༌།","KT":"རྒྱ་མཚོའི་གཏིང་ལྷུང་ཡང༌། ","CT":"རྒྱ་མཚོའི་གཏིང་དུ་ལྷུང་ཡང༌།"}}],[{"phrase":{"AT":"བདག་གི་ལུས་སར་འགྱེལ་ཞིང༌།","KT":"བདག་གི་ལུས་སར་འགྱེལ་ཞིང༌། ","CT":"བདག་གི་ལུས་ཕུང་གཡོ་ཞིང༌།"}}],[{"phrase":{"AT":"སྙིང་སྟོབས་ཞུམ་པར་གྱུར་ཡང༌།","KT":"སྙིང་སྟོབས་ཞུམ་པར་གྱུར་ཡང༌། ","CT":"སྙིང་སྟོབས་ཞུམ་པར་གྱུར་ཡང༌།"}}],[{"phrase":{"AT":"ཁྱེད་ལ་དུས་རྒྱུན་ནམ་ཡང་འགྱུར་བ་མེད།","KT":"ཁྱེད་ལ་དུས་རྒྱུན་ནམ་ཡང་འགྱུར་བ་མེད། ","CT":"ཁྱེད་ལ་ནམ་ཡང་འགྱུར་བ་མེད།།"}}]],"label":"verse 3","id":3}]},"metadata":[{"AT":"(ཁྱེད་ཀྱི་གམ་དུ་བསྡད་ན་འདོད།)","KT":"(ཁྱེད་ཀྱི་འགྲམ་དུ་བསྡད་ན་འདོད།) ","CT":"(ཁྱེད་ཀྱི་འགྲམ་དུ་བསྡད་ན་འདོད།)"},{"AT":"(ལྷོ་ཁྲའོ་ཤན་གྱི་བསྟོད་དབྱངས།) AT08 107","KT":"(ལྷོ་ཁྲའོ་ཤན་གྱི་བསྟོད་དབྱངས།) AT08 107 ","CT":"(ལྷོ་ཁྲའོ་ཤན་གྱི་བསྟོད་དབྱངས།) AT08 107"}]}