{"title":{"AT":"161.ངའི་སེམས་ཉིད། ","KT":"161. ངའི་སེམས་ཉིད། ","CT":"161.ངའི་སེམས་ཉིད། "},"author":"*","key":"*","lyrics":{"Verse":[{"line":[[{"phrase":{"AT":"     (དཀོན་མཆོག་ལ་རྒྱུན་དུ་ཡིད་ཆེས་བྱོས།)","KT":"undefined(དཀོན་མཆོག་ལ་རྒྱུན་དུ་ཡིད་ཆེས་བྱོས།) ","CT":"(དཀོན་མཆོག་ལ་རྒྱུན་དུ་ཡིད་ཆེས་བྱོས)"}}],[{"phrase":{"AT":"(འགྱུར་མེད་རིན་ཆེན་གྱིས་བརྩམས་པའི་བསྟོད་དབྱངས།) JL CD3:5","KT":"(འགྱུར་མེད་རིན་ཆེན་གྱིས་བརྩམས་པའི་བསྟོད་དབྱངས།) JL CD3:5 ","CT":"(འགྱུར་མེད་རིན་ཆེན་གྱིས་བརྩམས་པའི་བསྟོད་དབྱངས།) JL CD3:5"}}],[{"phrase":{"AT":"ངའི་སེམས་ཉིད། ཁྱེད་ཀྱིས་ཅི་འདྲ་བྱས་ནས།","KT":" ངའི་སེམས་ཉིད། ཁྱེད་ཀྱིས་ཅི་འདྲ་བྱས་ནས། ","CT":"ངའི་སེམས་ཉིད། ཁྱེད་ཀྱིས་ག་རེ་བྱས་ནས།"}}],[{"phrase":{"AT":"  སེམས་ཤུགས་ཆག་གི་ཡོད་དམ།","KT":"སེམས་ཤུགས་ཆག་གི་ཡོད་དམ། ","CT":"  སེམས་ཤུགས་ཆགས་ཀྱི་ཡོད་དམ།"}}],[{"phrase":{"AT":"  དཀོན་མཆོག་ལ། རྒྱུན་དུ་ཡིད་ཆེས་བྱོས། ༣","KT":"དཀོན་མཆོག་ལ། རྒྱུན་དུ་ཡིད་ཆེས་བྱོས། ༣ ","CT":"  དཀོན་མཆོག་ལ། རྒྱུན་དུ་ཡིད་ཆེས་བྱོས། ༣"}}],[{"phrase":{"AT":"ངའི་སེམས་ཉིད། ཁྱེད་ཀྱིས་ཅི་འདྲ་བྱས་ནས།","KT":"ངའི་སེམས་ཉིད། ཁྱེད་ཀྱིས་ཅི་འདྲ་བྱས་ནས། ","CT":"ངའི་སེམས་ཉིད། ཁྱེད་ཀྱིས་ག་རེ་བྱས་ནས།"}}],[{"phrase":{"AT":"  སེམས་ཤུགས་ཆག་གི་ཡོད་དམ།","KT":"སེམས་ཤུགས་ཆག་གི་ཡོད་དམ། ","CT":"  སེམས་ཤུགས་ཆགས་ཀྱི་ཡོད་དམ།"}}]],"label":"verse 1","id":1},{"line":[[{"phrase":{"AT":"ངའི་སེམས་ཉིད། ཁྱེད་ཀྱིས་ཅི་འདྲ་བྱས་ནས།","KT":" ངའི་སེམས་ཉིད། ཁྱེད་ཀྱིས་ཅི་འདྲ་བྱས་ནས། ","CT":"ངའི་སེམས་ཉིད། ཁྱེད་ཀྱིས་ག་རེ་བྱས་ནས།"}}],[{"phrase":{"AT":" ངའི་ནང་དུ་ཞེད་སྣང་བསྐྱེད་ཀྱིན་ཡོད་དམ།","KT":"ངའི་ནང་དུ་སྐྲག་སྣང་བསྐྱེད་ཀྱིན་ཡོད་དམ། ","CT":" ངའི་ནང་དུ་ཞེད་སྣང་སྐྱེ་གི་ཡོད་དམ།"}}],[{"phrase":{"AT":"  དཀོན་མཆོག་ལ་ཁྱེད་ཀྱི་རེ་བ་ཞུས། ༣","KT":"undefinedདཀོན་མཆོག་ལ་ཁྱེད་ཀྱི་རེ་བ་ཞུས། ༣ ","CT":"  དཀོན་མཆོག་ལ་ཁྱེད་ཀྱི་རེ་བ་ཞུས། ༣"}}],[{"phrase":{"AT":"ངའི་སེམས་ཉིད། ཁྱེད་ཀྱིས་ཅི་འདྲ་བྱས་ནས།","KT":"ངའི་སེམས་ཉིད། ཁྱེད་ཀྱིས་ཅི་འདྲ་བྱས་ནས། ","CT":"ངའི་སེམས་ཉིད། ཁྱེད་ཀྱིས་ག་རེ་བྱས་ནས།"}}],[{"phrase":{"AT":" ངའི་ནང་དུ་ཞེད་སྣང་བསྐྱེད་ཀྱིན་ཡོད་དམ།","KT":"ངའི་ནང་དུ་སྐྲག་སྣང་བསྐྱེད་ཀྱིན་ཡོད་དམ། ","CT":" ངའི་ནང་དུ་ཞེད་སྣང་སྐྱེ་གི་ཡོད་དམ།"}}]],"label":"verse 2","id":2},{"line":[[{"phrase":{"AT":"ངའི་སེམས་ཉིད། ཁྱེད་ཀྱིས་ཅི་འདྲ་བྱས་ནས།","KT":" ངའི་སེམས་ཉིད། ཁྱེད་ཀྱིས་ཅི་འདྲ་བྱས་ནས། ","CT":"ངའི་སེམས་ཉིད། ཁྱེད་ཀྱིས་ག་རེ་བྱས་ནས།"}}],[{"phrase":{"AT":" ངའི་ནང་དུ་སེམས་དཀྲུག་གི་ཡོད་དམ།","KT":"ངའི་ནང་དུ་སེམས་དཀྲུག་གི་ཡོད་དམ། ","CT":" ངའི་ནང་དུ་སེམས་དཀྲུག་གི་ཡོད་དམ།"}}],[{"phrase":{"AT":" དཀོན་མཆོག་ལ་ཁྱེད་ཀྱི་དགའ་སྤྲོ་ཞུས། ༣","KT":"དཀོན་མཆོག་ལ་ཁྱེད་ཀྱི་དགའ་སྤྲོ་ཞུས། ༣ ","CT":" དཀོན་མཆོག་ལ་ཁྱེད་ཀྱི་དགའ་སྤྲོ་ཞུས། ༣"}}],[{"phrase":{"AT":"ངའི་སེམས་ཉིད། ཁྱེད་ཀྱིས་ཅི་འདྲ་བྱས་ནས།","KT":"ངའི་སེམས་ཉིད། ཁྱེད་ཀྱིས་ཅི་འདྲ་བྱས་ནས། ","CT":"ངའི་སེམས་ཉིད། ཁྱེད་ཀྱིས་ག་རེ་བྱས་ནས།"}}],[{"phrase":{"AT":" ངའི་ནང་དུ་སེམས་དཀྲུག་གི་ཡོད་དམ།","KT":"ངའི་ནང་དུ་སེམས་དཀྲུག་གི་ཡོད་དམ། ","CT":" ངའི་ནང་དུ་སེམས་དཀྲུག་གི་ཡོད་དམ།།"}}]],"label":"verse 3","id":3}]},"metadata":[]}