{"title":{"AT":"162.ངའི་བརྩེ་བའི་ཡབ་ཆེན་ལགས།","KT":"162. ངའི་བརྩེ་བའི་ཡབ་ཆེན་ལགས། ","CT":"162.ངའི་དགའ་བའི་ཡབ་ཆེན་ལགས།"},"author":"*","key":"*","lyrics":{"Verse":[{"line":[[{"phrase":{"AT":" ངའི་བརྩེ་བའི་ནམ་མཁའི་ཡབ་ཆེན་དཀོན་མཆོག","KT":"ངའི་བརྩེ་བའི་ནམ་མཁའི་ཡབ་ཆེན་དཀོན་མཆོག ","CT":" ངའི་དགའ་བའི་ནམ་མཁའི་དཀོན་མཆོག་ཡབ་ཆེན།"}}],[{"phrase":{"AT":"ཁྱེད་རང་གི་མཚན་ལ་བསྟོད་པ་འབུལ་བཞིན་ཡོད།","KT":"ཁྱེད་རང་གི་མཚན་ལ་བསྟོད་པ་འབུལ་བཞིན་ཡོད། ","CT":"ཁྱེད་རང་གི་མཚན་ལ་བསྟོད་པ་ཕུལ་གྱི་ཡོད།"}}],[{"phrase":{"AT":"གཙོ་བོའི་རྒྱལ་སྲིད་ནི་བསྟོད་དབྱངས་དཀྱིལ་ལ།","KT":"གཙོ་བོའི་རྒྱལ་སྲིད་ནི་བསྟོད་དབྱངས་དཀྱིལ་ལ། ","CT":"གཙོ་བོའི་རྒྱལ་སྲིད་ནི་བསྟོད་དབྱངས་དཀྱིལ་ལ།"}}],[{"phrase":{"AT":"དར་བར་ཤོག ","KT":"དར་བར་ཤོག ","CT":"དར་བར་ཤོག "}}],[{"phrase":{"AT":"གཙོ་བོའི་ནུས་སྟོབས་ལ་བསྟོད་པ་འབུལ་བཞིན་ཡོད།","KT":"གཙོ་བོའི་ནུས་སྟོབས་ལ་བསྟོད་པ་འབུལ་བཞིན་ཡོད། ","CT":"གཙོ་བོའོ་ནུས་སྟོབས་ལ་བསྟོད་པ་ཕུལ་གྱི་ཡོད།"}}],[{"phrase":{"AT":"ཀུན་དབང་དཀོན་མཆོག་ལ་བསྟོད་པར་ཤོག","KT":"ཀུན་དབང་དཀོན་མཆོག་ལ་བསྟོད་པར་ཤོག ","CT":"ཀུན་དབང་གི་དཀོན་མཆོག་ལ་བསྟོད་པར་ཤོག"}}],[{"phrase":{"AT":"ཁྱེད་རྟག་པར་འགྱུར་བ་མེད་པའི་གཙོ་བོ།","KT":"ཁྱེད་རྟག་པར་འགྱུར་བ་མེད་པའི་གཙོ་བོ། ","CT":"ཁྱེད་རྟག་པར་འགྱུར་བ་མེད་པའི་གཙོ་བོ།"}}],[{"phrase":{"AT":"ཀུན་དབང་དཀོན་མཆོག་ལ་བསྟོད་པར་ཤོག","KT":"ཀུན་དབང་དཀོན་མཆོག་ལ་བསྟོད་པར་ཤོག ","CT":"ཀུན་དབང་གི་དཀོན་མཆོག་ལ་བསྟོད་པར་ཤོག"}}],[{"phrase":{"AT":"དུས་ནམ་ཡང་དབང་སྒྱུར་བཞིན་ཡོད།","KT":"དུས་ནམ་ཡང་དབང་སྒྱུར་བཞིན་ཡོད། ","CT":"དུས་ནམ་ཡང་དབང་སྒྱུར་གི་ཡོད།།"}}]],"label":"verse 1","id":1}]},"metadata":[{"AT":"(Father In Heaven How I Love You ཞེས་པའི་དབྱིན་ཇིའི་བསྟོད་དབྱངས།)  TP 34 = PNJ 13","KT":"undefined(Father In Heaven How I Love You ཞེས་པའི་དབྱིན་ཇིའི་བསྟོད་དབྱངས།)49 TP 34 = PNJ 13 49 Joseph Vogels and Fitts, Bob © 1985 Scripture in Song/ Maranatha Music (administered by Music Services, www.nusicservices.org) ASCAP Publishers: SCRIPTURE IN SONG/ MARANATHA/ CCLI. Permission sought. ","CT":"(Father In Heaven How I Love You ཞེས་པའི་དབྱིན་ཇིའི་བསྟོད་དབྱངས།)  TP 34 = PNJ 13"}]}