{"title":{"AT":"163.ངའི་སྙིང་གི་སྐྱབས་མགོན་ཡེ་ཤུ་ལགས།","KT":"undefined163. ངའི་སྙིང་གི་སྐྱབས་མགོན་ཡེ་ཤུ་ལགས། ","CT":"163.ངའི་སྙིང་གི་སྐྱབས་མགོན་ཡེ་ཤུ་ལགས།"},"author":"*","key":"*","lyrics":{"Verse":[{"line":[[{"phrase":{"AT":"ངའི་སྙིང་གི་སྐྱབས་མགོན་ཡེ་ཤུ་ལགས།  ","KT":"ངའི་སྙིང་གི་སྐྱབས་མགོན་ཡེ་ཤུ་ལགས། ","CT":"ངའི་སྙིང་གི་སྐྱབས་མགོན་ཡེ་ཤུ་ལགས།  "}}],[{"phrase":{"AT":"ང་ལ་སྤྱན་གྱིས་གཟིགས་རོགས་གནང་དང་། ","KT":"ང་ལ་སྤྱན་གྱིས་གཟིགས་རོགས་གནང་དང་། ","CT":"ང་ལ་སྤྱན་གྱིས་གཟིགས་རོགས་གནང་དང་། "}}],[{"phrase":{"AT":"ཡ་ལ། ང་ལ་སྤྱན་གྱིས་གཟིགས་རོགས་གནང་དང་། ","KT":"ཡ་ལ། ང་ལ་སྤྱན་གྱིས་གཟིགས་རོགས་གནང་དང་། ","CT":"ཡ་ལ། ང་ལ་སྤྱན་གྱིས་གཟིགས་རོགས་གནང་དང་། "}}],[{"phrase":{"AT":" སྙིང་ནས། སྙིང་ནས་དྲན་སོང་། ","KT":"སྙིང་ནས། སྙིང་ནས་དྲན་སོང་། ","CT":" སྙིང་ནས། སྙིང་ནས་དྲན་སོང་། "}}],[{"phrase":{"AT":"ང་ཡི་སྙིང་ནས་དྲན་སོང་། ","KT":"ང་ཡི་སྙིང་ནས་དྲན་སོང་། ","CT":"ང་ཡི་སྙིང་ནས་དྲན་སོང་། "}}],[{"phrase":{"AT":"དེ་རིང་ང་ཡི་སྙིང་ནས་དྲན་སོང་། ༢ ","KT":"དེ་རིང་ང་ཡི་སྙིང་ནས་དྲན་སོང་། ༢ ","CT":"དེ་རིང་ང་ཡི་སྙིང་ནས་དྲན་སོང་། ༢ "}}],[{"phrase":{"AT":"ཡ་ལ། ཡ་ལ།  ","KT":"ཡ་ལ། ཡ་ལ། ","CT":"ཡ་ལ། ཡ་ལ།  "}}],[{"phrase":{"AT":"ང་ཡི་སྙིང་གི་བདུད་རྣམས། ","KT":"ང་ཡི་སྙིང་གི་བདུད་རྣམས། ","CT":"ང་ཡི་སྙིང་གི་བདུད་རྣམས། "}}],[{"phrase":{"AT":"ཕར་ལ་སྐྲོད་རོགས་གནང་དང་། ","KT":"ཕར་ལ་སྐྲོད་རོགས་གནང་དང་། ","CT":"ཕར་ལ་སྐྲོད་རོགས་གནང་དང་། "}}],[{"phrase":{"AT":"(ཕར་ལ་སྐྲོད་རོགས་གནང་དང་།) ","KT":"(ཕར་ལ་སྐྲོད་རོགས་གནང་དང་།)","CT":"(ཕར་ལ་སྐྲོད་རོགས་གནང་དང་།) "}}],[{"phrase":{"AT":"ང་ཡི་སྙིང་གི་དཀོན་མཆོག ","KT":"ང་ཡི་སྙིང་གི་དཀོན་མཆོག ","CT":"ང་ཡི་སྙིང་གི་དཀོན་མཆོག "}}],[{"phrase":{"AT":"ཁྱེད་རང་ཡིན་ནོ།།","KT":"ཁྱེད་རང་ཡིན་ནོ།། ","CT":"ཁྱེད་རང་ཡིན་ནོ།"}}]],"label":"verse 1","id":1},{"line":[[{"phrase":{"AT":"ངའི་སྙིང་གི་སྐྱབས་མགོན་ཡེ་ཤུ་ལགས།  ","KT":"ངའི་སྙིང་གི་སྐྱབས་མགོན་ཡེ་ཤུ་ལགས། ","CT":"ངའི་སྙིང་གི་སྐྱབས་མགོན་ཡེ་ཤུ་ལགས།  "}}],[{"phrase":{"AT":"ང་ལ་སྤྱན་གྱིས་གཟིགས་རོགས་གནང་དང་། ","KT":"ང་ལ་སྤྱན་གྱིས་གཟིགས་རོགས་གནང་དང་། ","CT":"ང་ལ་སྤྱན་གྱིས་གཟིགས་རོགས་གནང་དང་། "}}],[{"phrase":{"AT":"ཡ་ལ། ང་ལ་སྤྱན་གྱིས་གཟིགས་རོགས་གནང་དང་། ","KT":"ཡ་ལ། ང་ལ་སྤྱན་གྱིས་གཟིགས་རོགས་གནང་དང་། ","CT":"ཡ་ལ། ང་ལ་སྤྱན་གྱིས་གཟིགས་རོགས་གནང་དང་། "}}],[{"phrase":{"AT":" སྤྱན་གྱིས། སྤྱན་གྱིས་གཟིགས་དང་། ","KT":"སྤྱན་གྱིས། སྤྱན་གྱིས་གཟིགས་དང་། ","CT":" སྤྱན་གྱིས། སྤྱན་གྱིས་གཟིགས་དང་། "}}],[{"phrase":{"AT":"ང་ལ་སྤྱན་གྱིས་གཟིགས་དང་། ","KT":"ང་ལ་སྤྱན་གྱིས་གཟིགས་དང་། ","CT":"ང་ལ་སྤྱན་གྱིས་གཟིགས་དང་། "}}],[{"phrase":{"AT":"དེ་རིང་ང་ལ་སྤྱན་གྱིས་གཟིགས་དང་། ༢","KT":"དེ་རིང་ང་ལ་སྤྱན་གྱིས་གཟིགས་དང་། ༢ ","CT":"དེ་རིང་ང་ལ་སྤྱན་གྱིས་གཟིགས་དང་། ༢"}}],[{"phrase":{"AT":"ཡ་ལ། ཡ་ལ།","KT":"ཡ་ལ། ཡ་ལ། ","CT":"ཡ་ལ། ཡ་ལ།"}}],[{"phrase":{"AT":"ང་ཡི་སྙིང་གི་བདུད་རྣམས། ","KT":"undefinedང་ཡི་སྙིང་གི་བདུད་རྣམས། ","CT":"ང་ཡི་སྙིང་གི་བདུད་རྣམས། "}}],[{"phrase":{"AT":"ཕར་ལ་སྐྲོད་རོགས་གནང་དང་།","KT":"ཕར་ལ་སྐྲོད་རོགས་གནང་དང་། ","CT":"ཕར་ལ་སྐྲོད་རོགས་གནང་དང་།"}}],[{"phrase":{"AT":"(ཕར་ལ་སྐྲོད་རོགས་གནང་དང་།)","KT":"(ཕར་ལ་སྐྲོད་རོགས་གནང་དང་།)","CT":"(ཕར་ལ་སྐྲོད་རོགས་གནང་དང་།)"}}],[{"phrase":{"AT":"ང་ཡི་སྙིང་གི་དཀོན་མཆོག ","KT":"ང་ཡི་སྙིང་གི་དཀོན་མཆོག ","CT":"ང་ཡི་སྙིང་གི་དཀོན་མཆོག "}}],[{"phrase":{"AT":"ཁྱེད་རང་ཡིན་ནོ།།","KT":"ཁྱེད་རང་ཡིན་ནོ།། ","CT":"ཁྱེད་རང་ཡིན་ནོ།།"}}]],"label":"verse 2","id":2}]},"metadata":[{"AT":"(ངག་དབང་སི་ལཱས་བརྩམས་པའི་བསྟོད་དབྱངས།) NS CD1:6; KT06 122","KT":"undefined(ངག་དབང་སི་ལཱས་བརྩམས་པའི་བསྟོད་དབྱངས།) NS CD1:6; KT06 122 ","CT":"(ངག་དབང་སི་ལཱས་བརྩམས་པའི་བསྟོད་དབྱངས།) NS CD1:6; KT06 122"}]}