{"title":{"AT":"164.ངའི་ཞི་བདེ་ཁྱོད་ལ་གནང་རྒྱུ་ཡིན།","KT":"164. ངའི་ཞི་བདེ་ཁྱོད་ལ་སྤྲོད་རྒྱུ་ཡིན། ","CT":"164.ངའི་ཞི་བདེ་ཁྱེད་ལ་སྤྲོད་པར་བྱ།"},"author":"*","key":"*","lyrics":{"Verse":[{"line":[[{"phrase":{"AT":" ངའི་ཞི་བདེ་ཁྱོད་ལ་གནང་རྒྱུ་ཡིན།","KT":"ངའི་ཞི་བདེ་ཁྱོད་ལ་སྤྲོད་རྒྱུ་ཡིན། ","CT":" ངའི་ཞི་བདེ་ཁྱེད་ལ་སྤྲོད་པར་བྱ།"}}],[{"phrase":{"AT":"ཞི་བདེ་འདི་འཇིག་རྟེན་ནས་ལེན་མི་ཐུབ།","KT":"ཞི་བདེ་འདི་འཇིག་རྟེན་ནས་ལེན་མི་ཐུབ། ","CT":"ཞི་བདེ་འདི་འཇིག་རྟེན་ནང་ལེན་མི་ཐུབ།"}}],[{"phrase":{"AT":"ཞི་བདེ་འདི་མི་རྣམས་ཀྱིས་ཧ་གོ་མི་ཐུབ།","KT":"ཞི་བདེ་འདི་མི་རྣམས་ཀྱིས་ཧ་གོ་མི་ཐུབ། ","CT":"ཞི་བདེ་འདི་མི་རྣམས་ཀྱིས་ཧ་གོ་མི་ཐུབ།"}}],[{"phrase":{"AT":"ངའི་ཞི་བདེས་ཁྱོད་གསོན་པར་བྱེད།","KT":"ངའི་ཞི་བདེས་ཁྱོད་གསོན་པར་བྱེད། ","CT":"ངའི་ཞི་བདེས་ཁྱེད་གསོན་པར་བྱེད།"}}],[{"phrase":{"AT":"ཞི་བདེ་འདི་ཁྱོད་ལ་གནང་རྒྱུ་ཡིན།","KT":"ཞི་བདེ་འདི་ཁྱོད་ལ་སྤྲོད་རྒྱུ་ཡིན། ","CT":"ཞི་བདེ་འདི་ཁྱེད་ལ་སྤྲོད་པར་བྱ།།"}}]],"label":"verse 1","id":1}]},"metadata":[{"AT":"(My Peace I Give Unto You ཞེས་པའི་དབྱིན་ཇིའི་བསྟོད་དབྱངས།)   PNJ 8","KT":"undefined(My Peace I Give Unto You ཞེས་པའི་དབྱིན་ཇིའི་བསྟོད་དབྱངས།) 50 PNJ 8 50 Keith Routledge © 1975 Sovereign Music UK. P O Box 356, Leighton Buzzard. LU7 3WP UK. sovereignmusic@aol.com. Used by permission. ","CT":"(My Peace I Give Unto You ཞེས་པའི་དབྱིན་ཇིའི་བསྟོད་དབྱངས།)  PNJ 8"}]}