{"title":{"AT":"165.ངས་ད་ལྟ་ཡབ་དཀོན་མཆོག་ངོ་ཤེས་བྱུང་། ","KT":"undefined165. ངས་ད་ལྟ་ཡབ་དཀོན་མཆོག་ངོ་ཤེས་བྱུང་། ","CT":"165.ངས་ད་ལྟ་ཡབ་དཀོན་མཆོག་ངོ་ཤེས་བྱུང་། "},"author":"*","key":"*","lyrics":{"Verse":[{"line":[[{"phrase":{"AT":"ངས་ད་ལྟ་ཡབ་དཀོན་མཆོག་ངོ་ཤེས་བྱུང་། ","KT":"ངས་ད་ལྟ་ཡབ་དཀོན་མཆོག་ངོ་ཤེས་བྱུང་། ","CT":"ངས་ད་ལྟ་ཡབ་དཀོན་མཆོག་ངོ་ཤེས་བྱུང་། "}}],[{"phrase":{"AT":"ཁྱེད་འཇིག་རྟེན་ཧྲིལ་པོའི་ཁྲིམས་དཔོན།","KT":"ཁྱེད་འཇིག་རྟེན་ཧྲིལ་པོའི་ཁྲིམས་དཔོན། ","CT":"ཁྱེད་འཇིག་རྟེན་ཧྲིལ་པོའི་ཁྲིམས་དཔོན།"}}],[{"phrase":{"AT":"ངའི་དགྲ་བོ་ཁྱེད་ཀྱིས་ཚར་བཅད་ཅིང་། ༢","KT":"ངའི་དགྲ་བོ་ཁྱེད་ཀྱིས་ཚར་བཅད་ཅིང་། ༢ ","CT":"ངའི་དགྲ་བོ་ཁྱེད་ཀྱིས་ཚར་བཅད་ཅིང་། ༢"}}],[{"phrase":{"AT":"དུས་གཏན་དུ་མིང་ཡང་མེད་པར་མཛད། ","KT":"དུས་གཏན་དུ་མིང་ཡང་མེད་པར་མཛད། ","CT":"དུས་གཏན་དུ་མིང་ཡང་མེད་པར་མཛད། "}}],[{"phrase":{"AT":"ང་ཚོ་ལ་སྙིང་རྗེ་མཛད།","KT":"ང་ཚོ་ལ་སྙིང་རྗེ་མཛད། ","CT":"ང་ཚོ་ལ་སྙིང་རྗེ་མཛད།"}}],[{"phrase":{"AT":"ཁྲི་མཐོན་པོར་བཞུགས་པའི་རྒྱལ་པོ་ཡིན།","KT":"ཁྲི་མཐོན་པོར་བཞུགས་པའི་རྒྱལ་པོ་ཡིན། ","CT":"ཁྲི་མཐོན་པོར་བཞུགས་པའི་རྒྱལ་པོ་ཡིན།"}}],[{"phrase":{"AT":"སེམས་གསར་བ་ཁྱེད་ཀྱིས་ང་ལ་གནང་།","KT":"སེམས་གསར་པ་ཁྱེད་ཀྱིས་ང་ལ་གནང་། ","CT":"སེམས་གསར་པ་ཁྱེད་ཀྱིས་ང་ལ་གནང་།"}}],[{"phrase":{"AT":"ཧ་ལེ་ལོའུ་ཡཱ། ཧ་ལེ་ལོའུ་ཡཱ།","KT":"ཧ་ལེ་ལོའུ་ཡཱ། ཧ་ལེ་ལོའུ་ཡཱ། ","CT":"ཧཱ་ལེ་ལུ་ཡཱ། ཧཱ་ལེ་ལུ།"}}],[{"phrase":{"AT":"ཁྲི་མཐོན་པོར་བཞུགས་པའི་རྒྱལ་པོ་ཡིན།","KT":"ཁྲི་མཐོན་པོར་བཞུགས་པའི་རྒྱལ་པོ་ཡིན། ","CT":"ཁྲི་མཐོན་པོར་བཞུགས་པའི་རྒྱལ་པོ་ཡིན།"}}],[{"phrase":{"AT":"སེམས་གསར་བ་ཁྱེད་ཀྱིས་ང་ལ་གནང་།","KT":"སེམས་གསར་པ་ཁྱེད་ཀྱིས་ང་ལ་གནང་། ","CT":"སེམས་གསར་པ་ཁྱེད་ཀྱིས་ང་ལ་གནང་།"}}]],"label":"verse 1","id":1},{"line":[[{"phrase":{"AT":"ངས་ད་ལྟ་ཡབ་དཀོན་མཆོག་ངོ་ཤེས་བྱུང་། ","KT":"ངས་ད་ལྟ་ཡབ་དཀོན་མཆོག་ངོ་ཤེས་བྱུང་། ","CT":"ངས་ད་ལྟ་ཡབ་དཀོན་མཆོག་ངོ་ཤེས་བྱུང་། "}}],[{"phrase":{"AT":"ཁྱེད་འཇིག་རྟེན་ཧྲིལ་པོའི་སྐྱབས་མགོན།","KT":"ཁྱེད་འཇིག་རྟེན་ཧྲིལ་པོའི་སྐྱབས་མགོན། ","CT":"ཁྱེད་འཇིག་རྟེན་ཧྲིལ་པོའི་སྐྱབས་མགོན།"}}],[{"phrase":{"AT":"མི་རྣམས་ལ་ཁྱེད་ཀྱིས་བྱིན་རླབས་གནང་། ༢","KT":"མི་རྣམས་ལ་ཁྱེད་ཀྱིས་བྱིན་རླབས་གནང་། ༢ ","CT":"མི་རྣམས་ལ་ཁྱེད་ཀྱིས་བྱིན་རླབས་གནང་། ༢"}}],[{"phrase":{"AT":"མཐའ་མེད་པའི་སྲོག་ང་ཚོར་གནང་བྱུང་། ","KT":"མཐའ་མེད་པའི་སྲོག་ང་ཚོར་གནང་བྱུང་། ","CT":"ང་ཚོར་མཐའ་མེད་པའི་སྲོག་གནང་བྱུང་། "}}],[{"phrase":{"AT":"ང་ཚོ་ལ་སྙིང་རྗེ་མཛད།","KT":"ང་ཚོ་ལ་སྙིང་རྗེ་མཛད། ","CT":" ང་ཚོ་ལ་སྙིང་རྗེ་མཛད།"}}],[{"phrase":{"AT":"རི་མཐོན་པོ་འདྲ་བའི་དབུ་འཕང་མཐོ།","KT":"རི་མཐོན་པོ་འདྲ་བའི་དབུ་འཕང་མཐོ། ","CT":"རི་མཐོན་པོར་འདྲ་བའི་དབུ་འཕང་མཐོ།"}}],[{"phrase":{"AT":"སྤང་མེ་ཏོག་བཞིན་གྱི་མཛེས་སྡུག་ལྡན།","KT":"སྤང་མེ་ཏོག་བཞིན་གྱི་མཛེས་སྡུག་ལྡན། ","CT":"སྤང་མེ་ཏོག་བཞིན་གྱི་མཛེས་སྡུག་ལྡན།"}}],[{"phrase":{"AT":"ཧ་ལེ་ལོའུ་ཡཱ། ཧ་ལེ་ལོའུ་ཡཱ།","KT":"ཧ་ལེ་ལོའུ་ཡཱ། ཧ་ལེ་ལོའུ་ཡཱ། ","CT":"ཧཱ་ལེ་ལུ་ཡཱ། ཧཱ་ལེ་ལུ།"}}],[{"phrase":{"AT":"རི་མཐོན་པོ་འདྲ་བའི་དབུ་འཕང་མཐོ།","KT":"རི་མཐོན་པོ་འདྲ་བའི་དབུ་འཕང་མཐོ། ","CT":"རི་མཐོན་པོར་འདྲ་བའི་དབུ་འཕང་མཐོ།"}}],[{"phrase":{"AT":"སྤང་མེ་ཏོག་བཞིན་གྱི་མཛེས་སྡུག་ལྡན། ༢","KT":"སྤང་མེ་ཏོག་བཞིན་གྱི་མཛེས་སྡུག་ལྡན། ༢ ","CT":"སྤང་མེ་ཏོག་བཞིན་གྱི་མཛེས་སྡུག་ལྡན། ༢"}}],[{"phrase":{"AT":"            ཧ་ལེ་ལོའུ་ཡཱ། ཧ་ལེ་ལོའུ་ཡཱ།","KT":"ཧ་ལེ་ལོའུ་ཡཱ། ཧ་ལེ་ལོའུ་ཡཱ། ","CT":"ཧཱ་ལེ་ལུ་ཡཱ། ཧཱ་ལེ་ལུ་ཡཱ།།"}}]],"label":"verse 2","id":2}]},"metadata":[{"AT":"(ངག་དབང་སི་ལཱས་བརྩམས་པའི་བསྟོད་དབྱངས།) KT06 123","KT":"undefined(ངག་དབང་སི་ལཱས་བརྩམས་པའི་བསྟོད་དབྱངས།) KT06 123 ","CT":"(ངག་དབང་སི་ལཱས་བརྩམས་པའི་བསྟོད་དབྱངས།) KT06 123"}]}