{"title":{"AT":"166.ངས་རིན་ཐང་ཆེ་བའི་སྤོས་ཆུ། ","KT":"166. ངས་རིན་ཐང་ཆེ་བའི་སྤོས་ཆུ། ","CT":"166.ངས་རིན་ཐང་ཆེ་བའི་སྤོས་ཆུ། "},"author":"*","key":"*","lyrics":{"Verse":[{"line":[[{"phrase":{"AT":"ངས་རིན་ཐང་ཆེ་བའི་སྤོས་ཆུ་གཙོ་བོའི་ཞབས་ལ་བྱུགས། ","KT":"མདོ3 པར་གཟིགས་རོགས་གནང་། ","CT":"ངས་རིན་ཐང་ཆེ་བའི་སྤོས་ཆུ་གཙོ་བོའི་ཞབས་ལ་བྱུགས། "}}],[{"phrase":{"AT":"འདི་ནི་བསྟོད་པ། འདི་ནི་བསྟོད་པ།","KT":"འདི་ནི་བསྟོད་པ། འདི་ནི་བསྟོད་པ། ","CT":"འདི་ནི་བསྟོད་པ། འདི་ནི་བསྟོད་པ།"}}],[{"phrase":{"AT":"ངས་རང་དབང་སྒོས་བྱམས་པ་ཡོད་ཚད་ཁྱེད་ལ་འབུལ།","KT":"ངས་རང་དབང་ཐོག་བྱམས་པ་ཡོད་ཚད་ཁྱེད་ལ་འབུལ། ","CT":"ངས་རང་དབང་སྒོས་བྱམས་པ་ཡོད་ཚད་ཁྱེད་ལ་འབུལ།"}}],[{"phrase":{"AT":"འདི་ནི་བསྟོད་པ།འདི་ནི་བསྟོད་པ།","KT":"འདི་ནི་བསྟོད་པ། འདི་ནི་བསྟོད་པ། ","CT":"འདི་ནི་བསྟོད་པ།འདི་ནི་བསྟོད་པ།"}}],[{"phrase":{"AT":"ཁྱེད་ལ་དགའ་བའི་དྲི་ཞིམ་གནས་འདི་ལ་ཁྱབ།","KT":"ཁྱེད་ལ་དགའ་བའི་དྲི་ཞིམ་གནས་འདི་ལ་ཁྱབ། ","CT":"ཁྱེད་ལ་དགའ་བའི་དྲི་ཞིམ་གནས་འདི་ལ་ཁྱབ།"}}],[{"phrase":{"AT":"ངའི་སེམས་གཏིང་གི་བྱམས་པ་དང་བསྟོད་པ་ཁྱེད་ལ་འབུལ།","KT":"ངའི་སེམས་གཏིང་གི་བྱམས་པ་དང་བསྟོད་པ་ཁྱེད་ལ་འབུལ། ","CT":"ངའི་སེམས་གཏིང་གི་བྱམས་པ་དང་བསྟོད་པ་ཁྱེད་ལ་འབུལ།"}}],[{"phrase":{"AT":"ཡེ་ཤུ།  ཡེ་ཤུ།  ངའི་ཐོག་མའི་བརྩེ་དུང་ཡིན།","KT":"ཡེ་ཤུ། ཡེ་ཤུ། ངའི་ཐོག་མའི་བརྩེ་དུང་ཡིན། ","CT":"ཡེ་ཤུ།  ཡེ་ཤུ།  ངའི་བརྩེ་དུང་དང་པོ་ཡིན།"}}],[{"phrase":{"AT":"ཡེ་ཤུ།  ཡེ་ཤུ།  ངའི་ཐོག་མའི་བརྩེ་དུང་ཡིན།","KT":"ཡེ་ཤུ། ཡེ་ཤུ། ངའི་ཐོག་མའི་བརྩེ་དུང་ཡིན། ","CT":"ཡེ་ཤུ།  ཡེ་ཤུ།  ངའི་བརྩེ་དུང་དང་པོ་ཡིན།།"}}]],"label":"verse 1","id":1}]},"metadata":[{"AT":"(ངའི་ཐོག་མའི་བརྩེ་དུང་ཡིན།)","KT":"(ངའི་ཐོག་མའི་བརྩེ་དུང་ཡིན།) ","CT":"(ངའི་བརྩེ་དུང་དང་པོ་ཡིན།)"},{"AT":"(My First Love ཞེས་པའི་དབྱིན་ཇིའི་བསྟོད་དབྱངས། ) AT08 116","KT":"(My First Love ཞེས་པའི་དབྱིན་ཇིའི་བསྟོད་དབྱངས། ) AT08 116 ངས་རིན་ཐང་ཆེ་བའི་སྤོས་ཆུ་གཙོ་བོའི་ཞབས་ལ་བྱུགས།51 51 ངས་རིན་ཐང་ཆེ་བའི་སྤོས་ཆུ་གཙོ་བོའི་ཞབས་ལ་བྱུགས་ཞེས་པ་ནི་ངའི་སེམས་གཏིང་གི་བྱམས་པ་དང་བསྟོད་པ་སྐྱབས་མགོན་ཡེ་ཤུ་ལ་ཕུལ་ཞེས་པ་ཡིན། ལོ་རྒྱུས་འདི་དམ་པའི་གསུང་རབ་ནང་ཡོ་ཧ་ནན་གྱི་འཕྲིན་བཟང་གི་ལེའུ 12 པའི་","CT":"(My First Love ཞེས་པའི་དབྱིན་ཇིའི་བསྟོད་དབྱངས། ) AT08 116"}]}