{"title":{"AT":"167.ངས་ལག་པ་ཡར་བརྐྱངས་ནས།","KT":"167. ངས་ལག་པ་ཡར་བརྐྱངས་ནས། ","CT":"167.ངས་ལག་པ་ཡར་བརྐྱངས་ནས།"},"author":"*","key":"*","lyrics":{"Verse":[{"line":[[{"phrase":{"AT":"ངས་ལག་པ་ཡར་བརྐྱངས་ནས། ","KT":"ངས་ལག་པ་ཡར་བརྐྱངས་ནས། ","CT":"ངས་ལག་པ་ཡར་བརྐྱངས་ནས། "}}],[{"phrase":{"AT":"ཡ་ཝཱེ་ལ་གླུ་ལེན་རྒྱུ་ཡིན།","KT":"ཡ་ཝཱེ་ལ་གླུ་ལེན་རྒྱུ་ཡིན། ","CT":"ཡ་ཝེ་ལ་གླུ་ལེན་གྱི་ཡིན།"}}],[{"phrase":{"AT":"ངའི་སེམས་ནང་ལ།","KT":"ངའི་སེམས་ནང་ལ། ","CT":"ངའི་སེམས་ནང་ལ།"}}],[{"phrase":{"AT":"ཁྱེད་རང་ངའི་རྒྱལ་པོ་ཡིན། ༢","KT":"ཁྱེད་རང་ངའི་རྒྱལ་པོ་ཡིན། ༢ ","CT":"ཁྱེད་རང་ངའི་རྒྱལ་པོ་ཡིན། ༢"}}],[{"phrase":{"AT":"དཀོན་མཆོག་ལས་ནོར་བུ་གཞན་དག་མེད།","KT":"དཀོན་མཆོག་ལས་ནོར་བུ་གཞན་པ་མེད། ","CT":"དཀོན་མཆོག་དང་ནོར་བུ་གཞན་དག་མེད།"}}],[{"phrase":{"AT":"ང་ཁྱེད་ལ་ཞབས་ཕྱི་སྒྲུབ་མཁན་ཡིན།","KT":"ང་ཁྱེད་ལ་ཞབས་ཕྱི་ཞུ་མཁན་ཡིན། ","CT":"ང་ཁྱེད་ཀྱི་ཞབས་ཕྱི་ཞུ་མཁན་ཡིན།"}}],[{"phrase":{"AT":"ཁྱེད་ངའི་གཙོ་བོའི་གཙོ་བོ་ཡིན།","KT":"ཁྱེད་ངའི་གཙོ་བོའི་གཙོ་བོ་ཡིན། ","CT":"ཁྱེད་ངའི་གཙོ་བོའི་གཙོ་བོ་ཡིན།"}}],[{"phrase":{"AT":"ཚད་མེད་ཐུགས་ཉིད་ལྡན་པ་ཡིན།","KT":"ཚད་མེད་ཐུགས་ཉིད་ལྡན་པ་ཡིན། ","CT":"ཚད་མེད་ཐུགས་ཉིད་ལྡན་པ་ཡིན།"}}],[{"phrase":{"AT":"ཁྱེད་ཀྱི་མཚན་ལ་ངས་བསྟོད་པའི་མཆོད་པ།","KT":"ཁྱེད་ཀྱི་མཚན་ལ་ངས་བསྟོད་པའི་མཆོད་པ། ","CT":"ཁྱེད་ཀྱི་མཚན་ལ་ངས་བསྟོད་པའི་མཆོད་པ།"}}],[{"phrase":{"AT":"འབུལ་རྒྱུ་ཡིན།","KT":"འབུལ་རྒྱུ་ཡིན། ","CT":"འབུལ་གྱི་ཡིན།།"}}]],"label":"verse 1","id":1}]},"metadata":[{"AT":"(I Lift My Hands To The Coming King ཞེས་པའི་དབྱིན་ཇིའི་བསྟོད་དབྱངས།)  KT06 124 ","KT":"(I Lift My Hands To The Coming King ཞེས་པའི་དབྱིན་ཇིའི་བསྟོད་དབྱངས།)52 KT06 124 52 Andre Kempen © 1989 Kempen Music/kingswaysongs.com tym@kingsway.co.uk. For the World (excl. S. Africa). Used by permission. ","CT":"(I Lift My Hands To The Coming King ཞེས་པའི་དབྱིན་ཇིའི་བསྟོད་དབྱངས།)  KT06 124 "}]}