{"title":{"AT":"168.ང་ཚོའི་དཀོན་མཆོག་ལ་བསྟོད་དབྱངས་ཕུལ།","KT":"168. ང་ཚོའི་དཀོན་མཆོག་ལ་བསྟོད་དབྱངས་ཕུལ། ","CT":"168.ངེད་ཀྱི་དཀོན་མཆོག་ལ་བསྟོད་དབྱངས་ཕུལ།"},"author":"*","key":"*","lyrics":{"Verse":[{"line":[[{"phrase":{"AT":"ང་ཚོའི་དཀོན་མཆོག་ལ་བསྟོད་དབྱངས་ཕུལ།","KT":" ང་ཚོའི་དཀོན་མཆོག་ལ་བསྟོད་དབྱངས་ཕུལ། ","CT":"ངེད་ཀྱི་དཀོན་མཆོག་ལ་བསྟོད་དབྱངས་ཕུལ།"}}],[{"phrase":{"AT":"གླུ་བླངས་ནས་ཞབས་བྲོ་འཁྲབ་རྒྱུ་ཡིན།","KT":"གླུ་བླངས་ནས་ཞབས་བྲོ་འཁྲབ་རྒྱུ་ཡིན། ","CT":"གླུ་བཏང་ནས་ཞབས་བྲོ་རྒྱག་གི་ཡིན།"}}],[{"phrase":{"AT":"བསྟོད་དབྱངས་འབུལ་ནས་ཞབས་བྲོ་འཁྲབ།","KT":"བསྟོད་དབྱངས་འབུལ་ནས་ཞབས་བྲོ་འཁྲབ། ","CT":"བསྟོད་དབྱངས་ཕུལ་ནས་ཞབས་བྲོ་རྒྱོབ།"}}],[{"phrase":{"AT":"ཞབས་བྲོ་འཁྲབ་ནས་བསྟོད་དབྱངས་འབུལ།","KT":"ཞབས་བྲོ་འཁྲབ་ནས་བསྟོད་དབྱངས་འབུལ། ","CT":"ཞབས་བྲོ་བརྒྱབ་ནས་བསྟོད་དབྱངས་ཕུལ།"}}]],"label":"verse 1","id":1},{"line":[[{"phrase":{"AT":"ང་ཚོའི་དཀོན་མཆོག་ལ་བསྟོད་དབྱངས་འབུལ།","KT":"ndefined༢ ང་ཚོའི་དཀོན་མཆོག་ལ་བསྟོད་དབྱངས་འབུལ། ","CT":"ངེད་ཀྱི་དཀོན་མཆོག་ལ་བསྟོད་དབྱངས་ཕུལ།"}}],[{"phrase":{"AT":"གླུ་བླངས་ནས་ཞབས་བྲོ་འཁྲབ་རྒྱུ་ཡིན།","KT":"གླུ་བླངས་ནས་ཞབས་བྲོ་འཁྲབ་རྒྱུ་ཡིན། ","CT":"གླུ་བཏང་ནས་ཞབས་བྲོ་རྒྱག་གི་ཡིན།"}}],[{"phrase":{"AT":"ང་ཚོའི་དཀོན་མཆོག་ལ་བསྟོད་དབྱངས་འབུལ།","KT":"ང་ཚོའི་དཀོན་མཆོག་ལ་བསྟོད་དབྱངས་འབུལ། ","CT":"ངེད་ཀྱི་དཀོན་མཆོག་ལ་བསྟོད་དབྱངས་ཕུལ།"}}],[{"phrase":{"AT":"གླུ་བླངས་ནས་ཞབས་བྲོ་འཁྲབ་རྒྱུ་ཡིན།","KT":"གླུ་བླངས་ནས་ཞབས་བྲོ་འཁྲབ་རྒྱུ་ཡིན། ","CT":"གླུ་བཏང་ནས་ཞབས་བྲོ་རྒྱག་གི་ཡིན།"}}],[{"phrase":{"AT":"བསྟོད་དབྱངས་འབུལ་ནས་ཞབས་བྲོ་འཁྲབ།","KT":"བསྟོད་དབྱངས་འབུལ་ནས་ཞབས་བྲོ་འཁྲབ། ","CT":"བསྟོད་དབྱངས་ཕུལ་ནས་ཞབས་བྲོ་རྒྱོབ།"}}],[{"phrase":{"AT":"ཞབས་བྲོ་འཁྲབ་ནས་བསྟོད་དབྱངས་འབུལ།","KT":"ཞབས་བྲོ་འཁྲབ་ནས་བསྟོད་དབྱངས་འབུལ། ","CT":"ཞབས་བྲོ་བརྒྱབ་ནས་བསྟོད་དབྱངས་ཕུལ།།"}}]],"label":"verse 2","id":2}]},"metadata":[{"AT":"(ཀརྨ་བསོད་ནམས་ཀྱིས་བརྩམས་པའི་བསྟོད་དབྱངས།)","KT":"undefined(ཀརྨ་བསོད་ནམས་ཀྱིས་བརྩམས་པའི་བསྟོད་དབྱངས།) ","CT":"(ཀརྨ་བསོད་ནམས་ཀྱིས་བརྩམས་པའི་བསྟོད་དབྱངས།)"}]}