{"title":{"AT":"169.ང་ཡི་གཙོ་བོ་ལུག་རྫི།","KT":"169. ང་ཡི་གཙོ་བོ་ལུག་རྫི། ","CT":"169.ངེད་ཀྱི་གཙོ་བོ་ལུག་རྫི།"},"author":"*","key":"*","lyrics":{"Verse":[{"line":[[{"phrase":{"AT":"ང་ཡི་གཙོ་བོ་ལུག་རྫི།","KT":" ང་ཡི་གཙོ་བོ་ལུག་རྫི། ","CT":"ངེད་ཀྱི་གཙོ་བོ་ལུག་རྫི།"}}],[{"phrase":{"AT":"ང་ཡི་གཙོ་བོ་སྡོངས་གྲོགས།","KT":"ང་ཡི་གཙོ་བོ་སྡོང་གྲོགས། ","CT":"ངེད་ཀྱི་གཙོ་བོ་རོགས་པ།"}}],[{"phrase":{"AT":"ང་ཡི་གཙོ་བོ་རེ་བ།","KT":"ང་ཡི་གཙོ་བོ་རེ་བ། ","CT":"ངེད་ཀྱི་གཙོ་བོ་རེ་བ།"}}],[{"phrase":{"AT":"ང་ཡི་གཙོ་བོ་ཞི་བདེ།","KT":"ང་ཡི་གཙོ་བོ་ཞི་བདེ། ","CT":"ངེད་ཀྱི་གཙོ་བོ་ཞི་བདེ།"}}]],"label":"verse 1","id":1},{"line":[[{"phrase":{"AT":"དཀོན་མཆོག་ལ་བསྟོད་དབྱངས་ཕུལ།","KT":"ཀོན་མཆོག་ལ་བསྟོད་དབྱངས་ཕུལ། ","CT":"ཀོན་མཆོག་ལ་བསྟོད་དབྱངས་ཕུལ།"}}],[{"phrase":{"AT":"དཀོན་མཆོག་ལ་མགོ་སྒུར།","KT":"དཀོན་མཆོག་ལ་མགོ་སྒུར། ","CT":"དཀོན་མཆོག་ལ་མགོ་སྒུར།"}}],[{"phrase":{"AT":"དཀོན་མཆོག་ལ་ཕྱག་འཚོལ།","KT":"དཀོན་མཆོག་ལ་ཕྱག་འཚོལ། ","CT":"དཀོན་མཆོག་ལ་ཕྱག་འཚོལ།"}}],[{"phrase":{"AT":"དཀོན་མཆོག་ལ་སྨོན་ལམ་ཐོབས།","KT":"དཀོན་མཆོག་ལ་སྨོན་ལམ་རྒྱོབ། ","CT":"དཀོན་མཆོག་ལ་སྨོན་ལམ་རྒྱོབ།"}}]],"label":"verse 2","id":2},{"line":[[{"phrase":{"AT":"ང་ལ་གནོངས་དང་དམ་པའི་ཐུགས་ཉིད།","KT":" ང་ལ་གནོངས་དང་དམ་པའི་ཐུགས་ཉིད། ","CT":"ང་ལ་གནང་དང་དམ་པའི་ཐུགས་ཉིད།"}}],[{"phrase":{"AT":"ང་ལ་གནོངས་དང་ཁྱེད་ཀྱི་བརྩེ་བ།","KT":"ང་ལ་གནོངས་དང་ཁྱེད་ཀྱི་བརྩེ་བ། ","CT":"ང་ལ་གནང་དང་ཁྱེད་ཀྱི་བརྩེ་བ།"}}],[{"phrase":{"AT":"ང་ལ་གནོངས་དང་ཁྱེད་ཀྱི་བློ་གྲོས།","KT":"ང་ལ་གནོངས་དང་ཁྱེད་ཀྱི་བློ་གྲོས། ","CT":"ང་ལ་གནང་དང་ཁྱེད་ཀྱི་བློ་གྲོས།"}}],[{"phrase":{"AT":"ང་ལ་གནོངས་དང་ཁྱེད་ཀྱི་ཁྱད་ཆོས།","KT":"ང་ལ་གནོངས་དང་ཁྱེད་ཀྱི་ཁྱད་ཆོས། ","CT":"ང་ལ་གནང་དང་ཁྱེད་ཀྱི་ཁྱད་ཆོས།"}}]],"label":"verse 3","id":3},{"line":[[{"phrase":{"AT":"དཀོན་མཆོག་ལ་བསྟོད་དབྱངས་ཕུལ།","KT":"ndefinedདཀོན་མཆོག་ལ་བསྟོད་དབྱངས་ཕུལ། ","CT":"ཀོན་མཆོག་ལ་བསྟོད་དབྱངས་ཕུལ།"}}],[{"phrase":{"AT":"དཀོན་མཆོག་ལ་མགོ་སྒུར།","KT":"དཀོན་མཆོག་ལ་མགོ་སྒུར། ","CT":"དཀོན་མཆོག་ལ་མགོ་སྒུར།"}}],[{"phrase":{"AT":"དཀོན་མཆོག་ལ་ཕྱག་འཚོལ།","KT":"དཀོན་མཆོག་ལ་ཕྱག་འཚོལ། ","CT":"དཀོན་མཆོག་ལ་ཕྱག་འཚོལ།"}}],[{"phrase":{"AT":"དཀོན་མཆོག་ལ་སྨོན་ལམ་ཐོབས། ༢","KT":"དཀོན་མཆོག་ལ་སྨོན་ལམ་རྒྱོབ། ༢ ","CT":"དཀོན་མཆོག་ལ་སྨོན་ལམ་རྒྱོབ།། ༢"}}]],"label":"verse 4","id":4}]},"metadata":[{"AT":"(ཀརྨ་བསོད་ནམས་ཀྱིས་བརྩམས་པའི་བསྟོད་དབྱངས།)","KT":"undefined(ཀརྨ་བསོད་ནམས་ཀྱིས་བརྩམས་པའི་བསྟོད་དབྱངས།) ","CT":"(ཀརྨ་བསོད་ནམས་ཀྱིས་བརྩམས་པའི་བསྟོད་དབྱངས།)"}]}