{"title":{"AT":"17.གངས་རི་དང་གནམ་ལ་བལྟས་ནས།","KT":"17. གངས་རི་དང་གནམ་ལ་བལྟས་ནས། ","CT":"17.གངས་རི་དང་གནམ་ལ་བལྟས་ནས།"},"author":"*","key":"*","lyrics":{"Verse":[{"line":[[{"phrase":{"AT":"གངས་རི་དང་གནམ་ལ་བལྟས་ནས།","KT":" གངས་རི་དང་གནམ་ལ་བལྟས་ནས། ","CT":"གངས་རི་དང་གནམ་ལ་བལྟས་ནས།"}}],[{"phrase":{"AT":"འཛམ་གླིང་འདིའི་ལྡུམ་རའི་ནང་དུ།","KT":"འཛམ་གླིང་འདིའི་ལྡུམ་རའི་ནང་དུ། ","CT":"འཛམ་གླིང་འདིའི་ལྡུམ་རྭའི་ནང་དུ།"}}],[{"phrase":{"AT":"མེ་ཏོག་དང་སེམས་ཅན་བསྐྱེད་དོ།།","KT":"མེ་ཏོག་དང་སེམས་ཅན་བསྐྱེད་དོ། ","CT":"མེ་ཏོག་དང་སེམས་ཅན་སྐྱེད་དོ།"}}],[{"phrase":{"AT":"ཐམས་ཅད་གང་ནས་བྱུང་ངམ།","KT":"ཐམས་ཅད་གང་ནས་བྱུང་ངམ། ","CT":"ཐམས་ཅད་གང་ནས་བྱུང་ངམ།"}}],[{"phrase":{"AT":"ངའི་བརྩེ་བའི་སྐྱབས་མགོན།","KT":"ངའི་བརྩེ་བའི་སྐྱབས་མགོན། ","CT":"ངའི་བརྩེ་བའི་སྐྱབས་མགོན།"}}],[{"phrase":{"AT":"སྐྱབས་མགོན་ཡེ་ཤུ།","KT":"སྐྱབས་མགོན་ཡེ་ཤུ། ","CT":"སྐྱབས་མགོན་ཡེ་ཤུ།"}}],[{"phrase":{"AT":"ཐམས་ཅད་མཛེས་པར་བཀོད་དོ།།","KT":"ཐམས་ཅད་མཛེས་སྡུག་བཀོད་དོ། ","CT":"ཐམས་ཅད་མཛེས་སྡུག་བཀོད་དོ།"}}],[{"phrase":{"AT":"སྐྱབས་མགོན་ཡེ་ཤུ།","KT":"སྐྱབས་མགོན་ཡེ་ཤུ། ","CT":"སྐྱབས་མགོན་ཡེ་ཤུ།"}}]],"label":"verse 1","id":1},{"line":[[{"phrase":{"AT":"ཕོ་གསར་བ་སྟག་ཤར་གཞོན་ནུ།","KT":" ཕོ་གསར་པ་སྟག་ཤར་གཞོན་ནུ། ","CT":"ཕོ་གསར་པ་སྟག་ཤར་གཞོན་ནུ།"}}],[{"phrase":{"AT":"མཛེས་པའི་དམན་ཆུང་བུ་མོ།","KT":"མཛེས་པའི་དམན་ཆུང་བུ་མོ། ","CT":"མཛེས་པོའི་དམན་ཆུང་བུ་མོ།"}}],[{"phrase":{"AT":"ལོ་རྒན་པ་ཤེས་རབ་ལྡན་པ།","KT":"ལོ་རྒན་པ་ཤེས་རབ་ལྡན་པ། ","CT":"ལོ་རྒན་པ་ཤེས་རབ་ལྡན་པ།"}}],[{"phrase":{"AT":"ཐམས་ཅད་གང་ནས་བྱུང་ངམ།","KT":"ཐམས་ཅད་གང་ནས་བྱུང་ངམ། ","CT":"ཐམས་ཅད་གང་ནས་བྱུང་ངམ།"}}],[{"phrase":{"AT":"ངའི་བརྩེ་བའི་སྐྱབས་མགོན།","KT":"ངའི་བརྩེ་བའི་སྐྱབས་མགོན། ","CT":"ངའི་བརྩེ་བའི་སྐྱབས་མགོན།"}}],[{"phrase":{"AT":"སྐྱབས་མགོན་ཡེ་ཤུ།","KT":"སྐྱབས་མགོན་ཡེ་ཤུ། ","CT":"སྐྱབས་མགོན་ཡེ་ཤུ།"}}],[{"phrase":{"AT":"ཐམས་ཅད་མཛེས་པར་བཀོད་དོ།།","KT":"ཐམས་ཅད་མཛེས་པར་བཀོད་དོ། ","CT":"ཐམས་ཅད་མཛེས་སྡུག་བཀོད་དོ།"}}],[{"phrase":{"AT":"སྐྱབས་མགོན་ཡེ་ཤུ།","KT":"སྐྱབས་མགོན་ཡེ་ཤུ། ","CT":"སྐྱབས་མགོན་ཡེ་ཤུ།"}}]],"label":"verse 2","id":2},{"line":[[{"phrase":{"AT":"བདེན་པ་ཡི་མི་ཚེ་གསར་བ།","KT":" བདེན་པ་ཡི་མི་ཚེ་གསར་པ། ","CT":"བདེན་པ་ཡི་མི་ཚེ་གསར་པ།"}}],[{"phrase":{"AT":"ཡིད་སེམས་ཀྱི་མུན་པ་བསལ་བ།","KT":"སེམས་ནག་པོ་འདི་བསལ་བ། ","CT":"སེམས་ནག་པོ་འདི་སེལ་བ།"}}],[{"phrase":{"AT":"དམ་པའི་ཐུགས་ཉིད་ཀྱི་ཁྲུས་གསོལ།","KT":"དམ་པའི་ཐུགས་ཉིད་ཀྱི་ཁྲུས་གསོལ། ","CT":"དམ་པའི་ཐུགས་ཉིད་ཀྱི་ཁྲུས་གསོལ།"}}],[{"phrase":{"AT":"ཐར་བ་གང་ནས་བྱུང་ངམ།","KT":"ཐར་བ་གང་ནས་བྱུང་ངམ། ","CT":"ཐར་པ་གང་ནས་བྱུང་ངམ།"}}],[{"phrase":{"AT":"ངའི་བརྩེ་བའི་སྐྱབས་མགོན།","KT":"ངའི་བརྩེ་བའི་སྐྱབས་མགོན། ","CT":"ངའི་བརྩེ་བའི་སྐྱབས་མགོན།"}}],[{"phrase":{"AT":"སྐྱབས་མགོན་ཡེ་ཤུ།","KT":"སྐྱབས་མགོན་ཡེ་ཤུ། ","CT":"སྐྱབས་མགོན་ཡེ་ཤུ།"}}],[{"phrase":{"AT":"ང་ཡི་དོན་ལ་ཕེབས་སོ།།","KT":"ང་ཡི་དོན་ལ་ཕེབས་སོ། ","CT":"ང་ཡི་དོན་ལ་ཕེབས་སོ། "}}],[{"phrase":{"AT":"སྐྱབས་མགོན་ཡེ་ཤུ། ༢","KT":"སྐྱབས་མགོན་ཡེ་ཤུ། ༢ ","CT":"སྐྱབས་མགོན་ཡེ་ཤུ།། ༢"}}]],"label":"verse 3","id":3}]},"metadata":[{"AT":"(བློ་རྣམ་གྱིས་བརྩམས་པའི་བསྟོད་དབྱངས།)","KT":"(བློ་རྣམ་གྱིས་བརྩམས་པའི་བསྟོད་དབྱངས།) ","CT":"(བློ་རྣམ་གྱིས་བརྩམས་པའི་བསྟོད་དབྱངས།)"}]}