{"title":{"AT":"170.སྔ་དུས་པེད་ལེ་ཧེམ་ལ། ","KT":"170. སྔ་དུས་པེད་ལེ་ཧེམ་ལ། ","CT":"170.སྔ་དུས་བེད་ལེ་ཧེམ་ལ། "},"author":"*","key":"*","lyrics":{"Verse":[{"line":[[{"phrase":{"AT":"       (ངག་དབང་སི་ལཱས་བརྩམས་པའི་བསྟོད་དབྱངས།) KT06 125","KT":"undefined(ངག་དབང་སི་ལཱས་བརྩམས་པའི་བསྟོད་དབྱངས།) KT06 125 ","CT":"(ངག་དབང་སི་ལཱས་བརྩམས་པའི་བསྟོད་དབྱངས།) KT06 125"}}],[{"phrase":{"AT":"ཕོ། སྔ་དུས་པེད་ལེ་ཧེམ་ལ། ","KT":"(ཕོ།)སྔ་དུས་པེད་ལེ་ཧེམ་ལ། ","CT":"(ཕོ།) སྔ་དུས་བེད་ལེ་ཧེམ་ལ། "}}],[{"phrase":{"AT":"སྔོན་གྱི་ལུང་བསྟན་བཞིན་དུ། ","KT":"སྔོན་གྱི་ལུང་བསྟན་བཞིན་དུ། ","CT":"སྔོན་གྱི་ལུང་བསྟན་བཞིན་དུ། "}}],[{"phrase":{"AT":"མིར་ཡམ་ཡུམ་དུ་བཞེས་ནས། ","KT":"མིར་ཡམ་ཡུམ་དུ་བཞེས་ནས། ","CT":"མིར་ཡམ་ཡུམ་དུ་བཞེས་ནས། "}}],[{"phrase":{"AT":"སྐྱབས་མགོན་ཡེ་ཤུ་འཁྲུངས་སོང་། ","KT":"སྐྱབས་མགོན་ཡེ་ཤུ་འཁྲུངས་སོང་། ","CT":"སྐྱབས་མགོན་ཡེ་ཤུ་འཁྲུངས་སོང་། "}}],[{"phrase":{"AT":"(མོ།) གཞོན་ནུ་ལུག་རྫི་རྣམས་ཀྱིས།","KT":"(མོ།)གཞོན་ནུ་ལུག་རྫི་རྣམས་ཀྱིས། ","CT":"(མོ།) གཞོན་ནུ་ལུག་རྫི་རྣམས་ཀྱིས།"}}],[{"phrase":{"AT":"ཁོང་ལ་གུས་པའི་ཕྱག་དང་། ","KT":"ཁོང་ལ་གུས་པའི་ཕྱག་དང་། ","CT":"ཁོང་ལ་གུས་པའི་ཕྱག་དང་། "}}],[{"phrase":{"AT":"དགའ་བའི་བསྟོད་དབྱངས་ཕུལ་ཏེ། ","KT":"དགའ་བའི་བསྟོད་དབྱངས་ཕུལ་ཏེ། ","CT":"དགའ་བའི་བསྟོད་དབྱངས་ཕུལ་ཏེ། "}}],[{"phrase":{"AT":"ཀུན་ལ་འཕྲིན་བཟང་འཁྱེར་རོ།། ","KT":"ཀུན་ལ་འཕྲིན་བཟང་འཁྱེར་རོ།། ","CT":"ཀུན་ལ་འཕྲིན་བཟང་འཁྱེར་རོ། "}}],[{"phrase":{"AT":"(ཕོ།)མུན་པས་གཡོགས་པའི་འཇིག་རྟེན།","KT":"(ཕོ།)མུན་པས་གཡོགས་པའི་འཇིག་རྟེན། ","CT":"(ཕོ།)མུན་པས་གཡོགས་པའི་འཇིག་རྟེན།"}}],[{"phrase":{"AT":"ཡེ་ཤུ་འཁྲུངས་པས། འགྲོ་བ། ","KT":"ཡེ་ཤུ་འཁྲུངས་པས། འགྲོ་བ། ","CT":"ཡེ་ཤུ་འཁྲུངས་པས། འགྲོ་བ། "}}],[{"phrase":{"AT":"འགྲོ་བ་མིའི་རིགས་རྣམས་ཀྱི། ","KT":"འགྲོ་བ་མིའི་རིགས་རྣམས་ཀྱི། ","CT":"འགྲོ་བ་མིའི་རིགས་རྣམས་ཀྱི། "}}],[{"phrase":{"AT":"འགྲོ་ལམ་གསལ་པོ་བཟོས་སོ།། ","KT":"འགྲོ་ལམ་གསལ་པོ་བཟོས་སོ།། ","CT":"འགྲོ་ལམ་གསལ་པོ་བཟོས་སོ། "}}],[{"phrase":{"AT":"(མོ།) ཧ་ལེ་ལོའུ་ཡཱ།  ཧ་ལེ།  ","KT":"undefined(མོ།)ཧ་ལེ་ལོའུ་ཡཱ། ཧ་ལེ། ","CT":"(མོ།) ཧཱ་ལེ་ལུ་ཡཱ།  ཧ་ལེ།  "}}],[{"phrase":{"AT":"ཧ་ལེ་ལོའུ་ཡཱ།  ཧ་ལེ། ","KT":"ཧ་ལེ་ལོའུ་ཡཱ། ཧ་ལེ། ","CT":"ཧཱ་ལེ་ལུ་ཡཱ།  ཧ་ལེ། "}}],[{"phrase":{"AT":"ད་ཁོང་ཚོར་སྐྱིད་པའི་ཉི་མ་ཤར། ","KT":"ད་ཁོང་ཚོར་སྐྱིད་པའི་ཉི་མ་ཤར། ","CT":"ད་ཁོང་ཚོར་སྐྱིད་པའི་ཉི་མ་ཤར། "}}],[{"phrase":{"AT":"མི་ཚེ་གསར་བ་ཆགས་ཡོད། ","KT":"མི་ཚེ་གསར་པ་ཆགས་ཡོད། ","CT":"མི་ཚེ་གསར་པ་ཆགས་ཡོད། "}}],[{"phrase":{"AT":"(ཕོ།)དེ་རིང་ཞི་བདེ་ཁེངས་ལ།","KT":"(ཕོ།)དེ་རིང་ཞི་བདེ་ཁེངས་ལ། ","CT":"(ཕོ།)དེ་རིང་ཞི་བདེ་ཁང་ལ།"}}],[{"phrase":{"AT":"གཙོ་བོའི་ཞལ་བཞེས་བཞིན་དུ།","KT":"གཙོ་བོའི་ཞལ་བཞེས་བཞིན་དུ། ","CT":"གཙོ་བོའི་ཞལ་བཞེས་བཞིན་དུ།"}}],[{"phrase":{"AT":"གཞོན་ནུ་ཕོ་མོའི་སེམས་ལ།","KT":"གཞོན་ནུ་ཕོ་མོའི་སེམས་ལ། ","CT":"བཞོན་ནུ་ཕོ་མོའི་སེམས་ལ།"}}],[{"phrase":{"AT":"སྐྱབས་མགོན་ཡེ་ཤུ་ཕེབས་ཡོད།","KT":"སྐྱབས་མགོན་ཡེ་ཤུ་ཕེབས་ཡོད། ","CT":"སྐྱབས་མགོན་ཡེ་ཤུ་ཕེབས་ཡོད།"}}],[{"phrase":{"AT":"(མོ།)ཁོང་ནས་ཐར་བ་ཐོབ་པར།","KT":"(མོ།)ཁོང་ནས་ཐར་བ་ཐོབ་པར། ","CT":"(མོ།)ཁོང་ནས་ཐར་པ་ཐོབ་པར།"}}],[{"phrase":{"AT":"ལུས་སེམས་གཙང་མ་བཟོས་ནས།","KT":"ལུས་སེམས་གཙང་མ་བཟོས་ནས། ","CT":"ལུས་སེམས་གཙང་མ་བཟོས་ནས།"}}],[{"phrase":{"AT":"དགའ་བའི་གླུ་དབྱངས་ལོངས་དང་།","KT":"དགའ་བའི་གླུ་དབྱངས་ལོངས་དང་། ","CT":"དགའ་བའི་གླུ་དབྱངས་ལོངས་དང་།"}}],[{"phrase":{"AT":"སྐྱབས་མགོན་ཡེ་ཤུ་ཐུགས་མཉེས།","KT":"སྐྱབས་མགོན་ཡེ་ཤུ་ཐུགས་མཉེས། ","CT":"སྐྱབས་མགོན་ཡེ་ཤུ་ཐུགས་མཉེས།"}}],[{"phrase":{"AT":"(ཕོ།)ཞི་བདེ་ཆོས་ཚོགས་ནང་ལ།","KT":"(ཕོ།)ཞི་བདེ་ཆོས་ཚོགས་ནང་ལ། ","CT":"(ཕོ།)ཞི་བདེ་ཆོས་ཚོགས་ནང་ལ།"}}],[{"phrase":{"AT":"དམ་པའི་ཐུགས་ཉིད་བཞུགས་པས།","KT":"དམ་པའི་ཐུགས་ཉིད་བཞུགས་པས། ","CT":"དམ་པའི་ཐུགས་ཉིད་བཞུགས་པས།"}}],[{"phrase":{"AT":"ཕོ་མོ་ཚང་མའི་སེམས་ལ།","KT":"ཕོ་མོ་ཚང་མའི་སེམས་ལ། ","CT":"ཕོ་མོ་ཚང་མའི་སེམས་ལ།"}}],[{"phrase":{"AT":"ཞི་བདེའི་ཞིང་དུ་བསླེབས་ཡོད།","KT":"ཞི་བདེའི་ཞིང་དུ་སླེབས་ཡོད། ","CT":"ཞི་བདེའི་ཞིང་དུ་སླེབས་ཡོད།"}}],[{"phrase":{"AT":"(མོ།)ཧ་ལེ་ལོའུ་ཡཱ།  ཧ་ལེ།  ཧ་ལེ་ལོའུ་ཡཱ།  ཧ་ལེ། ","KT":"(མོ།)ཧ་ལེ་ལོའུ་ཡཱ། ཧ་ལེ། ཧ་ལེ་ལོའུ་ཡཱ། ཧ་ལེ། ","CT":"(མོ།)ཧཱ་ལེ་ལུ་ཡཱ།  ཧ་ལེ།  ཧཱ་ལེ་ལུ་ཡཱ།  ཧ་ལེ། "}}],[{"phrase":{"AT":"ང་ཚོར་སྐྱིད་པའི་ཉི་མ་ཤར།  སྐྱིད་པའི་ཉི་མ་ཤར་སོང་།","KT":"ང་ཚོར་སྐྱིད་པའི་ཉི་མ་ཤར། སྐྱིད་པའི་ཉི་མ་ཤར་སོང་། ","CT":"ང་ཚོར་སྐྱིད་པའི་ཉི་མ་ཤར།  སྐྱིད་པའི་ཉི་མ་ཤར་སོང་།"}}],[{"phrase":{"AT":"གནམ་ས་གཉིས་ལ་ཤར་སོང་།  སྐྱིད་པའི་ཉི་མ་ཤར་སོང་།","KT":"གནམ་ས་གཉིས་ལ་ཤར་སོང་། སྐྱིད་པའི་ཉི་མ་ཤར་སོང་། ","CT":"གནམ་ས་གཉིས་ལ་ཤར་སོང་།  སྐྱིད་པའི་ཉི་མ་ཤར་སོང་།།"}}]],"label":"verse 1","id":1}]},"metadata":[]}