{"title":{"AT":"171.འཇིག་རྟེན་གྱི་རྒྱལ་སྲིད་རྣམས།","KT":"undefined171. འཇིག་རྟེན་གྱི་རྒྱལ་སྲིད་རྣམས། ","CT":"171.འཇིག་རྟེན་གིས་རྒྱལ་སྲིད་རྣམས།"},"author":"*","key":"*","lyrics":{"Verse":[{"line":[[{"phrase":{"AT":"འཇིག་རྟེན་གྱི་རྒྱལ་སྲིད་རྣམས། ","KT":"འཇིག་རྟེན་གྱི་རྒྱལ་སྲིད་རྣམས། ","CT":"འཇིག་རྟེན་གི་རྒྱལ་སྲིད་རྣམས། "}}],[{"phrase":{"AT":"ཡེ་ཤུ་ལ་གཟི་བརྗིད་ཕུལ།","KT":"ཡེ་ཤུ་ལ་གཟི་བརྗིད་ཕུལ། ","CT":"ཡེ་ཤུ་ལ་གཟི་བརྗིད་ཕུལ།"}}],[{"phrase":{"AT":"     གླུ་གཞས་ཀྱི་བསྟོད་དབྱངས་ཕུལ། ༢","KT":"གླུ་གཞས་ཀྱི་བསྟོད་དབྱངས་ཕུལ། ༢ ","CT":"     གླུ་གཞས་ཀྱི་བསྟོད་དབྱངས་ཕུལ། ༢"}}],[{"phrase":{"AT":"  གཟི་བརྗིད་ཅན་ཀྱི་རྒྱལ་པོ། ","KT":"གཟི་བརྗིད་ཅན་ཀྱི་རྒྱལ་པོ། ","CT":"  གཟི་བརྗིད་ཅན་ཀྱི་རྒྱལ་པོ། "}}],[{"phrase":{"AT":"ང་ཚོའི་དཀོན་མཆོག་ཡེ་ཤུ་ཡིན། ༢","KT":"ང་ཚོའི་དཀོན་མཆོག་ཡེ་ཤུ་ཡིན། ༢ ","CT":"ང་ཚོའི་དཀོན་མཆོག་ཡེ་ཤུ་ཡིན། ༢"}}],[{"phrase":{"AT":"  ཁོང་གི་རྒྱལ་སྲིད་དེ་ནི། ","KT":"ཁོང་གི་རྒྱལ་སྲིད་དེ་ནི། ","CT":"  ཁོང་གི་རྒྱལ་སྲིད་དེ་ནི། "}}],[{"phrase":{"AT":"དུས་རྒྱུན་དུ་གནས་ཡོང་། ༢","KT":"དུས་རྒྱུན་དུ་གནས་ཡོང་། ༢ ","CT":"དུས་རྒྱུན་དུ་གནས་ཡོང་། ༢"}}]],"label":"verse 1","id":1},{"line":[[{"phrase":{"AT":"འཇིག་རྟེན་གྱི་མི་རིགས་རྣམས། ","KT":"འཇིག་རྟེན་གྱི་མི་རིགས་རྣམས། ","CT":"འཇིག་རྟེན་གི་མི་རིགས་རྣམས། "}}],[{"phrase":{"AT":"ཡེ་ཤུ་ལ་བསྟོད་དབྱངས་ཕུལ།","KT":"ཡེ་ཤུ་ལ་བསྟོད་དབྱངས་ཕུལ། ","CT":"ཡེ་ཤུ་ལ་བསྟོད་དབྱངས་ཕུལ།"}}],[{"phrase":{"AT":"ཞབས་བྲོ་ཡི་བསྟོད་དབྱངས་ཕུལ། ༢","KT":"ཞབས་བྲོ་ཡི་བསྟོད་དབྱངས་ཕུལ། ༢ ","CT":"ཞབས་བྲོ་ཡི་བསྟོད་དབྱངས་ཕུལ། ༢"}}],[{"phrase":{"AT":"ཁོང་ནི་ང་ཚོའི་འོད་དང་། ","KT":"ཁོང་ནི་ང་ཚོའི་འོད་དང་། ","CT":"ཁོང་ནི་ང་ཚོའི་འོད་དང་། "}}],[{"phrase":{"AT":"ང་ཚོའི་སྲོག་དེ་ཡིན་ལ། ༢","KT":"ང་ཚོའི་སྲོག་དེ་ཡིན་ལ། ༢ ","CT":"ང་ཚོའི་སྲོག་དེ་ཡིན་དེ། ༢"}}],[{"phrase":{"AT":"ཁོང་ནི་ང་ཚོའི་གྲོགས་དང་། ","KT":"ཁོང་ནི་ང་ཚོའི་གྲོགས་དང་། ","CT":"ཁོང་ནི་ང་ཚོའི་རོགས་དང་། "}}],[{"phrase":{"AT":"ང་ཚོའི་སྐྱབས་མགོན་ཡིན་ནོ།། ༢","KT":"ང་ཚོའི་སྐྱབས་མགོན་ཡིན་ནོ།། ༢ ","CT":"ང་ཚོའི་སྐྱབས་མགོན་ཡིན་དེ།། ༢"}}]],"label":"verse 2","id":2}]},"metadata":[{"AT":"(འགྱུར་མེད་རིན་ཆེན་གྱིས་བརྩམས་པའི་བསྟོད་དབྱངས།) JL CD3:8","KT":"undefined(འགྱུར་མེད་རིན་ཆེན་གྱིས་བརྩམས་པའི་བསྟོད་དབྱངས།) JL CD3:8 ","CT":"(འགྱུར་མེད་རིན་ཆེན་གྱིས་བརྩམས་པའི་བསྟོད་དབྱངས།) JL CD3:8"}]}