{"title":{"AT":"172.འཇིག་རྟེན་འདི་བཞིན་མ་བཀོད་སྔོན། ༡ ","KT":"172. འཇིག་རྟེན་འདི་བཞིན་མ་བཀོད་སྔོན་ལ། ༡ ","CT":"172.འཇིག་རྟེན་འདི་ནི་མ་བཀོད་སྔོན། ༡ "},"author":"*","key":"*","lyrics":{"Verse":[{"line":[[{"phrase":{"AT":"   (འཇིག་རྟེན་བཀོད་པའི་བརྒྱུད་རིམ་ཞེས་པའི་འཇིག་རྟེན་ཆགས་གླུ།)","KT":"(འཇིག་རྟེན་བཀོད་པའི་བརྒྱུད་རིམ་ཞེས་པའི་འཇིག་རྟེན་ཆགས་གླུ།) ","CT":"(འཇིག་རྟེན་བཟོས་པའི་རྒྱུད་རིམས་ཞེས་པའི་འཇིག་རྟེན་ཆགས་གླུ།)"}}],[{"phrase":{"AT":"(རེ་བའི་རྣམ་ཐར་གྱི་གཞས་དང་པོ།) DVD:1","KT":"(རེ་བའི་རྣམ་ཐར་གྱི་གཞས་དང་པོ།) DVD:1 ","CT":"(རེ་བའི་རྣམ་ཐར་གྱི་གཞས་དང་པོ།) DVD:1"}}],[{"phrase":{"AT":"འཇིག་རྟེན་འདི་བཞིན་མ་བཀོད་སྔོན།།","KT":" འཇིག་རྟེན་འདི་བཞིན་མ་བཀོད་སྔོན་ལ།། ","CT":"འཇིག་རྟེན་འདི་ནི་མ་བཀོད་སྔོན་ལ།།"}}],[{"phrase":{"AT":"འཇིག་རྟེན་འདི་བཞིན་ཇི་ལྟར་ཆགས།།","KT":"འཇིག་རྟེན་འདི་བཞིན་ཅི་འདྲས་བྱུང་།། ","CT":"འཇིག་རྟེན་འདི་ནི་ཇི་ལྟར་བྱུང་།།"}}],[{"phrase":{"AT":"འཇིག་རྟེན་འགོད་མཁན་སུ་ཡིན་ནམ།།","KT":"འཇིག་རྟེན་བཀོད་མཁན་སུ་ཡིན་ནམ།། ","CT":"འཇིག་རྟེན་བཀོད་མཁན་སུ་ཡིན་ནམ།།"}}],[{"phrase":{"AT":"ཐོག་མར་བཀོད་པ་ཅི་ཞིག་ཡིན།།","KT":"ཐོག་མར་བཀོད་པ་ཅི་ཞིག་ཡིན།། ","CT":"ཐོག་མར་བཀོད་པ་ཅི་ཞིག་ཡིན།།"}}],[{"phrase":{"AT":"བཟང་ངན་དབྱེ་བ་ཡོད་དམ་མེད།།","KT":"བཟང་ངན་དབྱེ་བ་ཡོད་དམ་མེད།། ","CT":"བཟང་ངན་དབྱེ་བ་ཡོད་དམ་མེད།།"}}],[{"phrase":{"AT":"གླུ་ཞིག་བླངས་ནས་དྲིས་པ་ཡིན།།","KT":"གླུ་ཞིག་བླངས་ནས་དྲིས་པ་ཡིན།། ","CT":"གླུ་ཞིག་བཏང་ནས་དྲིས་པ་ཡིན།།"}}]],"label":"verse 1","id":1},{"line":[[{"phrase":{"AT":"འཇིག་རྟེན་འདི་བཞིན་མ་བཀོད་སྔོན།།","KT":" འཇིག་རྟེན་འདི་བཞིན་མ་བཀོད་སྔོན་ལ།། ","CT":"འཇིག་རྟེན་འདི་ནི་མ་བཀོད་སྔོན་ལ།།"}}],[{"phrase":{"AT":"འཇིག་རྟེན་འདི་བཞིན་སྟོང་བ་ཡིན།།","KT":"འཇིག་རྟེན་འདི་བཞིན་སྟོང་པ་ཡིན།། ","CT":"འཇིག་རྟེན་འདི་ནི་སྟོང་པ་ཡིན།།"}}],[{"phrase":{"AT":"འཇིག་རྟེན་འགོད་མཁན་དཀོན་མཆོག་ཡིན།།","KT":"འཇིག་རྟེན་བཀོད་མཁན་དཀོན་མཆོག་ཡིན།། ","CT":"འཇིག་རྟེན་བཀོད་མཁན་དཀོན་མཆོག་ཡིན།།"}}],[{"phrase":{"AT":"སྔོན་ལ་བཀོད་པ་ཕོ་ཉ་ཡིན།།","KT":"སྔོན་ལ་བཀོད་པ་ཕོ་ཉ་ཡིན།། ","CT":"སྔོན་ལ་བཀོད་པ་ཕོ་ཉ་ཡིན།།"}}],[{"phrase":{"AT":"སྐབས་དེར་བཟང་པོ་ཁོ་ན་ལས།།","KT":"སྐབས་དེར་བཟང་པོ་ཁོ་ན་ལས།། ","CT":"སྐབས་དེར་བཟང་པོ་ཁོ་ནར་ལས།།"}}],[{"phrase":{"AT":"ངན་པའི་མིང་ཙམ་མེད་པ་ཡིན།།","KT":"ངན་པའི་མིང་ཙམ་མེད་པ་ཡིན།། ","CT":"ངན་པའི་མིང་ཙམ་མེད་པ་ཡིན།།"}}]],"label":"verse 2","id":2},{"line":[[{"phrase":{"AT":"འཇིག་རྟེན་འདི་བཞིན་མ་བཀོད་སྔོན།།","KT":" འཇིག་རྟེན་འདི་བཞིན་མ་བཀོད་སྔོན་ལ།། ","CT":"འཇིག་རྟེན་འདི་ནི་མ་བཀོད་སྔོན་ལ།།"}}],[{"phrase":{"AT":"ཆུ་བོ་རྒྱ་མཚོ་ཅི་ཡང་མེད།།","KT":"རྒྱུག་ཆུ་རྒྱ་མཚོ་ཅི་ཡང་མེད།། ","CT":"རྒྱུག་ཆུ་རྒྱ་མཚོ་ཅི་ཡང་མེད།།"}}],[{"phrase":{"AT":"ས་གཞི་ཆེན་པོ་ཇི་ལྟར་ཆགས།།","KT":"ས་གཞི་ཆེན་པོ་ཅི་འདྲས་བྱུང་།། ","CT":"ས་གཞི་ཆེན་པོ་ཇི་ལྟར་བྱུང་།།"}}],[{"phrase":{"AT":"རྒྱ་མཚོ་ཆེན་པོ་ཇི་ལྟར་བྱུང་།།","KT":"རྒྱ་མཚོ་ཆེན་པོ་ཅི་འདྲས་བྱུང་།། ","CT":"རྒྱ་མཚོ་ཆེན་པོ་ཇི་ལྟར་བྱུང་།།"}}],[{"phrase":{"AT":"རྩྭ་དང་རྩི་ཤིང་ཇི་ལྟར་བྱུང་།།","KT":"རྩྭ་དང་རྩི་ཤིང་ཅི་འདྲས་བྱུང་།། ","CT":"རྩྭ་དང་རྩི་ཤིང་ཇི་ལྟར་བྱུང་།།"}}],[{"phrase":{"AT":"གླུ་ཞིག་བླངས་ནས་དྲིས་པ་ཡིན།།","KT":"གླུ་ཞིག་བླངས་ནས་དྲིས་པ་ཡིན།། ","CT":"གླུ་ཞིག་བཏང་ནས་དྲིས་པ་ཡིན།།"}}]],"label":"verse 3","id":3},{"line":[[{"phrase":{"AT":"འཇིག་རྟེན་འདི་བཞིན་མ་བཀོད་སྔོན།།","KT":" འཇིག་རྟེན་འདི་བཞིན་མ་བཀོད་སྔོན་ལ།། ","CT":"འཇིག་རྟེན་འདི་ནི་མ་བཀོད་སྔོན་ལ།།"}}],[{"phrase":{"AT":"ཆུ་བོ་རྒྱ་མཚོ་ཅི་ཡང་མེད།།","KT":"རྒྱུག་ཆུ་རྒྱ་མཚོ་ཅི་ཡང་མེད།། ","CT":"རྒྱུག་ཆུ་རྒྱ་མཚོ་ཅི་ཡང་མེད།།"}}],[{"phrase":{"AT":"མཚོ་དང་མཚེའུ་ཅི་ཡང་མེད།།","KT":"མཚོ་དང་མཚེའུ་ཅི་ཡང་མེད།། ","CT":"མཚོ་དང་མཚེའུ་ཅི་ཡང་མེད།།"}}],[{"phrase":{"AT":"དཀོན་མཆོག་བཀའ་བཞིན་ས་གཞི་བྱུང་།།","KT":"དཀོན་མཆོག་བཀའ་བཞིན་ས་གཞི་བྱུང་།། ","CT":"དཀོན་མཆོག་བཀའ་བཞིན་ས་གཞི་བྱུང་།།"}}],[{"phrase":{"AT":"རྩྭ་དང་རྩི་ཤིང་སྐྱེས་སུ་བཅུག།","KT":"རྩྭ་དང་རྩི་ཤིང་སྐྱེ་རུ་བཅུག། ","CT":"རྩྭ་དང་རྩི་ཤིང་བསྐྱེད་དུ་བཅུག།"}}],[{"phrase":{"AT":"རྒྱ་མཚོ་ཆེན་པོའི་ངོ་བོ་བྱུང་།།","KT":"རྒྱ་མཚོ་ཆེན་པོའི་ངོ་བོ་བྱུང་།། ","CT":"རྒྱ་མཚོ་ཆེན་པོ་ཆུའི་ངོས་བྱུང་།།"}}]],"label":"verse 4","id":4},{"line":[[{"phrase":{"AT":"འཇིག་རྟེན་འདི་བཞིན་མ་བཀོད་སྔོན།།","KT":" འཇིག་རྟེན་འདི་བཞིན་མ་བཀོད་སྔོན་ལ།། ","CT":"འཇིག་རྟེན་འདི་ནི་མ་བཀོད་སྔོན་ལ།།"}}],[{"phrase":{"AT":"ཉི་ཟླ་སྐར་གསུམ་ཅི་ཡང་མེད།།","KT":"ཉི་ཟླ་སྐར་གསུམ་ཅི་ཡང་མེད།། ","CT":"ཉི་ཟླ་སྐར་གསུམ་ཅི་ཡང་མེད།།"}}],[{"phrase":{"AT":"ས་དང་རྒྱུ་སྐར་ཅི་ཡང་མེད།།","KT":"ས་དང་རྒྱུ་སྐར་ཅི་ཡང་མེད།། ","CT":"ས་དང་རྒྱུ་སྐར་ཅི་ཡང་མེད།།"}}],[{"phrase":{"AT":"ཉི་ཟླ་སྐར་གསུམ་ཇི་ལྟར་བྱུང་།།","KT":"ཉི་ཟླ་སྐར་གསུམ་ཅི་འདྲས་བྱུང་།། ","CT":"ཉི་ཟླ་སྐར་གསུམ་ཇི་ལྟར་བྱུང་།།"}}],[{"phrase":{"AT":"འདི་ཡི་མཛད་མཁན་སུ་ཡིན་ནམ།།","KT":"འདི་ཡི་མཛད་མཁན་སུ་ཡིན་ནམ།། ","CT":"འདི་ཡི་མཛད་མཁན་སུ་ཡིན་ནམ།།"}}],[{"phrase":{"AT":"གླུ་ཞིག་བླངས་ནས་དྲིས་པ་ཡིན།།","KT":"གླུ་ཞིག་བླངས་ནས་དྲིས་པ་ཡིན།། ","CT":"གླུ་ཞིག་བཏང་ནས་དྲིས་པ་ཡིན།།"}}]],"label":"verse 5","id":5},{"line":[[{"phrase":{"AT":"འཇིག་རྟེན་འདི་བཞིན་མ་བཀོད་སྔོན།།","KT":" འཇིག་རྟེན་འདི་བཞིན་མ་བཀོད་སྔོན་ལ།། ","CT":"འཇིག་རྟེན་འདི་ནི་མ་བཀོད་སྔོན་ལ།།"}}],[{"phrase":{"AT":"ས་དང་རྒྱུ་སྐར་ཅི་ཡང་མེད།།","KT":"ས་དང་རྒྱུ་སྐར་ཅི་ཡང་མེད།། ","CT":"ས་དང་རྒྱུ་སྐར་ཅི་ཡང་མེད།།"}}],[{"phrase":{"AT":"ཉི་མ་ཟླ་བ་གང་ཡང་མེད།།","KT":"ཉི་མ་ཟླ་བ་གང་ཡང་མེད།། ","CT":"ཉི་མ་ཟླ་བ་གང་ཡང་མེད།།"}}],[{"phrase":{"AT":"ཉི་ཟླ་སྐར་གསུམ་མཛད་མཁན་དེ།།","KT":"ཉི་ཟླ་སྐར་གསུམ་མཛད་མཁན་དེ།། ","CT":"ཉི་ཟླ་སྐར་གསུམ་མཛད་མཁན་དེ།།"}}],[{"phrase":{"AT":"བླ་ན་མེད་པའི་དཀོན་མཆོག་ཡིན།།","KT":"བླ་ན་མེད་པའི་དཀོན་མཆོག་ཡིན།། ","CT":"བླ་ན་མེད་པའི་དཀོན་མཆོག་ཡིན།།"}}],[{"phrase":{"AT":"ཁོང་གི་བཀའ་བཞིན་ཐམས་ཅད་བསྐྲུན།།","KT":"ཁོང་གི་བཀའ་བཞིན་ཐམས་ཅད་བསྐྲུན།། ","CT":"ཁོང་གིས་བཀའ་བཞིན་ཐམས་ཅད་བསྐྲུན།།"}}]],"label":"verse 6","id":6},{"line":[[{"phrase":{"AT":"འཇིག་རྟེན་འདི་བཞིན་མ་བཀོད་སྔོན།།","KT":" འཇིག་རྟེན་འདི་བཞིན་མ་བཀོད་སྔོན་ལ།། ","CT":"འཇིག་རྟེན་འདི་ནི་མ་བཀོད་སྔོན་ལ།།"}}],[{"phrase":{"AT":"དུད་འགྲོ་ཕྱུགས་དང་རི་དྭགས་མེད།།","KT":"དུད་འགྲོ་ཕྱུགས་དང་རི་དྭགས་མེད།། ","CT":"དུད་འགྲོ་ཕྱུགས་དང་རི་དྭགས་མེད།།"}}],[{"phrase":{"AT":"ས་ལ་གནས་པའི་འབུ་སྲིན་མེད།།","KT":"ས་ལ་གནས་པའི་འབུ་སྲིན་མེད།། ","CT":"ས་ལ་གནས་པའི་འབུ་སྲིན་མེད།།"}}],[{"phrase":{"AT":"འབུ་སྲིན་ཐམས་ཅད་ཇི་ལྟར་བྱུང་།།","KT":"འབུ་སྲིན་ཐམས་ཅད་ཅི་འདྲས་བྱུང་།། ","CT":"འབུ་སྲིན་ཐམས་ཅད་ཇི་ལྟར་བྱུང་།།"}}],[{"phrase":{"AT":"བྱ་དང་ཉ་རིགས་ཇི་ལྟར་བྱུང་།།","KT":"བྱ་དང་ཉ་རིགས་ཅི་འདྲས་བྱུང་།། ","CT":"བྱ་དང་ཉ་རིགས་ཇི་ལྟར་བྱུང་།།"}}],[{"phrase":{"AT":"གླུ་ཞིག་བླངས་ནས་དྲིས་པ་ཡིན།།","KT":"གླུ་ཞིག་བླངས་ནས་དྲིས་པ་ཡིན།། ","CT":"གླུ་ཞིག་བཏང་ནས་དྲིས་པ་ཡིན།།"}}]],"label":"verse 7","id":7},{"line":[[{"phrase":{"AT":"འཇིག་རྟེན་འདི་བཞིན་མ་བཀོད་སྔོན།།","KT":" འཇིག་རྟེན་འདི་བཞིན་མ་བཀོད་སྔོན་ལ།། ","CT":"འཇིག་རྟེན་འདི་ནི་མ་བཀོད་སྔོན་ལ།།"}}],[{"phrase":{"AT":"དུད་འགྲོ་ཕྱུགས་དང་རི་དྭགས་མེད།།","KT":"དུད་འགྲོ་ཕྱུགས་དང་རི་དྭགས་མེད།། ","CT":"དུད་འགྲོ་ཕྱུགས་དང་རི་དྭགས་མེད།།"}}],[{"phrase":{"AT":"ས་ལ་གནས་པའི་འབུ་སྲིན་མེད།།","KT":"ས་ལ་གནས་པའི་འབུ་སྲིན་མེད།། ","CT":"ས་དང་ནམ་མཁའི་འབུ་སྲིན་མེད།།"}}],[{"phrase":{"AT":"བྱ་དང་ཉ་རིགས་གང་ཡང་མེད།།","KT":"བྱ་དང་ཉ་རིགས་གང་ཡང་མེད།། ","CT":"བྱ་དང་ཉ་རིགས་གང་ཡང་མེད།།"}}],[{"phrase":{"AT":"དཀོན་མཆོག་བཀའ་ལས་དེ་དག་བྱུང་།།","KT":"དཀོན་མཆོག་བཀའ་ལས་དེ་དག་བྱུང་།། ","CT":"དཀོན་མཆོག་བཀའ་ལས་དེ་དག་བྱུང་།།"}}],[{"phrase":{"AT":"རང་རང་རིགས་བཞིན་འཕེལ་དུ་བཅུག།","KT":"རང་རང་རིགས་བཞིན་འཕེལ་དུ་བཅུག། ","CT":"རང་རང་རིགས་བཞིན་སྤེལ་དུ་བཅུག།"}}]],"label":"verse 8","id":8},{"line":[[{"phrase":{"AT":"འཇིག་རྟེན་འདི་བཞིན་མ་བཀོད་སྔོན།།","KT":" འཇིག་རྟེན་འདི་བཞིན་མ་བཀོད་སྔོན་ལ།། ","CT":"འཇིག་རྟེན་འདི་ནི་མ་བཀོད་སྔོན་ལ།།"}}],[{"phrase":{"AT":"ཁྱོད་ནི་མེད་ལ་ང་ཡང་མེད།།","KT":"ཁྱོད་ནི་མེད་ལ་ང་ཡང་མེད།། ","CT":"ཁྱེད་ནི་མེད་ལ་ང་ཡང་མེད།།"}}],[{"phrase":{"AT":"འཇིག་རྟེན་མིའི་རིགས་སུ་ཡིས་བཀོད།།","KT":"འཇིག་རྟེན་མིའི་རིགས་སུ་ཡིས་བཀོད།། ","CT":"འཇིག་རྟེན་མི་རིགས་སུ་ཡིས་བཀོད།།"}}],[{"phrase":{"AT":"ཕོ་མོའི་དབྱེ་བ་ཇི་ལྟར་བྱུང་།།","KT":"ཕོ་མོའི་དབྱེ་བ་ཅི་འདྲས་བྱུང་།། ","CT":"ཕོ་མོའི་དབྱེ་བ་ཇི་ལྟར་བྱུང་།།"}}],[{"phrase":{"AT":"མི་ཡི་ལས་དོན་གང་ཡིན་ཤོད།།","KT":"མི་ཡི་ལས་དོན་གང་ཡིན་ཤོད།། ","CT":"མི་ཡི་ལས་དོན་གང་ཡིན་ཤོད།།"}}],[{"phrase":{"AT":"གླུ་ཞིག་བླངས་ནས་དྲིས་པ་ཡིན།།","KT":"གླུ་ཞིག་བླངས་ནས་དྲིས་པ་ཡིན།། ","CT":"གླུ་ཞིག་བཏང་ནས་དྲིས་པ་ཡིན།།"}}]],"label":"verse 9","id":9},{"line":[[{"phrase":{"AT":"འཇིག་རྟེན་འདི་བཞིན་མ་བཀོད་སྔོན།།","KT":" འཇིག་རྟེན་འདི་བཞིན་མ་བཀོད་སྔོན་ལ།། ","CT":"འཇིག་རྟེན་འདི་ནི་མ་བཀོད་སྔོན་ལ།།"}}],[{"phrase":{"AT":"ཁྱོད་ནི་མེད་ལ་ང་ཡང་མེད།།","KT":"ཁྱོད་ནི་མེད་ལ་ང་ཡང་མེད།། ","CT":"ཁྱེད་ནི་མེད་ལ་ང་ཡང་མེད།།"}}],[{"phrase":{"AT":"དཀོན་མཆོག་ཁོང་གིས་མིའི་རིགས་བཀོད།།","KT":"དཀོན་མཆོག་ཁོང་གིས་མིའི་རིགས་བཀོད།། ","CT":"དཀོན་མཆོག་ཁོང་གིས་མི་རིགས་བཀོད།།"}}],[{"phrase":{"AT":"འཇིག་རྟེན་ཁམས་འདི་སྐྱོང་བའི་ཕྱིར།།","KT":"འཇིག་རྟེན་ཁམས་འདི་སྐྱོང་རྒྱུའི་ཕྱིར།། ","CT":"འཇིག་རྟེན་ཁམས་འདི་སྐྱོང་རྒྱུའི་ཕྱིར།།"}}],[{"phrase":{"AT":"ཁོང་གིས་སྔོན་ལ་ཕོ་ཞིག་མཛད།།","KT":"ཁོང་གིས་སྔོན་ལ་ཕོ་ཞིག་བསྐྲུན།། ","CT":"ཁོང་གིས་སྔོན་ལ་ཕོ་ཞིག་བསྐྲུན།།"}}],[{"phrase":{"AT":"སྐྱེས་པ་དེ་ལ་ཆུང་མ་མཛད།།","KT":"སྐྱེས་པ་དེ་ལ་ཆུང་མ་བསྐྲུན།། ","CT":"སྐྱེས་པ་དེ་ལ་ཆུང་མ་བསྐྲུན།།"}}]],"label":"verse 10","id":10}]},"metadata":[]}