{"title":{"AT":"173.འཇིག་རྟེན་འདི་བཞིན་མ་བཀོད་སྔོན། ༢ ","KT":"173. འཇིག་རྟེན་འདི་བཞིན་མ་བཀོད་སྔོན། ༢ ","CT":"173.འཇིག་རྟེན་འདི་ནི་མ་བཀོད་སྔོན། ༢ "},"author":"*","key":"*","lyrics":{"Verse":[{"line":[[{"phrase":{"AT":"   (རེ་བའི་རྣམ་ཐར་གྱི་གཞས་གཉིས་པ།) DVD:2","KT":"(རེ་བའི་རྣམ་ཐར་གྱི་གཞས་གཉིས་པ།) DVD:2 ","CT":"(རེ་བའི་རྣམ་ཐར་གྱི་གཞས་གཉིས་པ།) DVD:2"}}],[{"phrase":{"AT":"འཇིག་རྟེན་འདི་བཞིན་མ་བཀོད་སྔོན།།","KT":" འཇིག་རྟེན་འདི་བཞིན་མ་བཀོད་སྔོན།། ","CT":"འཇིག་རྟེན་འདི་ནི་མ་བཀོད་སྔོན།།"}}],[{"phrase":{"AT":"ངན་པའི་མིང་ཙམ་མེད་པ་ཡིན།།","KT":"ངན་པའི་མིང་ཙམ་མེད་པ་ཡིན།། ","CT":"ངན་པའི་མིང་ཙམ་མེད་པ་ཡིན།།"}}],[{"phrase":{"AT":"ངན་སེམས་འབྱུང་ཁུངས་སུ་ཡིན་ཤོད།།","KT":"ངན་སེམས་འོངས་ས་སུ་ཡིན་ཤོད།། ","CT":"ངན་སེམས་འབྱུང་ཁུངས་སུ་ཡིན་ཤོད།།"}}],[{"phrase":{"AT":"ངན་པའི་འབྲས་བུ་ཅི་ཡིན་ཤོད།།","KT":"ངན་པའི་འབྲས་བུ་ཅི་ཡིན་ཤོད།། ","CT":"ངན་པའི་འབྲས་བུ་ཅི་ཡིན་ཤོད།།"}}]],"label":"verse 1","id":1},{"line":[[{"phrase":{"AT":"དཀོན་མཆོག་བཞུགས་སའི་ཞིང་ཁམས་སུ།།","KT":" དཀོན་མཆོག་བཞུགས་སའི་ཞིང་ཁམས་ལ།། ","CT":"བདེ་བ་ཅན་གྱི་ཞིང་ཁམས་སུ།།"}}],[{"phrase":{"AT":"ཕོ་ཉ་ཞིག་ནས་ངན་སེམས་བྱུང་།།","KT":"ཕོ་ཉ་ཞིག་ནས་ངན་སེམས་བྱུང་།། ","CT":"ཕོ་ཉ་ཞིག་ནས་ངན་སེམས་བྱུང་།།"}}],[{"phrase":{"AT":"དེ་ཡི་རྗེས་འཇུག་གདོན་འདྲེ་ཟེར།།","KT":"དེ་ཡི་རྗེས་འབྲང་གདོན་འདྲེ་ཟེར།། ","CT":"དེ་ཡི་འབྲས་བུ་གདོན་འདྲེ་ཟེར།།"}}],[{"phrase":{"AT":"ཞིང་ཁམས་དེ་ནས་ས་ལ་ལྷུང་།།","KT":"ཞིང་ཁམས་དེ་ནས་ལྷུང་བ་ཡིན།། ","CT":"བདེ་ཅན་དབྱིངས་ནས་ལྷུང་བ་ཡིན།།"}}]],"label":"verse 2","id":2},{"line":[[{"phrase":{"AT":"འཇིག་རྟེན་འདི་བཞིན་མ་བཀོད་སྔོན།།","KT":" འཇིག་རྟེན་འདི་བཞིན་མ་བཀོད་སྔོན།། ","CT":"འཇིག་རྟེན་འདི་ནི་མ་བཀོད་སྔོན།།"}}],[{"phrase":{"AT":"སྡིག་པ་མེད་ལ་འཆི་བ་མེད།།","KT":"སྡིག་པ་མེད་ལ་ཤི་བ་མེད།། ","CT":"སྡིག་པ་མེད་ལ་འཆི་བ་མེད།།"}}],[{"phrase":{"AT":"སྡིག་པ་ཐོག་མར་གང་ནས་བྱུང་།།","KT":"སྡིག་པ་ཐོག་མར་གང་ནས་བྱུང་།། ","CT":"སྡིག་པ་ཐོག་མར་གང་ནས་བྱུང་།།"}}],[{"phrase":{"AT":"སྡིག་པའི་འབྲས་བུ་ཅི་ཡིན་ཤོད།།","KT":"སྡིག་པའི་འབྲས་བུ་ཅི་ཡིན་ཤོད།། ","CT":"སྡིག་པའི་འབྲས་བུ་ཇི་ཡིན་ཤོད།།"}}]],"label":"verse 3","id":3},{"line":[[{"phrase":{"AT":"ཨ་དམ་ཧཱ་ཝ་ཁོང་གཉིས་ཀྱིས།།","KT":" ཨ་དམ་ཧཱ་ཝ་ཁོང་གཉིས་ཀྱིས།། ","CT":"ཨ་དམ་ཧཱ་ཝ་ཁོང་གཉིས་ཀྱིས།།"}}],[{"phrase":{"AT":"བཀའ་དང་འགལ་ནས་ཤིང་འབྲས་བཟས།།","KT":"བཀའ་དང་འགལ་ནས་ཤིང་འབྲས་བཟས།། ","CT":"བཀའ་དང་འགལ་ནས་ཤིང་འབྲས་བཟས།།"}}],[{"phrase":{"AT":"སྡིག་པའི་ཐོག་མ་དེ་ནས་བྱུང་།།","KT":"སྡིག་པ་ཐོག་མ་དེ་ནས་བྱུང་།། ","CT":"སྡིག་པའི་ཐོག་མ་དེ་ནས་བྱུང་།།"}}],[{"phrase":{"AT":"སྡིག་པའི་འབྲས་བུ་འཆི་བ་ཡིན།།","KT":"སྡིག་པའི་འབྲས་བུ་ཤི་བ་ཡིན།། ","CT":"སྡིག་པའི་འབྲས་བུ་འཆི་བ་ཡིན།།"}}]],"label":"verse 4","id":4},{"line":[[{"phrase":{"AT":"འཇིག་རྟེན་འདིའི་ནང་སྡིག་པ་བསླེབས།།","KT":" འཇིག་རྟེན་འདིའི་ནང་སྡིག་པ་སླེབས།། ","CT":"འཇིག་རྟེན་འདི་ནང་སྡིག་པ་སླེབས།།"}}],[{"phrase":{"AT":"མི་ལ་ཐར་བ་ཡོད་དམ་མེད།།","KT":"མི་ལ་ཐར་ལམ་ཡོད་དམ་མེད།། ","CT":"མི་ལ་ཐར་བ་ཡོད་དམ་མེད།།"}}],[{"phrase":{"AT":"སྡིག་པ་སེལ་མཁན་ཡོད་དམ་མེད།།","KT":"སྡིག་པ་སེལ་མཁན་ཡོད་དམ་མེད།། ","CT":"སྡིག་པ་སེལ་མཁན་ཡོད་དམ་མེད།།"}}],[{"phrase":{"AT":"ཐར་ལམ་སྟོན་མཁན་སུ་ཡིན་ཤོད།།","KT":"ཐར་ལམ་སྟོན་མཁན་སུ་ཡིན་ཤོད།། ","CT":"ཐར་ལམ་སྟོན་མཁན་སུ་ཡིན་ཤོད།།"}}]],"label":"verse 5","id":5},{"line":[[{"phrase":{"AT":"དཀོན་མཆོག་ཁོང་གིས་གསུངས་པ་བཞིན།།","KT":" དཀོན་མཆོག་ཁོང་གིས་གསུངས་པ་བཞིན།། ","CT":"དཀོན་མཆོག་ཁོང་གིས་གསུངས་པ་བཞིན།།"}}],[{"phrase":{"AT":"ཉིན་གཅིག་སྐྱབས་མགོན་ཞིག་འཁྲུང་ཡོང་།།","KT":"ཉིན་གཅིག་སྐྱབས་མགོན་ཞིག་འཁྲུང་ཡོང་།། ","CT":"ཉིན་གཅིག་སྐྱབས་མགོན་ཞིག་འཁྲུངས་ཡོང་།།"}}],[{"phrase":{"AT":"ཁོང་གིས་བདུད་དང་སྡིག་པ་ལས།།","KT":"ཁོང་གིས་བདུད་དང་སྡིག་པ་ལས།། ","CT":"ཁོང་གིས་བདུད་དང་སྡིག་པ་ལས།།"}}],[{"phrase":{"AT":"ངེས་པར་རྒྱལ་ཁ་ལོན་ཡོང་ངོ་།།","KT":"ངེས་པར་རྒྱལ་ཁ་འཐོབ་ཡོང་ངོ་།། ","CT":"ངེས་པར་རྒྱལ་ཁ་ཐོབ་ཡོང་ངོ་།།"}}]],"label":"verse 6","id":6}]},"metadata":[{"AT":"(སྡིག་པའི་འབྱུང་ཁུངས་ཞེས་པའི་སྡིག་པ་ཐོག་མའི་གླུ།)","KT":"(སྡིག་པའི་འབྱུང་ཁུངས་ཞེས་པའི་སྡིག་པ་ཐོག་མའི་གླུ།) ","CT":"(སྡིག་པའི་འབྱུང་ཁུངས་ཞེས་པའི་ཐོག་མའི་སྡིག་པའི་གླུ།)"}]}