{"title":{"AT":"174.ཤར་ཕྱོགས་རི་བོའི་རྩེ་དེ་ནས། ","KT":"174. ཤར་ཕྱོགས་རི་བོའི་རྩེ་དེ་ནས། ","CT":"174.ཉི་མ་ཤར་བ་ནས། "},"author":"*","key":"*","lyrics":{"Verse":[{"line":[[{"phrase":{"AT":"ཤར་ཕྱོགས་རི་བོའི་རྩེ་དེ་ནས་ཉི་མ་ནུབ་པའི་བར་གྱི་མཚམས་ལ།","KT":"ཤར་ཕྱོགས་རི་བོའི་རྩེ་དེ་ནས་ཉི་མ་ནུབ་པའི་བར་གྱི་མཚམས་ལ། ","CT":" ཉི་མ་ཤར་བ་ནས་ཉི་མ་ནུབ་པའི་བར་དུ།"}}],[{"phrase":{"AT":"གཙོ་བོའི་མཚན་བསྟོད་འོས་པ་ཡིན། ༢","KT":"གཙོ་བོའི་མཚན་བསྟོད་འོས་པ་ཡིན། ༢ ","CT":"གཙོ་བོའི་མཚན་བསྟོད་དབྱངས་ཕུལ་གྱི་ཡོད། ༢"}}],[{"phrase":{"AT":"ཧ་ལེ་ལོའུ་ཡཱ། གཙོ་བོའི་མཚན་ལ་བསྟོད། ","KT":"ཧ་ལེ་ལོའུ་ཡཱ། གཙོ་བོའི་མཚན་ལ་བསྟོད། ","CT":"ཧཱ་ལེ་ལུ་ཡཱ། གཙོ་བོའི་ཞབས་ཕྱི་བྱེད་མཁན་ཚང་མས། "}}],[{"phrase":{"AT":"དཀོན་མཆོག་གི་འབངས་ཀྱིས་ཁོང་ལ་བསྟོད།","KT":"དཀོན་མཆོག་གི་འབངས་ཀྱིས་ཁོང་ལ་བསྟོད། ","CT":"དཀོན་མཆོག་གི་མཚན་བསྟོད་དབྱངས་ཕུལ།"}}],[{"phrase":{"AT":"གཙོ་བོའི་དམ་པའི་མཚན་ལ་བསྟོད། ༢","KT":"གཙོ་བོའི་དམ་པའི་མཚན་ལ་བསྟོད། ༢ ","CT":"ད་ལྟ་ནས་བྱས། རྒྱུན་ནས་རྒྱུན་དུ།"}}],[{"phrase":{"AT":"དུས་ད་ནས་ཇི་སྲིད་བར་དུ་གཙོ་བོའི་དམ་པའི་མཚན་ལ་བསྟོད།","KT":"དུས་ད་ནས་ཇི་སྲིད་བར་དུ་གཙོ་བོའི་དམ་པའི་མཚན་ལ་བསྟོད། ","CT":"དཀོན་མཆོག་གི་མཚན་བསྟོད་དབྱངས་ཕུལ་ཞིག །"}}]],"label":"verse 1","id":1}]},"metadata":[{"AT":"(From The Rising Of The Sun ཞེས་པའི་དབྱིན་ཇིའི་བསྟོད་དབྱངས།)   TP 26; AT08 149; KT06 158","KT":"(From The Rising Of The Sun ཞེས་པའི་དབྱིན་ཇིའི་བསྟོད་དབྱངས།) 53 TP 26; AT08 149; KT06 158 53 Paul S. Deming ©1976 Integrity's Hosanna! Music/ASCAP. Used by permission ","CT":"(From The Rising Of The Sun ཞེས་པའི་དབྱིན་ཇིའི་བསྟོད་དབྱངས།)  TP 26; AT08 149; KT06 158"}]}