{"title":{"AT":"175.ཉིན་བཟང་སྐར་བཟང་གི་དུས་ཚོད་འདི་ལ། ","KT":"175. ཉིན་བཟང་སྐར་བཟང་གི་དུས་ཚོད་འདི་ལ། ","CT":"175.ཉིན་སྐར་བཟང་བའི་དུས་ཚོད་འདི་ལ། "},"author":"*","key":"*","lyrics":{"Verse":[{"line":[[{"phrase":{"AT":"ཉིན་བཟང་སྐར་བཟང་གི་དུས་ཚོད་འདི་ལ།","KT":" ཉིན་བཟང་སྐར་བཟང་གི་དུས་ཚོད་འདི་ལ། ","CT":"ཉིན་བཟང་སྐར་བཟང་གི་དུས་ཚོད་འདི་ལ།"}}],[{"phrase":{"AT":"ཁྱེད་གཉིས་གཉེན་སྒྲིག་གི་སྟོན་མོ་འདིའི་ཐོག ","KT":"ཁྱེད་གཉིས་གཉེན་སྒྲིག་གི་སྟོན་མོ་འདིའི་ཐོག ","CT":"ཁྱེད་གཉིས་གཉེན་སྒྲིག་གི་སྟོན་མོ་འདིའི་ཐོག "}}],[{"phrase":{"AT":"ང་ཚོས་དགའ་སྤྲོ་ཡི་གླུ་དབྱངས་ལེན་བཞིན།","KT":"ང་ཚོས་དགའ་སྤྲོ་ཡི་གླུ་དབྱངས་ལེན་བཞིན། ","CT":"ང་ཚོས་དགའ་སྤྲོ་ཡི་གླུ་དབྱངས་ལེན་བཞིན།"}}],[{"phrase":{"AT":"ཁྱེད་ལ་བཀྲ་ཤིས་པའི་རྟེན་འབྲེལ་ཞུ་འདོད། ","KT":"ཁྱེད་ལ་བཀྲ་ཤིས་པའི་རྟེན་འབྲེལ་ཞུ་འདོད། ","CT":"ཁྱེད་ལ་བཀྲ་ཤིས་པའི་རྟེན་འབྲེལ་ཞུ་འདོད། "}}]],"label":"verse 1","id":1},{"line":[[{"phrase":{"AT":"ྱེད་གཉིས་ཐེངས་དང་པོར་འཕྲད་པ་དེ་ནས། ","KT":"ཁྱེད་གཉིས་ཐེངས་དང་པོར་འཕྲད་པ་དེ་ནས། ","CT":"ྱེད་གཉིས་ཐེངས་དང་པོར་འཕྲད་པ་དེ་ནས། "}}],[{"phrase":{"AT":"ཕན་ཚུན་བྱམས་བརྩེ་ཡིས་མཉམ་དུ་སྦྲེལ་ཞིང༌། ","KT":"ཕན་ཚུན་བྱམས་བརྩེ་ཡིས་མཉམ་དུ་སྦྲེལ་ཞིང༌། ","CT":"ཕན་ཚུན་བྱམས་བརྩེ་ཡིས་མཉམ་དུ་སྦྲེལ་ཞིང༌། "}}],[{"phrase":{"AT":"དེ་རིང་ཁྱིམ་གཅིག་ཏུ་གྱུར་བ་འདི་ནི། ","KT":"དེ་རིང་ཁྱིམ་གཅིག་ཏུ་གྱུར་བ་འདི་ནི། ","CT":"དེ་རིང་ཁྱིམ་གཅིག་ཏུ་གྱུར་བ་འདི་ནི། "}}],[{"phrase":{"AT":"ཅི་འདྲའི་ཡིད་འོང་གི་འབྲས་བུ་སྨིན་སོང༌། ","KT":"ཅི་འདྲའི་ཡིད་འོང་གི་འབྲས་བུ་སྨིན་སོང༌། ","CT":"ཅི་འདྲའི་ཡིད་འོང་གི་འབྲས་བུ་སྨིན་སོང༌། "}}]],"label":"verse 2","id":2},{"line":[[{"phrase":{"AT":"སྐྱེས་པ་བུད་མེད་གཉིས་གཉེན་སྒྲིག་པ་ནི། ","KT":" སྐྱེས་པ་བུད་མེད་གཉིས་གཉེན་སྒྲིག་པ་ནི། ","CT":"སྐྱེས་པ་བུད་མེད་གཉིས་གཉེན་སྒྲིག་པ་ནི། "}}],[{"phrase":{"AT":"དཀོན་མཆོག་ཁོང་ཉིད་ཀྱི་ཐུགས་དགོངས་བཞིན་ཡིན།","KT":"དཀོན་མཆོག་ཁོང་ཉིད་ཀྱི་ཐུགས་དགོངས་བཞིན་ཡིན། ","CT":"དཀོན་མཆོག་ཁོང་ཉིད་ཀྱི་ཐུགས་དགོངས་བཞིན་ཡིན།"}}],[{"phrase":{"AT":"འབྲེལ་བ་དེའི་ནང་དུ་དཀོན་མཆོག་བཞུགས་ན། ","KT":"འབྲེལ་བ་དེའི་ནང་དུ་དཀོན་མཆོག་བཞུགས་ན། ","CT":"འབྲེལ་བ་དེའི་ནང་དུ་དཀོན་མཆོག་ཡོད་ན། "}}],[{"phrase":{"AT":"ཐག་པ་སུམ་རྐྱ་བཞིན་སྲ་ཞིང་བརྟན་ངེས། ","KT":"ཐག་པ་སུམ་རྐྱ་བཞིན་སྲ་ཞིང་བརྟན་ངེས། ","CT":"ཐག་པ་སུམ་རྐྱ་བཞིན་སྲ་ཞིང་བརྟན་ངེས། "}}]],"label":"verse 3","id":3},{"line":[[{"phrase":{"AT":"གཙོ་བོས་ཆོས་ཚོགས་ལ་གཅེས་པ་བཞིན་དུ།","KT":" གཙོ་བོས་ཆོས་ཚོགས་ལ་གཅེས་པ་བཞིན་དུ། ","CT":"གཙོ་བོས་ཆོས་ཚོགས་ལ་གཅེས་པ་བཞིན་དུ།"}}],[{"phrase":{"AT":"སྐྱེས་པས་ཆུང་མ་ལ་བྱམས་ཤིང་གཅེས་དགོས། ","KT":"སྐྱེས་པས་ཆུང་མ་ལ་བྱམས་ཤིང་གཅེས་དགོས། ","CT":"སྐྱེས་པས་ཆུང་མ་ལ་བྱམས་ཤིང་གཅེས་དགོས། "}}],[{"phrase":{"AT":"དེ་ཡང་ཆོས་ཚོགས་ཀྱིས་གཙོ་བོར་བཀུར་བཞིན། ","KT":"དེ་ཡང་ཆོས་ཚོགས་ཀྱིས་གཙོ་བོར་བཀུར་བཞིན། ","CT":"དེ་ཡང་ཆོས་ཚོགས་ཀྱིས་གཙོ་བོར་བཀུར་བཞིན། "}}],[{"phrase":{"AT":"ཆུང་མས་སྐྱེས་པ་ལ་བརྩི་ཞིང་བཀུར་དགོས། ","KT":"ཆུང་མས་སྐྱེས་པ་ལ་བརྩི་ཞིང་བཀུར་དགོས། ","CT":"ཆུང་མས་སྐྱེས་པ་ལ་བརྩི་ཞིང་བཀུར་དགོས། "}}]],"label":"verse 4","id":4},{"line":[[{"phrase":{"AT":"དེ་ལྟར་འཚོ་བ་ནི་དཀོན་མཆོག་ཉིད་ཀྱིས། ","KT":" དེ་ལྟར་འཚོ་བ་ནི་དཀོན་མཆོག་ཉིད་ཀྱིས། ","CT":"དེ་ལྟར་འཚོ་བ་ནི་དཀོན་མཆོག་ཉིད་ཀྱིས། "}}],[{"phrase":{"AT":"ཁྱེད་ཚོའི་འབྲེལ་བ་ལ་གནང་བའི་བཀའ་ཡིན།","KT":"ཁྱེད་ཚོའི་འབྲེལ་བ་ལ་གནང་བའི་བཀའ་ཡིན། ","CT":"ཁྱེད་ཚོའི་འབྲེལ་བ་ལ་གནང་བའི་བཀའ་ཡིན།"}}],[{"phrase":{"AT":"ཁྱེད་ཚོ་ཁོང་ཉིད་ཀྱི་བྱམས་པའི་ནང་དུ།","KT":"ཁྱེད་ཚོ་ཁོང་ཉིད་ཀྱི་བྱམས་པའི་ནང་དུ། ","CT":"ཁྱེད་ཚོ་ཁོང་ཉིད་ཀྱི་བྱམས་པའི་ནང་དུ།"}}],[{"phrase":{"AT":"མཉམ་དུ་མདུན་ལམ་ལ་སྐྱོད་པའི་སྨོན་འདུན། ༢","KT":"མཉམ་དུ་མདུན་ལམ་ལ་སྐྱོད་པའི་སྨོན་འདུན། ༢ ","CT":"མཉམ་དུ་མདུན་ལམ་ལ་སྐྱོད་པའི་སྨོན་འདུན།། ༢"}}]],"label":"verse 5","id":5}]},"metadata":[{"AT":"(གཉེན་སྟོན་གྱི་རྟེན་འབྲེལ།)","KT":"(གཉེན་སྟོན་གྱི་རྟེན་འབྲེལ།) ","CT":"(གཉེན་སྟོན་གྱི་རྟེན་འབྲེལ།)"},{"AT":"(ཨ་མདོའི་བསྟོད་དབྱངས།)","KT":"(ཨ་མདོའི་བསྟོད་དབྱངས།) ","CT":"(ཨ་མདོའི་བསྟོད་དབྱངས།)"}]}