{"title":{"AT":"176.གཉེན་སྒྲིག་བྱིན་རླབས་ཀྱི་གླུ་གཞས།","KT":"176. གཉེན་སྒྲིག་བྱིན་རླབས་ཀྱི་གླུ་གཞས། ","CT":"176.གཉེན་བསྒྲིགས་བྱིན་རླབས་ཀྱི་གླུ་གཞས།"},"author":"*","key":"*","lyrics":{"Verse":[{"line":[[{"phrase":{"AT":"༼སྐྱེས་པའི་མིང་།༽ དང ༼ཆུང་མའི་མིང་།༽ ཁྱེད་གཉིས།","KT":" ༼སྐྱེས་པའི་མིང་།༽ དང་ ༼ཆུང་མའི་མིང་།༽ ཁྱེད་གཉིས། ","CT":"༼བུའི་མིང་།༽ དང་ ༼བུ་མོའི་མིང་།༽ ཁྱེད་གཉིས།"}}],[{"phrase":{"AT":"དཀོན་མཆོག་གིས་བཀོད་གནང་བ་རེད།","KT":"དཀོན་མཆོག་གིས་བཀོད་གནང་བ་རེད། ","CT":"དཀོན་མཆོག་གིས་བཀོད་གནང་པ་རེད།"}}],[{"phrase":{"AT":"གཙོ་བོ་ཡེ་ཤུ་ཡི་བྱམས་པ་བརྒྱུད་ནས།","KT":"གཙོ་བོ་ཡེ་ཤུ་ཡི་བྱམས་པ་བརྒྱུད་ནས། ","CT":"གཙོ་བོ་ཡེ་ཤུ་ཡི་བྱམས་པ་བརྒྱུད་ནས།"}}],[{"phrase":{"AT":"ཁྱེད་གཉིས་དེ་རིང་གཅིག་ཏུ་གྱུར།","KT":"ཁྱེད་གཉིས་དེ་རིང་གཅིག་ཏུ་གྱུར། ","CT":"ཁྱེད་གཉིས་དེ་རིང་གཅིག་ཏུ་གྱུར།"}}]],"label":"verse 1","id":1},{"line":[[{"phrase":{"AT":"གཙོ་བོ་ཡེ་ཤུ་ཡི་ཞི་བདེ།","KT":" གཙོ་བོ་ཡེ་ཤུ་ཡི་ཞི་བདེ། ","CT":"གཙོ་བོ་ཡེ་ཤུ་ཡི་ཞི་བདེ།"}}],[{"phrase":{"AT":"ཁྱེད་གཉིས་ལ་ཡོང་བར་ཤོག","KT":"ཁྱེད་གཉིས་ལ་ཡོང་བར་ཤོག ","CT":"ཁྱེད་གཉིས་ལ་ཡོང་བར་ཤོག"}}],[{"phrase":{"AT":"གཙོ་བོ་ཡེ་ཤུ་ཡི་མཚན་བརྒྱུད་ནས།","KT":"གཙོ་བོ་ཡེ་ཤུ་ཡི་མཚན་བརྒྱུད་ནས། ","CT":"གཙོ་བོ་ཡེ་ཤུ་ཡི་མཚན་བརྒྱུད་ནས།"}}],[{"phrase":{"AT":"ཁྱེད་ལ་ཞི་བདེ་ཡོང་བར་ཤོག","KT":"ཁྱེད་ལ་ཞི་བདེ་ཡོང་བར་ཤོག ","CT":"ཁྱེད་ལ་ཞི་བདེ་ཡོང་བར་ཤོག"}}]],"label":"verse 2","id":2},{"line":[[{"phrase":{"AT":"གཙོ་བོ་ཡེ་ཤུ་ཡི་བྱིན་རླབས།","KT":" གཙོ་བོ་ཡེ་ཤུ་ཡི་བྱིན་རླབས། ","CT":"གཙོ་བོ་ཡེ་ཤུ་ཡི་བྱིན་རླབས།"}}],[{"phrase":{"AT":"ཁྱེད་གཉིས་ལ་ཡོང་བར་ཤོག","KT":"ཁྱེད་གཉིས་ལ་ཡོང་བར་ཤོག ","CT":"ཁྱེད་གཉིས་ལ་ཡོང་བར་ཤོག"}}],[{"phrase":{"AT":"གཙོ་བོ་ཡེ་ཤུ་ཡི་མཚན་བརྒྱུད་ནས།","KT":"གཙོ་བོ་ཡེ་ཤུ་ཡི་མཚན་བརྒྱུད་ནས། ","CT":"གཙོ་བོ་ཡེ་ཤུ་ཡི་མཚན་བརྒྱུད་ནས།"}}],[{"phrase":{"AT":"ཁྱེད་ལ་བྱིན་རླབས་ཡོང་བར་ཤོག  ༢ ","KT":"ཁྱེད་ལ་བྱིན་རླབས་ཡོང་བར་ཤོག ༢ ","CT":"ཁྱེད་ལ་བྱིན་རླབས་ཡོང་བར་ཤོག ། ༢ "}}]],"label":"verse 3","id":3}]},"metadata":[{"AT":"(འཇིགས་མེད་ཀྱིས་བརྩམས་པའི་གཉེན་སྒྲིག་དེ་ལ་བྱིན་རླབས་ཡོང་བའི་སྨོན་འདུན།) PNJ 17","KT":"(འཇིགས་མེད་ཀྱིས་བརྩམས་པའི་གཉེན་སྒྲིག་དེ་ལ་བྱིན་རླབས་ཡོང་བའི་སྨོན་འདུན།) PNJ 17 ","CT":"(འཇིགས་མེད་ཀྱིས་བརྩམས་པའི་གཉེན་བསྒྲིགས་དེ་ལ་བྱིན་རླབས་ཡོང་བའི་སྨོན་འདུན།) PNJ 17"}]}