{"title":{"AT":"177.སྙིང་རྗེའི་བྱིན་རླབས་གནང་ནས། ","KT":"177. སྙིང་རྗེའི་བྱིན་རླབས་གནང་ནས། ","CT":"177.སྙིང་རྗེའི་བྱིན་རླབས་གནང་ནས། "},"author":"*","key":"*","lyrics":{"Verse":[{"line":[[{"phrase":{"AT":"སྙིང་རྗེའི་བྱིན་རླབས་གནང་ནས།།","KT":" སྙིང་རྗེའི་བྱིན་རླབས་གནང་ནས།། ","CT":"སྙིང་རྗེའི་བྱིན་རླབས་གནང་ནས།"}}],[{"phrase":{"AT":"མིང་སྲིང་ལྷན་འཛོམས་ལྡན་བྱུང་།།","KT":"མིང་སྲིང་ལྷན་འཛོམས་ལྡན་བྱུང་།། ","CT":"མིང་སྲིང་ལྷན་འཛོམས་ལྡན་བྱུང་།"}}],[{"phrase":{"AT":"ཕན་ཚུན་བརྩེ་བའི་བྱམས་པ།།","KT":"ཕན་ཚུན་བརྩེ་བའི་བྱམས་པ།། ","CT":"ཕན་ཚུན་བརྩེ་བའི་བྱམས་པ།"}}],[{"phrase":{"AT":"ཐུགས་ཉིད་དགའ་སྤྲོ་ཁེངས་པ།།","KT":"ཐུགས་ཉིད་དགའ་སྤྲོ་ཁེངས་པ།། ","CT":"ཐུགས་ཉིད་དགའ་སྤྲོ་ཁེངས་པ།"}}]],"label":"verse 1","id":1},{"line":[[{"phrase":{"AT":"ོང་གི་གཤིས་འཇམ་མདུན་ནས།།","KT":"ཁོང་གི་གཤིས་འཇམ་མདུན་ནས།། ","CT":"ོང་གི་གཤིས་འཇམ་མདུན་ནས།"}}],[{"phrase":{"AT":"མིང་སྲིང་ལྷན་འཛོམས་ལྡན་བྱུང་།།","KT":"མིང་སྲིང་ལྷན་འཛོམས་ལྡན་བྱུང་།། ","CT":"མིང་སྲིང་ལྷན་འཛོམས་ལྡན་བྱུང་།"}}],[{"phrase":{"AT":"གཤིས་དྲང་བསྟོད་དབྱངས་ཕུལ་ན།།","KT":"གཤིས་དྲང་བསྟོད་དབྱངས་ཕུལ་ན།། ","CT":"གཤིས་དྲང་བསྟོད་དབྱངས་ཕུལ་ན།"}}],[{"phrase":{"AT":"དམ་པའི་སེམས་བཟང་མཆིས་བ།།","KT":"དམ་པའི་སེམས་བཟང་མཆིས་བ།། ","CT":"དམ་པའི་སེམས་བཟང་ཡོད་པ།"}}]],"label":"verse 2","id":2},{"line":[[{"phrase":{"AT":"རང་ཚུགས་ཕ་ལམ་བརྟན་པོས།།","KT":" རང་ཚུགས་ཕ་ལམ་བརྟན་པོས།། ","CT":"རང་ཚུགས་ཕ་ལམ་བརྟན་པོས།"}}],[{"phrase":{"AT":"དཀའ་སྡུག་བཟོད་བསྲན་བྱས་ནས།།","KT":"དཀའ་སྡུག་བཟོད་བསྲན་བྱས་ནས།། ","CT":"དཀའ་སྡུག་བཟོད་བསྲན་བྱས་ནས།"}}],[{"phrase":{"AT":"སྐྱབས་མགོན་སྨོན་ལམ་ཐོབས་དང་།།","KT":"སྐྱབས་མགོན་སྨོན་ལམ་ཐོབས་དང་།། ","CT":"སྐྱབས་མགོན་སྨོན་ལམ་ཐོབས་དང་།"}}],[{"phrase":{"AT":"ཞི་བདེ་ཁོང་གིས་གནང་ཡོང་།།  ༢","KT":"ཞི་བདེ་ཁོང་གིས་གནང་ཡོང་།། ༢ ","CT":"ཞི་བདེ་ཁོང་གིས་གནང་ཡོང་།།  ༢"}}]],"label":"verse 3","id":3}]},"metadata":[{"AT":"(ཞི་བདེ་ཁོང་གིས་གནང་ཡོང་།)","KT":"(ཞི་བདེ་ཁོང་གིས་གནང་ཡོང་།) ","CT":"(ཞི་བདེ་ཁོང་གིས་གནང་ཡོང་།)"},{"AT":"(ཨ་མདོའི་བསྟོད་དབྱངས།) AT08 138; KT06 147","KT":"(ཨ་མདོའི་བསྟོད་དབྱངས།) AT08 138; KT06 147 ","CT":"(ཨ་མདོའི་བསྟོད་དབྱངས།) AT08 138; KT06 147"}]}