{"title":{"AT":"178.ཐག་རིང་རི་བོའི་རྩེ་མོ་ནས། ","KT":"178. ཐག་རིང་རི་བོའི་རྩེ་མོ་ལ། ","CT":"178.ཐག་རིང་རི་བོའི་རྩེ་མོ་ན། "},"author":"*","key":"*","lyrics":{"Verse":[{"line":[[{"phrase":{"AT":"   (སྐྱབས་མགོན་ཕེབས་རྒྱུའི་འདུན་པ་སྐྱེས་པའི་གླུ།)","KT":"(སྐྱབས་མགོན་ཕེབས་རྒྱུའི་འདུན་པ་སྐྱེས་པའི་གླུ།) ","CT":"(སྐྱབས་མགོན་ཕེབས་རྒྱུའི་འདུན་པ་སྐྱེས་པའི་གླུ།)"}}],[{"phrase":{"AT":"(འབྲོག་གླུ། རེ་བའི་རྣམ་ཐར་གྱི་གཞས་གསུམ་པ།) DVD:3","KT":"(འབྲོག་གླུ། རེ་བའི་རྣམ་ཐར་གྱི་གཞས་གསུམ་པ།) DVD:3 ","CT":"(འབྲོག་གླུ། རེ་བའི་རྣམ་ཐར་གྱི་གཞས་གསུམ་པ།) DVD:3"}}],[{"phrase":{"AT":"ཐག་རིང་རི་བོའི་རྩེ་མོ་ནས།།","KT":" ཐག་རིང་རི་བོའི་རྩེ་མོ་ལ།། ","CT":"ཐག་རིང་རི་བོའི་རྩེ་མོ་ན།།"}}],[{"phrase":{"AT":"ལུག་རྫིའི་སྐད་སྒྲ་ཐོས་མ་བྱུང་།།","KT":"ལུག་རྫིའི་སྐད་སྒྲ་གོ་མ་བྱུང་།། ","CT":"ལུག་རྫིའི་སྐད་སྒྲ་ཐོས་མ་བྱུང་།།"}}],[{"phrase":{"AT":"ངུ་འབོད་ཆེན་པོས་ཞུ་བཞིན་ཡོད།།","KT":"ངུ་འབོད་ཆེན་པོས་ཞུ་བཞིན་ཡོད།། ","CT":"ངུ་འབོད་ཆེན་པོས་ཞུས་པ་ཡིན།།"}}],[{"phrase":{"AT":"སྐྱབས་མགོན་ནམ་ཞིག་ཕེབས་ཡོང་ངམ།།","KT":"སྐྱབས་མགོན་ནམ་ཞིག་ཕེབས་ཡོང་ན།། ","CT":"སྐྱབས་མགོན་ག་དུས་ཕེབས་སམ་ཞུས།།"}}]],"label":"verse 1","id":1},{"line":[[{"phrase":{"AT":"རི་བོ་སྤང་ལྗོངས་སྔོན་པོ་ནས།།","KT":" རི་བོ་སྤང་ལྗོངས་སྔོན་པོའི་ནང།། ","CT":"རི་བོའི་སྤང་ལྗོངས་སྔོན་པོའི་ནང་།།"}}],[{"phrase":{"AT":"ལུག་དང་ལུག་རྫི་མཐོང་མ་བྱུང་།།","KT":"ལུག་དང་ལུག་རྫི་རིག་མ་བྱུང་།། ","CT":"ལུག་དང་ལུག་རྫི་མཐོང་མ་བྱུང་།།"}}],[{"phrase":{"AT":"ང་ཡིས་ཡང་ཡང་ཞུ་བཞིན་ཡོད།།","KT":"ང་ཡིས་ཡང་ཡང་ཞུ་བཞིན་ཡོད།། ","CT":"ང་ཡིས་ཡང་ཡང་ཞུས་པ་ཡིན།།"}}],[{"phrase":{"AT":"སྐྱབས་མགོན་ནམ་ཞིག་ཕེབས་ཡོང་ངམ།།","KT":"སྐྱབས་མགོན་ནམ་ཞིག་ཕེབས་ཡོང་ན།། ","CT":"སྐྱབས་མགོན་ག་དུས་ཕེབས་སམ་ཞུས།།"}}]],"label":"verse 2","id":2},{"line":[[{"phrase":{"AT":"ཐོག་མར་ཨེ་དེན་ལྡུམ་རའི་ནང་།།","KT":" ཐོག་མར་ཨེ་དེན་ལྡུམ་ར་ནང་།། ","CT":"ཐོག་མར་ཨེ་དེན་སྐྱེད་ཚལ་ནང་།།"}}],[{"phrase":{"AT":"མི་རྣམས་སྡུག་བསྔལ་ལས་སྐྱོབ་པར།།","KT":"མི་རྣམས་སྡུག་བསྔལ་ལས་སྐྱོབ་པར།། ","CT":"མི་རྣམས་སྡུག་བསྔལ་ལས་སྐྱབས་པར།།"}}],[{"phrase":{"AT":"བླ་ན་མེད་པའི་དཀོན་མཆོག་གིས།།","KT":"བླ་ན་མེད་པའི་དཀོན་མཆོག་གིས།། ","CT":"བླ་ན་མེད་པའི་དཀོན་མཆོག་གིས།།"}}],[{"phrase":{"AT":"སྐྱབས་མགོན་ཕེབས་པའི་ཞལ་བཞེས་གནང་།།","KT":"སྐྱབས་མགོན་ཕེབས་པའི་ཞལ་བཞེས་གནང་།། ","CT":"སྐྱབས་མགོན་ཕེབས་པའི་ཞལ་བཞེས་གནང་།།"}}]],"label":"verse 3","id":3},{"line":[[{"phrase":{"AT":"ང་ཚོའི་འཛམ་གླིང་ཁྱོན་ཡོངས་སུ།།","KT":" ང་ཚོའི་འཛམ་གླིང་ཕྱོགས་བཞི་ལ།། ","CT":"ང་ཚོའི་འཛམ་གླིང་ཁྱོན་ཡོངས་སུ།།"}}],[{"phrase":{"AT":"ཞལ་བཞེས་སྒྲུབ་རྒྱུར་རེ་སྒུག་གནང་།།","KT":"ཞལ་བཞེས་སྒྲུབ་རྒྱུར་རེ་སྒུག་གནས།། ","CT":"ཞལ་བཞེས་སྒྲུབ་རྒྱུར་རེ་སྒུག་གནས།།"}}],[{"phrase":{"AT":"བློ་སེམས་གཅིག་སྒྲིལ་བཀའ་འདྲི་ཞུ།།","KT":"བློ་སེམས་གཅིག་སྒྲིལ་བཀའ་འདྲི་ཞུས།། ","CT":"བློ་སེམས་གཅིག་སྒྲིལ་བཀའ་དྲི་ཞུས།།"}}],[{"phrase":{"AT":"སྐྱབས་མགོན་གནས་འདིར་ཕེབས་ཡོང་ངམ།།","KT":"སྐྱབས་མགོན་གནས་འདིར་ཕེབས་ཡོང་ངམ།། ","CT":"སྐྱབས་མགོན་གནས་འདིར་ཕེབས་ཡོང་ངམ།།"}}]],"label":"verse 4","id":4}]},"metadata":[]}