{"title":{"AT":"179.ཐུགས་རྗེ་ཆེ་ཡེ་ཤུ།","KT":"179. ཐུགས་རྗེ་ཆེ་ཡེ་ཤུ། ","CT":"179.ཐུགས་རྗེ་ཆེ་ཡེ་ཤུ།"},"author":"*","key":"*","lyrics":{"Verse":[{"line":[[{"phrase":{"AT":"ཐུགས་རྗེ་ཆེ། ཡེ་ཤུ། ཐུགས་རྗེ་ཆེ། ཡེ་ཤུ། ༢","KT":"ཐུགས་རྗེ་ཆེ། ཡེ་ཤུ། ཐུགས་རྗེ་ཆེ། ཡེ་ཤུ། ༢ ","CT":"ཐུགས་རྗེ་ཆེ། ཡེ་ཤུ། ཐུགས་རྗེ་ཆེ། ཡེ་ཤུ། ༢"}}],[{"phrase":{"AT":"ཁྱེད་རང་ངའི་ཆེད་དུ་ཤིང་རྒྱ་གྲམ་སྟེང་གྲོངས་པ་རེད།  ༢","KT":"ཁྱེད་རང་ངའི་ཆེད་དུ་ཤིང་རྒྱ་གྲམ་སྟེང་གྲོངས་པ་རེད། ༢ ","CT":"ཁྱེད་རང་ངའི་ཆེད་དུ་རྒྱངས་ཤིང་ལ་གྲོངས་པ་རེད།  ༢"}}],[{"phrase":{"AT":"ཐུགས་རྗེ་ཆེ། ཡེ་ཤུ། ཐུགས་རྗེ་ཆེ། ཡེ་ཤུ།  ༢","KT":"ཐུགས་རྗེ་ཆེ། ཡེ་ཤུ། ཐུགས་རྗེ་ཆེ། ཡེ་ཤུ། ༢ ","CT":"ཐུགས་རྗེ་ཆེ། ཡེ་ཤུ། ཐུགས་རྗེ་ཆེ། ཡེ་ཤུ།  ༢"}}],[{"phrase":{"AT":"ཁྱེད་ལ་བསྟོད་དབྱངས་གཟི་བརྗིད་འབུལ་རྒྱུ་ཡིན། ༢","KT":"ཁྱེད་ལ་བསྟོད་དབྱངས་གཟི་བརྗིད་འབུལ་རྒྱུ་ཡིན། ༢ ","CT":"ཁྱེད་ལ་བསྟོད་དབྱངས་གཟི་བརྗིད་ཕུལ་གྱི་ཡིན།། ༢"}}]],"label":"verse 1","id":1}]},"metadata":[{"AT":"(འཇིགས་མེད་ཀྱིས་བརྩམས་པའི་བསྟོད་དབྱངས།) PNJ 47","KT":"(འཇིགས་མེད་ཀྱིས་བརྩམས་པའི་བསྟོད་དབྱངས།) PNJ 47 ","CT":"(འཇིགས་མེད་ཀྱིས་བརྩམས་པའི་བསྟོད་དབྱངས།) PNJ 47"}]}