{"title":{"AT":"18.གྲོགས་པོ་ཁྱེད་ལ།","KT":"18. གྲོགས་པོ་ཁྱེད་ལ། ","CT":"18.གྲོགས་པོ་ཁྱེད་ལ།"},"author":"*","key":"*","lyrics":{"Verse":[{"line":[[{"phrase":{"AT":"གྲོགས་པོ་ཁྱེད་ལ།","KT":" གྲོགས་པོ་ཁྱེད་ལ། ","CT":"གྲོགས་པོ་ཁྱེད་ལ།"}}],[{"phrase":{"AT":"གཙོ་བོའི་མཚན་གྱི་བཀའ་ལན་གནང་བར་ཤོག ༢","KT":"གཙོ་བོའི་མཚན་གྱི་བཀའ་ལན་གནང་བར་ཤོག ༢ ","CT":"གཙོ་བོའི་མཚན་གྱི་བཀའ་ལེན་གནང་བར་ཤོག ༢"}}]],"label":"verse 1","id":1},{"line":[[{"phrase":{"AT":"གྲོགས་པོ་ཁྱེད་ལ།","KT":" གྲོགས་པོ་ཁྱེད་ལ། ","CT":"གྲོགས་པོ་ཁྱེད་ལ།"}}],[{"phrase":{"AT":"ཡེ་ཤུའི་མཚན་གྱི་ཐར་བ་གནང་བར་ཤོག ༢","KT":"ཡེ་ཤུའི་མཚན་གྱི་ཐར་བ་གནང་བར་ཤོག ༢ ","CT":"ཡེ་ཤུའི་མཚན་གྱི་ཐར་པ་གནང་བར་ཤོག ༢"}}]],"label":"verse 2","id":2},{"line":[[{"phrase":{"AT":"གྲོགས་པོ་ཁྱེད་ལ།","KT":" གྲོགས་པོ་ཁྱེད་ལ། ","CT":"གྲོགས་པོ་ཁྱེད་ལ།"}}],[{"phrase":{"AT":"དམ་པའི་ཐུགས་ཉིད་དབང་གནང་བར་ཤོག ༢","KT":"དམ་པའི་ཐུགས་ཉིད་དབང་གནང་བར་ཤོག ༢ ","CT":"དམ་པའི་ཐུགས་ཉིད་དབང་གནང་བར་ཤོག ༢"}}]],"label":"verse 3","id":3},{"line":[[{"phrase":{"AT":"གྲོགས་པོ་ཁྱེད་ཀྱིས།","KT":" གྲོགས་པོ་ཁྱེད་ཀྱིས། ","CT":"གྲོགས་པོ་ཁྱེད་ཀྱིས།"}}],[{"phrase":{"AT":"དམ་པ་ཁོང་ལ་བསྟོད་དབྱངས་འབུལ་བར་ཤོག ༢ ","KT":"དམ་པ་ཁོང་ལ་བསྟོད་དབྱངས་འབུལ་བར་ཤོག ༢ ","CT":"དམ་པ་ཁོང་ལ་བསྟོད་དབྱངས་ཕུལ་བར་ཤོག ། ༢ "}}]],"label":"verse 4","id":4}]},"metadata":[{"AT":"(ཨ་མདོའི་བསྟོད་དབྱངས།)","KT":"(ཨ་མདོའི་བསྟོད་དབྱངས།) ","CT":"(ཨ་མདོའི་བསྟོད་དབྱངས།)"}]}