{"title":{"AT":"180. ཐུགས་རྗེ་གནང་བའི་དུས་ཚོད།","KT":"180. ཐུགས་རྗེ་གནང་བའི་དུས་ཚོད། ","CT":"180. ཐུགས་རྗེ་གནང་པའི་དུས་ཚོད།"},"author":"*","key":"*","lyrics":{"Verse":[{"line":[[{"phrase":{"AT":"ང་ཚོའི་དཀོན་མཆོག་གིས། ཐུགས་རྗེ་གནང་བའི། ","KT":" ང་ཚོའི་དཀོན་མཆོག་གིས། ཐུགས་རྗེ་གནང་བའི། ","CT":"ང་ཚོའི་དཀོན་མཆོག་གིས། ཐུགས་རྗེ་གནང་པའི། "}}],[{"phrase":{"AT":"   དུས་ཚོད་དེ་ནི་ཡང་། ","KT":"དུས་ཚོད་དེ་ནི་ཡང་། ","CT":"   དུས་ཚོད་དེ་ནི་ཡང་། "}}],[{"phrase":{"AT":"ད་ལྟ་རང་ཡིན། ༣","KT":"ད་ལྟ་རང་ཡིན། ༣ ","CT":"ད་ལྟ་རང་ཡིན། ༣"}}]],"label":"verse 1","id":1},{"line":[[{"phrase":{"AT":"སུ་ཡིས་སྙིང་ནས་ཡེ་ཤུ་ལ། དད་པ་བྱེད་ཀྱིན་ཡོད་ན།","KT":" སུ་ཡིས་སྙིང་ནས་ཡེ་ཤུ་ལ། དད་པ་བྱེད་བཞིན་ཡོད་ན། ","CT":"སུ་ཡི་སྙིང་ནས་ཡེ་ཤུ་ལ། དད་པ་བྱེད་གི་ཡོད་ན།"}}],[{"phrase":{"AT":"  ཐུགས་རྗེ་དེ་ནི་ཡང་། ","KT":"ཐུགས་རྗེ་དེ་ནི་ཡང་། ","CT":"  ཐུགས་རྗེ་དེ་ནི་ཡང་། "}}],[{"phrase":{"AT":"ད་ལྟ་རང་ཐོབ་ཡོང་། ༣","KT":"ད་ལྟ་རང་ཐོབ་ཡོང་། ༣ ","CT":"ད་ལྟ་རང་ཐོབ་ཡོང་། ༣"}}]],"label":"verse 2","id":2},{"line":[[{"phrase":{"AT":"ང་ཚོའི་དཀོན་མཆོག་གིས། ཐར་བ་གནང་བའི།","KT":" ང་ཚོའི་དཀོན་མཆོག་གིས། ཐར་བ་གནང་བའི། ","CT":"ང་ཚོའི་དཀོན་མཆོག་གིས། ཐར་པ་གནང་པའི།"}}],[{"phrase":{"AT":"     ཉི་མ་དེ་ནི་ཡང་། ","KT":"ཉི་མ་དེ་ནི་ཡང་། ","CT":"     ཉིན་མ་དེ་ནི་ཡང་། "}}],[{"phrase":{"AT":"ད་ལྟ་རང་ཡིན། ༣","KT":"ད་ལྟ་རང་ཡིན། ༣ ","CT":"ད་ལྟ་རང་ཡིན། ༣"}}]],"label":"verse 3","id":3},{"line":[[{"phrase":{"AT":"སུ་ཡིས་སྙིང་ནས་ཡེ་ཤུ་ལ། ཐར་བ་ཞུ་བཞིན་ཡོད་ན།","KT":" སུ་ཡིས་སྙིང་ནས་ཡེ་ཤུ་ལ། ཐར་བ་ཞུ་བཞིན་ཡོད་ན། ","CT":"སུ་ཡི་སྙིང་ནས་ཡེ་ཤུ་ལ། ཐར་པ་ཞུ་གི་ཡོད་ན།"}}],[{"phrase":{"AT":"   ཐར་བའི་ཉི་མ་དེ་ནི། ","KT":"ཐར་བའི་ཉི་མ་དེ་ནི། ","CT":"   ཐར་པའ་ཉིན་མོ་དེ་ནི། "}}],[{"phrase":{"AT":"ད་ལྟ་རང་ཤར་ཡོང་། ༣","KT":"ད་ལྟ་རང་ཤར་ཡོང་། ༣ ","CT":"ད་ལྟ་རང་ཤར་ཡོང་།། ༣"}}]],"label":"verse 4","id":4}]},"metadata":[{"AT":"(འགྱུར་མེད་རིན་ཆེན་གྱིས་བརྩམས་པའི་བསྟོད་དབྱངས།) JL CD3:1","KT":"(འགྱུར་མེད་རིན་ཆེན་གྱིས་བརྩམས་པའི་བསྟོད་དབྱངས།) JL CD3:1 ","CT":"(འགྱུར་མེད་རིན་ཆེན་གྱིས་བརྩམས་པའི་བསྟོད་དབྱངས།) JL CD3:1"}]}