{"title":{"AT":"181.ཐུགས་ཉིད་ཡིན་པའི་དཀོན་མཆོག","KT":"181. ཐུགས་ཉིད་ཡིན་པའི་དཀོན་མཆོག ","CT":"181.ཐུགས་ཉིད་ཡིན་པའི་དཀོན་མཆོག།"},"author":"*","key":"*","lyrics":{"Verse":[{"line":[[{"phrase":{"AT":"སྐྱིད་པོ་སྡུག་པོ། ","KT":" སྐྱིད་པོ་སྡུག་པོ། ","CT":"སྐྱིད་པོ་སྡུག་པོ། "}}],[{"phrase":{"AT":"གང་འདྲ་བྱུང་ནའང། ","KT":"གང་འདྲ་བྱུང་ནའང་། ","CT":"གང་འདྲ་བྱུང་ན་འང། "}}],[{"phrase":{"AT":"སྐྱབས་མགོན་ཡེ་ཤུ་ལ། ","KT":"སྐྱབས་མགོན་ཡེ་ཤུ་ལ། ","CT":"སྐྱབས་མགོན་ཡེ་ཤུ་ལ། "}}],[{"phrase":{"AT":"སྨོན་ལམ་ཞུས་དང་། ༢","KT":"སྨོན་ལམ་ཞུས་དང་། ༢ ","CT":"སྨོན་ལམ་ཞུ་དང་། ༢"}}],[{"phrase":{"AT":"ཧ་ལེ་ལོའུ་ཡཱ། ཧ་ལེ་ལོའུ་ཡཱ། ཧ་ལེ་ལོའུ་ཡཱ། ཧ་ལེ་ལོའུ་ཡཱ། ","KT":"ཧ་ལེ་ལོའུ་ཡཱ། ཧ་ལེ་ལོའུ་ཡཱ། ཧ་ལེ་ལོའུ་ཡཱ། ཧ་ལེ་ལོའུ་ཡཱ། ","CT":"ཧཱ་ལེ་ལུ་ཡཱ། ཧཱ་ལེ་ལུ་ཡཱ། ཧཱ་ལེ་ལུ་ཡཱ། ཧཱ་ལེ་ལུ་ཡཱ། "}}]],"label":"verse 1","id":1},{"line":[[{"phrase":{"AT":"བདེན་པའི་སྨོན་ལམ་དེ་ནི། ","KT":" བདེན་པའི་སྨོན་ལམ་དེ་ནི། ","CT":"བདེན་པའི་སྨོན་ལམ་དེ་ནི། "}}],[{"phrase":{"AT":"ང་ཚོའི་སེམས་ནས་ཞུ་དགོས། ","KT":"ང་ཚོའི་སེམས་ནས་ཞུ་དགོས། ","CT":"ང་ཚོའི་སེམས་ནས་ཞུ་དགོས། "}}],[{"phrase":{"AT":"ང་ཚོའི་སྨོན་ལམ་ནང་དུ། ","KT":"ང་ཚོའི་སྨོན་ལམ་ནང་དུ། ","CT":"ང་ཚོའི་སྨོན་ལམ་ནང་དུ། "}}],[{"phrase":{"AT":"ཁོང་ལ་བསྙེན་བཀུར་ཞུ་དགོས། ༢","KT":"ཁོང་ལ་བསྙེན་བཀུར་ཞུ་དགོས། ༢ ","CT":"ཁོང་ལ་བསྙེན་བཀུར་ཞུ་དགོས། ༢"}}],[{"phrase":{"AT":"ཧ་ལེ་ལོའུ་ཡཱ། ཧ་ལེ་ལོའུ་ཡཱ། ཧ་ལེ་ལོའུ་ཡཱ། ཧ་ལེ་ལོའུ་ཡཱ། ","KT":"ཧ་ལེ་ལོའུ་ཡཱ། ཧ་ལེ་ལོའུ་ཡཱ། ཧ་ལེ་ལོའུ་ཡཱ། ཧ་ལེ་ལོའུ་ཡཱ། ","CT":"ཧཱ་ལེ་ལུ་ཡཱ། ཧཱ་ལེ་ལུ་ཡཱ། ཧཱ་ལེ་ལུ་ཡཱ། ཧཱ་ལེ་ལུ་ཡཱ། "}}]],"label":"verse 2","id":2},{"line":[[{"phrase":{"AT":"ང་ཚོའི་བསྙེན་བཀུར་དེ་ནི། ","KT":" ང་ཚོའི་བསྙེན་བཀུར་དེ་ནི། ","CT":"ང་ཚོའི་བསྙེན་བཀུར་དེ་ནི། "}}],[{"phrase":{"AT":"སེམས་དང་བདེན་པ་ཉིད་ཀྱིས།","KT":"སེམས་དང་བདེན་པ་ཉིད་ཀྱིས། ","CT":"སེམས་དང་བདེན་པ་ཉིད་ཀྱིས།"}}],[{"phrase":{"AT":"ཐུགས་ཉིད་ཡིན་པའི་དཀོན་མཆོག་ལ། ","KT":"ཐུགས་ཉིད་ཡིན་པའི་དཀོན་མཆོག་ལ། ","CT":"ཐུགས་ཉིད་ཡིན་པའི་དཀོན་མཆོག་ལ། "}}],[{"phrase":{"AT":"ཉིན་རྒྱུན་རྟག་པར་འབུལ་དགོས།  ༢","KT":"ཉིན་རྒྱུན་རྟག་པར་འབུལ་དགོས། ༢ ","CT":"ཉིན་མ་རྟག་པར་ཕུལ་དགོས།  ༢"}}],[{"phrase":{"AT":"ཧ་ལེ་ལོའུ་ཡཱ། ཧ་ལེ་ལོའུ་ཡཱ། ཧ་ལེ་ལོའུ་ཡཱ། ཧ་ལེ་ལོའུ་ཡཱ། ","KT":"ཧ་ལེ་ལོའུ་ཡཱ། ཧ་ལེ་ལོའུ་ཡཱ། ཧ་ལེ་ལོའུ་ཡཱ། ཧ་ལེ་ལོའུ་ཡཱ། ","CT":"ཧཱ་ལེ་ལུ་ཡཱ། ཧཱ་ལེ་ལུ་ཡཱ། ཧཱ་ལེ་ལུ་ཡཱ། ཧཱ་ལེ་ལུ་ཡཱ།། "}}]],"label":"verse 3","id":3}]},"metadata":[{"AT":"(འགྱུར་མེད་རིན་ཆེན་གྱིས་བརྩམས་པའི་བསྟོད་དབྱངས།) JL CD3:3","KT":"(འགྱུར་མེད་རིན་ཆེན་གྱིས་བརྩམས་པའི་བསྟོད་དབྱངས།) JL CD3:3 ","CT":"(འགྱུར་མེད་རིན་ཆེན་གྱིས་བརྩམས་པའི་བསྟོད་དབྱངས།) JL CD3:3"}]}