{"title":{"AT":"182.ཐོག་མར་ཐུགས་སུ་བཅངས་ནས། ","KT":"182. ཐོག་མར་ཐུགས་སུ་བཅངས་ནས། ","CT":"182.ཐོག་མར་ཐུགས་སུ་བཅངས་ནས། "},"author":"*","key":"*","lyrics":{"Verse":[{"line":[[{"phrase":{"AT":"ཐོག་མར་ཐུགས་སུ་བཅངས་ནས།","KT":" ཐོག་མར་ཐུགས་སུ་བཅངས་ནས། ","CT":"ཐོག་མར་ཐུགས་སུ་བཅངས་ནས།"}}],[{"phrase":{"AT":"དང་པོར་སྤྱན་གྱིས་གཟིགས་དུས།","KT":"དང་པོར་སྤྱན་གྱིས་གཟིགས་དུས། ","CT":"དང་པོར་སྤྱན་གྱིས་གཟིགས་དུས།"}}],[{"phrase":{"AT":"ཁྱེད་ཀྱི་བྱམས་བརྩེ་ཟབ་མོས།","KT":"ཁྱེད་ཀྱི་བྱམས་བརྩེ་ཟབ་མོས། ","CT":"ཁྱེད་ཀྱི་བྱམས་བརྩེ་ཟབ་མོས།"}}],[{"phrase":{"AT":"ང་ཚོར་རེ་སྒུག་མཛད་ཡོད།","KT":"ང་ཚོར་རེ་སྒུག་མཛད་ཡོད། ","CT":"ང་ཚོར་རེ་སྒུག་མཛད་ཡོད།"}}]],"label":"verse 1","id":1},{"line":[[{"phrase":{"AT":"ཕྱིས་སུ་སྙིང་རྗེས་མ་བཟོད།","KT":" ཕྱིས་སུ་སྙིང་རྗེས་མ་བཟོད། ","CT":"ཕྱིས་སུ་སྙིང་རྗེས་མ་བཟོད།"}}],[{"phrase":{"AT":"དུང་སེམས་དྲག་པོས་བསྐུལ་ནས།","KT":"དུང་སེམས་དྲག་པོས་བསྐུལ་ནས། ","CT":"དུང་སེམས་དྲག་པོས་བསྐུལ་ནས།"}}],[{"phrase":{"AT":"ཡབ་ཆེན་དྲུང་ནས་ཕེབས་ཞིང༌།","KT":"ཡབ་ཆེན་དྲུང་ནས་ཕེབས་ཞིང༌། ","CT":"ཡབ་ཆེན་དྲུང་ནས་ཕེབས་ཞིང༌།"}}],[{"phrase":{"AT":"སླར་མཇལ་སྐལ་བ་བསྐྲུན་བྱུང༌།","KT":"སླར་མཇལ་སྐལ་བ་བསྐྲུན་བྱུང༌། ","CT":"སླར་མཇལ་སྐལ་བ་བསྐྲུན་བྱུང༌།"}}],[{"phrase":{"AT":"ཡེ་ཤུ།  ང་ཡི་ཡེ་ཤུ།","KT":"ཡེ་ཤུ། ང་ཡི་ཡེ་ཤུ། ","CT":"ཡེ་ཤུ།  ང་ཡི་ཡེ་ཤུ།"}}],[{"phrase":{"AT":"སུ་ཡང་ཁྱེད་ལ་སྒུག་མཁན།","KT":"སུ་ཡང་ཁྱེད་ལ་སྒུག་མཁན། ","CT":"སུ་ཡང་ཁྱེད་ལ་སྒུག་མཁན།"}}],[{"phrase":{"AT":"ཡང་བསྐྱར་སྟོབས་ཤུགས་འཛོམས་ཞིང༌།","KT":"ཡང་བསྐྱར་སྟོབས་ཤུགས་འཛོམས་ཞིང༌། ","CT":"ཡང་བསྐྱར་སྟོབས་ཤུགས་འཛོམས་ཞིང༌།"}}],[{"phrase":{"AT":"གླག་ལྟར་གཤོག་ཟུང་བརྐྱངས་ནས།","KT":"གླག་ལྟར་གཤོག་ཟུང་བརྐྱངས་ནས། ","CT":"གླག་ལྷར་གཤོག་ཟུང་བརྐྱངས་ནས།"}}],[{"phrase":{"AT":"ཁྱེད་དང་མཉམ་དུ་བསྐྱོད་ཡོང༌།","KT":"ཁྱེད་དང་མཉམ་དུ་བསྐྱོད་ཡོང༌། ","CT":"ཁྱེད་དང་མཉམ་དུ་བསྐྱོད་ཡོང༌།"}}]],"label":"verse 2","id":2},{"line":[[{"phrase":{"AT":"ང་ཚོའི་ཡ་ཆུང་སེམས་འདི།","KT":" ང་ཚོའི་ཡ་ཆུང་སེམས་འདི། ","CT":"ང་ཚོའི་ཡ་ཆུང་སེམས་འདི།"}}],[{"phrase":{"AT":"ཁྱེད་ལ་དུང་ཞིང་སྒུག་ཕྱིར།","KT":"ཁྱེད་ལ་དུང་ཞིང་སྒུག་ཕྱིར། ","CT":"ཁྱེད་ལ་དུང་ཞིང་སྒུག་ཕྱིར།"}}],[{"phrase":{"AT":"ཅིག་ཅར་ཉིད་དུ་འགུག་རོགས།","KT":"ཅིག་ཅར་ཉིད་དུ་འགུག་རོགས། ","CT":"ཅིག་ཅར་ཉིད་དུ་འགུག་རོགས།"}}],[{"phrase":{"AT":"ཞུས་ནས་ཁྱེད་མདུན་གནས་ཡོང༌།","KT":"ཞུས་ནས་ཁྱེད་མདུན་གནས་ཡོང༌། ","CT":"ཞུས་ནས་ཁྱེད་མདུན་གནས་ཡོང༌།།"}}]],"label":"verse 3","id":3}]},"metadata":[{"AT":"(རེ་སྒུག)","KT":"(རེ་སྒུག) ","CT":"(རེ་སྒུག)"},{"AT":"(ཨ་མདོའི་བསྟོད་དབྱངས།)","KT":"(ཨ་མདོའི་བསྟོད་དབྱངས།) ","CT":"(ཨ་མདོའི་བསྟོད་དབྱངས།)"}]}