{"title":{"AT":"183.དད་པ་ཡེ་ཤུ་ལ་བྱེད་ན།","KT":"183. དད་པ་ཡེ་ཤུ་ལ་བྱེད་ན། ","CT":"183.དད་པ་ཡེ་ཤུ་ལ་བྱེད་ན།"},"author":"*","key":"*","lyrics":{"Verse":[{"line":[[{"phrase":{"AT":"དད་པ་ཡེ་ཤུ་ལ་བྱེད་ན། ","KT":"དད་པ་ཡེ་ཤུ་ལ་བྱེད་ན། ","CT":"དད་པ་ཡེ་ཤུ་ལ་བྱེད་ན། "}}],[{"phrase":{"AT":"སྡིག་པ་ནས་ཐར་བ་འཐོབ་ཡོང་། ","KT":"སྡིག་པ་ནས་ཐར་པ་འཐོབ་ཡོང་། ","CT":"སྡིག་པ་ནས་ཐར་པ་འཐོབ་ཡོང་། "}}],[{"phrase":{"AT":"སྡིག་སེལ་ཡེ་ཤུ་ལ་ཞུས་ན། ","KT":"སྡིག་སེལ་ཡེ་ཤུ་ལ་ཞུས་ན། ","CT":"སྡིག་སེལ་ཡེ་ཤུ་ལ་ཞུ་ན། "}}],[{"phrase":{"AT":"སྡིག་སེལ་ཁོང་གིས་གནང་ཡོང་། ","KT":"སྡིག་སེལ་ཁོང་གིས་གནང་ཡོང་། ","CT":"སྡིག་སེལ་ཁོང་གིས་གནང་ཡོང་། "}}],[{"phrase":{"AT":"སྡིག་སེལ་ཡེ་ཤུ་ལ་ཞུས་ན། ","KT":"སྡིག་སེལ་ཡེ་ཤུ་ལ་ཞུས་ན། ","CT":"སྡིག་སེལ་ཡེ་ཤུ་ལ་ཞུ་ན། "}}],[{"phrase":{"AT":"སྡིག་སེལ་ཁོང་གིས་གནང་ཡོང་།","KT":"སྡིག་སེལ་ཁོང་གིས་གནང་ཡོང་། ","CT":"སྡིག་སེལ་ཁོང་གིས་གནང་ཡོང་།"}}]],"label":"verse 1","id":1},{"line":[[{"phrase":{"AT":"དད་པ་ཡེ་ཤུ་ལ་བྱེད་ན།","KT":"དད་པ་ཡེ་ཤུ་ལ་བྱེད་ན། ","CT":"དད་པ་ཡེ་ཤུ་ལ་བྱེད་ན།"}}],[{"phrase":{"AT":"མི་ཚེ་གསར་བ་འཐོབ་ཡོང་།","KT":"མི་ཚེ་གསར་པ་འཐོབ་ཡོང་། ","CT":"མི་ཚེ་གསར་པ་འཐོབ་ཡོང་།"}}],[{"phrase":{"AT":"བསྟོད་གཞས་ཡེ་ཤུ་ལ་འབུལ་ན།","KT":"བསྟོད་གཞས་ཡེ་ཤུ་ལ་འབུལ་ན། ","CT":"བསྟོད་གཞས་ཡེ་ཤུ་ལ་འབུལ་ན།"}}],[{"phrase":{"AT":"བསྟོད་གཞས་ཁོང་གིས་གསན་ཡོང་།","KT":"བསྟོད་གཞས་ཁོང་གིས་གསན་ཡོང་། ","CT":"བསྟོད་གཞས་ཁོང་གིས་གསན་ཡོང་།"}}],[{"phrase":{"AT":"བསྟོད་གཞས་ཡེ་ཤུ་ལ་འབུལ་ན།","KT":"བསྟོད་གཞས་ཡེ་ཤུ་ལ་འབུལ་ན། ","CT":"བསྟོད་གཞས་ཡེ་ཤུ་ལ་འབུལ་ན།"}}],[{"phrase":{"AT":"བསྟོད་གཞས་ཁོང་གིས་གསན་ཡོང་།","KT":"བསྟོད་གཞས་ཁོང་གིས་གསན་ཡོང་། ","CT":"བསྟོད་གཞས་ཁོང་གིས་གསན་ཡོང་།"}}]],"label":"verse 2","id":2},{"line":[[{"phrase":{"AT":"དད་པ་ཡེ་ཤུ་ལ་བྱེད་ན།","KT":"དད་པ་ཡེ་ཤུ་ལ་བྱེད་ན། ","CT":"དད་པ་ཡེ་ཤུ་ལ་བྱེད་ན།"}}],[{"phrase":{"AT":"འཆི་བ་ནས་ཐར་བ་འཐོབ་ཡོང་།","KT":"འཆི་བ་ནས་ཐར་པ་འཐོབ་ཡོང་། ","CT":"ཤི་བ་ནས་ཐར་པ་འཐོབ་ཡོང་།"}}],[{"phrase":{"AT":"དབང་ཡེ་ཤུ་ལ་ཞུས་ན།","KT":"དབང་ཡེ་ཤུ་ལ་ཞུས་ན། ","CT":"དབང་ཡེ་ཤུ་ལ་ཞུ་ན།"}}],[{"phrase":{"AT":"དབང་ཁོང་གིས་གནང་ཡོང་།","KT":"དབང་ཁོང་གིས་གནང་ཡོང་། ","CT":"དབང་ཁོང་གིས་གནང་ཡོང་།"}}],[{"phrase":{"AT":"དབང་ཡེ་ཤུ་ལ་ཞུས་ན།","KT":"དབང་ཡེ་ཤུ་ལ་ཞུས་ན། ","CT":"དབང་ཡེ་ཤུ་ལ་ཞུ་ན།"}}],[{"phrase":{"AT":"དབང་ཁོང་གིས་གནང་ཡོང་།","KT":"དབང་ཁོང་གིས་གནང་ཡོང་། ","CT":"དབང་ཁོང་གིས་གནང་ཡོང་།།"}}]],"label":"verse 3","id":3}]},"metadata":[{"AT":"(འགྱུར་མེད་རིན་ཆེན་གྱིས་བརྩམས་པའི་བསྟོད་དབྱངས།) JL CD1:4; KT06 128","KT":"(འགྱུར་མེད་རིན་ཆེན་གྱིས་བརྩམས་པའི་བསྟོད་དབྱངས།) JL CD1:4; KT06 128 ","CT":"(འགྱུར་མེད་རིན་ཆེན་གྱིས་བརྩམས་པའི་བསྟོད་དབྱངས།) JL CD1:4; KT06 128"}]}