{"title":{"AT":"184.དད་པའི་སྨོན་ལམ།","KT":"184. དད་པའི་སྨོན་ལམ། ","CT":"184.དད་པའི་སྨོན་ལམ།"},"author":"*","key":"*","lyrics":{"Verse":[{"line":[[{"phrase":{"AT":" དད་པའི་སྨོན་ལམ་དེ་ནི།","KT":"དད་པའི་སྨོན་ལམ་དེ་ནི། ","CT":" དད་པའི་སྨོན་ལམ་དེ་ནི།"}}],[{"phrase":{"AT":"ནད་པ་ལ་ཕན་ཡོང་། ༢","KT":"ནད་པ་ལ་ཕན་ཡོང་། ༢ ","CT":"ནད་པ་ལ་ཕན་ཡོང་། ༢"}}],[{"phrase":{"AT":"ན་ཚ་ཅི་ཞིག་ཡོད་ཀྱང་།","KT":"ན་ཚ་ཅི་ཞིག་ཡོད་ཀྱང་། ","CT":"ན་ཚ་གང་ཞིག་ཡོད་ཀྱང་།"}}],[{"phrase":{"AT":"ཡེ་ཤུས་དྲག་པར་མཛད་ཡོང་། ༢","KT":"ཡེ་ཤུས་དྲག་པར་མཛད་ཡོང་། ༢ ","CT":"དྲག་བཟོ་བ་ཡེ་ཤུས་གནང་ཡོང་།། ༢"}}]],"label":"verse 1","id":1}]},"metadata":[{"AT":"(འགྱུར་མེད་རིན་ཆེན་གྱིས་བརྩམས་པའི་བསྟོད་དབྱངས།) JL CD2:5","KT":"(འགྱུར་མེད་རིན་ཆེན་གྱིས་བརྩམས་པའི་བསྟོད་དབྱངས།) JL CD2:5 ","CT":"(འགྱུར་མེད་རིན་ཆེན་གྱིས་བརྩམས་པའི་བསྟོད་དབྱངས།) JL CD2:5"}]}