{"title":{"AT":"185.དམ་པ། དམ་པ། དམ་པའི་དཀོན་མཆོག","KT":"185. དམ་པ། དམ་པ། དམ་པའི་དཀོན་མཆོག ","CT":"185.དམ་པ། དམ་པ། དམ་པའི་དཀོན་མཆོག།"},"author":"*","key":"*","lyrics":{"Verse":[{"line":[[{"phrase":{"AT":"       (འཇིགས་མེད་ཀྱིས་བརྩམས་པའི་བསྟོད་དབྱངས།) PNJ 54","KT":"(འཇིགས་མེད་ཀྱིས་བརྩམས་པའི་བསྟོད་དབྱངས།) PNJ 54 ","CT":"(འཇིགས་མེད་ཀྱིས་བརྩམས་པའི་བསྟོད་དབྱངས།) PNJ 54"}}],[{"phrase":{"AT":"དམ་པ། དམ་པ། དམ་པའི་དཀོན་མཆོག ","KT":"དམ་པ། དམ་པ། དམ་པའི་དཀོན་མཆོག ","CT":"དམ་པ། དམ་པ། དམ་པའི་དཀོན་མཆོག "}}],[{"phrase":{"AT":"ང་ཡི་སྡིག་པ་དགོངས་དག་ཞུ་རྒྱུ་ཡིན།","KT":"ང་ཡི་སྡིག་པ་དགོངས་དག་ཞུ་རྒྱུ་ཡིན། ","CT":"ང་ཡི་སྡིག་པ་དགོངས་དག་ཞུ་གྱིན་ཡིན།"}}],[{"phrase":{"AT":"གཙོ་བོ་ཡེ་ཤུ་ཡི་སྐུ་ཁྲག་བརྒྱུད་ནས། ","KT":"གཙོ་བོ་ཡེ་ཤུ་ཡི་སྐུ་ཁྲག་བརྒྱུད་ནས། ","CT":"གཙོ་བོ་ཡེ་ཤུ་ཡི་སྐུ་ཁྲག་བརྒྱུད་ནས། "}}],[{"phrase":{"AT":"ང་ཡི་སྡིག་པ་འདི་གཙང་མར་བཟོ་རོགས་གནང༌། ","KT":"ང་ཡི་སྡིག་པ་འདི་གཙང་མར་བཟོ་རོགས་གནང༌། ","CT":"ང་ཡི་སྡིག་པ་འདི་གཙང་མ་བཟོ་རོགས་གནང༌། "}}],[{"phrase":{"AT":"དམ་པ། དམ་པ། དམ་པའི་དཀོན་མཆོག  ༢  ","KT":"དམ་པ། དམ་པ། དམ་པའི་དཀོན་མཆོག ༢ ","CT":"དམ་པ། དམ་པ། དམ་པའི་དཀོན་མཆོག ། ༢  "}}]],"label":"verse 1","id":1}]},"metadata":[]}