{"title":{"AT":"186.དམ་པའི་ཐུགས་ཉིད་ཀྱི་འབྲས་བུ། ","KT":"186. དམ་པའི་ཐུགས་ཉིད་ཀྱི་འབྲས་བུ། ","CT":"186.དམ་པའི་ཐུགས་ཉིད་ཀྱི་འབྲས་བུ། "},"author":"*","key":"*","lyrics":{"Verse":[{"line":[[{"phrase":{"AT":"དམ་པའི་ཐུགས་ཉིད་ཀྱི་འབྲས་བུ་ཡིན་པའི།","KT":"དམ་པའི་ཐུགས་ཉིད་ཀྱི་འབྲས་བུ་ཡིན་པའི། ","CT":"དམ་པའི་ཐུགས་ཉིད་ཀྱི་འབྲས་བུ་ཡིན་པའི།"}}],[{"phrase":{"AT":"གཙོ་བོ་ཡེ་ཤུ་ཡི་གཤིས་ཀ་ནི།       ","KT":"གཙོ་བོ་ཡེ་ཤུ་ཡི་གཤིས་ཀ་ནི། ","CT":"གཙོ་བོ་ཡེ་ཤུ་ཡི་གཤིས་ཀ་ནི།       "}}],[{"phrase":{"AT":"བྱམས་པ། དགའ་སྤྲོ། ཞི་བདེ། ","KT":" བྱམས་པ། དགའ་སྤྲོ། ཞི་བདེ། ","CT":"བྱམས་པ། དགའ་སྤྲོ། ཞི་བདེ། "}}],[{"phrase":{"AT":"བཟོད་བསྲན། སྙིང་རྗེ། གཅེས་སེམས།","KT":"བཟོད་བསྲན། སྙིང་རྗེ། གཅེས་སེམས། ","CT":"ངང་རྒྱུད་རིང་པོ། སྙིང་རྗེ། ཡ་རབས།"}}],[{"phrase":{"AT":"གཤིས་དྲང་། གཤིས་འཇམ། ","KT":"གཤིས་དྲང་། གཤིས་འཇམ། ","CT":"ལྷག་བསམ་རྣམ་དག ཉམས་ཆུང༌། "}}],[{"phrase":{"AT":"རང་ཚོད་ཟིན་པ། ༢","KT":"རང་ཚོད་ཟིན་པ། ༢ ","CT":"རང་ཚོད་ཟིན་པ། ༢"}}]],"label":"verse 1","id":1},{"line":[[{"phrase":{"AT":"དམ་པའི་ཐུགས་ཉིད། ངའི་དཀོན་མཆོག  ","KT":" དམ་པའི་ཐུགས་ཉིད། ངའི་དཀོན་མཆོག ","CT":"དམ་པའི་ཐུགས་ཉིད། ངའི་དཀོན་མཆོག  "}}],[{"phrase":{"AT":"གཙོ་བོ་ཡེ་ཤུ། ངའི་སྐྱབས་མགོན།","KT":"གཙོ་བོ་ཡེ་ཤུ། ངའི་སྐྱབས་མགོན། ","CT":"གཙོ་བོ་ཡེ་ཤུ། ངའི་སྐྱབས་མགོན།"}}],[{"phrase":{"AT":"ངའི་གཤིས་ཀ་བསྒྱུར་བར་མཛོད།    ","KT":"ངའི་གཤིས་ཀ་བསྒྱུར་བར་མཛོད། ","CT":"ངའི་གཤིས་ཀ་བསྒྱུར་གནང་རོགས།    "}}],[{"phrase":{"AT":"གཙོ་བོ་ཡེ་ཤུ་ནང་བཞིན། ༢","KT":"གཙོ་བོ་ཡེ་ཤུ་ནང་བཞིན། ༢ ","CT":"གཙོ་བོ་ཡེ་ཤུ་ནང་བཞིན།། ༢"}}]],"label":"verse 2","id":2}]},"metadata":[{"AT":"(འཇིགས་མེད་ཀྱིས་བརྩམས་པའི་བསྟོད་དབྱངས།) PNJ 22","KT":"(འཇིགས་མེད་ཀྱིས་བརྩམས་པའི་བསྟོད་དབྱངས།) PNJ 22 ","CT":"(འཇིགས་མེད་ཀྱིས་བརྩམས་པའི་བསྟོད་དབྱངས།) PNJ 22"}]}