{"title":{"AT":"187.དམ་པའི་ཐུགས་ཉིད་ང་འདི་ལ་བསྡད་ཡོད། ","KT":"undefined187. དམ་པའི་ཐུགས་ཉིད་ང་འདི་ལ་བསྡད་ཡོད། ","CT":"187.དམ་པའི་ཐུགས་ཉིད་ང་འདི་ལ་སྡོད་ཀྱི་ཡོད། "},"author":"*","key":"*","lyrics":{"Verse":[{"line":[[{"phrase":{"AT":"དམ་པའི་ཐུགས་ཉིད་ང་འདི་ལ་བསྡད་ཡོད།","KT":"དམ་པའི་ཐུགས་ཉིད་ང་འདི་ལ་བསྡད་ཡོད། ","CT":"དམ་པའི་ཐུགས་ཉིད་ང་འདི་ལ་སྡོད་ཀྱི་ཡོད།"}}],[{"phrase":{"AT":"དམ་པའི་ཐུགས་ཉིད་ངས་ཁྱེད་ལ་སྒུག་བསྡད་ཡོད།","KT":"དམ་པའི་ཐུགས་ཉིད་ངས་ཁྱེད་ལ་སྒུག་བསྡད་ཡོད། ","CT":"དམ་པའི་ཐུགས་ཉིད་ངས་ཁྱེད་སྒུག་སྡོད་ཀྱི་ཡོད།"}}],[{"phrase":{"AT":"ྱེད་ཀྱི་སྣུམ་ང་ལ་ལྡུག་པར་མཛད་རོགས།","KT":"ཁྱེད་ཀྱི་སྣུམ་ང་ལ་བླུག་པར་མཛད་རོགས། ","CT":"ྱེད་ཀྱི་སྣུམ་ང་ལ་བླུག་གནང་རོགས་གནང༌།"}}],[{"phrase":{"AT":"ཁྱེད་ཀྱི་སྣུམ་ང་ལ་ད་ལྟ་ལྡུག་པར་མཛད་རོགས། ","KT":"ཁྱེད་ཀྱི་སྣུམ་ང་ལ་ད་ལྟ་བླུག་པར་མཛད་རོགས། ","CT":"ཁྱེད་ཀྱི་སྣུམ་ང་ལ་ད་ལྟ་བླུག་གནང་རོགས་གནང༌། "}}]],"label":"verse 1","id":1},{"line":[[{"phrase":{"AT":"ཨིམ་མ་ནུ་ཨེལ་ང་གཅིག་པོ་མ་རེད།  ","KT":" ཨིམ་མཱ་ནུ་ཨེལ་ང་གཅིག་པོ་མ་རེད། ","CT":"ཨིམ་མ་ནུ་ཨེལ་ང་གཅིག་པོ་མ་རེད།  "}}],[{"phrase":{"AT":"ཨིམ་མ་ནུ་ཨེལ་ཁྱེད་ང་དང་མཉམ་དུ་བཞུགས།","KT":"ཨིམ་མཱ་ནུ་ཨེལ་ཁྱེད་ང་དང་མཉམ་དུ་བཞུགས། ","CT":"ཨིམ་མ་ནུ་ཨེལ་ཁྱེད་ང་དང་མཉམ་དུ་བཞུགས།།"}}]],"label":"verse 2","id":2}]},"metadata":[{"AT":"(འཇིགས་མེད་ཀྱིས་བརྩམས་པའི་བསྟོད་དབྱངས།) PNJ 5","KT":"undefined(འཇིགས་མེད་ཀྱིས་བརྩམས་པའི་བསྟོད་དབྱངས།) PNJ 5 ","CT":"(འཇིགས་མེད་ཀྱིས་བརྩམས་པའི་བསྟོད་དབྱངས།) PNJ 5"}]}