{"title":{"AT":"188.དམ་པའི་ཐུགས་ཉིད་ཕེབས་ཤོག","KT":"188. དམ་པའི་ཐུགས་ཉིད་ཕེབས་ཤོག ","CT":"188.དམ་པའི་ཐུགས་ཉིད་ཕེབས་ཤོག"},"author":"*","key":"*","lyrics":{"Verse":[{"line":[[{"phrase":{"AT":"དམ་པའི་ཐུགས་ཉིད་ཁྱེད་རང་ཕེབས་རོགས་ཞུ།","KT":"དམ་པའི་ཐུགས་ཉིད་ཁྱེད་རང་ཕེབས་རོགས་ཞུ། ","CT":"དམ་པའི་ཐུགས་ཉིད་ཁྱེད་རང་ཕེབས་རོགས་ཞུ།"}}],[{"phrase":{"AT":"དམ་པའི་ཐུགས་ཉིད་ཁྱེད་རང་ཕེབས་རོགས་ཞུ།","KT":"དམ་པའི་ཐུགས་ཉིད་ཁྱེད་རང་ཕེབས་རོགས་ཞུ། ","CT":"དམ་པའི་ཐུགས་ཉིད་ཁྱེད་རང་ཕེབས་རོགས་ཞུ།"}}],[{"phrase":{"AT":"ང་ཚོར་འདི་ནས་བསྟོད་འདོད་ཡོད།","KT":"ང་ཚོར་འདི་ནས་བསྟོད་འདོད་ཡོད། ","CT":"ང་ཚོས་འདི་ནས་བསྟོད་འདོད་ཡོད།"}}],[{"phrase":{"AT":"ཡེ་ཤུ་ལ་བསྟོད།","KT":"ཡེ་ཤུ་ལ་བསྟོད། ","CT":"ཡེ་ཤུ་ལ་བསྟོད།"}}],[{"phrase":{"AT":"ང་ཚོར་ཡེ་ཤུ་ལ་བསྟོད་འདོད་ཡོད། ༢","KT":"ང་ཚོར་ཡེ་ཤུ་ལ་བསྟོད་འདོད་ཡོད། ༢ ","CT":"ང་ཚོས་ཡེ་ཤུ་ལ་བསྟོད་འདོད་ཡོད།། ༢"}}]],"label":"verse 1","id":1}]},"metadata":[{"AT":"(ཨ་མདོའི་བསྟོད་དབྱངས།)  AT08 124; KT06 130","KT":"undefined(ཨ་མདོའི་བསྟོད་དབྱངས།)54 AT08 124; KT06 130 54 Holy Spirit Come (English tune) ","CT":"(ཨ་མདོའི་བསྟོད་དབྱངས།)  AT08 124; KT06 130"}]}