{"title":{"AT":"189.དམ་པའི་ས་ཆ་འདིར།","KT":"undefined189. དམ་པའི་ས་ཆ་འདིར། ","CT":"189.དམ་པའི་ས་ཆ་འདིར།"},"author":"*","key":"*","lyrics":{"Verse":[{"line":[[{"phrase":{"AT":"དམ་པའི་ས་ཆ་འདིར། ","KT":"དམ་པའི་ས་ཆ་འདིར། ","CT":"དམ་པའི་ས་ཆ་འདིར། "}}],[{"phrase":{"AT":"ང་ཚོ་ལངས་བསྡད་ཡོད། ","KT":"ང་ཚོ་ལངས་བསྡད་ཡོད། ","CT":"ང་ཚོ་ལངས་བསྡད་ཡོད། "}}],[{"phrase":{"AT":"ཡེ་ཤུ་བཞུགས་པའི་ས་འདི་ནི། ","KT":"ཡེ་ཤུ་བཞུགས་པའི་ས་འདི་ནི། ","CT":"ཡེ་ཤུ་བཞུགས་པའི་ས་འདི་ནི། "}}],[{"phrase":{"AT":"དམ་པའི་ས་ཆ་ཞིག་རེད། ༢ ","KT":"དམ་པའི་ས་ཆ་ཞིག་རེད། ༢ ","CT":"དམ་པའི་ས་ཆ་ཞིག་རེད། ༢ "}}]],"label":"verse 1","id":1},{"line":[[{"phrase":{"AT":"དམ་པའི་ཐུགས་ཉིད། ","KT":" དམ་པའི་ཐུགས་ཉིད། ","CT":"དམ་པའི་ཐུགས་ཉིད། "}}],[{"phrase":{"AT":"ང་ཚོ་ལ་གནང་སོང༌། ","KT":"ང་ཚོ་ལ་གནང་སོང༌། ","CT":"ང་ཚོ་ལ་གནང་སོང༌། "}}],[{"phrase":{"AT":"ང་ཚོའི་ལུས་ཕུང་འདི་ནི།","KT":"ང་ཚོའི་ལུས་ཕུང་འདི་ནི། ","CT":"ང་ཚོ་གཟུགས་པོ་འདི་ནི།"}}],[{"phrase":{"AT":"ཁོང་གི་དམ་པའི་མཆོད་ཁང་ཡིན། ༢","KT":"ཁོང་གི་དམ་པའི་མཆོད་ཁང་ཡིན། ༢ ","CT":"ཁོང་གི་དམ་པའི་མཆོད་ཁང་ཡིན། ༢"}}]],"label":"verse 2","id":2},{"line":[[{"phrase":{"AT":"ང་ཚོའི་ལག་པ་ནི། ","KT":" ང་ཚོའི་ལག་པ་ནི། ","CT":"ང་ཚོའི་ལག་པ། "}}],[{"phrase":{"AT":"དཀོན་མཆོག་གིས་དམ་པར་མཛད། ","KT":"དཀོན་མཆོག་གིས་དམ་པར་མཛད། ","CT":"དཀོན་མཆོག་གིས་དམ་པར་མཛད། "}}],[{"phrase":{"AT":"ང་ཚོའི་ལག་པ་ནས། ","KT":"ང་ཚོའི་ལག་པ་ནས། ","CT":"ང་ཚོའི་ལག་པ་ནས། "}}],[{"phrase":{"AT":"ཁོང་གི་ཕྱག་ལས་མཛད་པར་འགྱུར། ༢","KT":"ཁོང་གི་ཕྱག་ལས་མཛད་པར་འགྱུར། ༢ ","CT":"ཁོང་གི་ཕྱག་ལས་བསྒྲུབ་ཀྱི་ཡིན།། ༢"}}]],"label":"verse 3","id":3}]},"metadata":[{"AT":"(This is Holy Ground ཞེས་པའི་དབྱིན་ཇིའི་བསྟོད་དབྱངས།)  PNJ 52","KT":"undefined(This is Holy Ground ཞེས་པའི་དབྱིན་ཇིའི་བསྟོད་དབྱངས།)55 PNJ 52 55 Christopher Beatty © 1982 Birdwing Songs, BMG Songs/EMI CMP/Small Stone Media BV, Holland (Admin. In the UK/EIRE by Song Solutions Daybreak, 14 Horsted Square, Uckfield, East Sussex, TN22 1QG www.songsolutions.org). Used by permission. ","CT":"(This is Holy Ground ཞེས་པའི་དབྱིན་ཇིའི་བསྟོད་དབྱངས།)  PNJ 52"}]}