{"title":{"AT":"19.དགའ་བ་ལ་དང་། དགའ་བ་ལ།","KT":"19. དགའ་བ་ལ་དང་། དགའ་བ་ལ། ","CT":"19.དགའ་བ་ལ་དང་། དགའ་བ་ལ།"},"author":"*","key":"*","lyrics":{"Verse":[{"line":[[{"phrase":{"AT":"དགའ་བ་ལ་དང་། དགའ་བ་ལ།","KT":" དགའ་བ་ལ་དང་། དགའ་བ་ལ། ","CT":"དགའ་བ་ལ་དང་། དགའ་བ་ལ།"}}],[{"phrase":{"AT":"སྐྱིད་པ་ལ་དང་། སྐྱིད་པ་ལ།","KT":"སྐྱིད་པ་ལ་དང་། སྐྱིད་པ་ལ། ","CT":"སྐྱིད་པ་ལ་དང་། སྐྱིད་པ་ལ།"}}],[{"phrase":{"AT":"སྐྱབས་མགོན་གཙོ་བོ་ཡེ་ཤུ་ཡིས། ","KT":"སྐྱབས་མགོན་གཙོ་བོ་ཡེ་ཤུ་ཡིས། ","CT":"སྐྱབས་མགོན་གཙོ་བོ་ཡེ་ཤུ་ཡིས། "}}],[{"phrase":{"AT":"ཉི་མ་གསར་བ་གནང་བ་རེད།","KT":"ཉི་མ་གསར་པ་གནང་བ་རེད། ","CT":"ཉི་མ་གསར་པ་གནང་བ་དེ།"}}],[{"phrase":{"AT":"ཐུགས་རྗེ་ཆེ་བཀའ་དྲིན་ཆེ།","KT":"ཐུགས་རྗེ་ཆེ་བཀའ་དྲིན་ཆེ། ","CT":"ཐུགས་རྗེ་ཆེ་བཀའ་དྲིན་ཆེ།"}}],[{"phrase":{"AT":"ང་ཚོའི་སེམས་གཏིང་ནས།","KT":"ང་ཚོའི་སེམས་གཏིང་ནས། ","CT":"ང་ཚོའི་སེམས་ནང་ནས།"}}],[{"phrase":{"AT":"ཁྱེད་ལ་བསྟོད་དབྱངས་འབུལ། ༢","KT":"ཁྱེད་ལ་བསྟོད་དབྱངས་འབུལ། ༢ ","CT":"ཁྱེད་ལ་བསྟོད་དབྱངས་ཕུལ། ༢"}}]],"label":"verse 1","id":1},{"line":[[{"phrase":{"AT":"དེ་རིང་ཉི་མ་འདི་ལ།","KT":" དེ་རིང་ཉི་མ་འདི་ལ། ","CT":"དེ་རིང་ཉི་མ་འདི་ལ།"}}],[{"phrase":{"AT":"བཀྲ་ཤིས་པ་ཡོང་བར་ཤོག","KT":"བཀྲ་ཤིས་པ་ཡོང་བར་ཤོག ","CT":"བཀྲ་ཤིས་པ་ཡོང་བར་ཤོག"}}],[{"phrase":{"AT":"ང་ཚོས་ཁྱེད་ལ་བསྟོད་བསྔགས་འབུལ་བཞིན་ཡོད།","KT":"ང་ཚོས་ཁྱེད་ལ་བསྟོད་བསྔགས་འབུལ་བཞིན་ཡོད། ","CT":"ང་ཚོས་ཁྱེད་ལ་བསྟོད་པ་ཕུལ་གྱི་ཡིན།"}}],[{"phrase":{"AT":"ང་ཚོ་ལ་བྱམས་པ་གནང་བ་རེད།","KT":"ང་ཚོ་ལ་བྱམས་པ་གནང་བ་རེད། ","CT":"ང་ཚོ་ལ་བྱམས་པ་གནང་བ་རེད།"}}]],"label":"verse 2","id":2},{"line":[[{"phrase":{"AT":"སྐྱབས་མགོན་ཡེ་ཤུས་ང་ཚོ་ལ།","KT":" སྐྱབས་མགོན་ཡེ་ཤུས་ང་ཚོ་ལ། ","CT":"སྐྱབས་མགོན་ཡེ་ཤུས་ང་ཚོ་ལ།"}}],[{"phrase":{"AT":"སྡིག་པ་ནས་ཐར་བ་གནང་བར་ཤོག","KT":"སྡིག་པ་ནས་ཐར་པ་གནང་རོགས་གནང་། ","CT":"སྡིག་པ་ནས་ཐར་པ་གནང་རོགས་གནང་།"}}],[{"phrase":{"AT":"ང་ཚོའི་མི་ཚེ་སྐྱིད་པོ་ཡོང་བ་རེད། ","KT":"ང་ཚོའི་མི་ཚེ་སྐྱིད་པོ་ཡོང་རྒྱུ་ཡི། ","CT":"ང་ཚོའི་མི་ཚེ་སྐྱིད་པོ་ཡོང་ཡ་གི "}}],[{"phrase":{"AT":"ང་ཚོ་ལ་བྱིན་རླབས་གནང་བར་མཛོད།","KT":"ང་ཚོ་ལ་བྱིན་རླབས་གནང་རོགས་གནང་། ","CT":"ང་ཚོ་ལ་བྱིན་རླབས་གནང་རོགས་གནང་།།"}}]],"label":"verse 3","id":3}]},"metadata":[{"AT":"(བོད་པའི་བསྟོད་དབྱངས།)","KT":"(བོད་པའི་བསྟོད་དབྱངས།) ","CT":"(བོད་པའི་བསྟོད་དབྱངས།)"}]}