{"title":{"AT":"190.དམ་པའི་ས་ཆ་ལ། ","KT":"undefined190. དམ་པའི་ས་ཆ་ལ། ","CT":"190.དམ་པའི་ས་ཆ་ལ། "},"author":"*","key":"*","lyrics":{"Verse":[{"line":[[{"phrase":{"AT":"དམ་པའི་ས་ཆ་ལ། ","KT":"དམ་པའི་ས་ཆ་ལ། ","CT":"དམ་པའི་ས་ཆ་ལ། "}}],[{"phrase":{"AT":"(ང་ཚོ)ལངས་ནས་བསྡད་ཡོད།","KT":"(ང་ཚོ)ལངས་ནས་བསྡད་ཡོད། ","CT":"(ང་ཚོ་)ལངས་ནས་བསྡད་ཀྱི་ཡོད།"}}],[{"phrase":{"AT":"ནམ་མཁའི་ཕོ་ཉ་ཚོགས་ཀྱང་འདི་རུ་བཞུགས་ཡོད།","KT":"ནམ་མཁའི་ཕོ་ཉ་ཚོགས་ཀྱང་འདི་རུ་བཞུགས་ཡོད། ","CT":"ནམ་མཁའི་ཕོ་ཉ་ཚོ་ཡང་འདི་རུ་བཞུགས་ཀྱི་ཡོད།"}}],[{"phrase":{"AT":"བསྟོད་དབྱངས་ཕུལ་ཞིག གཙོ་བོ་ཡེ་ཤུ་ལ།","KT":"བསྟོད་དབྱངས་ཕུལ་ཞིག གཙོ་བོ་ཡེ་ཤུ་ལ། ","CT":"བསྟོད་དབྱངས་ཕུལ་ཞིག གཙོ་བོ་ཡེ་ཤུ་ལ།"}}],[{"phrase":{"AT":"གཙོ་བོ་ཡ་ཧོ་ཝཱའི་མདུན་དུ། (ང་ཚོ)ལངས་བསྡད་ཡོད།","KT":"གཙོ་བོ་ཡ་ཧོ་ཝའི་མདུན་དུ། (ང་ཚོ)ལངས་བསྡད་ཡོད། ","CT":"གཙོ་བོའི་ཡ་ཧོ་ཝཱའི་མདུན་དུ། (ང་ཚོ་)ལངས་བསྡད་ཡོད།།"}}]],"label":"verse 1","id":1}]},"metadata":[{"AT":"(We Are Standing On Holy Ground ཞེས་པའི་དབྱིན་ཇིའི་བསྟོད་དབྱངས།)  PNJ 53","KT":"undefined(We Are Standing On Holy Ground ཞེས་པའི་དབྱིན་ཇིའི་བསྟོད་དབྱངས།)56 PNJ 53 56 Geron Davis © 1983 Meadowgreen Music Company, Song Channel Music/EMI CMP/Small Stone Media BV/ Song Solutions Daybreak www.songsolutions.org. Used by permission. ","CT":"(We Are Standing On Holy Ground ཞེས་པའི་དབྱིན་ཇིའི་བསྟོད་དབྱངས།)  PNJ 53"}]}