{"title":{"AT":"191.དེ་རིང་ཉི་མ་འདི་གཙོ་བོས་གནང་བ་རེད། ","KT":"191. དེ་རིང་ཉི་མ་འདི་གཙོ་བོས་གནང་བ་རེད། ","CT":"191.དེ་རིང་ཉི་མ་འདི་གཙོ་བོས་གནང་པ་རེད། "},"author":"*","key":"*","lyrics":{"Verse":[{"line":[[{"phrase":{"AT":"དེ་རིང་ཉི་མ་འདི་གཙོ་བོས་གནང་བ་རེད།","KT":" དེ་རིང་ཉི་མ་འདི་གཙོ་བོས་གནང་བ་རེད། ","CT":"དེ་རིང་ཉི་མ་འདི་གཙོ་བོས་གནང་པ་རེད།"}}],[{"phrase":{"AT":"ང་ཚོས་དགའ་དགའ་སྤྲོ་སྤྲོ་བྱེད། ༢","KT":"ང་ཚོས་དགའ་དགའ་སྤྲོ་སྤྲོ་བྱེད། ༢ ","CT":"ང་ཚོས་དགའ་དགའ་སྤྲོ་སྤྲོ་བྱེད། ༢"}}],[{"phrase":{"AT":"སྐྱིད་པོ་བྱེད། སྐྱིད་པ་ལ། ༢","KT":"སྐྱིད་པོ་བྱེད། སྐྱིད་པ་ལ། ༢ ","CT":"སྐྱིད་པོ་བྱེད། སྐྱིད་པོ་ལ། ༢"}}]],"label":"verse 1","id":1},{"line":[[{"phrase":{"AT":"ོང་དང་མཇལ་བའི་ཆེད་དུ། ","KT":"ོང་དང་མཇལ་བའི་ཆེད་དུ། ","CT":"ོང་དང་མཇལ་བའི་ཆེད་དུ། "}}],[{"phrase":{"AT":"ང་ཚོའི་རྒྱལ་པོ་ལ་བསྟོད་དབྱངས་ཕུལ། ༢ ","KT":"ང་ཚོའི་རྒྱལ་པོ་ལ་བསྟོད་དབྱངས་འབུལ། ༢ ","CT":"ང་ཚོའི་རྒྱལ་པོ་ལ་བསྟོད་དབྱངས་ཕུལ། ༢ "}}],[{"phrase":{"AT":"སྐྱིད་པོ་བྱེད། སྐྱིད་པ་ལ། ༢ ","KT":"སྐྱིད་པོ་བྱེད། སྐྱིད་པ་ལ། ༢ ","CT":"སྐྱིད་པོ་བྱེད། སྐྱིད་པོ་ལ།། ༢ "}}]],"label":"verse 2","id":2}]},"metadata":[{"AT":"(དབུས་གཙང་གི་བསྟོད་དབྱངས།) KT06 131 ","KT":"undefined(དབུས་གཙང་གི་བསྟོད་དབྱངས།) KT06 131 ","CT":"(དབུས་གཙང་གི་བསྟོད་དབྱངས།) KT06 131 "}]}