{"title":{"AT":"192.དེ་རིང་འདི་རུ་འཛོམས་པའི་སྐུ་མགྲོན་རྣམ་པ། ","KT":"undefined192. དེ་རིང་འདི་རུ་འཛོམས་པའི་སྐུ་མགྲོན་རྣམ་པ། ","CT":"192.དེ་རིང་འདི་རུ་འཛོམས་པའི་སྐུ་མགྲོན་རྣམས་པ། "},"author":"*","key":"*","lyrics":{"Verse":[{"line":[[{"phrase":{"AT":"དེ་རིང་འདི་རུ་འཛོམས་པའི།","KT":" དེ་རིང་འདི་རུ་འཛོམས་པའི། ","CT":"དེ་རིང་འདི་རུ་འཛོམས་པའི།"}}],[{"phrase":{"AT":"སྐུ་མགྲོན་རྣམ་པ་ཚོ་ལ།","KT":"སྐུ་མགྲོན་རྣམ་པ་ཚོ་ལ། ","CT":"སྐུ་མགྲོན་རྣམ་པ་ཚོ་ལ།"}}],[{"phrase":{"AT":"ཡེ་ཤུའི་ལ་ནི་འཁྲུངས་སྐར་ཉིན་ལ།","KT":"ཡེ་ཤུའི་ལ་ནི་འཁྲུངས་སྐར་ཉིན་ལ། ","CT":"ཡེ་ཤུའི་ལ་ནི་འཁྲུངས་སྐར་ཉིན་ལ།"}}],[{"phrase":{"AT":"ལ་ནི། འཚམས་འདྲི་བཀྲ་ཤིས་བདེ་ལེགས་ཞུ། ༢","KT":"ལ་ནི། འཚམས་འདྲི་བཀྲ་ཤིས་བདེ་ལེགས་ཞུ། ༢ ","CT":"ལ་ནི། འཚམས་འདྲི་བཀྲ་ཤིས་བདེ་ལེགས་ཞུ། ༢"}}]],"label":"verse 1","id":1},{"line":[[{"phrase":{"AT":"ང་ཚོ་གཞོན་ནུ་རྣམས་ནས།","KT":" ང་ཚོ་གཞོན་ནུ་རྣམས་ནས། ","CT":"ང་ཚོ་གཞོན་ནུ་རྣམས་ནས།"}}],[{"phrase":{"AT":"འཚམས་འདྲི་བཀྲ་ཤིས་བདེ་ལེགས་ཞུ།","KT":"འཚམས་འདྲི་བཀྲ་ཤིས་བདེ་ལེགས་ཞུ། ","CT":"འཚམས་འདྲི་བཀྲ་ཤིས་བདེ་ལེགས་ཞུ།"}}],[{"phrase":{"AT":"སྐྱབས་མགོན་ལ་ནི་འཁྲུངས་སྐར་ཉིན་ལ།","KT":"སྐྱབས་མགོན་ལ་ནི་འཁྲུངས་སྐར་ཉིན་ལ། ","CT":"སྐྱབས་མགོན་ལ་ནི་འཁྲུངས་སྐར་ཉིན་ལ།"}}],[{"phrase":{"AT":"ལ་ནི། སྐྱིད་པའི་བསྟོད་དབྱངས་ཕུལ་ཡོད། ༢","KT":"ལ་ནི། སྐྱིད་པའི་བསྟོད་དབྱངས་ཕུལ་ཡོད། ༢ ","CT":"ལ་ནི། སྐྱིད་པའི་བསྟོད་དབྱངས་ཕུལ་ཡོད། ༢"}}]],"label":"verse 2","id":2},{"line":[[{"phrase":{"AT":"འཛམ་གླིང་མི་དམངས་དཀྱིལ་ལ།","KT":" འཛམ་གླིང་མི་དམངས་དཀྱིལ་ལ། ","CT":"འཛམ་གླིང་མི་དམངས་དཀྱིལ་ལ།"}}],[{"phrase":{"AT":"ཁོང་ནི་སྐུ་གསོན་པོར་བཞུགས་ཡོད།","KT":"ཁོང་ནི་སྐུ་གསོན་པོར་བཞུགས་ཡོད། ","CT":"ཁོང་ནི་སྐུ་གསོན་པོར་བཞུགས་ཡོད།"}}],[{"phrase":{"AT":"ང་ཚོས་ཁོང་ལ་ཡིད་ཆེས་ནང་ནས།","KT":"ང་ཚོས་ཁོང་ལ་ཡིད་ཆེས་ནང་ནས། ","CT":"ང་ཚོས་ཁོང་ལ་ཡིད་ཆེད་ནང་ནས།"}}],[{"phrase":{"AT":"ཁོང་ལ་སྐྱིད་པའི་བསྟོད་དབྱངས་འབུལ། ༢","KT":"ཁོང་ལ་སྐྱིད་པའི་བསྟོད་དབྱངས་འབུལ། ༢ ","CT":"ཁོང་ལ་སྐྱིད་པའི་བསྟོད་དབྱངས་ཕུལ།། ༢"}}]],"label":"verse 3","id":3}]},"metadata":[{"AT":"(ཡེ་ཤུའི་འཁྲུངས་སྐར།)","KT":"undefined(ཡེ་ཤུའི་འཁྲུངས་སྐར།) ","CT":"(ཡེ་ཤུའི་འཁྲུངས་སྐར།)"},{"AT":"(ངག་དབང་སི་ལཱས་བརྩམས་པའི་བསྟོད་དབྱངས།) NS CD2:7","KT":"(ངག་དབང་སི་ལཱས་བརྩམས་པའི་བསྟོད་དབྱངས།) NS CD2:7 ","CT":"(ངག་དབང་སི་ལཱས་བརྩམས་པའི་བསྟོད་དབྱངས།) NS CD2:7"}]}