{"title":{"AT":"193.དྲིན་དྲིན་ང་ཡི་དཀོན་མཆོག་ཡེ་ཤུའི་དྲིན། ","KT":"undefined193. དྲིན་དྲིན་ང་ཡི་དཀོན་མཆོག་ཡེ་ཤུའི་དྲིན། ","CT":"193.དྲིན་དྲིན་ང་ཡི་དཀོན་མཆོག་ཡེ་ཤུའི་དྲིན། "},"author":"*","key":"*","lyrics":{"Verse":[{"line":[[{"phrase":{"AT":"དྲིན་དྲིན་ང་ཡི་དཀོན་མཆོག་ཡེ་ཤུའི་དྲིན།","KT":" དྲིན་དྲིན་ང་ཡི་དཀོན་མཆོག་ཡེ་ཤུའི་དྲིན། ","CT":"དྲིན་དྲིན་ང་ཡི་དཀོན་མཆོག་ཡེ་ཤུའི་དྲིན།"}}],[{"phrase":{"AT":"དྲིན་དྲིན་ང་རང་མུན་ནག་འཚོལ་བའི་དྲིན།","KT":"དྲིན་དྲིན་ང་རང་མུན་ནག་འཚོལ་བའི་དྲིན། ","CT":"དྲིན་དྲིན་ང་རང་མུན་ནག་འཚོལ་བའི་དྲིན།"}}],[{"phrase":{"AT":"འཚོལ་བའི་དྲིན་གྱིས་དྲང་བདེན་ལམ་དུ་བཅུག ","KT":"འཚོལ་བའི་དྲིན་གྱིས་དྲང་བདེན་ལམ་དུ་བཅུག ","CT":"འཚོལ་བའི་དྲིན་གྱིས་དྲང་བདེན་ལམ་དུ་བཅུག "}}],[{"phrase":{"AT":"དེ་ནི་ཐར་བ་ཐོབ་པའི་རྟགས་ཡིན་ལགས།","KT":"དེ་ནི་ཐར་བ་ཐོབ་པའི་རྟགས་ཡིན་ལགས། ","CT":"དེ་ནི་ཐར་པ་ཐོབ་པའི་རྟགས་ཡིན་ལགས།"}}]],"label":"verse 1","id":1},{"line":[[{"phrase":{"AT":"དྲིན་དྲིན་ང་ཡི་གཙོ་བོ་ཡེ་ཤུའི་དྲིན།","KT":" དྲིན་དྲིན་ང་ཡི་གཙོ་བོ་ཡེ་ཤུའི་དྲིན། ","CT":"དྲིན་དྲིན་ང་ཡི་གཙོ་བོ་ཡེ་ཤུའི་དྲིན།"}}],[{"phrase":{"AT":"དྲིན་དྲིན་ང་རང་བྱམས་བརྩེ་སྙིང་རྗེའི་དྲིན། ","KT":"དྲིན་དྲིན་ང་རང་བྱམས་བརྩེ་སྙིང་རྗེའི་དྲིན། ","CT":"དྲིན་དྲིན་ང་རང་བྱམས་བརྩེ་སྙིང་རྗེའི་དྲིན། "}}],[{"phrase":{"AT":"སྙིང་རྗེའི་དྲིན་གྱིས་དམ་པའི་ཐུགས་ཉིད་ཐོབ།","KT":"སྙིང་རྗེའི་དྲིན་གྱིས་དམ་པའི་ཐུགས་ཉིད་ཐོབ། ","CT":"སྙིང་རྗེའི་དྲིན་གྱིས་དམ་པའི་ཐུགས་ཉིད་ཐོབ།"}}],[{"phrase":{"AT":"དེ་ནི་བདེན་པའི་ཐུགས་ཉིད་རྟགས་ཡིན་ལགས།","KT":"དེ་ནི་བདེན་པའི་ཐུགས་ཉིད་རྟགས་ཡིན་ལགས། ","CT":"དེ་ནི་བདེན་པའི་ཐུགས་ཉིད་རྟགས་ཡིན་ལགས།"}}]],"label":"verse 2","id":2},{"line":[[{"phrase":{"AT":"དྲིན་དྲིན་ང་ཡི་སྐྱབས་མགོན་ཡེ་ཤུའི་དྲིན།","KT":" དྲིན་དྲིན་ང་ཡི་སྐྱབས་མགོན་ཡེ་ཤུའི་དྲིན། ","CT":"དྲིན་དྲིན་ང་ཡི་སྐྱབས་མགོན་ཡེ་ཤུའི་དྲིན།"}}],[{"phrase":{"AT":"དྲིན་དྲིན་ང་རང་ཡབ་ཀྱི་ཁྲུས་གསོལ་དྲིན།","KT":"དྲིན་དྲིན་ང་རང་ཡབ་ཀྱི་ཁྲུས་གསོལ་དྲིན། ","CT":"དྲིན་དྲིན་ང་རང་ཡབ་ཀྱི་ཁྲུས་གསོལ་དྲིན།"}}],[{"phrase":{"AT":"ཁྲུས་གསོལ་དྲིན་གྱིས་སེམས་ལ་ཞི་བདེ་ཐོབ།","KT":"ཁྲུས་གསོལ་དྲིན་གྱིས་སེམས་ལ་ཞི་བདེ་ཐོབ། ","CT":"ཁྲུས་གསོལ་དྲིན་གྱིས་སེམས་ལ་ཞི་བདེ་ཐོབ།"}}],[{"phrase":{"AT":"དེ་ནི་སྡིག་པ་བསལ་བའི་རྟགས་ཡིན་ལགས།","KT":"དེ་ནི་སྡིག་པ་སེལ་བའི་རྟགས་ཡིན་ལགས། ","CT":"དེ་ནི་སྡིག་པ་སེལ་བའི་རྟགས་ཡིན་ལགས།།"}}]],"label":"verse 3","id":3}]},"metadata":[{"AT":"(ཡེ་ཤུའི་དྲིན།)","KT":"undefined(ཡེ་ཤུའི་དྲིན།) ","CT":"(ཡེ་ཤུའི་དྲིན།)"},{"AT":"(ཨ་མདོའི་འབྲོག་གླུ།) AT08 145; KT06 156","KT":"(ཨ་མདོའི་འབྲོག་གླུ།) AT08 145; KT06 156 ","CT":"(ཨ་མདོའི་འབྲོག་པའི་གླུ་གཞས།) AT08 145; KT06 156"}]}