{"title":{"AT":"194.གདོད་མ་ཉིད་ནས་ཇི་སྲིད་འཚོ་བའི་བར། ","KT":"194. གདོད་མ་ཉིད་ནས་ཇི་སྲིད་འཚོ་བའི་བར། ","CT":"194.གདོད་མ་ཉིད་ནས་ཇི་སྲིད་འཚོ་བའི་བར། "},"author":"*","key":"*","lyrics":{"Verse":[{"line":[[{"phrase":{"AT":"གདོད་མ་ཉིད་ནས་ཇི་སྲིད་འཚོ་བའི་བར།","KT":"དོད་མ་ཉིད་ནས་ཇི་སྲིད་འཚོ་བའི་བར། ","CT":"དོད་མ་ཉིད་ནས་ཇི་སྲིད་འཚོ་བའི་བར།"}}],[{"phrase":{"AT":"སྔོན་ལ་ཇི་ལྟར་བཞུགས་པ་ཡིན་ན་ཡང་།","KT":"སྔོན་ལ་ཇི་ལྟར་བཞུགས་པ་ཡིན་ན་ཡང་། ","CT":"སྔོན་ལ་ཇི་ལྟར་བཞུགས་པ་ཡིན་ན་ཡང་།"}}],[{"phrase":{"AT":"ད་ལྟ་དེ་ལྟར་བཞུགས་བཞིན་ཡོད་པའི་སྐབས།","KT":"ད་ལྟ་དེ་ལྟར་བཞུགས་བཞིན་ཡོད་པའི་སྐབས། ","CT":"ད་ལྟ་དེ་ལྟར་བཞུགས་བཞིན་ཡོད་པའི་སྐབས།"}}],[{"phrase":{"AT":"ཁོང་ཉིད་འགྱུར་ལྡོག་གཏན་ནས་མེད་པ་ལགས།","KT":"ཁོང་ཉིད་འགྱུར་ལྡོག་གཏན་ནས་མེད་པ་ལགས། ","CT":"ཁོང་ཉིད་འགྱུར་ལྡོག་གཏན་ནས་མེད་པ་ལགས།"}}],[{"phrase":{"AT":"གཙོ་བོ་ང་ཡི་རྫི་བོ་ལགས།","KT":"གཙོ་བོ་ང་ཡི་རྫི་བོ་ལགས། ","CT":"གཙོ་བོ་ང་ཡི་རྫི་བོ་ལགས།"}}]],"label":"verse 1","id":1},{"line":[[{"phrase":{"AT":"ྱེད་མཚན་དམ་པར་སྲུང་བར་ཤོག","KT":"ེད་མཚན་དམ་པར་སྲུང་བར་ཤོག ","CT":"ེད་མཚན་དམ་པར་སྲུང་བར་ཤོག"}}],[{"phrase":{"AT":"རྩྭ་ཁ་ཞིམ་སར་བསྙལ་བར་མཛད།","KT":"རྩྭ་ཁ་ཞིམ་སར་བསྙལ་བར་མཛད། ","CT":"རྩ་ཁ་ཞིམ་སར་བསྙལ་བར་མཛད།"}}],[{"phrase":{"AT":"ཆུ་མིག་བཟང་སར་ཁྲིད་པར་མཛད།","KT":"ཆུ་མིག་བཟང་སར་ཁྲིད་པར་མཛད། ","CT":"ཆུ་མིག་བཟང་སར་ཁྲིད་པར་མཛད།"}}],[{"phrase":{"AT":"ཐར་བ་ཡང་ནི་གནང་བར་མཛད།","KT":"ཐར་བ་ཡང་ནི་གནང་བར་མཛད། ","CT":"ཐར་བ་ཡང་ནི་གནང་བར་མཛད།"}}],[{"phrase":{"AT":"སེམས་ཅན་ལམ་ཕྲེང་སྟོན་པར་མཛད།","KT":"སེམས་ཅན་ལམ་ཕྲེང་སྟོན་པར་མཛད། ","CT":"སེམས་ཅན་ལམ་ཕྲེང་སྟོན་པར་མཛད།"}}],[{"phrase":{"AT":"འཆི་ཉེན་ཡོད་སར་འགྲོ་དགོས་ན།","KT":"འཆི་ཉེན་ཡོད་སར་འགྲོ་དགོས་ན། ","CT":"འཆི་ཉེན་ཡོད་སར་འགྲོ་དགོས་ན།"}}],[{"phrase":{"AT":"ང་ལ་འཇིགས་པ་གང་ཡང་མེད།","KT":"ང་ལ་འཇིགས་པ་གང་ཡང་མེད། ","CT":"ང་ལ་འཇིགས་པ་གང་ཡང་མེད།"}}]],"label":"verse 2","id":2},{"line":[[{"phrase":{"AT":"གདོད་མ་ཉིད་ནས་ཇི་སྲིད་འཚོ་བའི་བར།","KT":"དོད་མ་ཉིད་ནས་ཇི་སྲིད་འཚོ་བའི་བར། ","CT":"དོད་མ་ཉིད་ནས་ཇི་སྲིད་འཚོ་བའི་བར།"}}],[{"phrase":{"AT":"སྔོན་ཆད་ཁོང་ཉིད་ཀུན་དབང་དཀོན་མཆོག་ཡིན།","KT":"སྔོན་ཆད་ཁོང་ཉིད་ཀུན་དབང་དཀོན་མཆོག་ཡིན། ","CT":"སྔོན་ཆད་ཁོང་ཉིད་ཀུན་དབང་དཀོན་མཆོག་ཡིན།"}}],[{"phrase":{"AT":"ད་ལྟ་དེ་ལྟར་ཀུན་དབང་སྐྱབས་མགོན་ཡིན།","KT":"ད་ལྟ་དེ་ལྟར་ཀུན་དབང་སྐྱབས་མགོན་ཡིན། ","CT":"ད་ལྟ་དེ་ལྟར་ཀུན་དབང་སྐྱབས་མགོན་ཡིན།"}}],[{"phrase":{"AT":"ཁོང་ཉིད་འགྱུར་ལྡོག་གཏན་ནས་མེད་པ་ལགས།","KT":"ཁོང་ཉིད་འགྱུར་ལྡོག་གཏན་ནས་མེད་པ་ལགས། ","CT":"ཁོང་ཉིད་འགྱུར་ལྡོག་གཏན་ནས་མེད་པ་ལགས།"}}],[{"phrase":{"AT":"གཙོ་བོ་ང་ཡི་རྫི་བོ་ལགས།","KT":"གཙོ་བོ་ང་ཡི་རྫི་བོ་ལགས། ","CT":"གཙོ་བོ་ང་ཡི་རྫི་བོ་ལགས།"}}]],"label":"verse 3","id":3},{"line":[[{"phrase":{"AT":"ྱེད་མཚན་དམ་པར་སྲུང་བར་ཤོག","KT":"ེད་མཚན་དམ་པར་སྲུང་བར་ཤོག ","CT":"ེད་མཚན་དམ་པར་སྲུང་བར་ཤོག"}}],[{"phrase":{"AT":"རྩྭ་ཁ་ཞིམ་སར་བསྙལ་བར་མཛད།","KT":"རྩྭ་ཁ་ཞིམ་སར་བསྙལ་བར་མཛད། ","CT":"རྩ་ཁ་ཞིམ་སར་བསྙལ་བར་མཛད།"}}],[{"phrase":{"AT":"ཆུ་མིག་བཟང་སར་ཁྲིད་པར་མཛད།","KT":"ཆུ་མིག་བཟང་སར་ཁྲིད་པར་མཛད། ","CT":"ཆུ་མིག་བཟང་སར་ཁྲིད་པར་མཛད།"}}],[{"phrase":{"AT":"ཐར་བ་ཡང་ནི་གནང་བར་མཛད།","KT":"ཐར་བ་ཡང་ནི་གནང་བར་མཛད། ","CT":"ཐར་བ་ཡང་ནི་གནང་བར་མཛད།"}}],[{"phrase":{"AT":"སེམས་ཅན་ལམ་ཕྲེང་སྟོན་པར་མཛད།","KT":"སེམས་ཅན་ལམ་ཕྲེང་སྟོན་པར་མཛད། ","CT":"སེམས་ཅན་ལམ་ཕྲེང་སྟོན་པར་མཛད།"}}],[{"phrase":{"AT":"འཆི་ཉེན་ཡོད་སར་འགྲོ་དགོས་ན།","KT":"འཆི་ཉེན་ཡོད་སར་འགྲོ་དགོས་ན། ","CT":"འཆི་ཉེན་ཡོད་སར་འགྲོ་དགོས་ན།"}}],[{"phrase":{"AT":"ང་ལ་འཇིགས་པ་གང་ཡང་མེད།","KT":"ང་ལ་འཇིགས་པ་གང་ཡང་མེད། ","CT":"ང་ལ་འཇིགས་པ་གང་ཡང་མེད།"}}]],"label":"verse 4","id":4},{"line":[[{"phrase":{"AT":"གདོད་མ་ཉིད་ནས་ཇི་སྲིད་འཚོ་བའི་བར།","KT":"དོད་མ་ཉིད་ནས་ཇི་སྲིད་འཚོ་བའི་བར། ","CT":"དོད་མ་ཉིད་ནས་ཇི་སྲིད་འཚོ་བའི་བར།"}}],[{"phrase":{"AT":"སྔོན་ཆད་ཁོང་ཉིད་སྙིང་རྗེ་བྱམས་པ་ཡིན།","KT":"སྔོན་ཆད་ཁོང་ཉིད་སྙིང་རྗེ་བྱམས་པ་ཡིན། ","CT":"སྔོན་ཆད་ཁོང་ཉིད་སྙིང་རྗེ་བྱམས་པ་ཡིན།"}}],[{"phrase":{"AT":"ད་ལྟ་དེ་ལྟར་བྱམས་པའི་བདག་པོ་ཡིན།","KT":"ད་ལྟ་དེ་ལྟར་བྱམས་པའི་བདག་པོ་ཡིན། ","CT":"ད་ལྟ་དེ་ལྟར་བྱམས་པའི་བདག་པོ་ཡིན།"}}],[{"phrase":{"AT":"ཁོང་ཉིད་འགྱུར་ལྡོག་གཏན་ནས་མེད་པ་ལགས། ༢","KT":"ཁོང་ཉིད་འགྱུར་ལྡོག་གཏན་ནས་མེད་པ་ལགས། ༢ ","CT":"ཁོང་ཉིད་འགྱུར་ལྡོག་གཏན་ནས་མེད་པ་ལགས།། ༢"}}]],"label":"verse 5","id":5}]},"metadata":[{"AT":"(འགྱུར་ལྡོག་གཏན་ནས་མེད།)","KT":"(འགྱུར་ལྡོག་གཏན་ནས་མེད།) ","CT":"(འགྱུར་ལྡོག་གཏན་ནམ་མེད།)"},{"AT":"(ཨ་མདོའི་བསྟོད་དབྱངས།)","KT":"(ཨ་མདོའི་བསྟོད་དབྱངས།) ","CT":"(ཨ་མདོའི་བསྟོད་དབྱངས།)"}]}