{"title":{"AT":"195.ངའི་ཞི་བདེ།","KT":"195. ངའི་ཞི་བདེ། ","CT":"195.བདག་གི་གནང་བའི་ཞི་བདེ།"},"author":"*","key":"*","lyrics":{"Verse":[{"line":[[{"phrase":{"AT":"       (ཡོ་ཧ་ནན་གྱི་འཕྲིན་བཟང་གི་ལེའུ14ཡི་མདོ18དང27ལ་གཟིགས་རོགས།) ","KT":"(ཡོ་ཧ་ནན་གྱི་འཕྲིན་བཟང་གི་ལེའུ14ཡི་མདོ18དང27ལ་གཟིགས་རོགས།) ","CT":"(ཡོ་ཧ་ནན་གྱིས་བྲིས་པའི་འཕྲིན་བཟང་གི་ལེའུ་14 ཨང་18 དང་27 གཟིགས།) "}}],[{"phrase":{"AT":"ངའི་ཞི་བདེ།","KT":"ངའི་ཞི་བདེ། ","CT":"བདག་གིས་གནང་བའི་ཞི་བདེ་ནི།"}}],[{"phrase":{"AT":"འཇིག་རྟེན་གྱི་ཞི་བདེ་མིན།","KT":"འཇིག་རྟེན་གྱི་ཞི་བདེ་མིན། ","CT":"འཇིག་རྟེན་གྱིས་གནང་བ་དང་མི་འདྲ།"}}],[{"phrase":{"AT":"ངའི་སེམས་ནས་བྱུང༌།","KT":"ངའི་སེམས་ནས་བྱུང༌། ","CT":"དེ་བདག་གི་སེམས་ནས་བྱུང༌།"}}],[{"phrase":{"AT":"ངའི་བྱམས་པ།","KT":"ངའི་བྱམས་པ། ","CT":"བདག་གིས་གནང་བའི་བྱམས་པ་ནི།"}}],[{"phrase":{"AT":"འཇིག་རྟེན་གྱི་བྱམས་པ་མིན།","KT":"འཇིག་རྟེན་གྱི་བྱམས་པ་མིན། ","CT":"འཇིག་རྟེན་གྱིས་གནང་བ་དང་མི་འདྲ།"}}],[{"phrase":{"AT":"ངའི་སེམས་ནས་བྱུང༌།","KT":"ངའི་སེམས་ནས་བྱུང༌། ","CT":"དེ་བདག་གི་སེམས་ནས་བྱུང༌།"}}],[{"phrase":{"AT":"ངས་ཁྱོད་དྭ་ཕྲུག་བཞིན་མི་བསྐྱུར།","KT":"ངས་ཁྱོད་དྭ་ཕྲུག་བཞིན་མི་བསྐྱུར། ","CT":"ངས་ཁྱེད་དྭ་ཕྲུག་བཞིན་མི་བསྐྱུར།"}}],[{"phrase":{"AT":"ང་ཁྱོད་གམ་དུ་ཡོང༌།","KT":"ང་ཁྱོད་རྩ་ལ་ཡོང༌། ","CT":"ང་ཁྱེད་ཀྱི་འཁྲིས་ལ་ཡོང༌།"}}],[{"phrase":{"AT":"བདག་གིས་རྒྱལ་ཁ་བླངས་ཟིན་པས།","KT":"བདག་གིས་རྒྱལ་ཁ་བླངས་ཟིན་པས། ","CT":"བདག་གིས་རྒྱལ་ཁ་བླངས་ཟིན་པས།"}}],[{"phrase":{"AT":"ཁྱོད་ཀྱི་སེམས་མ་འཇིགས།","KT":"ཁྱོད་ཀྱི་སེམས་མ་འཇིགས། ","CT":"ཁྱེད་ཀྱི་སེམས་མ་འཇིགས།"}}],[{"phrase":{"AT":"འཇིག་རྟེན་འདི་ཡིས་ཁྱོད་ལ་ཡོད་པའི།","KT":"འཇིག་རྟེན་འདི་ཡིས་ཁྱོད་ལ་ཡོད་པའི། ","CT":"འཇིག་རྟེན་འདི་ཡིས་ཁྱེད་ལ་ཡོད་པའི།"}}],[{"phrase":{"AT":"ཞི་བདེ་དེར་སྒུག་ཅིང༌།","KT":"ཞི་བདེ་དེར་སྒུག་ཅིང༌། ","CT":"ཞི་བདེ་དེར་སྒུག་ཅིང༌།"}}],[{"phrase":{"AT":"འཇིག་རྟེན་འདི་ཡིས་ཁྱོད་ཀྱིས་བཅངས་པའི།","KT":"འཇིག་རྟེན་འདི་ཡིས་ཁྱོད་ཀྱིས་བཅངས་པའི། ","CT":"འཇིག་རྟེན་འདི་ཡིས་ཁྱེད་ཀྱིས་བཅངས་པའི།"}}],[{"phrase":{"AT":"བྱམས་པ་ལ་སྒུག་ཡོད།","KT":"བྱམས་པ་ལ་སྒུག་ཡོད། ","CT":"བྱམས་པ་ལ་སྒུག་ཡོད།།"}}]],"label":"verse 1","id":1}]},"metadata":[{"AT":"(My Peace ཞེས་པའི་དབྱིན་ཇིའི་བསྟོད་དབྱངས།) AT08 127","KT":"(My Peace ཞེས་པའི་དབྱིན་ཇིའི་བསྟོད་དབྱངས།) AT08 127 ","CT":"(My Peace ཞེས་པའི་དབྱིན་ཇིའི་བསྟོད་དབྱངས།) AT08 127"}]}