{"title":{"AT":"196.བདུད་ཀྱི་དོན་རྣམས་རྩ་ནས་མེད་པར་བཟོས། ","KT":"undefined196. བདུད་ཀྱི་དོན་རྣམས་རྩ་ནས་མེད་པར་བཟོས། ","CT":"196.བདུད་ཀྱི་དོན་རྣམས་རྩ་ནས་མེད་པར་བཟོས། "},"author":"*","key":"*","lyrics":{"Verse":[{"line":[[{"phrase":{"AT":"བདུད་ཀྱི་དོན་རྣམས་རྩ་ནས་མེད་པར་བཟོས།","KT":" བདུད་ཀྱི་དོན་རྣམས་རྩ་ནས་མེད་པར་བཟོས། ","CT":"བདུད་ཀྱི་དོན་རྣམས་རྩ་ནས་མེད་པར་བཟོས།"}}],[{"phrase":{"AT":"མུན་པའི་རྒྱལ་ཁམས་ཡོངས་ལ་འོད་ཟེར་འཕྲོས།","KT":"མུན་པའི་རྒྱལ་ཁམས་ཡོངས་ལ་འོད་ཟེར་འཕྲོས། ","CT":"མུན་པའི་རྒྱལ་ཁམས་ཡོངས་ལ་འོད་ཟེར་འཕྲོས།"}}],[{"phrase":{"AT":"མི་རྣམས་བཀའ་ཁྲིམས་དང་སྡིག་པ་ནས་བསྐྱབས།","KT":"མི་རྣམས་བཀའ་ཁྲིམས་དང་སྡིག་པ་ནས་བསྐྱབས། ","CT":"མི་རྣམས་བཀའ་ཁྲིམས་དང་སྡིག་པ་ནས་སྐྱབས།"}}],[{"phrase":{"AT":"འདི་མ་ཤི་ཀའི་འཕྲིན་བཟང་ཡིན།","KT":"འདི་མཱ་ཤི་ཀའི་འཕྲིན་བཟང་ཡིན། ","CT":"འདི་མཱ་ཤི་ཀའི་འཕྲིན་བཟང་ཡིན།"}}]],"label":"verse 1","id":1},{"line":[[{"phrase":{"AT":"ོང་གི་འཕྲིན་བཟང་དབུལ་བོ་རྣམས་ལ་བསྒྲགས།","KT":"ཁོང་གི་འཕྲིན་བཟང་དབུལ་བོ་རྣམས་ལ་བསྒྲགས། ","CT":"ོང་གི་འཕྲིན་བཟང་དབུལ་པོ་རྣམས་ལ་བསྒྲགས།"}}],[{"phrase":{"AT":"སྡུག་བསྔལ་བ་ལ་ཚེ་སྲོག་གསར་བ་གནང་།","KT":"སྡུག་བསྔལ་བ་ལ་ཚེ་སྲོག་གསར་པ་གནང་། ","CT":"སྡུག་བསྔལ་བ་ལ་ཚེ་སྲོག་གསར་པ་གནང་།"}}],[{"phrase":{"AT":"མྱ་ངན་བ་ལ་སྐྱབས་མགོན་ཡེ་ཤུ་འཁྲུངས།","KT":"མྱ་ངན་བ་ལ་སྐྱབས་མགོན་ཡེ་ཤུ་འཁྲུངས། ","CT":"མྱ་ངན་བ་ལ་སྐྱབས་མགོན་ཡེ་ཤུ་འཁྲུངས།"}}],[{"phrase":{"AT":"འདི་མ་ཤི་ཀའི་འཕྲིན་བཟང་ཡིན།","KT":"འདི་མཱ་ཤི་ཀའི་འཕྲིན་བཟང་ཡིན། ","CT":"འདི་མཱ་ཤི་ཀའི་འཕྲིན་བཟང་ཡིན།"}}],[{"phrase":{"AT":"བསྟོད་བསྔགས་དཀོན་མཆོག་ལ་འབུལ། ༣","KT":"བསྟོད་བསྔགས་དཀོན་མཆོག་ལ་འབུལ། ༣ ","CT":"བསྟོད་བསྔགས་དཀོན་མཆོག་ལ་འབུལ། ༣"}}],[{"phrase":{"AT":"འདི་མ་ཤི་ཀའི་འཕྲིན་བཟང་ཡིན།","KT":"འདི་མཱ་ཤི་ཀའི་འཕྲིན་བཟང་ཡིན། ","CT":"འདི་མཱ་ཤི་ཀའི་འཕྲིན་བཟང་ཡིན།"}}]],"label":"verse 2","id":2},{"line":[[{"phrase":{"AT":"མི་རིགས་སྐད་རིགས་རུས་རྒྱུད་ཐམས་ཅད་ནས།","KT":" མི་རིགས་སྐད་རིགས་རུས་རྒྱུད་ཐམས་ཅད་ནས། ","CT":"མི་རིགས་སྐད་རིགས་རུས་རྒྱུད་ཐམས་ཅད་ནས།"}}],[{"phrase":{"AT":"མི་རྣམས་སྐྱོབ་ཅིང་ཁོང་གི་འབངས་སུ་འབོད། ","KT":"མི་རྣམས་སྐྱོབ་ཅིང་ཁོང་གི་འབངས་སུ་འབོད། ","CT":"མི་རྣམས་སྐྱོབ་ཅིང་ཁོང་གི་འབངས་སུ་འབོད། "}}],[{"phrase":{"AT":"བྱམས་པའི་ངང་ནས་སྐུ་ཁྲག་བཞུར་ཅིང་བླུས།","KT":"བྱམས་པའི་ངང་ནས་སྐུ་ཁྲག་བཞུར་ཅིང་བླུས། ","CT":"སྐུ་ཁྲག་གིས་ང་ཚོའི་སྡིག་པ་རྣམས་སེལ་སོང་།"}}],[{"phrase":{"AT":"འདི་མ་ཤི་ཀའི་འཕྲིན་བཟང་ཡིན།","KT":"འདི་མཱ་ཤི་ཀའི་འཕྲིན་བཟང་ཡིན། ","CT":"འདི་མཱ་ཤི་ཀའི་འཕྲིན་བཟང་ཡིན།"}}]],"label":"verse 3","id":3},{"line":[[{"phrase":{"AT":"གྲོངས་ནས་སླར་གསོན་འཆི་བ་ཉིད་ལས་རྒྱལ།","KT":"ndefined༤ གྲོངས་ནས་སླར་གསོན་འཆི་བ་ཉིད་ལས་རྒྱལ། ","CT":"གྲོངས་ནས་སླར་གསོན་འཆི་བ་ཉིད་ལས་རྒྱལ།"}}],[{"phrase":{"AT":"འོད་ཟེར་འཕྲོ་བ་བཞིན་དུ་ཕེབས་པར་འགྱུར།","KT":"འོད་ཟེར་འཕྲོ་བ་བཞིན་དུ་ཕེབས་པར་འགྱུར། ","CT":"འོད་ཟེར་འཕྲོ་བ་བཞིན་དུ་ཕེབས་པར་འགྱུར།"}}],[{"phrase":{"AT":"རྒྱུན་ནས་རྒྱུན་དུ་ཁོང་གིས་དབང་སྒྱུར་བྱེད།","KT":"རྒྱུན་ནས་རྒྱུན་དུ་ཁོང་གིས་དབང་སྒྱུར་བྱེད། ","CT":"རྒྱུན་ནས་རྒྱུན་དུ་ཁོང་གིས་དབང་སྒྱུར་བྱེད།"}}],[{"phrase":{"AT":"འདི་མ་ཤི་ཀའི་འཕྲིན་བཟང་ཡིན། ","KT":"འདི་མཱ་ཤི་ཀའི་འཕྲིན་བཟང་ཡིན། ","CT":"འདི་མཱ་ཤི་ཀའི་འཕྲིན་བཟང་ཡིན། "}}],[{"phrase":{"AT":"བསྟོད་བསྔགས་དཀོན་མཆོག་ལ་འབུལ། ༣","KT":"བསྟོད་བསྔགས་དཀོན་མཆོག་ལ་འབུལ། ༣ ","CT":"བསྟོད་བསྔགས་དཀོན་མཆོག་ལ་འབུལ། ༣"}}],[{"phrase":{"AT":"འདི་མ་ཤི་ཀའི་འཕྲིན་བཟང་ཡིན། ༥ ","KT":"འདི་མཱ་ཤི་ཀའི་འཕྲིན་བཟང་ཡིན། ༥ ","CT":"འདི་མཱ་ཤི་ཀའི་འཕྲིན་བཟང་ཡིན།། ༥ "}}]],"label":"verse 4","id":4}]},"metadata":[{"AT":"(འདི་མ་ཤི་ཀའི་འཕྲིན་བཟང་ཡིན།)","KT":"undefined(འདི་མཱ་ཤི་ཀའི་འཕྲིན་བཟང་ཡིན།) ","CT":"(འདི་མཱ་ཤི་ཀའི་འཕྲིན་བཟང་ཡིན།)"},{"AT":"(This is the Gospel of Christ ཞེས་པའི་བསྟོད་དབྱངས།)  AT08 128; KT06 132","KT":"(This is the Gospel of Christ ཞེས་པའི་བསྟོད་དབྱངས།)57 AT08 128; KT06 132 57 Scott Wesley Brown ©1995 Integrity's Hosanna! Music/ASCAP. Used By Permission. ","CT":"(This is the Gospel of Christ ཞེས་པའི་བསྟོད་དབྱངས།)  AT08 128; KT06 132"}]}