{"title":{"AT":"197.འདས་པའི་ཤི་བོ་དེ་དག་སྙིང་རེ་རྗེ།། ","KT":"197. འདས་པའི་ཤི་བོ་དེ་དག་སྙིང་རེ་རྗེ།། ","CT":"197.འདས་པའི་ཤི་བོ་དེ་དག་སྙིང་རེ་རྗེ།། "},"author":"*","key":"*","lyrics":{"Verse":[{"line":[[{"phrase":{"AT":"འདས་པའི་ཤི་བོ་དེ་དག་སྙིང་རེ་རྗེ།།","KT":"འདས་པའི་ཤི་བོ་དེ་དག་སྙིང་རེ་རྗེ།། ","CT":"འདས་པའི་ཤི་བོ་དེ་དག་སྙིང་རེ་རྗེ།།"}}],[{"phrase":{"AT":"གསོན་པའི་ཡུགས་མོ་དེ་དག་སྙིང་རེ་རྗེ།།","KT":"གསོན་པའི་ཡུགས་མོ་དེ་དག་སྙིང་རེ་རྗེ།། ","CT":"གསོན་པའི་ཡུགས་མོ་དེ་དག་སྙིང་རེ་རྗེ།།"}}],[{"phrase":{"AT":"ཕ་མེད་མ་མེད་དེ་དག་སྙིང་རེ་རྗེ།།","KT":"ཕ་མེད་མ་མེད་དེ་དག་སྙིང་རེ་རྗེ།། ","CT":"ཕ་མེད་མ་མེད་དེ་དག་སྙིང་རེ་རྗེ།།"}}],[{"phrase":{"AT":"དྭ་ཕྲུག་དམར་རྗེན་དེ་དག་སྙིང་རེ་རྗེ།།","KT":"དྭ་ཕྲུག་དམར་རྗེན་དེ་དག་སྙིང་རེ་རྗེ།། ","CT":"དྭ་ཕྲུག་དམར་རྗེན་དེ་དག་སྙིང་རེ་རྗེ།།"}}],[{"phrase":{"AT":"ཐུགས་རྗེ་ཅན་གྱིས་གངས་རིའི་རྩེ་ནས་གཟིགས།།","KT":"ཐུགས་རྗེ་ཅན་གྱིས་གངས་རིའི་རྩེ་ནས་གཟིགས།། ","CT":"ཐུགས་རྗེ་ཅན་གྱིས་གངས་རིའི་རྩེ་ནས་གཟིགས།།"}}],[{"phrase":{"AT":"རང་སེམས་དྲོད་དུ་འཁོལ་བར་བྱིན་གྱིས་རློབས།།","KT":"རང་སེམས་དྲོད་དུ་འཁོལ་བར་བྱིན་གྱིས་རློབས།། ","CT":"རང་ས་རང་གིས་ཟིན་པར་བྱིན་གྱིས་རློབས།།"}}]],"label":"verse 1","id":1}]},"metadata":[{"AT":"(ཐུགས་རྗེ་ཅན།)","KT":"undefined(ཐུགས་རྗེ་ཅན།) ","CT":"(ཐུགས་རྗེ་ཅན།)"},{"AT":"(ཨ་མདོའི་བསྟོད་དབྱངས།)","KT":"(ཨ་མདོའི་བསྟོད་དབྱངས།) ","CT":"(ཨ་མདོའི་བསྟོད་དབྱངས།)"}]}