{"title":{"AT":"198.ནམ་མཁའི་དམག་མི། ","KT":"undefined198. ནམ་མཁའི་དམག་མི། ","CT":"198.ནམ་མཁའི་དམག་མི། "},"author":"*","key":"*","lyrics":{"Verse":[{"line":[[{"phrase":{"AT":"ནམ་མཁའི་དམག་མི་ས་གཞི་འདི་ལ་བསླེབས་སོང༌། ","KT":" ནམ་མཁའི་དམག་མི་ས་གཞི་འདི་ལ་བསླེབས་སོང༌། ","CT":"ནམ་མཁའི་དམག་མི་ས་གཞི་འདི་ལ་སླེབས་སོང༌། "}}],[{"phrase":{"AT":"འདི་ནི་ཡེ་ཤུ་ཡི་དམག་འཁྲུག་རེད།","KT":"འདི་ནི་ཡེ་ཤུ་ཡི་དམག་འཁྲུག་རེད། ","CT":"འདི་ནི་ཡེ་ཤུ་ཡི་དམག་འཁྲུག་རེད།"}}],[{"phrase":{"AT":"གདོན་འདྲེ་ཡི་རྒྱལ་པོ་དབང་ཤུགས་མེད་པར་གྱུར་སོང༌། ","KT":"གདོན་འདྲེ་ཡི་རྒྱལ་པོ་དབང་ཤུགས་མེད་པར་གྱུར་སོང༌། ","CT":"གདོན་འདྲེ་ཡི་རྒྱལ་པོ་དབང་ཤུགས་མེད་པར་གྱུར་སོང༌། "}}],[{"phrase":{"AT":"འདི་ནི་ཡེ་ཤུ་ཡི་དམག་འཁྲུག་རེད།","KT":"འདི་ནི་ཡེ་ཤུ་ཡི་དམག་འཁྲུག་རེད། ","CT":"འདི་ནི་ཡེ་ཤུ་ཡི་དམག་འཁྲུག་རེད།"}}],[{"phrase":{"AT":"རྒྱལ་ཁ། བསྟོད་དབྱངས། གཟི་བརྗིད།","KT":"རྒྱལ་ཁ། བསྟོད་དབྱངས། གཟི་བརྗིད། ","CT":"རྒྱལ་ཁ། བསྟོད་དབྱངས། གཟི་བརྗིད།"}}],[{"phrase":{"AT":"སྟོབས་ཤུགས་ལྡན་པའི་ཡེ་ཤུ་ལ། ༢","KT":"སྟོབས་ཤུགས་ལྡན་པའི་ཡེ་ཤུ་ལ། ༢ ","CT":"སྟོབས་ཤུགས་ལྡན་པའི་ཡེ་ཤུ་ལ། ༢"}}]],"label":"verse 1","id":1},{"line":[[{"phrase":{"AT":"ཆུ་ལོག་ནང་བཞིན་མུན་ནག་གི་དབང་བསླེབས་དུས། ","KT":" ཆུ་ལོག་ནང་བཞིན་མུན་ནག་གི་དབང་བསླེབས་དུས། ","CT":"ཆུ་ལོག་ནང་བཞིན་ནག་ཁུང་གི་དབང་སླེབས་དུས། "}}],[{"phrase":{"AT":"འདི་ནི་ཡེ་ཤུ་ཡི་དམག་འཁྲུག་རེད།","KT":"འདི་ནི་ཡེ་ཤུ་ཡི་དམག་འཁྲུག་རེད། ","CT":"འདི་ནི་ཡེ་ཤུ་ཡི་དམག་འཁྲུག་རེད།"}}],[{"phrase":{"AT":"གཙོ་བོ་ཡེ་ཤུ་ཡི་སྐུ་ཁྲག་ལ་དད་པ་བྱོས། ","KT":"གཙོ་བོ་ཡེ་ཤུ་ཡི་སྐུ་ཁྲག་ལ་དད་པ་བྱོས། ","CT":"གཙོ་བོ་ཡེ་ཤུ་ཡི་སྐུ་ཁྲག་ལ་དད་པ་བྱོས། "}}],[{"phrase":{"AT":"འདི་ནི་ཡེ་ཤུ་ཡི་དམག་འཁྲུག་རེད། ","KT":"འདི་ནི་ཡེ་ཤུ་ཡི་དམག་འཁྲུག་རེད། ","CT":"འདི་ནི་ཡེ་ཤུ་ཡི་དམག་འཁྲུག་རེད། "}}]],"label":"verse 2","id":2},{"line":[[{"phrase":{"AT":"བདུད་གྱི་བར་ཆད་ཁྱོད་ཀྱིས་འགོག་ཐུབ་པ་མིན།  ","KT":" བདུད་གྱི་བར་ཆད་ཁྱོད་ཀྱིས་འགོག་ཐུབ་པ་མིན། ","CT":"བདུད་གྱི་བར་ཆད་ཁྱེད་ཀྱི་བཀག་ཐུབ་ཀྱི་མེད།  "}}],[{"phrase":{"AT":"འདི་ནི་ཡེ་ཤུ་ཡི་དམག་འཁྲུག་རེད། ","KT":"འདི་ནི་ཡེ་ཤུ་ཡི་དམག་འཁྲུག་རེད། ","CT":"འདི་ནི་ཡེ་ཤུ་ཡི་དམག་འཁྲུག་རེད། "}}],[{"phrase":{"AT":"གཙོ་བོ་ཡེ་ཤུའི་ཤིང་རྒྱ་གྲམ་ལ་དད་པ་བྱོས།","KT":"གཙོ་བོ་ཡེ་ཤུའི་ཤིང་རྒྱ་གྲམ་ལ་དད་པ་བྱོས། ","CT":"གཙོ་བོ་ཡེ་ཤུ་ཡི་རྒྱངས་ཤིང་ལ་དད་པ་བྱོས།"}}],[{"phrase":{"AT":"འདི་ནི་ཡེ་ཤུ་ཡི་དམག་འཁྲུག་རེད།","KT":"འདི་ནི་ཡེ་ཤུ་ཡི་དམག་འཁྲུག་རེད། ","CT":"འདི་ནི་ཡེ་ཤུ་ཡི་དམག་འཁྲུག་རེད།"}}]],"label":"verse 3","id":3},{"line":[[{"phrase":{"AT":"གཙོ་བོ་ཡེ་ཤུས་ང་ལ་རྒྱལ་ཁ་གནང་སོང༌།  ","KT":"ndefined༤ གཙོ་བོ་ཡེ་ཤུས་ང་ལ་རྒྱལ་ཁ་གནང་སོང༌། ","CT":"གཙོ་བོ་ཡེ་ཤུས་ང་ལ་རྒྱལ་ཁ་གནང་སོང༌།  "}}],[{"phrase":{"AT":"འདི་ནི་ཡེ་ཤུ་ཡི་དམག་འཁྲུག་རེད།  ","KT":"འདི་ནི་ཡེ་ཤུ་ཡི་དམག་འཁྲུག་རེད། ","CT":"འདི་ནི་ཡེ་ཤུ་ཡི་དམག་འཁྲུག་རེད།  "}}],[{"phrase":{"AT":"ཧ་ལེ་ལོའུ་ཡཱ། ཡེ་ཤུ་ནི་འདི་ལ་བཞུགས་ཡོད།   ","KT":"ཧ་ལེ་ལོའུ་ཡཱ། ཡེ་ཤུ་ནི་འདི་ལ་བཞུགས་ཡོད། ","CT":"ཧཱ་ལེ་ལུ་ཡཱ། ཡེ་ཤུ་ནི་འདི་ལ་བཞུགས་ཡོད།   "}}],[{"phrase":{"AT":"འདི་ནི་ཡེ་ཤུ་ཡི་དམག་འཁྲུག་རེད། ","KT":"འདི་ནི་ཡེ་ཤུ་ཡི་དམག་འཁྲུག་རེད། ","CT":"འདི་ནི་ཡེ་ཤུ་ཡི་དམག་འཁྲུག་རེད།། "}}]],"label":"verse 4","id":4}]},"metadata":[{"AT":"(ཡེ་ཤུ་ཡི་དམག་འཁྲུག)","KT":"undefined(ཡེ་ཤུ་ཡི་དམག་འཁྲུག) ","CT":"(ཡེ་ཤུ་ཡི་དམག་འཁྲུག)"},{"AT":"(The Battle Belongs to the Lord ཞེས་པའི་དབྱིན་ཇིའི་བསྟོད་དབྱངས།)  PNJ 51","KT":"(The Battle Belongs to the Lord ཞེས་པའི་དབྱིན་ཇིའི་བསྟོད་དབྱངས།)58 PNJ 51 58 Jamie Owens-Collins © 1985 Fairhill Music/Song Solutions Daybreak www.songsolutions.org. Used by permission. ","CT":"(The Battle Belongs to the Lord ཞེས་པའི་དབྱིན་ཇིའི་བསྟོད་དབྱངས།)  PNJ 51"}]}