{"title":{"AT":"199.ནམ་མཁའི་ཨ་ཕ། ","KT":"199. ནམ་མཁའི་ཨ་ཕ། ","CT":"199.ནམ་མཁའི་ཡབ་ཆེན། "},"author":"*","key":"*","lyrics":{"Verse":[{"line":[[{"phrase":{"AT":"ནམ་མཁའི་ཨ་ཕ།","KT":" ནམ་མཁའི་ཨ་ཕ། ","CT":"ནམ་མཁའི་ཡབ་ལགས།"}}],[{"phrase":{"AT":"ང་འདི་ལྟར་གྲང་པ་ཅི་ཞིག་ཡིན་ནམ།","KT":"ང་འདི་ལྟར་གྲང་པ་ཅི་ཞིག་ཡིན་ནམ། ","CT":"ང་འདི་ལྟར་གྲང་མོ་ཅི་ཞིག་ཡིན་ནམ།"}}],[{"phrase":{"AT":"ངས་ཅིའི་ཕྱིར་དེ་རིང་གི་ཁ་ཟས་མ་རྙེད་དམ།","KT":"ངས་ཅིའི་ཕྱིར་དེ་རིང་གི་ཁ་ཟས་མ་རྙེད་དམ། ","CT":"ངས་ཅིའི་ཕྱིར་དེ་རིང་གི་ཁ་ཟས་མ་རྙེད་དམ།"}}],[{"phrase":{"AT":"ང་ལ་ཉིན་རེའི་ཁ་ཟས་དེ་རིང་གནང་བར་མཛོད།","KT":"ང་ལ་ཉིན་རེའི་ཁ་ཟས་དེ་རིང་གནང་བར་མཛོད། ","CT":"ང་ལ་ཉིན་རེའི་ཁ་ཟས་དེ་རིང་གནང་བར་མཛོད།"}}],[{"phrase":{"AT":"འདི་ནི་ང་ཡི་ཞུ་བ་ཡིན།","KT":"འདི་ནི་ང་ཡི་ཞུ་བ་ཡིན། ","CT":"འདི་ནི་ང་ཡིས་ཞུ་བ་ཡིན།"}}]],"label":"verse 1","id":1},{"line":[[{"phrase":{"AT":"ནམ་མཁའི་ཨ་ཕ།","KT":" ནམ་མཁའི་ཨ་ཕ། ","CT":"ནམ་མཁའི་ཡབ་ལགས།"}}],[{"phrase":{"AT":"ཅི་ཞིག་ལ་འཐབ་འཁྲུག་ལངས་དགོས་པ་ཡིན།","KT":"ཅི་ཞིག་ལ་འཐབ་འཁྲུག་ལངས་དགོས་པ་ཡིན། ","CT":"ཅི་ཞིག་ལ་འཐབ་འཁྲུག་ལངས་དགོས་པ་ཡིན།"}}],[{"phrase":{"AT":"ཅི་ཞིག་ལ་བྱིས་པ་འཐབ་འཁྲུག་ལ་ཞུགས་དགོས་སམ།","KT":"ཅི་ཞིག་ལ་བྱིས་པ་འཐབ་འཁྲུག་ལ་ཞུགས་དགོས་སམ། ","CT":"ཅི་ཞིག་ལ་བྱིས་པ་འཐབ་འཁྲུག་ལ་ཞུགས་དགོས་སམ།"}}],[{"phrase":{"AT":"མུན་པའི་འཇིག་རྟེན་ངན་པ་འདི་རང་འགོག་པའི་ཆེད།","KT":"མུན་པའི་འཇིག་རྟེན་ངན་པ་འདི་རང་འགོག་པའི་ཆེད། ","CT":"མུན་པའི་འཇིག་རྟེན་ངན་པ་འདི་རང་འགོག་པའི་ཆེད།"}}],[{"phrase":{"AT":"ང་ལ་ཤེས་རབ་གནང་བར་མཛོད།","KT":"ང་ལ་ཤེས་རབ་གནང་བར་མཛོད། ","CT":"ང་ལ་ཤེས་རབ་གནང་བར་མཛོད།"}}],[{"phrase":{"AT":"ཡུལ་མེད་བྱིས་པ་རྣམས་ནི།","KT":"undefinedཡུལ་མེད་བྱིས་པ་རྣམས་ནི། ","CT":"ཡུལ་མེད་བྱིས་པ་རྣམས་ནི།"}}],[{"phrase":{"AT":"འཐབ་འཁྲུག་གིས་ཁེངས་པའི།","KT":"འཐབ་འཁྲུག་གིས་ཁེངས་པའི། ","CT":"འཐབ་འཁྲུག་གིས་ཁེངས་བའི།"}}],[{"phrase":{"AT":"འཛམ་གླིང་ཡུལ་ཕྱོགས་ཀུན་ཏུ།","KT":"འཛམ་གླིང་ཡུལ་ཕྱོགས་ཀུན་ཏུ། ","CT":"འཛམ་གླིང་ཡུལ་ཕྱོགས་ཀུན་ཏུ།"}}],[{"phrase":{"AT":"འཁྱམས་ནས་འགྲོ་བཞིན་འདུག","KT":"འཁྱམས་ནས་འགྲོ་བཞིན་འདུག ","CT":"འཁྱམས་ནས་འགྲོ་བཞིན་འདུག"}}],[{"phrase":{"AT":"དྭ་ཕྲུག་ཞིག་ལ་ཕ་མ་མེད་པ་དང་།","KT":"དྭ་ཕྲུག་ཞིག་ལ་ཕ་མ་མེད་པ་དང་། ","CT":"དྭ་ཕྲུག་ཞིག་ལ་ཕ་མ་མེད་པ་དང་།"}}],[{"phrase":{"AT":"ཅི་བྱེད་མི་ཤེས་ཡུལ་གྲུ་ཀུན་ལ་ཉུལ།","KT":"ཅི་བྱེད་མི་ཤེས་ཡུལ་གྲུ་ཀུན་ལ་ཉུལ། ","CT":"ཅི་བྱེད་མི་ཤེས་ཡུལ་གྲུ་ཀུན་ལ་མྱུལ།"}}],[{"phrase":{"AT":"སྐྱབས་བཅོལ་བྱིས་པ་ཆ་མེད་ཞིག་གིས།","KT":"སྐྱབས་བཅོལ་བྱིས་པ་ཆ་མེད་ཞིག་གིས། ","CT":"སྐྱབས་བཅོལ་བྱིས་པ་ཆ་མེད་ཞིག་གིས།"}}],[{"phrase":{"AT":"འཇིག་རྟེན་འདི་ལ།","KT":"འཇིག་རྟེན་འདི་ལ། ","CT":"འཇིག་རྟེན་འདི་ལ།"}}],[{"phrase":{"AT":"སྐད་ཆུང་ངུས་འདི་ལྟར་དྲིས་བྱུང་།","KT":"སྐད་ཆུང་ངུས་འདི་ལྟར་དྲིས་བྱུང་། ","CT":"སྐད་ཆུང་ངུས་འདི་ལྟར་དྲིས་བྱུང་།"}}],[{"phrase":{"AT":"ང་རང་ཁྱེད་དང་མཉམ་དུ་བསྡད་ཆོག་གམ།","KT":"ང་རང་ཁྱེད་དང་མཉམ་དུ་བསྡད་ཆོག་གམ། ","CT":"ང་རང་ཁྱེད་དང་མཉམ་དུ་བསྡད་ཆོག་གམ།"}}]],"label":"verse 2","id":2},{"line":[[{"phrase":{"AT":"ནམ་མཁའི་ཨ་ཕ།","KT":" ནམ་མཁའི་ཨ་ཕ། ","CT":"ནམ་མཁའི་ཡབ་ལགས།"}}],[{"phrase":{"AT":"ཅི་ཞིག་ལ་ངས་ལས་ཀ་བྱེད་དགོས་སམ།","KT":"ཅི་ཞིག་ལ་ངས་ལས་ཀ་བྱེད་དགོས་སམ། ","CT":"ཅི་ཞིག་ལ་ངས་ལས་ཀ་བྱེད་དགོས་སམ།"}}],[{"phrase":{"AT":"ཅི་ཕྱིར་བྱིས་པ་བཟོ་གྲྭར་འགྲོ་དགོས་པ་ཡིན་ནམ།","KT":"ཅི་ཕྱིར་བྱིས་པ་བཟོ་གྲྭར་འགྲོ་དགོས་པ་ཡིན་ནམ། ","CT":"ཅི་ཕྱིར་བྱིས་པ་བཟོ་གྲྭར་འགྲོ་དགོས་པ་ཡིན་ནམ།"}}],[{"phrase":{"AT":"ང་ལ་དགེ་རྒན་ཞིག་དང་སློབ་གྲྭ་གནང་བར་མཛོད།","KT":"ང་ལ་དགེ་རྒན་ཞིག་དང་སློབ་གྲྭ་གནང་བར་མཛོད། ","CT":"ང་ལ་དགེ་རྒན་ཞིག་དང་སློབ་གྲྭ་གནང་བར་མཛོད།"}}],[{"phrase":{"AT":"ང་རང་དེ་རུ་འགྲོ་བར་འདོད།","KT":"ང་རང་དེ་རུ་འགྲོ་བར་འདོད། ","CT":"ང་རང་དེ་རུ་འགྲོ་བར་འདོད།"}}]],"label":"verse 3","id":3},{"line":[[{"phrase":{"AT":"ནམ་མཁའི་ཨ་ཕ།","KT":" ནམ་མཁའི་ཨ་ཕ། ","CT":"ནམ་མཁའི་ཡབ་ལགས།"}}],[{"phrase":{"AT":"ཅི་ཞིག་ལ་སྡུག་བསྔལ་ཡོད་དགོས་པ་ཡིན།","KT":"ཅི་ཞིག་ལ་སྡུག་བསྔལ་ཡོད་དགོས་པ་ཡིན། ","CT":"ཅི་ཞིག་ལ་སྡུག་བསྔལ་ཡོད་དགོས་པ་ཡིན།"}}],[{"phrase":{"AT":"ཅི་ཕྱིར་བྱིས་པ་སྡུག་བསྔལ་དང་ངོ་ཚར་སྦྱར་བ་ཡིན།","KT":"ཅི་ཕྱིར་བྱིས་པ་སྡུག་བསྔལ་དང་ངོ་ཚར་སྦྱར་བ་ཡིན། ","CT":"ཅི་ཕྱིར་བྱིས་པ་སྡུག་བསྔལ་དང་ངོ་ཚར་སྦྱར་བ་ཡིན།"}}],[{"phrase":{"AT":"ང་ལ་ཨ་མ་ཨ་ཕ་ཡུལ་བཅས་གནང་བར་མཛོད།","KT":"ང་ལ་ཨ་མ་ཨ་ཕ་ཡུལ་བཅས་གནང་བར་མཛོད། ","CT":"ང་ལ་ཨ་མ་ཨ་ཕ་ཡུལ་བཅས་གནང་བར་མཛོད།"}}],[{"phrase":{"AT":"ང་རང་རྩེད་མོ་ལ་དགའོ།།","KT":"ང་རང་རྩེད་མོ་ལ་དགའོ།། ","CT":"ང་རང་རྩེད་མོ་ལ་དགའོ།།"}}]],"label":"verse 4","id":4}]},"metadata":[{"AT":"(ཡུལ་མེད་བྱིས་པ།)","KT":"undefined(ཡུལ་མེད་བྱིས་པ།) ","CT":"(ཡུལ་མེད་བྱིས་པ།)"},{"AT":"(Katulapsi ཞེས་པའི་ཧྥིན་ལན་ལུང་པའི་བསྟོད་དབྱངས།)  AT08 148; KT06 151","KT":"(Katulapsi ཞེས་པའི་ཧྥིན་ལན་ལུང་པའི་བསྟོད་དབྱངས།)59 AT08 148; KT06 151 59 Lasse Heikkilä དང Outi Rossi ཡིས་བརྩམས་པའི་བསྟོད་དབྱངས། Used by permission. ","CT":"(Katulapsi ཞེས་པའི་ཧྥིན་ལན་ལུང་པའི་བསྟོད་དབྱངས།)  AT08 148; KT06 151"}]}