{"title":{"AT":"2.ཀྱེ། མི་རིགས་ཀུན། ","KT":"2. ཀྱེ། མི་རིགས་ཀུན། ","CT":"2.ཀྱེ། མི་རིགས་ཀུན། "},"author":"*","key":"*","lyrics":{"Verse":[{"line":[[{"phrase":{"AT":"ྱེ། མི་རིགས་ཀུན་ཡ་ཝཱེར་བསྟོད་སྔོགས་ཤིག","KT":"ཀྱེ། མི་རིགས་ཀུན་ཡ་ཝཱེར་བསྟོད་སྔོགས་ཤིག ","CT":"ྱེ། མི་རིགས་ཀུན་ཡ་ཝེར་བསྟོད་སྔོགས་ཤིག"}}],[{"phrase":{"AT":"ཀྱེ། མི་སྡེ་རྣམས་ཁོང་ལ་བསྟོད་སྔོགས་ཤིག","KT":"ཀྱེ། མི་སྡེ་རྣམས་ཁོང་ལ་བསྟོད་སྔོགས་ཤིག ","CT":"ཀྱེ། མི་སྡེ་རྣམས་ཁོང་ལ་བསྟོད་སྔོགས་ཤིག"}}]],"label":"verse 1","id":1},{"line":[[{"phrase":{"AT":"ངེད་ལ་ཁོང་གི་ཐུགས་རྗེ་ཆེ་ལགས་ཤིང་།","KT":" ངེད་ལ་ཁོང་གི་ཐུགས་རྗེ་ཆེ་ལགས་ཤིང་། ","CT":"ངེད་ལ་ཁོང་གི་ཐུགས་རྗེ་ཆེ་ལགས་ཤིང་།"}}],[{"phrase":{"AT":"ཡ་ཝཱེའི་བདེན་ཉིད་རྒྱུན་དུ་གནས་པས་སོ།།","KT":"ཡ་ཝཱེའི་བདེན་ཉིད་རྒྱུན་དུ་གནས་པས་སོ། ","CT":"ཡ་ཝེའི་བདེན་ཉིད་རྒྱུན་དུ་གནས་པས་སོ།"}}]],"label":"verse 2","id":2},{"line":[[{"phrase":{"AT":"ཡ་ཧོ་ཝཱ་ལ་བསྟོད་པར་གྱིས་ཤིག་ཨང་། ༢","KT":" ཡ་ཧོ་ཝ་ལ་བསྟོད་པར་གྱིས་ཤིག་ཨང་། ༢ ","CT":"ཡ་ཧོ་ཝཱ་ལ་བསྟོད་པར་གྱིས་ཤིག་ཨང་།། ༢"}}]],"label":"verse 3","id":3}]},"metadata":[{"AT":"(གསུང་མགུར117 པ། སྒྲ་སྙན་རྡུང་ལེན་གྱི་གདངས།)","KT":"(གསུང་མགུར117 པ། སྒྲ་སྙན་རྡུང་ལེན་གྱི་གདངས།) ","CT":"(གསུང་མགུར་117 པ། སྒྲ་སྙན་རྡུང་ལེན་གྱི་གདངས།)"}]}