{"title":{"AT":"20.རྒྱལ་པོ་དང་གཙོ་བོའི་གཙོ་བོ་གཟི་བརྗིད།","KT":"20. རྒྱལ་པོ་དང་གཙོ་བོའི་གཙོ་བོ་གཟི་བརྗིད། ","CT":"20.རྒྱལ་པོ་དང་གཙོ་བོའི་གཙོ་བོ་གཟི་བརྗིད།"},"author":"*","key":"*","lyrics":{"Verse":[{"line":[[{"phrase":{"AT":"རྒྱལ་པོ་དང་གཙོ་བོའི་གཙོ་བོ་གཟི་བརྗིད།  ཧ་ལེ་ལོའུ་ཡཱ། ༢","KT":"རྒྱལ་པོ་དང་གཙོ་བོའི་གཙོ་བོ་གཟི་བརྗིད། ཧ་ལེ་ལོའུ་ཡཱ། ༢ ","CT":"རྒྱལ་པོ་དང་གཙོ་བོའི་གཙོ་བོ་གཟི་བརྗིད།  ཧཱ་ལེ་ལུ་ཡཱ། ༢"}}],[{"phrase":{"AT":"ཡེ་ཤུ་ཞི་བདེ་ཡི་གཙོ་བོ་གཟི་བརྗིད།ཧ་ལེ་ལོའུ་ཡཱ། ༢","KT":"ཡེ་ཤུ་ཞི་བདེ་ཡི་གཙོ་བོ་གཟི་བརྗིད། ཧ་ལེ་ལོའུ་ཡཱ། ༢ ","CT":"ཡེ་ཤུ་ཞི་བདེ་ཡི་གཙོ་བོ་གཟི་བརྗིད།ཧཱ་ལེ་ལུ་ཡཱ།། ༢"}}]],"label":"verse 1","id":1}]},"metadata":[{"AT":"(King of Kings and Lord of Lords ཞེས་པའི་དབྱིན་ཇིའི་བསྟོད་དབྱངས།)","KT":"(King of Kings and Lord of Lords ཞེས་པའི་དབྱིན་ཇིའི་བསྟོད་དབྱངས།) ","CT":"(King of Kings and Lord of Lords ཞེས་པའི་དབྱིན་ཇིའི་བསྟོད་དབྱངས།)"}]}