{"title":{"AT":"200.གནམ་ས་གཉིས་ཀྱི་བདག་པོ། ","KT":"undefined200. གནམ་ས་གཉིས་ཀྱི་བདག་པོ། ","CT":"200.གནམ་ས་གཉིས་ཀྱི་བདག་པོ། "},"author":"*","key":"*","lyrics":{"Verse":[{"line":[[{"phrase":{"AT":"གནམ་ས་གཉིས་ཀྱི་བདག་པོ།།","KT":" གནམ་ས་གཉིས་ཀྱི་བདག་པོ།། ","CT":"གནམ་ས་གཉིས་ཀྱི་བདག་པོ་ལགས།"}}],[{"phrase":{"AT":"ཀུན་དབང་དཀོན་མཆོག་ཉིད་ཀྱིས།།","KT":"ཀུན་དབང་དཀོན་མཆོག་ཉིད་ཀྱིས།། ","CT":"ཀུན་དབང་དཀོན་མཆོག་ཉིད་ཀྱིས།"}}],[{"phrase":{"AT":"རེ་བ་དང་མ་འོངས་པ།།","KT":"རེ་བ་དང་མ་འོངས་པ།། ","CT":"རེ་བ་དང་མ་འོངས་པ།"}}],[{"phrase":{"AT":"གནང་བའི་ཐུགས་དགོངས་བཅངས་ཡོད།།","KT":"གནང་བའི་ཐུགས་དགོངས་བཅངས་ཡོད།། ","CT":"གནང་བའི་ཐུགས་དགོངས་བཅངས་ཡོད།"}}],[{"phrase":{"AT":"གནང་བའི་ཐུགས་དགོངས་བཅངས་ཡོད།།","KT":"གནང་བའི་ཐུགས་དགོངས་བཅངས་ཡོད།། ","CT":"གནང་བའི་ཐུགས་དགོངས་བཅངས་ཡོད།"}}]],"label":"verse 1","id":1},{"line":[[{"phrase":{"AT":"ང་ཚོས་ཁོང་ཉིད་འབོད་ཅིང་།།","KT":" ང་ཚོས་ཁོང་ཉིད་འབོད་ཅིང་།། ","CT":"ང་ཚོས་ཁོང་ཉིད་འབོད་ཅིང་།"}}],[{"phrase":{"AT":"སྙིང་ནས་ཁོང་ཉིད་བཙལ་ན།།","KT":"སྙིང་ནས་ཁོང་ཉིད་བཙལ་ན།། ","CT":"སྙིང་ནས་ཁོང་ཉིད་བཙལ་ན།"}}],[{"phrase":{"AT":"ཁོང་གིས་ང་ཚོར་གསན་ཞིང་།།","KT":"ཁོང་གིས་ང་ཚོར་གསན་ཞིང་།། ","CT":"ཁོང་གིས་ང་ཚོར་གསན་ཞིང་།"}}],[{"phrase":{"AT":"ང་ཚོས་ཁོང་ཉིད་རྙེད་ཡོང་།།","KT":"ང་ཚོས་ཁོང་ཉིད་རྙེད་ཡོང་།། ","CT":"ང་ཚོས་ཁོང་ཉིད་རྙེད་ཡོང་།"}}],[{"phrase":{"AT":"ང་ཚོས་ཁོང་ཉིད་རྙེད་ཡོང་།།","KT":"ང་ཚོས་ཁོང་ཉིད་རྙེད་ཡོང་།། ","CT":"ང་ཚོས་ཁོང་ཉིད་རྙེད་ཡོང་།"}}]],"label":"verse 2","id":2},{"line":[[{"phrase":{"AT":"སྐྱབས་མགོན་ཡེ་ཤུ་མཆོག་གིས།།","KT":" སྐྱབས་མགོན་ཡེ་ཤུ་མཆོག་གིས།། ","CT":"སྐྱབས་མགོན་ཡེ་ཤུ་མཆོག་གིས།"}}],[{"phrase":{"AT":"བྱམས་དང་སྙིང་རྗེ་ཆེན་པོས།།","KT":"བྱམས་དང་སྙིང་རྗེ་ཆེན་པོས།། ","CT":"བྱམས་དང་སྙིང་རྗེ་ཆེན་པོས།"}}],[{"phrase":{"AT":"བོད་རིགས་ས་ཕྱོགས་ཀུན་ལ།།","KT":"བོད་རིགས་ས་ཕྱོགས་ཀུན་ལ།། ","CT":"བོད་རིགས་ས་ཕྱོགས་ཀུན་ལ།"}}],[{"phrase":{"AT":"སྙིང་རྗེའི་ཆར་བ་ཕབ་རོགས།།","KT":"སྙིང་རྗེའི་ཆར་བ་ཕབ་རོགས།། ","CT":"སྙིང་རྗེའི་ཆར་པ་ཕབ་རོགས།"}}],[{"phrase":{"AT":"ཐར་བའི་ཆར་བ་ཕབ་རོགས།། ༢","KT":"ཐར་བའི་ཆར་བ་ཕབ་རོགས།། ༢ ","CT":"ཐར་པའི་ཆར་པ་ཕབ་རོགས།། ༢"}}]],"label":"verse 3","id":3}]},"metadata":[{"AT":"(སྙིང་རྗེའི་ཆར་བ་ཕབ་རོགས།) ","KT":"undefined(སྙིང་རྗེའི་ཆར་བ་ཕབ་རོགས།) ","CT":"(སྙིང་རྗེའི་ཆར་པ་ཕབ་རོགས།) "},{"AT":"(ཡེ་རེམ་ཡཱའི་ལེའུ29ཡི་མདོ11-14།) AT08 122; KT06 127","KT":"(ཡེ་རེམ་ཡཱའི་ལེའུ29ཡི་མདོ11-14།) AT08 122; KT06 127 ","CT":"(ཡེ་རེམ་ཡཱ་29 ཨང་11-14།) AT08 122; KT06 127"}]}