{"title":{"AT":"201.མནའ་མ་གསར་བ་མག་པ་གསར་བ།","KT":"undefined201. མནའ་མ་གསར་པ་མག་པ་གསར་པ། ","CT":"201.མནའ་མ་གསར་པ་མག་པ་གསར་པ།"},"author":"*","key":"*","lyrics":{"Verse":[{"line":[[{"phrase":{"AT":"མནའ་མ་གསར་བ་མག་པ་གསར་བ།","KT":" མནའ་མ་གསར་པ་མག་པ་གསར་པ། ","CT":"མནའ་མ་གསར་པ་མག་པ་གསར་པ།"}}],[{"phrase":{"AT":"དཀོན་མཆོག་གི་དྲུང་དུ་འབུལ་རྒྱུ་ཡིན། ","KT":"དཀོན་མཆོག་གི་དྲུང་དུ་འབུལ་རྒྱུ་ཡིན། ","CT":"དཀོན་མཆོག་གི་དྲུང་དུ་ཕུལ་གྱི་ཡིན། "}}],[{"phrase":{"AT":"བྱིན་རླབས་བཀྲ་ཤིས་སྨོན་ལམ།","KT":"བྱིན་རླབས་བཀྲ་ཤིས་སྨོན་ལམ། ","CT":"བྱིན་རླབས་བཀྲ་ཤིས་སྨོན་ལམ།"}}],[{"phrase":{"AT":"དཀོན་མཆོག་གི་དྲུང་དུ་ཞུ་རྒྱུ་ཡིན། ༢","KT":"དཀོན་མཆོག་གི་དྲུང་དུ་ཞུ་རྒྱུ་ཡིན། ༢ ","CT":"དཀོན་མཆོག་གི་དྲུང་དུ་ཞུ་གི་ཡིན། ༢"}}]],"label":"verse 1","id":1},{"line":[[{"phrase":{"AT":"ཚེ་རིང་བ། ནད་མེད་པ། ","KT":" ཚེ་རིང་བ། ནད་མེད་པ། ","CT":"ཚེ་རིང་པོ། ནད་མེད་པ། "}}],[{"phrase":{"AT":"ཁྱེད་རང་གཉིས་ལ་ཡོང་བར་ཤོག","KT":"ཁྱེད་རང་གཉིས་ལ་ཡོང་བར་ཤོག ","CT":"ཁྱེད་རང་གཉིས་ལ་ཡོང་བར་ཤོག"}}],[{"phrase":{"AT":"ངན་པ་ཕྱོགས་ནས་བར་ཆད་རྣམས།","KT":"ངན་པ་ཕྱོགས་ནས་བར་ཆད་རྣམས། ","CT":"ངན་པ་ཕྱོགས་ནས་བར་ཆད་རྣམས།"}}],[{"phrase":{"AT":"ཁྱེད་རང་གཉིས་ལ་མེད་པར་ཤོག ༢ ","KT":"ཁྱེད་རང་གཉིས་ལ་མེད་པར་ཤོག ༢ ","CT":"ཁྱེད་རང་གཉིས་ལ་མེད་པར་ཤོག ༢ "}}]],"label":"verse 2","id":2},{"line":[[{"phrase":{"AT":"ྱེད་རང་གཉིས་ཀྱི་མི་ཚེའི་ནང་།","KT":"ཁྱེད་རང་གཉིས་ཀྱི་མི་ཚེའི་ནང་། ","CT":"ྱེད་རང་གཉིས་ཀྱི་མི་ཚེའི་ནང་།"}}],[{"phrase":{"AT":"བདེན་དཔང་བཟང་པོ་མཐོང་བར་ཤོག","KT":"བདེན་དཔང་བཟང་པོ་མཐོང་བར་ཤོག ","CT":"དཔང་པོ་བཟང་པོ་མཐོང་བར་ཤོག"}}],[{"phrase":{"AT":"དཀོན་མཆོག་ཁོང་གི་ཞབས་ཕྱི་འདི།","KT":"དཀོན་མཆོག་ཁོང་གི་ཞབས་ཕྱི་འདི། ","CT":"དཀོན་མཆོག་ཁོང་གི་ཞབས་ཕྱི་འདི།"}}],[{"phrase":{"AT":"ཁྱེད་རང་གཉིས་ཀྱིས་སྒྲུབ་པར་ཤོག  ༢","KT":"ཁྱེད་རང་གཉིས་ཀྱིས་སྒྲུབ་པར་ཤོག ༢ ","CT":"ཁྱེད་རང་གཉིས་ཀྱིས་སྒྲུབ་པར་ཤོག ། ༢"}}]],"label":"verse 3","id":3}]},"metadata":[{"AT":"(འགྱུར་མེད་རིན་ཆེན་གྱིས་བརྩམས་པའི་བསྟོད་དབྱངས།) JL CD2: 8","KT":"undefined(འགྱུར་མེད་རིན་ཆེན་གྱིས་བརྩམས་པའི་བསྟོད་དབྱངས།) JL CD2: 8 ","CT":"(འགྱུར་མེད་རིན་ཆེན་གྱིས་བརྩམས་པའི་བསྟོད་དབྱངས།) JL CD2: 8"}]}