{"title":{"AT":"202.ཕེབས་ཤོག་ཕེབས་ཤོག","KT":"undefined202. ཕེབས་ཤོག་ཕེབས་ཤོག ","CT":"202.ཕེབས་ཤོག་ཕེབས་ཤོག"},"author":"*","key":"*","lyrics":{"Verse":[{"line":[[{"phrase":{"AT":"ཕེབས་ཤོག་ཕེབས་ཤོག་ཕེབས་ཤོག","KT":" ཕེབས་ཤོག་ཕེབས་ཤོག་ཕེབས་ཤོག ","CT":"ཕེབས་ཤོག་ཕེབས་ཤོག་ཕེབས་ཤོག"}}],[{"phrase":{"AT":"སྐྱབས་མགོན་ཡེ་ཤུ་ཕེབས་ཤོག","KT":"སྐྱབས་མགོན་ཡེ་ཤུ་ཕེབས་ཤོག ","CT":"སྐྱབས་མགོན་ཡེ་ཤུ་ཕེབས་ཤོག"}}],[{"phrase":{"AT":"བསྟོད་དབྱངས་འབུལ།  སྐོར་བྲོ་ལྡིང་།","KT":"བསྟོད་དབྱངས་འབུལ། སྐོར་བྲོ་འཁྲབ། ","CT":"བསྟོད་དབྱངས་འབུལ།  ཞབས་བྲོ་རྒྱོབ།"}}],[{"phrase":{"AT":"སྐྱབས་མགོན་ཡེ་ཤུ་ཕེབས་ཤོག་ལ།","KT":"སྐྱབས་མགོན་ཡེ་ཤུ་ཕེབས་ཤོག་ལ། ","CT":"སྐྱབས་མགོན་ཡེ་ཤུ་ཕེབས་ཤོག་ལ།"}}]],"label":"verse 1","id":1},{"line":[[{"phrase":{"AT":"ཕེབས་ཤོག་ཕེབས་ཤོག་ཕེབས་ཤོག","KT":" ཕེབས་ཤོག་ཕེབས་ཤོག་ཕེབས་ཤོག ","CT":"ཕེབས་ཤོག་ཕེབས་ཤོག་ཕེབས་ཤོག"}}],[{"phrase":{"AT":"དམ་པའི་ཐུགས་ཉིད་ཕེབས་ཤོག","KT":"དམ་པའི་ཐུགས་ཉིད་ཕེབས་ཤོག ","CT":"དམ་པའི་ཐུགས་ཉིད་ཕེབས་ཤོག"}}],[{"phrase":{"AT":"བསྟོད་དབྱངས་འབུལ།  སྐོར་བྲོ་ལྡིང་།","KT":"བསྟོད་དབྱངས་འབུལ། སྐོར་བྲོ་འཁྲབ། ","CT":"བསྟོད་དབྱངས་འབུལ།  ཞབས་བྲོ་རྒྱོབ།"}}],[{"phrase":{"AT":"དམ་པའི་ཐུགས་ཉིད་ཕེབས་ཤོག་ལ།","KT":"དམ་པའི་ཐུགས་ཉིད་ཕེབས་ཤོག་ལ། ","CT":"དམ་པའི་ཐུགས་ཉིད་ཕེབས་ཤོག་ལ།།"}}]],"label":"verse 2","id":2}]},"metadata":[{"AT":"(ཨ་མདོའི་སྐོར་བྲོ།) AT08 130; KT06 135","KT":"undefined(ཨ་མདོའི་སྐོར་བྲོ།) AT08 130; KT06 135 ","CT":"(ཨ་མདོའི་སྒོར་གཞས།) AT08 130; KT06 135"}]}