{"title":{"AT":"203.ལོ་རྒྱུས་བཤད་མཁན་དེས་ཁྲིད་པའི། ","KT":"203. ལོ་རྒྱུས་བཤད་མཁན་དེས་ཐང་ཀར། ","CT":"203.འཕྲིན་བཟང་ཤོད་མཁན་དེའི་སྐད་ཆར། "},"author":"*","key":"*","lyrics":{"Verse":[{"line":[[{"phrase":{"AT":"ལོ་རྒྱུས་བཤད་མཁན་དེས་ཁྲིད་པའི།།","KT":" ལོ་རྒྱུས་བཤད་མཁན་དེས་ཐང་ཀར།། ","CT":"འཕྲིན་བཟང་ཤོད་མཁན་དེའི་སྐད་ཆར།།"}}],[{"phrase":{"AT":"ཐང་ཀར་ང་ཡིས་བལྟ་སྐབས་སུ།།","KT":"ང་ཡིས་ཐང་ཀར་བལྟ་སྐབས་སུ།། ","CT":"ང་ཡིས་དང་པོར་ཉན་པའི་དུས།།"}}],[{"phrase":{"AT":"ལོ་རྒྱུས་ནང་དོན་ཤེས་མ་སོང་།།","KT":"ལོ་རྒྱུས་གོ་དོན་ཤེས་མ་བྱུང་།། ","CT":"འཕྲིན་བཟང་གོ་དོན་རྟོགས་མ་བྱུང་།།"}}],[{"phrase":{"AT":"འོན་ཀྱང་སེམས་ལ་ཞི་བདེ་ཐོབ།། ༢","KT":"འོན་ཀྱང་སེམས་འདི་ཞི་བདེ་བྱུང་།། ༢ ","CT":"འོན་ཀྱང་སེམས་འདི་ཞི་བདེ་བྱུང་།། ༢"}}]],"label":"verse 1","id":1},{"line":[[{"phrase":{"AT":"རྣམ་ཐར་ང་ཡི་སེམས་ལ་བབས།།","KT":"ndefined༢ རྣམ་ཐར་ང་ཡི་སྙིང་དུ་ཟུགས།། ","CT":"རྣམ་ཐར་ང་ཡི་སྙིང་དུ་ཟུགས།།"}}],[{"phrase":{"AT":"བཤད་མཁན་དེ་ལ་ངས་མ་བལྟས།།","KT":"བཤད་མཁན་དེ་ལ་ངས་མ་བལྟས།། ","CT":"ཤོད་མཁན་དེ་ལ་ངས་མ་བལྟས།།"}}],[{"phrase":{"AT":"སེམས་སུ་དད་པ་བརྟན་པོ་སྐྱེས།།","KT":"སེམས་ལ་དྭངས་བའི་དད་པ་སྐྱེས།། ","CT":"སེམས་ལ་དྭངས་བའི་དད་པ་སྐྱེས།།"}}],[{"phrase":{"AT":"ཡེ་ཤུས་ང་ལ་གསུངས་པ་ཡིན།། ༢","KT":"ཡེ་ཤུས་ང་ལ་གསུངས་པ་ཡིན།། ༢ ","CT":"ཡེ་ཤུས་ང་ལ་གསུངས་བ་ཡིན།། ༢"}}],[{"phrase":{"AT":"ཨོ་་་ཨ་ཕ་་་ཨ་མ་ལགས།།","KT":"ཨོ་་་ཨ་ཕ་་་ཨ་མ་ལགས།། ","CT":"ཨོ་་་པཱ་ལགས་་་ཨ་མ་ལགས།།"}}],[{"phrase":{"AT":"གླུ་འདིར་ཉོན་དང་།།","KT":"གླུ་འདིར་ཉོན་དང་།། ","CT":"གསུང་གཞས་གསན་དང་།།"}}],[{"phrase":{"AT":"འདི་ནི་དགའ་སྤྲོའི་གླུ་དབྱངས་རེད།། ༢","KT":"འདི་ནི་དགའ་སྤྲོའི་གླུ་དབྱངས་རེད།། ༢ ","CT":"དེ་ནི་དགའ་སྤྲོའི་གསུང་གཞས་རེད།། ༢"}}]],"label":"verse 2","id":2},{"line":[[{"phrase":{"AT":"སྐྱབས་མགོན་ཡེ་ཤུ་གྲོངས་ན་ཡང་།།","KT":" སྐྱབས་མགོན་ཡེ་ཤུ་གྲོངས་ན་ཡང་།། ","CT":"སྐྱབས་མགོན་ཡེ་ཤུ་གྲོངས་ན་ཡང་།།"}}],[{"phrase":{"AT":"སླར་ཡང་གསོན་པོར་བཞེངས་པ་ཡིན།།","KT":"ཡང་བསྐྱར་གསོན་པོར་བཞེངས་པ་ཡིན།། ","CT":"སླར་ཡང་གསོན་པོར་བཞེངས་པ་ཡིན།།"}}],[{"phrase":{"AT":"ཁོང་ནི་མི་རྣམས་སྐྱོབ་པར་ཕེབས།།","KT":"གོ་རྒྱུར་མི་རྣམས་སྐྱོབ་པར་ཕེབས།། ","CT":"ཐོས་རྒྱུར་མི་རྣམས་སྐྱོབ་པར་ཕེབས།།"}}],[{"phrase":{"AT":"ང་ཡིས་ཁོང་ལ་འགྱོད་བཤགས་འབུལ།། ༢","KT":"ང་ཡིས་ཁོང་ལ་སྡིག་བཤགས་ཕུལ།། ༢ ","CT":"ང་ཡིས་ཁོང་ལ་སྡིག་བཤགས་ཕུལ།། ༢"}}]],"label":"verse 3","id":3},{"line":[[{"phrase":{"AT":"བྱ་སྤྱོད་ཙམ་ལས་སྡིག་ཅན་ང་།།","KT":" བྱ་སྤྱོད་ཙམ་ལས་སྡིག་ཅན་ང་།། ","CT":"ཕྱི་ཚུལ་ཙམ་ལས་སྡིག་ཅན་ང་།།"}}],[{"phrase":{"AT":"ཁོང་གིས་ཞི་བདེའི་བྱིན་རླབས་གནང་།།","KT":"ཁོང་གིས་ཞི་བའི་བྱིན་རླབས་གནང་།། ","CT":"ཁོང་གིས་ཞི་བའི་བྱིན་རླབས་གནང་།།"}}],[{"phrase":{"AT":"སེམས་ཀྱི་གཏིང་ནས་དགའ་སྤྲོའི་ངང་།།","KT":"སྙིང་གི་གཏིང་ནས་དགའ་སྤྲོའི་ངང་།། ","CT":"སེམས་ཀྱི་གཏིང་ནས་དགའ་སྤྲོའི་ངང་།།"}}],[{"phrase":{"AT":"ཁོང་ལ་བསྟོད་དབྱངས་ང་ཡིས་འབུལ།། ༢","KT":"ཁོང་ལ་བསྟོད་དབྱངས་ང་ཡིས་ཕུལ།། ༢ ","CT":"ཁོང་ལ་བསྟོད་དབྱངས་ང་ཡིས་ཕུལ།། ༢"}}],[{"phrase":{"AT":"ཨོ་་་སྐྱབས་མགོན་ཡེ་ཤུ།།","KT":"སྐྱབས་མགོན་ཡེ་ཤུ་ལགས།། ","CT":"ཨོ་་་སྐྱབས་མགོན་ཡེ་ཤུ།།"}}],[{"phrase":{"AT":"གླུ་འདིར་གསན་རོགས།།","KT":"གླུ་འདིར་གསན་རོགས།། ","CT":"གསུང་གཞས་གསན་དང་།།"}}],[{"phrase":{"AT":"འདི་ནི་དགའ་སྤྲོའི་གླུ་དབྱངས་རེད།། ༢","KT":"འདི་ནི་དགའ་སྤྲོའི་གླུ་དབྱངས་རེད།། ༢ ","CT":"དེ་ནི་དགའ་སྤྲོའི་གསུང་གཞས་རེད།། ༢"}}]],"label":"verse 4","id":4}]},"metadata":[{"AT":"(ཨོ་་་ཨ་ཕ་་་ཨ་མ་ལགས།)","KT":"undefined(ཨོ་་་ཨ་ཕ་་་ཨ་མ་ལགས།) ","CT":"(ཨོ་་་པཱ་ལགས་་་ཨ་མ་ལགས།)"},{"AT":"(རེ་བའི་རྣམ་ཐར་གྱི་གཞས་བཞི་པ།) DVD:4","KT":"(རེ་བའི་རྣམ་ཐར་གྱི་གཞས་བཞི་པ།) DVD:4 ","CT":"(རེ་བའི་རྣམ་ཐར་གྱི་གཞས་བཞི་པ།) DVD:4"}]}