{"title":{"AT":"204.བུ་ངའི་འཇིག་རྟེན་འཁོར་བ་འདི་ནང་ལ། ","KT":"undefined204. བུ་ངའི་འཇིག་རྟེན་འཁོར་བ་འདི་ནང་ལ། ","CT":"204.བུ་ངའི་འཇིག་རྟེན་འཁོར་བ་འདི་ནང་ལ། "},"author":"*","key":"*","lyrics":{"Verse":[{"line":[[{"phrase":{"AT":"བུ་ངའི་འཇིག་རྟེན་འཁོར་བ་འདི་ནང་ལ།","KT":" བུ་ངའི་འཇིག་རྟེན་འཁོར་བ་འདི་ནང་ལ། ","CT":"བུ་ངའི་འཇིག་རྟེན་འཁོར་བ་འདིའི་ནང་ལ།"}}],[{"phrase":{"AT":"བཀའ་དྲིན་ཅན་ཀྱི་ཡབ་ཀྱིས།","KT":"བཀའ་དྲིན་ཅན་ཀྱི་ཡབ་ཀྱིས། ","CT":"བཀའ་དྲིན་ཅན་ཀྱི་ཡབ་ཀྱིས།"}}],[{"phrase":{"AT":"བདག་ལ་མི་ལུས་རིན་ཆེན་གནང་བྱུང་།","KT":"བདག་ལ་མི་ལུས་རིན་ཆེན་གནང་བྱུང་། ","CT":"བདག་ལ་མི་ལུས་རིན་ཆེན་གནང་བྱུང་།"}}],[{"phrase":{"AT":"ཁྱེད་ཀྱི་བཀའ་དྲིན་འཇལ་ཆོག ༢","KT":"ཁྱེད་ཀྱི་བཀའ་དྲིན་འཇལ་ཆོག ༢ ","CT":"ཁྱེད་ཀྱི་བཀའ་དྲིན་འཇལ་ཆོག ༢"}}]],"label":"verse 1","id":1},{"line":[[{"phrase":{"AT":"ཡབ་ལགས་ཁྱེད་རང་གང་ནས་བཞུགས་ཡོད།","KT":" ཡབ་ལགས་ཁྱེད་རང་གང་ནས་བཞུགས་ཡོད། ","CT":"ཡབ་ལགས་ཁྱེད་རང་ག་པར་བཞུགས་ཡོད།"}}],[{"phrase":{"AT":"ཉི་ཟླ་སྐར་གསུམ་ཤར་ཡང་།","KT":"ཉི་ཟླ་སྐར་གསུམ་ཤར་ཡང་། ","CT":"ཉི་ཟླ་སྐར་གསུམ་ཤར་ཀྱང་།"}}],[{"phrase":{"AT":"བུ་ངའི་མིག་ཟུང་ནང་ལ།","KT":"བུ་ངའི་མིག་ཟུང་ནང་ལ། ","CT":"བུ་ངའི་མིག་གི་ནང་ལ།"}}],[{"phrase":{"AT":"ཁྱེད་རང་ཡང་ཡང་མཇལ་ཆོག ༢","KT":"ཁྱེད་རང་ཡང་ཡང་མཇལ་ཆོག ༢ ","CT":"ཁྱེད་རང་ཡང་ཡང་མཇལ་ཆོག ༢"}}]],"label":"verse 2","id":2},{"line":[[{"phrase":{"AT":"བུ་ངའི་འཁོར་བ་འདི་ནང་ལ།","KT":" བུ་ངའི་འཁོར་བ་འདི་ནང་ལ། ","CT":"བུ་ངའི་འཁོར་བ་འདིའི་ནང་ལ།"}}],[{"phrase":{"AT":"ཡབ་ཁྱེད་རང་ཡོད་ཅིང་།","KT":"ཡབ་ཁྱེད་རང་ཡོད་ཅིང་། ","CT":"ཡབ་ཁྱེད་རང་ཡོད་ཀྱང་།"}}],[{"phrase":{"AT":"བུ་ང་སེམས་པ་དགའ་ཞིང་།","KT":"བུ་ང་སེམས་པ་དགའ་ཞིང་། ","CT":"བུ་ང་སེམས་པ་དགའ་ཀྱང་།"}}],[{"phrase":{"AT":"སེམས་ལ་བདེ་བ་ཐོབ་བྱུང་། ༢","KT":"སེམས་ལ་བདེ་བ་ཐོབ་བྱུང་། ༢ ","CT":"སེམས་ལ་བདེ་བ་ཐོབ་བྱུང་། ༢"}}]],"label":"verse 3","id":3},{"line":[[{"phrase":{"AT":"བུ་ངའི་མི་ཚེ་འདི་ནང་ལ།","KT":" བུ་ངའི་མི་ཚེ་འདི་ནང་ལ། ","CT":"བུ་ངའི་མི་ཚེ་འདིའི་ནང་ལ།"}}],[{"phrase":{"AT":"ཡབ་ཁྱེད་ཀྱི་བཀའ་དྲིན།","KT":"ཡབ་ཁྱེད་ཀྱི་བཀའ་དྲིན། ","CT":"ཡབ་ཁྱེད་ཀྱི་བཀའ་དྲིན།"}}],[{"phrase":{"AT":"བུ་ངའི་སེམས་ཀྱི་ནང་ལ།","KT":"བུ་ངའི་སེམས་ཀྱི་ནང་ལ། ","CT":"བུ་ངའི་སེམས་ཀྱི་ནང་ལ།"}}],[{"phrase":{"AT":"ཡང་ཡང་དྲན་བཞིན་ཡོད། ༤","KT":"ཡང་ཡང་དྲན་བཞིན་ཡོད། ༤ ","CT":"ཡང་ཡང་དྲན་བཞིན་ཡོད།། ༤"}}]],"label":"verse 4","id":4}]},"metadata":[{"AT":"(བཀའ་དྲིན་ཅན་གྱི་ཡབ་ཀྱིས།)","KT":"undefined(བཀའ་དྲིན་ཅན་གྱི་ཡབ་ཀྱིས།) ","CT":"(བཀའ་དྲིན་ཅན་གྱི་ཡབ་ཀྱིས།)"},{"AT":"(ངག་དབང་སི་ལཱས་བརྩམས་པའི་བསྟོད་དབྱངས།) ","KT":"(ངག་དབང་སི་ལཱས་བརྩམས་པའི་བསྟོད་དབྱངས།) ","CT":"(ངག་དབང་སི་ལཱས་བརྩམས་པའི་བསྟོད་དབྱངས།) "}]}