{"title":{"AT":"205.བུ་ཆུང་ང་རང་སྤྲོ། ","KT":"undefined205. བུ་ཆུང་ང་རང་སྤྲོ། ","CT":"205.བུ་ཆུང་ང་རང་སྤྲོ། "},"author":"*","key":"*","lyrics":{"Verse":[{"line":[[{"phrase":{"AT":"      (བཀའ་དྲིན་དྲན་གླུ།)","KT":"undefined(བཀའ་དྲིན་དྲན་གླུ།)","CT":"(བཀའ་དྲིན་དྲན་གླུ།)"}}],[{"phrase":{"AT":"(ཨ་མདོའི་བསྟོད་དབྱངས།) AT08 102","KT":"(ཨ་མདོའི་བསྟོད་དབྱངས།) AT08 102 ","CT":"(ཨ་མདོའི་བསྟོད་དབྱངས།) AT08 102"}}],[{"phrase":{"AT":"བུ་ཆུང་ང་རང་སྤྲོ།","KT":" བུ་ཆུང་ང་རང་སྤྲོ། ","CT":"བུ་ཆུང་ང་རང་སྤྲོ།"}}],[{"phrase":{"AT":"སྤྲིན་པ་དཀར་པོའི་ངང་ཚུལ།","KT":"སྤྲིན་པ་དཀར་པོའི་ངང་ཚུལ། ","CT":"སྤྲིན་པ་དཀར་པོའི་ངང་ཚུལ།"}}],[{"phrase":{"AT":"ས་ཕྱོགས་གང་ལ་ཐོན་ཀྱང༌།","KT":"ས་ཕྱོགས་གང་ལ་ཐོན་ཀྱང༌། ","CT":"ས་ཕྱོགས་གང་ལ་ཐོན་ཀྱང༌།"}}],[{"phrase":{"AT":"ཐར་བའི་འཕྲིན་བཟང་བསྒྲགས་ཡོད།","KT":"ཐར་བའི་འཕྲིན་བཟང་བསྒྲགས་ཡོད། ","CT":"ཐར་བའི་འཕྲིན་བཟང་བསྒྲགས་ཡོད།"}}]],"label":"verse 1","id":1},{"line":[[{"phrase":{"AT":"བུ་ཆུང་ང་རང་སྤྲོ།","KT":" བུ་ཆུང་ང་རང་སྤྲོ། ","CT":"བུ་ཆུང་ང་རང་སྤྲོ།"}}],[{"phrase":{"AT":"ནུབ་ཁའི་ཉི་མའི་ངང་ཚུལ།","KT":"ནུབ་ཁའི་ཉི་མའི་ངང་ཚུལ། ","CT":"ནུབ་ཁའི་ཉི་མའི་ངང་ཚུལ།"}}],[{"phrase":{"AT":"མཚམས་སྤྲིན་དམར་པོའི་བར་ནས།","KT":"མཚམས་སྤྲིན་དམར་པོའི་བར་ནས། ","CT":"མཚམས་སྤྲིན་དམར་པོའི་བར་ནས།"}}],[{"phrase":{"AT":"ལས་དབང་ཁོང་ལ་བཅོལ་ཡོད།","KT":"ལས་དབང་ཁོང་ལ་བཅོལ་ཡོད། ","CT":"ལས་དབང་ཁོང་ལ་བཅོལ་ཡོད།"}}]],"label":"verse 2","id":2},{"line":[[{"phrase":{"AT":"བུ་ཆུང་ང་རང་སྐྱོ།","KT":" བུ་ཆུང་ང་རང་སྐྱོ། ","CT":"བུ་ཆུང་ང་རང་སྐྱོ།"}}],[{"phrase":{"AT":"སྟོན་ཁའི་སྡོང་ལོའི་ངང་ཚུལ།","KT":"སྟོན་ཁའི་སྡོང་ལོའི་ངང་ཚུལ། ","CT":"སྟོན་ཁའི་སྡོང་ལོའི་ངང་ཚུལ།"}}],[{"phrase":{"AT":"    སིལ་སིལ་རླུང་བུའི་ཁྲོད་ནས།","KT":"སིལ་སིལ་རླུང་བུའི་ཁྲོད་ནས། ","CT":"སིལ་སིལ་རླུང་བུའི་ཁྲོད་ནས།"}}],[{"phrase":{"AT":"    ཁྱེད་ཀྱི་བཀའ་དྲིན་དྲན་བྱུང༌། ༢","KT":"ཁྱེད་ཀྱི་བཀའ་དྲིན་དྲན་བྱུང༌། ༢ ","CT":"ཁྱེད་ཀྱི་བཀའ་དྲིན་དྲན་བྱུང༌།། ༢"}}]],"label":"verse 3","id":3}]},"metadata":[]}