{"title":{"AT":"206.བུ་དང་བུ་མོ་འདི་རུ་ཕེབས། ","KT":"undefined206. བུ་དང་བུ་མོ་འདི་ན་ཕེབས། ","CT":"206.བུ་དང་བུ་མོ་འདི་རུ་ཕེབས། "},"author":"*","key":"*","lyrics":{"Verse":[{"line":[[{"phrase":{"AT":"བུ་དང་བུ་མོ་འདི་རུ་ཕེབས།།","KT":"ུ་དང་བུ་མོ་འདི་རུ་ཕེབས།། ","CT":"ུ་དང་བུ་མོ་འདི་རུ་ཕེབས།།"}}],[{"phrase":{"AT":"རོལ་ཆ་རྡུང་ནས་སྐོར་བྲོ་འཁྲབ།།","KT":"རོལ་ཆ་བཏང་ནས་སྐོར་བྲོ་རྡུང་།། ","CT":"རོལ་ཆ་བཏང་ནས་སྒོར་གཞས་རྒྱོབ།།"}}],[{"phrase":{"AT":"མི་རིགས་ཚང་མ་འདི་རུ་ཕེབས།།","KT":"མི་རིགས་ཚང་མ་འདི་རུ་ཕེབས།། ","CT":"མི་རིགས་ཚང་མ་འདི་རུ་ཕེབས།།"}}],[{"phrase":{"AT":"མགྱོགས་པོར་བསྟོད་དབྱངས་འབུལ་བར་ཤོག།","KT":"མགྱོགས་པར་བསྟོད་དབྱངས་འབུལ་བར་ཤོག། ","CT":"མགྱོགས་མྱུར་བསྟོད་དབྱངས་ཕུལ་བར་ཤོག།"}}]],"label":"verse 1","id":1},{"line":[[{"phrase":{"AT":"རིན་ཆེན་སྐྱབས་མགོན་ཡེ་ཤུ་ལ།།","KT":" རིན་ཆེན་སྐྱབས་མགོན་ཡེ་ཤུ་ལ།། ","CT":"རིན་ཆེན་སྐྱབས་མགོན་ཡེ་ཤུ་ལ།།"}}],[{"phrase":{"AT":"བདུད་ལས་རྒྱལ་ཁ་ཐོབ་པ་ཡིན།།","KT":"བདུད་ལས་རྒྱལ་ཁ་ཐོབ་ནས་བྱུང་།། ","CT":"བདུད་ལས་རྒྱལ་ཁ་ཐོབ་ནས་བྱུང་།།"}}],[{"phrase":{"AT":"འཆི་བའི་གནས་ལས་རྒྱལ་བས་ན།།","KT":"ཤི་བའི་གནས་ལས་ཁེ་བས་ན།། ","CT":"འཆི་བའི་གནས་ལས་རྒྱལ་པས་ན།།"}}],[{"phrase":{"AT":"གྲོངས་ནས་གསོན་པོར་བཞེངས་པ་ཡིན།། ༢","KT":"གྲོངས་ནས་གསོན་པོར་བཞེངས་པ་ཡིན།། ༢ ","CT":"གྲོངས་ནས་གསོན་པོར་བཞེངས་པ་ཡིན།། ༢"}}]],"label":"verse 2","id":2},{"line":[[{"phrase":{"AT":"ཚེ་ཡི་མཐའ་མར་བསླེབ་པའི་དུས།།","KT":" ཚེ་ཡི་མཐའ་མར་བསླེབ་པའི་དུས།། ","CT":"ཚེ་ཡི་མཐའ་མ་སླེབས་པའི་ཚེ།།"}}],[{"phrase":{"AT":"འཇིག་རྟེན་འདིར་སླར་ཡོང་མི་སྲིད།།","KT":"འཇིག་རྟེན་ཕྱིར་ལོག་བྱུང་མི་སྲིད།། ","CT":"འཇིག་རྟེན་ཕྱིར་ལོག་བྱུང་མི་སྲིད།།"}}],[{"phrase":{"AT":"ཡབ་ཆེན་དཀོན་མཆོག་ཞབས་དྲུང་དུ།།","KT":"ཡབ་ཆེན་དཀོན་མཆོག་གི་དྲུང་དུ།། ","CT":"ཡབ་ཆེན་དཀོན་མཆོག་ཞབས་དྲུང་དུ།།"}}],[{"phrase":{"AT":"ལམ་དེ་སྐྱབས་མགོན་ཡེ་ཤུ་ཡིན།། ༢","KT":"ལམ་དེ་སྐྱབས་མགོན་ཡེ་ཤུ་ཡིན།། ༢ ","CT":"ལམ་དེ་སྐྱབས་མགོན་ཡེ་ཤུ་ཡིན།། ༢"}}]],"label":"verse 3","id":3},{"line":[[{"phrase":{"AT":"བུ་དང་བུ་མོ་འདི་རུ་ཕེབས།།","KT":"ུ་དང་བུ་མོ་འདི་ན་ཕེབས།། ","CT":"ུ་དང་བུ་མོ་འདི་རུ་ཕེབས།།"}}],[{"phrase":{"AT":"རོལ་ཆ་རྡུང་ནས་སྐོར་བྲོ་འཁྲབ།།","KT":"རོལ་ཆ་བཏང་ནས་སྐོར་བྲོ་རྡུང་།། ","CT":"རོལ་ཆ་བཏང་ནས་སྒོར་གཞས་རྒྱོབ།།"}}],[{"phrase":{"AT":"མི་རིགས་ཚང་མ་འདི་རུ་ཕེབས།།","KT":"མི་རིགས་ཚང་མ་འདི་ན་ཕེབས།། ","CT":"མི་རིགས་ཚང་མ་འདི་རུ་ཕེབས།།"}}],[{"phrase":{"AT":"མགྱོགས་པོར་བསྟོད་དབྱངས་འབུལ་བར་ཤོག།","KT":"མགྱོགས་པར་བསྟོད་དབྱངས་འབུལ་བར་ཤོག། ","CT":"མགྱོགས་མྱུར་བསྟོད་དབྱངས་ཕུལ་བར་ཤོག།"}}]],"label":"verse 4","id":4},{"line":[[{"phrase":{"AT":"རང་སེམས་སྡིག་པས་ནག་ན་ཡང་།།","KT":"ndefined༣ རང་སེམས་སྡིག་པས་ནག་གྱུར་ཀྱང་།། ","CT":"རང་སེམས་སྡིག་པས་ནག་གྱུར་ཀྱང་།།"}}],[{"phrase":{"AT":"སྐྱབས་མགོན་ཡེ་ཤུར་སྐྱབས་བཅོལ་ན།།","KT":"སྐྱབས་མགོན་ཡེ་ཤུར་དད་བྱས་ན།། ","CT":"སྐྱབས་མགོན་ཡེ་ཤུར་སྐྱབས་བཅོལ་ན།།"}}],[{"phrase":{"AT":"ཁོང་གི་ཐུགས་རྗེས་བསལ་མཛད་ནས།།","KT":"ཁོང་གི་ཐུགས་རྗེས་བསལ་མཛད་ནས།། ","CT":"ཁོང་གི་ཐུགས་རྗེས་བསལ་མཛད་ནས།།"}}],[{"phrase":{"AT":"ཁོང་གིས་ནམ་ཡང་སྐྱུར་མི་ཡོང་།། ༢","KT":"ཁོང་གིས་ནམ་ཡང་སྐྱུར་མི་ཡོང་།། ༢ ","CT":"ཁོང་གིས་ནམ་ཡང་འདོར་མི་ཡོང་།། ༢"}}]],"label":"verse 5","id":5},{"line":[[{"phrase":{"AT":"ཉིན་ཞིག་འཇིག་རྟེན་ཁམས་འདི་ནི།།","KT":" ཉིན་ཞིག་འཇིག་རྟེན་ཁམས་དེ་ནི།། ","CT":"ཉིན་ཞིག་འཇིག་རྟེན་ཁམས་དེ་ནི།།"}}],[{"phrase":{"AT":"མེ་ཡིས་ཚང་མ་བསྲེག་པར་འགྱུར།།","KT":"མེ་ཡིས་ཚང་མ་བསྲེག་པར་ཡོང་།། ","CT":"མེ་ཡིས་ཚང་མ་བསྲེག་པ་ཡོང་།།"}}],[{"phrase":{"AT":"དངོས་པོ་ཚང་མ་མེད་གྱུར་ཀྱང་།།","KT":"དངོས་པོ་ཚང་མ་མེད་གྱུར་ཀྱང་།། ","CT":"དངོས་པོ་ཚང་མ་མེད་གྱུར་ཀྱང་།།"}}],[{"phrase":{"AT":"ཡེ་ཤུའི་བཞུགས་ཁྲི་གནས་ངེས་ཡིན།། ༢","KT":"ཡེ་ཤུའི་བཞུགས་ཁྲི་གནས་ངེས་རེད།། ༢ ","CT":"ཡེ་ཤུའི་བཞུགས་ཁྲི་གནས་ངེས་རེད།། ༢"}}]],"label":"verse 6","id":6},{"line":[[{"phrase":{"AT":"བུ་དང་བུ་མོ་འདི་རུ་ཕེབས།།","KT":"ུ་དང་བུ་མོ་འདི་ན་ཕེབས།། ","CT":"ུ་དང་བུ་མོ་འདི་རུ་ཕེབས།།"}}],[{"phrase":{"AT":"རོལ་ཆ་རྡུང་ནས་སྐོར་བྲོ་འཁྲབ།།","KT":"རོལ་ཆ་བཏང་ནས་སྐོར་བྲོ་རྡུང་།། ","CT":"རོལ་ཆ་བཏང་ནས་སྒོར་གཞས་རྒྱོབ།།"}}],[{"phrase":{"AT":"མི་རིགས་ཚང་མ་འདི་རུ་ཕེབས།།","KT":"མི་རིགས་ཚང་མ་འདི་ན་ཕེབས།། ","CT":"མི་རིགས་ཚང་མ་འདི་རུ་ཕེབས།།"}}],[{"phrase":{"AT":"མགྱོགས་པོར་བསྟོད་དབྱངས་འབུལ་བར་ཤོག། ༢","KT":"མགྱོགས་པར་བསྟོད་དབྱངས་འབུལ་བར་ཤོག། ༢ ","CT":"མགྱོགས་མྱུར་བསྟོད་དབྱངས་ཕུལ་བར་ཤོག། ༢"}}]],"label":"verse 7","id":7}]},"metadata":[{"AT":"(བརྟན་དུ་རེ་བའི་སྐོར་བྲོ།)","KT":"undefined(བརྟན་དུ་རེ་བའི་སྐོར་བྲོ།) ","CT":"(བརྟན་དུ་རེ་བའི་སྒོར་གཞས།)"},{"AT":"(བློ་རྣམ་ཀྱིས་བརྩམས་པའི་རེ་བའི་རྣམ་ཐར་གྱི་གཞས་ལྔ་པ།) DVD:5 ","KT":"(བློ་རྣམ་ཀྱིས་བརྩམས་པའི་རེ་བའི་རྣམ་ཐར་གྱི་གཞས་ལྔ་པ།) DVD:5 ","CT":"(བློ་རྣམ་ཀྱིས་བརྩམས་པའི་རེ་བའི་རྣམ་ཐར་གྱི་གཞས་ལྔ་པ།) DVD:5 "}]}