{"title":{"AT":"207.བོད་པའི་བུ་དང་བུ་མོ།","KT":"207. བོད་པའི་བུ་དང་བུ་མོ། ","CT":"207.བོད་པའི་བུ་དང་བུ་མོ།།"},"author":"*","key":"*","lyrics":{"Verse":[{"line":[[{"phrase":{"AT":"བོད་པའི་བུ་དང་བུ་མོ།","KT":"བོད་པའི་བུ་དང་བུ་མོ། ","CT":"བོད་པའི་བུ་དང་བུ་མོ།"}}],[{"phrase":{"AT":"སེམས་ཁྲལ་མང་པོ་མ་བྱེད། ","KT":"སེམས་ཁྲལ་མང་པོ་མ་བྱེད། ","CT":"སེམས་ཁྲལ་མང་པོ་མ་མཛད། "}}],[{"phrase":{"AT":"སྐྱབས་མགོན་གཙོ་བོ་ཡེ་ཤུ་བཞུགས་ཡོད། ","KT":"སྐྱབས་མགོན་གཙོ་བོ་ཡེ་ཤུ་ཡོད་རེད། ","CT":"སྐྱབས་མགོན་གཙོ་བོ་ཡེ་ཤུ་ཡོད་རེད། "}}],[{"phrase":{"AT":"ཁོང་གིས་ཁྱོད་རང་ལ་བྱམས་པ་གནང་ཡོང་། ༢","KT":"ཁོང་གིས་ཁྱོད་རང་ལ་བྱམས་པ་གནང་ཡོང་། ༢ ","CT":"ཁོང་གིས་ཁྱེད་རང་ལ་བྱམས་པ་གནང་ཡོང་། ༢"}}]],"label":"verse 1","id":1},{"line":[[{"phrase":{"AT":"བོད་པའི་བུ་དང་བུ་མོ།","KT":"defined༢ བོད་པའི་བུ་དང་བུ་མོ། ","CT":"བོད་པའི་བུ་དང་བུ་མོ།"}}],[{"phrase":{"AT":"སེམས་ངལ་མང་པོ་མ་བྱེད། ","KT":"སེམས་ངལ་མང་པོ་མ་བྱེད། ","CT":"སེམས་ངན་མང་པོ་མ་མཛད། "}}],[{"phrase":{"AT":"སྐྱབས་མགོན་གཙོ་བོ་ཡེ་ཤུ་བཞུགས་ཡོད། ","KT":"སྐྱབས་མགོན་གཙོ་བོ་ཡེ་ཤུ་ཡོད་རེད། ","CT":"སྐྱབས་མགོན་གཙོ་བོ་ཡེ་ཤུ་ཡོད་རེད། "}}],[{"phrase":{"AT":"ཁོང་གིས་ཁྱོད་རང་ལ་རེ་བ་གནང་ཡོང་། ༢","KT":"ཁོང་གིས་ཁྱོད་རང་ལ་རེ་བ་གནང་ཡོང་། ༢ ","CT":"ཁོང་གིས་ཁྱེད་རང་ལ་རེ་བ་གནང་ཡོང་། ༢"}}]],"label":"verse 2","id":2},{"line":[[{"phrase":{"AT":"བོད་པའི་བུ་དང་བུ་མོ།","KT":"བོད་པའི་བུ་དང་བུ་མོ། ","CT":"བོད་པའི་བུ་དང་བུ་མོ།"}}],[{"phrase":{"AT":"སྡུག་བསྔལ་མང་པོ་མ་བྱེད། ","KT":"སྡུག་བསྔལ་མང་པོ་མ་བྱེད། ","CT":"སྡུག་བསྔལ་མང་པོ་མ་མཛད། "}}],[{"phrase":{"AT":"སྐྱབས་མགོན་གཙོ་བོ་ཡེ་ཤུ་བཞུགས་ཡོད། ","KT":"སྐྱབས་མགོན་གཙོ་བོ་ཡེ་ཤུ་ཡོད་རེད། ","CT":"སྐྱབས་མགོན་གཙོ་བོ་ཡེ་ཤུ་ཡོད་རེད། "}}],[{"phrase":{"AT":"ཁོང་གིས་ཁྱོད་རང་ལ་སེམས་ཤུགས་གནང་ཡོང་། ༢","KT":"ཁོང་གིས་ཁྱོད་རང་ལ་སེམས་ཤུགས་གནང་ཡོང་། ༢ ","CT":"ཁོང་གིས་ཁྱེད་རང་ལ་སེམས་ཤུགས་གནང་ཡོང་།། ༢"}}]],"label":"verse 3","id":3}]},"metadata":[{"AT":"(འགྱུར་མེད་རིན་ཆེན་གྱིས་བརྩམས་པའི་བསྟོད་དབྱངས།) JL CD1:6; KT06 136","KT":"undefined(འགྱུར་མེད་རིན་ཆེན་གྱིས་བརྩམས་པའི་བསྟོད་དབྱངས།) JL CD1:6; KT06 136 ","CT":"(འགྱུར་མེད་རིན་ཆེན་གྱིས་བརྩམས་པའི་བསྟོད་དབྱངས།) JL CD1:6; KT06 136"}]}