{"title":{"AT":"208.བྱམས་དང་སྙིང་རྗེ་ལྡན་པའི།","KT":"208. བྱམས་དང་སྙིང་རྗེ་ལྡན་པའི། ","CT":"208.བྱམས་དང་སྙིང་རྗེ་ལྡན་པའི།"},"author":"*","key":"*","lyrics":{"Verse":[{"line":[[{"phrase":{"AT":"བྱམས་དང་སྙིང་རྗེ་ལྡན་པའི།","KT":"བྱམས་དང་སྙིང་རྗེ་ལྡན་པའི། ","CT":"བྱམས་དང་སྙིང་རྗེ་ལྡན་པའི།"}}],[{"phrase":{"AT":"གཙོ་བོ་ཡ་ཝཱེའི་བྱིན་རླབས། ","KT":"གཙོ་བོ་ཡ་ཝཱེའི་བྱིན་རླབས། ","CT":"གཙོ་བོ་ཡ་ཝེའི་བྱིན་རླབས། "}}],[{"phrase":{"AT":"གངས་ཅན་བོད་ཀྱི་མི་ལ།","KT":"གངས་ཅན་བོད་ཀྱི་མི་ལ། ","CT":"གངས་ཅན་བོད་ཀྱི་མི་ལ།"}}],[{"phrase":{"AT":"རྒྱུན་དུ་འབྲལ་མེད་གནང་ཡོད། ༢","KT":"རྒྱུན་དུ་འབྲལ་མེད་གནང་ཡོད། ༢ ","CT":"རྒྱུན་དུ་འབྲལ་མེད་གནང་ཡོད། ༢"}}]],"label":"verse 1","id":1},{"line":[[{"phrase":{"AT":"སྤྱོད་བཟང་བོད་མི་ང་ཚོས།","KT":"ྤྱོད་བཟང་བོད་མི་ང་ཚོས། ","CT":"སྤྱོད་བཟང་བོད་མི་ང་ཚོས།"}}],[{"phrase":{"AT":"རང་ལ་ཐར་བ་ཐོབ་པར།","KT":"རང་ལ་ཐར་པ་ཐོབ་པར། ","CT":"རང་ལ་ཐར་པ་ཐོབ་པར།"}}],[{"phrase":{"AT":"ཉིན་ལྟར་སྨོན་ལམ་ཞུས་དང་།","KT":"ཉིན་ལྟར་སྨོན་ལམ་ཞུས་དང་། ","CT":"ཉིན་ལྟར་སྨོན་ལམ་སྐྱོན་དང་།"}}],[{"phrase":{"AT":"ཞུས་དང་། ཞུས། ཞུས་དང་། ཞུས་དང་།","KT":"ཞུས་དང་། ཞུས། ཞུས་དང་། ཞུས་དང་། ","CT":"སྐྱོན་དང་། སྐྱོན། སྐྱོན་དང་། སྐྱོན་དང་།"}}],[{"phrase":{"AT":"དཀོན་མཆོག་སྐྱོབ་པར་ཕེབས་ཡོང་། ༢","KT":"དཀོན་མཆོག་སྐྱོབ་པར་ཕེབས་ཡོང་། ༢ ","CT":"དཀོན་མཆོག་གིས་སྐྱོབ་པར་ཕེབས་ཡོང་། ༢"}}]],"label":"verse 2","id":2},{"line":[[{"phrase":{"AT":"སྐྱབས་མགོན་ཡེ་ཤུའི་བཀའ་གསུང་། ","KT":"efined༣ སྐྱབས་མགོན་ཡེ་ཤུའི་བཀའ་གསུང་། ","CT":"སྐྱབས་མགོན་ཡེ་ཤུའི་བཀའ་གསུང་། "}}],[{"phrase":{"AT":"དམ་པའི་ཐུགས་ཉིད་བརྒྱུད་ནས། ","KT":"དམ་པའི་ཐུགས་ཉིད་བརྒྱུད་ནས། ","CT":"དམ་པའི་ཐུགས་ཉིད་བརྒྱུད་ནས། "}}],[{"phrase":{"AT":"བོད་མི་ཚང་མའི་སེམས་ལ།","KT":"བོད་མི་ཚང་མའི་སེམས་ལ། ","CT":"བོད་མི་ཚང་མའི་སེམས་ལ།"}}],[{"phrase":{"AT":"ཁོང་གིས་ཞི་བདེ་གནང་ཡོང་། ༢","KT":"ཁོང་གིས་ཞི་བདེ་གནང་ཡོང་། ༢ ","CT":"ཁོང་གིས་ཞི་བདེ་གནང་ཡོང་། ༢"}}]],"label":"verse 3","id":3},{"line":[[{"phrase":{"AT":"ཉིད་ཀྱིས་གནང་བའི་སྐུ་ཁྲག  ","KT":" ཉིད་ཀྱིས་གནང་བའི་སྐུ་ཁྲག ","CT":"ཉིད་ཀྱིས་གནང་བའི་སྐུ་ཁྲག  "}}],[{"phrase":{"AT":"རྒྱུ་ཆེན་ཚོང་པས་ཉོ་དཀའ། ","KT":"རྒྱུ་ཆེན་ཚོང་པས་ཉོ་དཀའ། ","CT":"རྒྱུ་ཆེན་ཚོང་པས་ཉོ་དཀའ། "}}],[{"phrase":{"AT":"དབང་ཆེན་དཔོན་པོས་འཕྲོག་བྲལ། ","KT":"དབང་ཆེན་དཔོན་པོས་འཕྲོག་བྲལ། ","CT":"དབང་ཆེན་དཔོན་པོས་འཕྲོག་བྲལ། "}}],[{"phrase":{"AT":"སེམས་ལ། སེམས། སེམས་ལ། སེམས་ལ། ","KT":"སེམས་ལ། སེམས། སེམས་ལ། སེམས་ལ། ","CT":"སེམས་ལ། སེམས། སེམས་ལ། སེམས་ལ། "}}],[{"phrase":{"AT":"སྐུ་ཁྲག་སེམས་ལ་ཞོག་དང་། ༢","KT":"སྐུ་ཁྲག་སེམས་ལ་ཞོག་དང་། ༢ ","CT":"སྐུ་ཁྲག་སེམས་ལ་ཞོག་དང་།། ༢"}}]],"label":"verse 4","id":4}]},"metadata":[{"AT":"(ངག་དབང་སི་ལཱས་བརྩམས་པའི་བསྟོད་དབྱངས།) KT06 137 ","KT":"undefined(ངག་དབང་སི་ལཱས་བརྩམས་པའི་བསྟོད་དབྱངས།) KT06 137 ","CT":"(ངག་དབང་སི་ལཱས་བརྩམས་པའི་བསྟོད་དབྱངས།) KT06 137 "}]}