{"title":{"AT":"209.བླ་ན་མེད་པའི་དཀོན་མཆོག་གི་ཞབས་དྲུང་དུ།","KT":"209. བླ་ན་མེད་པའི་དཀོན་མཆོག་གི་ཞབས་དྲུང་དུ། ","CT":"209.བླ་ན་མེད་པའི་དཀོན་མཆོག་གི་ཞབས་དྲུང་དུ།"},"author":"*","key":"*","lyrics":{"Verse":[{"line":[[{"phrase":{"AT":"བླ་ན་མེད་པའི་དཀོན་མཆོག་གི་ཞབས་དྲུང་དུ།","KT":"བླ་ན་མེད་པའི་དཀོན་མཆོག་གི་ཞབས་དྲུང་དུ། ","CT":"བླ་ན་མེད་པའི་དཀོན་མཆོག་གི་ཞབས་དྲུང་དུ།"}}],[{"phrase":{"AT":"ཀུན་གྱིས་པུས་མོ་སར་འཛུགས་ཅིང་བསྟོད་པ་འབུལ།","KT":"ཀུན་གྱིས་པུས་མོ་བཙུགས་ཅིང་བསྟོད་པ་འབུལ། ","CT":"ཀུན་གྱིས་པུས་མོ་བཙུགས་ཅིང་བསྟོད་པ་ཕུལ།"}}],[{"phrase":{"AT":"དམ་པའི་དཀོན་མཆོག་གི་ཞབས་དྲུང་དུ།","KT":"དམ་པའི་དཀོན་མཆོག་གི་ཞབས་དྲུང་དུ། ","CT":"དམ་པའི་དཀོན་མཆོག་གི་ཞབས་དྲུང་དུ།"}}],[{"phrase":{"AT":"མགོ་སྒུར་ནས་ཕྱག་འཚལ་བཞིན་ཡོད།","KT":"མགོ་སྒུར་ནས་ཕྱག་འཚལ་བཞིན་ཡོད། ","CT":"མགོ་སྒུར་ནས་ཕྱག་འཚལ་གྱི་ཡོད།"}}],[{"phrase":{"AT":"ཡེ་ཤུ་ངའི་སྐྱབས་མགོན། ཡེ་ཤུ་ངའི་གཙོ་བོ།","KT":"ཡེ་ཤུ་ངའི་སྐྱབས་མགོན། ཡེ་ཤུ་ངའི་གཙོ་བོ། ","CT":"ཡེ་ཤུ་ངའི་སྐྱབས་མགོན། ཡེ་ཤུ་ངའི་གཙོ་བོ།"}}],[{"phrase":{"AT":"དཀོན་མཆོག་གི་ཐུགས་ཉིད་སྒོ་ནས།","KT":"དཀོན་མཆོག་གི་ཐུགས་ཉིད་སྒོ་ནས། ","CT":"དཀོན་མཆོག་གི་ཐུགས་ཉིད་སྒོན་ནས།"}}],[{"phrase":{"AT":"བསྟོད་པ་འབུལ་བཞིན་ཡོད།","KT":"བསྟོད་པ་འབུལ་བཞིན་ཡོད།། ","CT":"བསྟོད་པ་ཕུལ་གྱི་ཡོད།།"}}]],"label":"verse 1","id":1}]},"metadata":[{"AT":"(Jesus, At Your Name ཞེས་པའི་དབྱིན་ཇིའི་བསྟོད་དབྱངས།)  TP 22","KT":"undefined(Jesus, At Your Name ཞེས་པའི་དབྱིན་ཇིའི་བསྟོད་དབྱངས།)60 TP 22 60 Chris Bowater © 1982 Sovereign Lifestyle Music. P O Box 356, Leighton Buzzard. LU7 3WP UK. sovereignmusic@aol.com. Used by permission. ","CT":"(Jesus, At Your Name ཞེས་པའི་དབྱིན་ཇིའི་བསྟོད་དབྱངས།)  TP 22"}]}