{"title":{"AT":"21.སྒོ་གཅིག་རང་ཡོད།","KT":"21. སྒོ་གཅིག་རང་ཡོད། ","CT":"21.སྒོ་གཅིག་རང་ཡོད།"},"author":"*","key":"*","lyrics":{"Verse":[{"line":[[{"phrase":{"AT":"སྒོ་གཅིག་རང་ཡོད་སྒོ་ལ་ཕྱི་ནང་གཉིས་ཡོད།","KT":"སྒོ་གཅིག་རང་ཡོད་སྒོ་ལ་ཕྱི་ནང་གཉིས་ཡོད། ","CT":"སྒོ་གཅིག་རང་ཡོད་སྒོ་ལ་ཕྱི་ནང་གཉིས་ཡོད།"}}],[{"phrase":{"AT":"ཕྱི་ལ་ནང་ལ་ཁྱོད་གང་ན་ཡོད།","KT":"ཕྱི་ལ་ནང་ལ་ཁྱོད་ག་ན་ཡོད། ","CT":"ཕྱི་ལ་ནང་ལ་ཁྱེད་ག་པར་ཡོད།"}}],[{"phrase":{"AT":"སྒོ་གཅིག་རང་ཡོད་སྒོ་ལ་ཕྱི་ནང་གཉིས་ཡོད།","KT":"སྒོ་གཅིག་རང་ཡོད་སྒོ་ལ་ཕྱི་ནང་གཉིས་ཡོད། ","CT":"སྒོ་གཅིག་རང་ཡོད་སྒོ་ལ་ཕྱི་ནང་གཉིས་ཡོད།"}}],[{"phrase":{"AT":"ང་ནང་ལ་བསྡད་ཡོད། ཁྱོད་གང་ན་ཡོད།","KT":"ང་ནང་ལ་བསྡད་ཡོད། ཁྱོད་ག་ན་ཡོད། ","CT":"ང་ནང་ལ་བསྡད་ཡོད། ཁྱེད་ག་པར་ཡོད།།"}}]],"label":"verse 1","id":1}]},"metadata":[{"AT":"(དབྱིན་ཇིའི་བྱིས་པའི་བསྟོད་དབྱངས། )","KT":"(དབྱིན་ཇིའི་བྱིས་པའི་བསྟོད་དབྱངས། ) ","CT":"(དབྱིན་ཇིའི་བྱིས་པའི་བསྟོད་དབྱངས། )"}]}