{"title":{"AT":"210.བླ་ན་མེད་པའི་རྒྱལ་པོ།","KT":"undefined210. བླ་ན་མེད་པའི་རྒྱལ་པོ། ","CT":"210.བླ་ན་མེད་པའི་རྒྱལ་པོ།"},"author":"*","key":"*","lyrics":{"Verse":[{"line":[[{"phrase":{"AT":"བླ་ན་མེད་པའི་རྒྱལ་པོའི་རྒྱལ་པོ་ནི་གཙོ་བོ་ཡིན། ","KT":" བླ་ན་མེད་པའི་རྒྱལ་པོའི་རྒྱལ་པོ་ནི་གཙོ་བོ་ཡིན། ","CT":"བླ་ན་མེད་པའི་རྒྱལ་པོའི་རྒྱལ་པོ་ནི་གཙོ་བོ་ཡིན། "}}],[{"phrase":{"AT":"ཡེ་ཤུའི་གཟི་བརྗིད་མཐོན་པོར་བསྒྲེངས་པ་ཡིན།","KT":"ཡེ་ཤུའི་གཟི་བརྗིད་མཐོན་པོར་བསྒྲེངས་པ་ཡིན། ","CT":"ཡེ་ཤུའི་གཟི་བརྗིད་མཐོན་པོར་བསྒྲེངས་པ་ཡིན།"}}],[{"phrase":{"AT":"གཙོ་བོའི་མཚན་ལ་བསྟོད་བསྔགས་བརྗོད།","KT":"གཙོ་བོའི་མཚན་ལ་བསྟོད་བསྔགས་བརྗོད། ","CT":"གཙོ་བོའི་མཚན་ལ་བསྟོད་བསྔགས་བརྗོད།"}}],[{"phrase":{"AT":"ང་ཡི་སེམས་ནས་ཁྱེད་ལ་བསྟོད་བསྔགས་བརྗོད།","KT":"ང་ཡི་སེམས་ནས་ཁྱེད་ལ་བསྟོད་བསྔགས་བརྗོད། ","CT":"ང་ཡི་སེམས་ནས་ཁྱེད་ལ་བསྟོད་བསྔགས་བརྗོད།"}}],[{"phrase":{"AT":"ང་ཡིས་ཆེས་ཁྱད་དུ་འཕགས་པའི་","KT":"ང་ཡིས་ཆེས་ཁྱད་དུ་འཕགས་པའི། ","CT":"ཡོད་ཚད་ཐམས་ཅད།"}}],[{"phrase":{"AT":"བསྟོད་བསྔགས་ཁྱེད་ལ་འབུལ། ༢","KT":"བསྟོད་བསྔགས་ཁྱེད་ལ་འབུལ། ༢ ","CT":"ངས་ཁྱེད་ལ་བསྟོད་དབྱངས་ཕུལ། ༢"}}]],"label":"verse 1","id":1},{"line":[[{"phrase":{"AT":"རྒྱུན་ནས་རྒྱུན་དུ་བྱམས་པའི་རྩེ་མོ་ནི་གཙོ་བོ་ཡིན།","KT":" རྒྱུན་ནས་རྒྱུན་དུ་བྱམས་པའི་རྩེ་མོ་ནི་གཙོ་བོ་ཡིན། ","CT":"རྒྱུན་ནས་རྒྱུན་དུ་བྱམས་པའི་རྩེ་མོ་ནི་གཙོ་བོ་ཡིན།"}}],[{"phrase":{"AT":"ཡེ་ཤུའི་མཚན་མཐོན་པོར་བསྒྲེངས་པ་ཡིན།","KT":"ཡེ་ཤུའི་མཚན་མཐོན་པོར་བསྒྲེངས་པ་ཡིན། ","CT":"ཡེ་ཤུའི་མཚན་མཐོན་པོར་བསྒྲེངས་པ་ཡིན།།"}}]],"label":"verse 2","id":2}]},"metadata":[{"AT":"(дээдийн дээд ཞེས་པའི་སོག་ཡུལ་གྱི་བསྟོད་དབྱངས།) AT08 133","KT":"undefined(дээдийн дээд ཞེས་པའི་སོག་ཡུལ་གྱི་བསྟོད་དབྱངས།) AT08 133 ","CT":"(дээдийн дээд ཞེས་པའི་སོག་ཡུལ་གྱི་བསྟོད་དབྱངས།) AT08 133"}]}