{"title":{"AT":"211.སྤོབས་པ་བསྐྱེད།  སྟོབས་ཤུགས་འཛོམས། ","KT":"211. སྤོབས་པ་བསྐྱེད། སྟོབས་ཤུགས་འཛོམས། ","CT":"211.བློ་སྟོབས་བསྐྱེད།  སྟོབས་ཤུགས་འཛོམས། "},"author":"*","key":"*","lyrics":{"Verse":[{"line":[[{"phrase":{"AT":"སྤོབས་པ་བསྐྱེད།  (སྤོབས་པ་བསྐྱེད།)","KT":"སྤོབས་པ་བསྐྱེད། (སྤོབས་པ་བསྐྱེད།)","CT":"བློ་སྟོབས་བསྐྱེད།  (བློ་སྟོབས་བསྐྱེད།)"}}],[{"phrase":{"AT":"སྟོབས་ཤུགས་འཛོམས།  (སྟོབས་ཤུགས་འཛོམས།)","KT":"སྟོབས་ཤུགས་འཛོམས། (སྟོབས་ཤུགས་འཛོམས།)","CT":"སྟོབས་ཤུགས་འཛོམས།  (སྟོབས་ཤུགས་འཛོམས།)"}}],[{"phrase":{"AT":"ཁྱེད་ཀྱི་དཀོན་མཆོག་ཁྱེད་དང་མཉམ་དུ་བཞུགས།","KT":"ཁྱེད་ཀྱི་དཀོན་མཆོག་ཁྱེད་དང་མཉམ་དུ་བཞུགས། ","CT":"ཁྱེད་ཀྱི་དཀོན་མཆོག་ཁྱེད་དང་མཉམ་དུ་བཞུགས།"}}],[{"phrase":{"AT":"སྤོབས་པ་བསྐྱེད།  (སྤོབས་པ་བསྐྱེད།)","KT":"སྤོབས་པ་བསྐྱེད། (སྤོབས་པ་བསྐྱེད།)","CT":"བློ་སྟོབས་བསྐྱེད།  (བློ་སྟོབས་བསྐྱེད།)"}}],[{"phrase":{"AT":"སྟོབས་ཤུགས་འཛོམས།  (སྟོབས་ཤུགས་འཛོམས།)","KT":"སྟོབས་ཤུགས་འཛོམས། (སྟོབས་ཤུགས་འཛོམས།)","CT":"སྟོབས་ཤུགས་འཛོམས།  (སྟོབས་ཤུགས་འཛོམས།)"}}],[{"phrase":{"AT":"ཁྱེད་ཀྱི་དཀོན་མཆོག་ཁྱེད་དང་མཉམ་དུ་བཞུགས།","KT":"ཁྱེད་ཀྱི་དཀོན་མཆོག་ཁྱེད་དང་མཉམ་དུ་བཞུགས། ","CT":"ཁྱེད་ཀྱི་དཀོན་མཆོག་ཁྱེད་དང་མཉམ་དུ་བཞུགས།"}}],[{"phrase":{"AT":"ང་རང་མི་སྐྲག་གི  (མི་སྐྲག) ","KT":"undefinedང་རང་ཅི་མི་སྐྲག (མི་སྐྲག)","CT":"ང་རང་ཅི་མི་སྐྲག  (མི་སྐྲག) "}}],[{"phrase":{"AT":"ང་ལ་འཇིགས་སྣང་ཅི་ཡང་མེད།  (ཅི་ཡང་མེད།)","KT":"ང་ལ་འཇིགས་སྣང་ཅི་ཡང་མེད། (ཅི་ཡང་མེད།)","CT":"ང་ལ་འཇིགས་སྣང་ཅི་ཡང་མེད།  (ཅི་ཡང་མེད།)"}}],[{"phrase":{"AT":"ང་ནི་དད་པ་དང་རྒྱལ་ཁ་ནང་དུ་སྐྱོད།","KT":"ང་ནི་དད་པ་དང་རྒྱལ་ཁ་ནང་དུ་སྐྱོད། ","CT":"ང་ནི་དད་ཅིང་རྒྱལ་ཁ་ཡི་ནང་དུ་སྐྱོད།"}}],[{"phrase":{"AT":"ཤོག་དང་དད་པ་དང་རྒྱལ་ཁ་ནང་དུ་སྐྱོད།","KT":"ཤོག་དང་དད་པ་དང་རྒྱལ་ཁ་ནང་དུ་སྐྱོད། ","CT":"དད་ཅིང་རྒྱལ་ཁ་ཡིན་ནང་དུ་མགྱོགས་པོ་ཤོག"}}],[{"phrase":{"AT":"དཀོན་མཆོག་ཁོང་ནི་ཁྱོད་དང་མཉམ་དུ་བཞུགས།","KT":"དཀོན་མཆོག་ཁོང་ནི་ཁྱོད་དང་མཉམ་དུ་བཞུགས། ","CT":"དཀོན་མཆོག་ཁོང་ནི་ཁྱེད་དང་མཉམ་དུ་ཡོད།།"}}]],"label":"verse 1","id":1}]},"metadata":[{"AT":"(Be Bold, Be Strong! ཞེས་པའི་དབྱིན་ཇིའི་བསྟོད་དབྱངས།)  AT08 129; KT06 134","KT":"undefined(Be Bold, Be Strong! ཞེས་པའི་དབྱིན་ཇིའི་བསྟོད་དབྱངས།)61 AT08 129; KT06 134 61 Morris Chapman © 1984 Word Music LLC/Song Solutions Copycare. www.songsolutions.org. Used by Permission. ","CT":"(Be Bold, Be Strong! ཞེས་པའི་དབྱིན་ཇིའི་བསྟོད་དབྱངས།)  AT08 129; KT06 134"}]}