{"title":{"AT":"212.མད་ཐཱ་དང་། མཱར་ཀུ། ལོ་ཀུ། ","KT":"212. མད་ཐཱ་དང་། མཱར་ཀུ། ལོ་ཀུ། ","CT":"212.མད་ཐཱ་དང་། མར་ཀུ། ལུ་ཀ། "},"author":"*","key":"*","lyrics":{"Verse":[{"line":[[{"phrase":{"AT":"མད་ཐཱ་དང་། མཱར་ཀུ། ལོ་ཀུ། ","KT":" མད་ཐཱ་དང་། མཱར་ཀུ། ལོ་ཀུ། ","CT":"མད་ཐཱ་དང་། མར་ཀུ། ལུ་ཀ "}}],[{"phrase":{"AT":"ཡོ་ཧ་ནན་གྱིས་བྲིས་པའི་འཕྲིན་བཟང་བཞི། ","KT":"ཡོ་ཧ་ནན་གྱིས་བྲིས་པའི་འཕྲིན་བཟང་བཞི། ","CT":"ཡོ་ཧ་ནན་གྱིས་བྲིས་པའི་འཕྲིན་བཟང་བཞི། "}}],[{"phrase":{"AT":"སྐུ་ཚབ་པ་རྣམས་ཀྱི་མཛད་འཕྲིན་དང་།","KT":"སྐུ་ཚབ་པ་རྣམས་ཀྱི་མཛད་འཕྲིན་དང་། ","CT":"སྐུ་ཚབ་རྣམས་ཀྱི་མཛད་པ་དང་།"}}],[{"phrase":{"AT":"སྐུ་ཚབ་ཕོལ་ལོལ་གྱི་འཕྲིན་ཡིག་རྣམས།","KT":"སྐུ་ཚབ་ཕོལ་ལོལ་གྱི་འཕྲིན་ཡིག་རྣམས། ","CT":"སྐུ་ཚབ་པའུ་ལུའི་འཕྲིན་ཡིག་རྣམས།"}}],[{"phrase":{"AT":"དམ་པའི་གསུང་རབ་ཞལ་ཆད་གསར་བ།","KT":"དམ་པའི་གསུང་རབ་ཞལ་ཆད་གསར་པ། ","CT":"དམ་པའི་གསུངས་རབ་ཞལ་ཆད་གསར་པ།"}}],[{"phrase":{"AT":"ཀློག་རོགས་གནང་། ","KT":"ཀློག་རོགས་གནང་། ","CT":"ཀློག་རོགས་གནང་། "}}]],"label":"verse 1","id":1},{"line":[[{"phrase":{"AT":"རོ་མཱ་པ་དང་ཀོ་རིན་ཐུ་པ།","KT":" རོ་མཱ་པ་དང་ཀོ་རིན་ཐུ་པ། ","CT":"རོ་མ་པ་དང་ཀོ་རིན་ཐུ་པ།"}}],[{"phrase":{"AT":"དང་པོ་དང་དེའི་གཉིས་པ།","KT":"དང་པོ་དང་དེའི་གཉིས་པ། ","CT":"དང་པོ་དང་དེའི་གཉིས་པ།"}}],[{"phrase":{"AT":"ག་ལད་ཡཱ་པ། ཨེ་ཧྥེ་སི་པ།","KT":"ག་ལད་ཡཱ་པ། ཨེ་ཕེ་སི་པ། ","CT":"ག་ལད་ཡཱ་པ། ཨེ་ཕེ་སུ་པ།"}}],[{"phrase":{"AT":"ཧྥི་ལིབ་ཕེ་པ། ཀོ་ལོ་སཱ་པ།","KT":"ཕི་ལིབ་ཕེ་པ། ཀོ་ལོ་སཱ་པ། ","CT":"ཕི་ལིབ་པི་པ། ཀོ་ལོ་ས་པ།"}}],[{"phrase":{"AT":"དམ་པའི་གསུང་རབ་ཞལ་ཆད་གསར་བ།","KT":"དམ་པའི་གསུང་རབ་ཞལ་ཆད་གསར་པ། ","CT":"དམ་པའི་གསུངས་རབ་ཞལ་ཆད་གསར་པ།"}}],[{"phrase":{"AT":"ཀློག་རོགས་གནང་། ","KT":"ཀློག་རོགས་གནང་། ","CT":"ཀློག་རོགས་གནང་། "}}]],"label":"verse 2","id":2},{"line":[[{"phrase":{"AT":"ཐེ་སཱ་ལོ་ནེ་ཀ་ཡི་དང་པོ།","KT":" ཐེ་སཱ་ལོ་ནེ་ཀ་ཡི་དང་པོ། ","CT":"ཐེ་ས་ལོ་ནི་ཀེ་ཡི་དང་པོ།"}}],[{"phrase":{"AT":"ཐེ་སཱ་ལོ་ནེ་ཀའི་གཉིས་པ།","KT":"ཐེ་སཱ་ལོ་ནེ་ཀའི་གཉིས་པ། ","CT":"ཐེ་ས་ལོ་ནི་ཀེའི་གཉིས་པ།"}}],[{"phrase":{"AT":"ཐི་མོ་ཐེ་དང་པོ་དང་། ཐི་མོ་ཐེ་གཉིས་པ་དང་། ","KT":"ཐི་མོ་ཐེ་དང་པོ་དང་། ཐི་མོ་ཐེ་གཉིས་པ་དང་། ","CT":"ཏི་མོ་ཐེའུ་དང་པོ་དང་། ཏི་མོ་ཐེའུ་གཉིས་པ་དང་། "}}],[{"phrase":{"AT":"ཐི་ཏུ། ཧྥི་ལེ་མོན་ནི་ཕོལ་ལོལ་གྱི་འཕྲིན་ཡིག་ཡིན།","KT":"ཐི་ཏུ། ཕི་ལེ་མོན་ནི་ཕོལ་ལོལ་གྱི་འཕྲིན་ཡིག་ཡིན། ","CT":"ཏི་ཏུ། ཕི་ལེ་མོན་ནི་པའུ་ལུའི་འཕྲིན་ཡིག་ཡིན།"}}]],"label":"verse 3","id":3},{"line":[[{"phrase":{"AT":"གཞན་གྱིས་བརྩམས་པའི་འཕྲིན་ཡིག་རྣམས་ནི།","KT":" གཞན་གྱིས་བརྩམས་པའི་འཕྲིན་ཡིག་རྣམས་ནི། ","CT":"གཞན་གྱིས་བརྩམས་པའི་འཕྲིན་ཡིག་རྣམས་ནི།"}}],[{"phrase":{"AT":"ཨིབ་རི་པ་དང་ཡ་ཀོབ་དང་།","KT":"ཨིབ་རི་པ་དང་ཡ་ཀོབ་དང་། ","CT":"ཨིབ་རི་པ་དང་ཡ་ཀོབ་དང་།"}}],[{"phrase":{"AT":"པེ་ཏྲོས་བྲིས་པའི་འཕྲིན་ཡིག་གཉིས།","KT":"པེ་ཏྲོས་བྲིས་པའི་འཕྲིན་ཡིག་གཉིས། ","CT":"པེ་ཏྲོས་བྲིས་པའི་འཕྲིན་ཡིག་གཉིས།"}}],[{"phrase":{"AT":"ཡོ་ཧ་ནན་གྱི་འཕྲིན་ཡིག་གསུམ།","KT":"ཡོ་ཧ་ནན་གྱི་འཕྲིན་ཡིག་གསུམ། ","CT":"ཡོ་ཧ་ནན་གྱི་འཕྲིན་ཡིག་གསུམ།"}}],[{"phrase":{"AT":"དམ་པའི་གསུང་རབ་ཞལ་ཆད་གསར་བ།","KT":"དམ་པའི་གསུང་རབ་ཞལ་ཆད་གསར་པ། ","CT":"དམ་པའི་གསུངས་རབ་ཞལ་ཆད་གསར་པ།"}}],[{"phrase":{"AT":"ཀློག་རོགས་གནང་། ","KT":"ཀློག་རོགས་གནང་། ","CT":"ཀློག་རོགས་གནང་། "}}]],"label":"verse 4","id":4},{"line":[[{"phrase":{"AT":"ཡ་ཧུ་དཱའི་འཕྲིན་ཡིག་དང་། ","KT":" ཡ་ཧུ་དཱའི་འཕྲིན་ཡིག་དང་། ","CT":"ཡ་ཧུ་དཱའི་འཕྲིན་ཡིག་དང་། "}}],[{"phrase":{"AT":"ཡོ་ཧ་ནན་ལ་མངོན་པར་མཛད་པ། ","KT":"ཡོ་ཧ་ནན་ལ་མངོན་པར་མཛད་པ། ","CT":"ཡོ་ཧ་ནན་ལ་མངོན་པར་མཛད་པ། "}}],[{"phrase":{"AT":"ཞལ་ཆད་གསར་བའི་མདོ་རྣམས་ནི།","KT":"ཞལ་ཆད་གསར་པའི་མདོ་རྣམས་ནི། ","CT":"ཞལ་ཆད་གསར་པའི་མདོ་རྣམས་ནི།"}}],[{"phrase":{"AT":"ཁྱོན་བསྡོམས་ཉི་ཤུ་རྩ་བདུན་ཡོད།","KT":"ཁྱོན་བསྡོམས་ཉི་ཤུ་རྩ་བདུན་ཡོད། ","CT":"ཁྱོན་བསྡོམས་ཉི་ཤུ་རྩ་བདུན་ཡོད།"}}],[{"phrase":{"AT":"དམ་པའི་གསུང་རབ་ཞལ་ཆད་གསར་བ།","KT":"དམ་པའི་གསུང་རབ་ཞལ་ཆད་གསར་པ། ","CT":"དམ་པའི་གསུངས་རབ་ཞལ་ཆད་གསར་པ།"}}],[{"phrase":{"AT":"ཀློག་རོགས་གནང་། ","KT":"ཀློག་རོགས་གནང་། ","CT":"ཀློག་རོགས་གནང་།། "}}]],"label":"verse 5","id":5}]},"metadata":[{"AT":"(ཞལ་ཆད་གསར་བའི་དཀར་ཆག)","KT":"undefined(ཞལ་ཆད་གསར་པའི་དཀར་ཆག) ","CT":"(ཞལ་ཆད་གསར་པའི་དཀར་ཆག)"},{"AT":"(གདངས་ནི་འཛམ་བུ་གླིང་གི་ཕྲུ་གུ་ཀུན་ལ་ཞེས་པའི་གཞས་གྲངས73དང་གཅིག་པ།) ","KT":"(གདངས་ནི་འཛམ་བུ་གླིང་གི་ཕྲུ་གུ་ཀུན་ལ་ཞེས་པའི་གཞས་གྲངས73དང་གཅིག་པ།) ","CT":"(གདངས་ནི་འཛམ་བུ་གླིང་གི་ཕྲུ་གུ་ཀུན་ལ་ཞེས་པའི་གཞས་གྲངས་73 དང་གཅིག་པ།) "}]}