{"title":{"AT":"213.མིར་ཡམ་ནང་བཞིན། ","KT":"undefined213. མིར་ཡམ་ནང་བཞིན། ","CT":"213.མི་རི་ཡམ་ནང་བཞིན། "},"author":"*","key":"*","lyrics":{"Verse":[{"line":[[{"phrase":{"AT":"    (ཧ་ལེ་ལོའུ་ཡཱ། ཡེ་ཤུ་སྐུ་གསོན་པོར་བཞེངས།)","KT":"undefined(ཧ་ལེ་ལོའུ་ཡཱ། ཡེ་ཤུ་སྐུ་གསོན་པོར་བཞེངས།) ","CT":"(ཧཱ་ལ་ལུ་ཡཱ། ཡེ་ཤུ་སྐུ་གསོན་པོར་བཞེངས།)"}}],[{"phrase":{"AT":"(འཇིགས་མེད་ཀྱིས་བརྩམས་པའི་བསྟོད་དབྱངས།) PNJ 10","KT":"(འཇིགས་མེད་ཀྱིས་བརྩམས་པའི་བསྟོད་དབྱངས།) PNJ 10 ","CT":"(འཇིགས་མེད་ཀྱིས་བརྩམས་པའི་བསྟོད་དབྱངས།) PNJ 10"}}],[{"phrase":{"AT":"མིར་ཡམ་ནང་བཞིན་ང་གཅིག་པོ་ངུ་དུས། ","KT":" མིར་ཡམ་ནང་བཞིན་ང་གཅིག་པོ་ངུ་དུས། ","CT":"མི་རི་ཡམ་ནང་བཞིན་ང་གཅིག་པོ་ངུ་དུས། "}}],[{"phrase":{"AT":"ཡེ་ཤུས་ངའི་རྩར་བཞེངས་ནས་འདི་འདྲ་གསུངས་པ།","KT":"ཡེ་ཤུས་ངའི་རྩར་བཞེངས་ནས་འདི་འདྲ་གསུངས་པ། ","CT":"ཡེ་ཤུས་ངའི་རྩར་བཞེངས་ནས་འདི་འདྲ་གསུངས་པ།"}}],[{"phrase":{"AT":"ཁྱེད། ཅི་ཕྱིར་འདི་ལྟར་ངུ་བཞིན་ཡོད། ","KT":"ཁྱེད། ཅི་ཕྱིར་འདི་ལྟར་ངུ་བཞིན་ཡོད། ","CT":"ཁྱེད། ག་རེ་བྱེད་ནས་ངུ་བཞིན་ཡོད། "}}],[{"phrase":{"AT":"ཁྱེད། ཅི་ཕྱིར་འདི་ལྟར་ངུ་བཞིན་ཡོད།","KT":"ཁྱེད། ཅི་ཕྱིར་འདི་ལྟར་ངུ་བཞིན་ཡོད། ","CT":"ཁྱེད། ག་རེ་བྱེད་ནས་ངུ་བཞིན་ཡོད།"}}],[{"phrase":{"AT":"ང་ཁྱེད་དང་མཉམ་དུ་བསྡད་ནས་ཡོད། ","KT":"ང་ཁྱེད་དང་མཉམ་དུ་བསྡད་ནས་ཡོད། ","CT":"ང་ཁྱེད་དང་མཉམ་དུ་སྡོད་ཀྱི་ཡོད། "}}],[{"phrase":{"AT":"འཇིགས་སྣང་མ་སྐྱེས། འཇིགས་སྣང་མ་སྐྱེས།","KT":"འཇིགས་སྣང་མ་སྐྱེས། འཇིགས་སྣང་མ་སྐྱེས། ","CT":"ཞེད་སྣང་མ་བྱེད། ཞེད་སྣང་མ་བྱེད།"}}]],"label":"verse 1","id":1},{"line":[[{"phrase":{"AT":"ཉེ་གནས་རྣམས་ནང་བཞིན་མི་ལ་འཇིགས་དུས།","KT":" ཉེ་གནས་རྣམས་ནང་བཞིན་མི་ལ་འཇིགས་དུས། ","CT":"ཉེ་གནས་རྣམས་ནང་བཞིན་མི་ལ་ཞེད་དུས།"}}],[{"phrase":{"AT":"ཡེ་ཤུས་ངའི་རྩར་བཞེངས་ནས་འདི་འདྲ་གསུངས་པ།","KT":"ཡེ་ཤུས་ངའི་རྩར་བཞེངས་ནས་འདི་འདྲ་གསུངས་པ། ","CT":"ཡེ་ཤུས་ངའི་རྩར་བཞེངས་ནས་འདི་འདྲ་གསུངས་པ།"}}],[{"phrase":{"AT":"ཁྱེད་ཀྱི་སེམས་ལ་ཞི་བདེ་ཡོང་བར་ཤོག ","KT":"ཁྱེད་ཀྱི་སེམས་ལ་ཞི་བདེ་ཡོང་བར་ཤོག ","CT":"ཁྱེད་ཀྱི་སེམས་ལ་ཞི་བདེ་ཡོང་བར་ཤོག "}}],[{"phrase":{"AT":"ཁྱེད་ཀྱི་སེམས་ལ་ཞི་བདེ་ཡོང་བར་ཤོག ","KT":"ཁྱེད་ཀྱི་སེམས་ལ་ཞི་བདེ་ཡོང་བར་ཤོག ","CT":"ཁྱེད་ཀྱི་སེམས་ལ་ཞི་བདེ་ཡོང་བར་ཤོག "}}],[{"phrase":{"AT":"དམ་པའི་ཐུགས་ཉིད་སློང་ཞིག ","KT":"དམ་པའི་ཐུགས་ཉིད་སློང་ཞིག ","CT":"དམ་པའི་ཐུགས་ཉིད་སློང་ཞིག "}}],[{"phrase":{"AT":"འཇིགས་སྣང་མ་སྐྱེས། འཇིགས་སྣང་མ་སྐྱེས།","KT":"འཇིགས་སྣང་མ་སྐྱེས། འཇིགས་སྣང་མ་སྐྱེས། ","CT":"ཞེད་སྣང་མ་བྱེད། ཞེད་སྣང་མ་བྱེད།"}}]],"label":"verse 2","id":2},{"line":[[{"phrase":{"AT":"ཐོ་མཱ་ནང་བཞིན་ངའི་སེམས་ལ་དོགས་པ་སྐྱེས་དུས།","KT":" ཐོ་མཱ་ནང་བཞིན་ངའི་སེམས་ལ་དོགས་པ་སྐྱེས་དུས། ","CT":"ཐོ་མཱ་ནང་བཞིན་ངའི་སེམས་ལ་དོག་པ་བྱུང་དུས།"}}],[{"phrase":{"AT":"ཡེ་ཤུས་ངའི་རྩར་བཞེངས་ནས་འདི་འདྲ་གསུངས་པ།","KT":"ཡེ་ཤུས་ངའི་རྩར་བཞེངས་ནས་འདི་འདྲ་གསུངས་པ། ","CT":"ཡེ་ཤུས་ངའི་རྩར་བཞེངས་ནས་འདི་འདྲ་གསུངས་པ།"}}],[{"phrase":{"AT":"ཁྱེད་དོགས་པ་མ་སྐྱེས་ང་ལ་དད་པ་བྱོས།  ","KT":"ཁྱེད་དོགས་པ་མ་སྐྱེས་ང་ལ་དད་པ་བྱོས། ","CT":"ཁྱེད་དོག་པ་མ་བྱེད་ང་ལ་དད་པ་བྱོས།  "}}],[{"phrase":{"AT":"ཁྱེད་དོགས་པ་མ་སྐྱེས་ང་ལ་དད་པ་བྱོས། ","KT":"ཁྱེད་དོགས་པ་མ་སྐྱེས་ང་ལ་དད་པ་བྱོས། ","CT":"ཁྱེད་དོག་པ་མ་བྱེད་ང་ལ་དད་པ་བྱོས། "}}],[{"phrase":{"AT":"ང་ཁྱེད་དང་མཉམ་དུ་བསྡད་ནས་ཡོད།   ","KT":"ང་ཁྱེད་དང་མཉམ་དུ་བསྡད་ནས་ཡོད། ","CT":"ང་ཁྱེད་དང་མཉམ་དུ་སྡོད་ཀྱི་ཡོད།   "}}],[{"phrase":{"AT":"འཇིགས་སྣང་མ་སྐྱེས། འཇིགས་སྣང་མ་སྐྱེས།","KT":"འཇིགས་སྣང་མ་སྐྱེས། འཇིགས་སྣང་མ་སྐྱེས། ","CT":"ཞེད་སྣང་མ་བྱེད། ཞེད་སྣང་མ་བྱེད།"}}]],"label":"verse 3","id":3},{"line":[[{"phrase":{"AT":"མཐའ་མེད་པའི་སྲོག་ང་ལ་གནང་བ་རེད།","KT":"ndefined༤ མཐའ་མེད་པའི་སྲོག་ང་ལ་གནང་བ་རེད། ","CT":"མཐའ་མེད་པའི་སྲོག་ང་ལ་གནང་པ་རེད།"}}],[{"phrase":{"AT":"ཁྱེད་ཀྱི་ཞབས་དྲུང་དུ་ཕྱག་འཚལ་རྒྱུ་ཡིན།","KT":"ཁྱེད་ཀྱི་ཞབས་དྲུང་དུ་ཕྱག་འཚལ་རྒྱུ་ཡིན། ","CT":"ཁྱེད་ཀྱི་ཞབས་དྲུང་དུ་ཕྱག་འཚལ་གྱི་ཡིན།"}}],[{"phrase":{"AT":"ཧ་ལེ་ལོའུ་ཡཱ། ཡེ་ཤུ་སྐུ་གསོན་པོར་བཞེངས། ","KT":"ཧ་ལེ་ལོའུ་ཡཱ། ཡེ་ཤུ་སྐུ་གསོན་པོར་བཞེངས། ","CT":"ཧཱ་ལེ་ལུ་ཡཱ། ཡེ་ཤུ་སྐུ་གསོན་པོར་བཞེངས། "}}],[{"phrase":{"AT":"ཧ་ལེ་ལོའུ་ཡཱ། ཡེ་ཤུ་སྐུ་གསོན་པོར་བཞེངས།","KT":"ཧ་ལེ་ལོའུ་ཡཱ། ཡེ་ཤུ་སྐུ་གསོན་པོར་བཞེངས། ","CT":"ཧཱ་ལེ་ལུ་ཡཱ། ཡེ་ཤུ་སྐུ་གསོན་པོར་བཞེངས།"}}],[{"phrase":{"AT":"ཡེ་ཤུ་ཁྱེད། ང་དང་མཉམ་དུ་བཞུགས།  ","KT":"ཡེ་ཤུ་ཁྱེད། ང་དང་མཉམ་དུ་བཞུགས། ","CT":"ཡེ་ཤུ་ཁྱེད། ང་དང་མཉམ་དུ་བཞུགས།  "}}],[{"phrase":{"AT":"ཧ་ལེ་ལོའུ་ཡཱ། ཧ་ལེ་ལོའུ་ཡཱ།","KT":"ཧ་ལེ་ལོའུ་ཡཱ། ཧ་ལེ་ལོའུ་ཡཱ། ","CT":"ཧཱ་ལེ་ལུ་ཡཱ། ཧཱ་ལེ་ལུ་ཡཱ།"}}]],"label":"verse 4","id":4},{"line":[[{"phrase":{"AT":"ཡེ་ཤུའི་ཤིང་རྒྱ་གྲམ་གྱི་སྐུ་ཁྲག་བརྒྱུད་ནས།  ","KT":" ཡེ་ཤུའི་ཤིང་རྒྱ་གྲམ་གྱི་སྐུ་ཁྲག་བརྒྱུད་ནས། ","CT":"ཡེ་ཤུ་ཡི་རྒྱངས་ཤིང་གི་སྐུ་ཁྲག་བརྒྱུད་ནས།  "}}],[{"phrase":{"AT":"ང་ཡི་སྡིག་པ་ཚང་མ་མེད་པར་བཟོས་སོང༌།","KT":"ང་ཡི་སྡིག་པ་ཚང་མ་མེད་པར་བཟོས་སོང༌། ","CT":"ང་ཡི་སྡིག་པ་ཚང་མ་མེད་པར་བཟོས་སོང༌།"}}],[{"phrase":{"AT":"ཧ་ལེ་ལོའུ་ཡཱ། ཡེ་ཤུ་སྐུ་གསོན་པོར་བཞེངས། ","KT":"ཧ་ལེ་ལོའུ་ཡཱ། ཡེ་ཤུ་སྐུ་གསོན་པོར་བཞེངས། ","CT":"ཧཱ་ལེ་ལུ་ཡཱ། ཡེ་ཤུ་སྐུ་གསོན་པོར་བཞེངས། "}}],[{"phrase":{"AT":"ཧ་ལེ་ལོའུ་ཡཱ། ཡེ་ཤུ་སྐུ་གསོན་པོར་བཞེངས།","KT":"ཧ་ལེ་ལོའུ་ཡཱ། ཡེ་ཤུ་སྐུ་གསོན་པོར་བཞེངས། ","CT":"ཧཱ་ལེ་ལུ་ཡཱ། ཡེ་ཤུ་སྐུ་གསོན་པོར་བཞེངས།"}}],[{"phrase":{"AT":"ཡེ་ཤུ་ཁྱེད། ང་དང་མཉམ་དུ་བཞུགས།  ","KT":"ཡེ་ཤུ་ཁྱེད། ང་དང་མཉམ་དུ་བཞུགས། ","CT":"ཡེ་ཤུ་ཁྱེད། ང་དང་མཉམ་དུ་བཞུགས།  "}}],[{"phrase":{"AT":"ཧ་ལེ་ལོའུ་ཡཱ། ཧ་ལེ་ལོའུ་ཡཱ། ","KT":"ཧ་ལེ་ལོའུ་ཡཱ། ཧ་ལེ་ལོའུ་ཡཱ། ","CT":"ཧཱ་ལེ་ལུ་ཡཱ། ཧཱ་ལེ་ལུ་ཡཱ།། "}}]],"label":"verse 5","id":5}]},"metadata":[]}