{"title":{"AT":"214.མུན་པས་གཡོགས་པའི་འཇིག་རྟེན་ཧྲིལ་པོ་ལ།","KT":"214. མུན་པས་གཡོགས་པའི་འཇིག་རྟེན་ཧྲིལ་པོ་ལ། ","CT":"214.མུན་པས་གཡོགས་པའི་འཇིག་རྟེན་ཧྲིལ་པོ་ལ།"},"author":"*","key":"*","lyrics":{"Verse":[{"line":[[{"phrase":{"AT":"མུན་པས་གཡོགས་པའི་འཇིག་རྟེན་ཧྲིལ་པོ་ལ།","KT":" མུན་པས་གཡོགས་པའི་འཇིག་རྟེན་ཧྲིལ་པོ་ལ། ","CT":"མུན་པས་གཡོགས་པའི་འཇིག་རྟེན་ཧྲིལ་པོ་ལ།"}}],[{"phrase":{"AT":"སྐྱབས་མགོན་ལ་ནི་ཡེ་ཤུ་འཁྲུངས་པ། ","KT":"སྐྱབས་མགོན་ལ་ནི་ཡེ་ཤུ་འཁྲུངས་པ། ","CT":"སྐྱབས་མགོན་ལ་ནི་ཡེ་ཤུ་འཁྲུངས་པ། "}}],[{"phrase":{"AT":"ཉི་འོད་ས་ལ་འཕྲོས་ནས།","KT":"ཉི་འོད་ས་ལ་འཕྲོས་ནས། ","CT":"ཉི་འོད་ས་ལ་འཕྲོས་ནས།"}}],[{"phrase":{"AT":"ཚང་མས་འགྲོ་ལམ་མཐོང་འདྲ། ༢","KT":"ཚང་མས་འགྲོ་ལམ་མཐོང་འདྲ། ༢ ","CT":"ཚང་མས་འགྲོ་ལམ་མཐོང་འདྲ། ༢"}}],[{"phrase":{"AT":"ཆར་བ་ས་ལ་བབས་ནས། ","KT":"ཆར་པ་ས་ལ་བབས་ནས། ","CT":"ཆར་པ་ས་ལ་བབས་འདྲ། "}}],[{"phrase":{"AT":"ཐམས་ཅད་མཛེས་སྡུག་བཀོད་འདྲ།","KT":"ཐམས་ཅད་མཛེས་སྡུག་བཀོད་འདྲ། ","CT":"ཐམས་ཅད་མཛེས་སྡུག་བཀོད་འདྲ།"}}]],"label":"verse 1","id":1},{"line":[[{"phrase":{"AT":"སྐྱབས་མགོན་ཡེ་ཤུ་འཁྲུངས་ས།","KT":" སྐྱབས་མགོན་ཡེ་ཤུ་འཁྲུངས་ས། ","CT":"སྐྱབས་མགོན་ཡེ་ཤུ་འཁྲུངས་ས།"}}],[{"phrase":{"AT":"པེད་ལེ་ལ་ནི་ཧེམ་དུ་ཡིན་ནོ། ༢ ","KT":"པེད་ལེ་ལ་ནི་ཧེམ་དུ་ཡིན་ནོ། ༢ ","CT":"བེད་ལེ་ལ་ནི་ཧེམ་དུ་ཡིན་ནོ། ༢ "}}],[{"phrase":{"AT":"སྐྱབས་མགོན་ཡེ་ཤུ་ཕེབས་ས། ","KT":"སྐྱབས་མགོན་ཡེ་ཤུ་ཕེབས་ས། ","CT":"སྐྱབས་མགོན་ཡེ་ཤུ་ཕེབས་ས། "}}],[{"phrase":{"AT":"ནམ་མཁའི་ཞིང་ཁམས་ཡིན་ནོ།། ","KT":"ནམ་མཁའི་ཞིང་ཁམས་ཡིན་ནོ། ","CT":"ནམ་མཁའི་ཞིང་ཁམས་ཡིན་ནོ། "}}],[{"phrase":{"AT":"སྐྱབས་མགོན་ཡེ་ཤུས་ཐུགས་ཉིད། ","KT":"སྐྱབས་མགོན་ཡེ་ཤུས་ཐུགས་ཉིད། ","CT":"སྐྱབས་མགོན་ཡེ་ཤུས་ཐུགས་ཉིད། "}}],[{"phrase":{"AT":"ཚང་མའི་སྙིང་ལ་གནང་བྱུང་།  ","KT":"ཚང་མའི་སྙིང་ལ་གནང་བྱུང་། ","CT":"ཚང་མའི་སྙིང་ལ་གནང་བྱུང་།།  "}}]],"label":"verse 2","id":2}]},"metadata":[{"AT":"(ངག་དབང་སི་ལཱས་བརྩམས་པའི་བསྟོད་དབྱངས།) KT06 139 ","KT":"undefined(ངག་དབང་སི་ལཱས་བརྩམས་པའི་བསྟོད་དབྱངས།) KT06 139 ","CT":"(ངག་དབང་སི་ལཱས་བརྩམས་པའི་བསྟོད་དབྱངས།) KT06 139 "}]}