{"title":{"AT":"215.མེ་ཏོག་དཀར་པོ། ༡ ","KT":"215. མེ་ཏོག་དཀར་པོ། ༡ ","CT":"215.མེ་ཏོག་དཀར་པོ། ༡ "},"author":"*","key":"*","lyrics":{"Verse":[{"line":[[{"phrase":{"AT":"ཡ་ལེ། མེ་ཏོག་དཀར་པོ་གངས་རི་སྟེང་ལ་བཞད་སོང་ལ། ","KT":" ཡ་ལེ། མེ་ཏོག་དཀར་པོ་གངས་རི་སྟེང་ལ་བཞད་སོང་ལ། ","CT":"ཡ་ལེ། མེ་ཏོག་དཀར་པོ་གངས་རི་སྟེང་ལ་བཞད་པ་ལ། "}}],[{"phrase":{"AT":"ཡ་ལེ། དཀོན་མཆོག་བཀའ་དྲིན།","KT":"ཡ་ལེ། དཀོན་མཆོག་བཀའ་དྲིན། ","CT":"ཡ་ལེ། དཀོན་མཆོག་བཀའ་དྲིན།"}}],[{"phrase":{"AT":"གངས་རི་ལས་ཀྱང་དཀར་བ། ༢ ","KT":"གངས་རི་ལས་ཀྱང་དཀར་བ། ༢ ","CT":"གངས་རི་ལས་ཀྱང་དཀར་བ། ༢ "}}],[{"phrase":{"AT":"ཡ་ལ་དཀར་བ་རེད།","KT":"ཡ་ལ་དཀར་བ་རེད། ","CT":"ཡ་ལ་དཀར་བ་རེད།"}}]],"label":"verse 1","id":1},{"line":[[{"phrase":{"AT":"ཡ་ལེ། མེ་ཏོག་དམར་པོ་རྫ་རི་སྟེང་ལ་བཞད་སོང་ལ། ","KT":" ཡ་ལེ། མེ་ཏོག་དམར་པོ་རྫ་རི་སྟེང་ལ་བཞད་སོང་ལ། ","CT":"ཡ་ལེ། མེ་ཏོག་དམར་པོ་རྫ་རི་སྟེང་ལ་བཞད་པ་ལ། "}}],[{"phrase":{"AT":"ཡ་ལེ། ཡེ་ཤུའི་མཚན་སྙན་རྫ་རི་ལས་ཀྱང་མཐོ་བ། ","KT":"ཡ་ལེ། ཡེ་ཤུའི་མཚན་སྙན་རྫ་རི་ལས་ཀྱང་མཐོ་བ། ","CT":"ཡ་ལེ། ཡེ་ཤུའི་མཚན་སྙན་རྫ་རི་ལས་ཀྱང་མཐོ་བ། "}}],[{"phrase":{"AT":"ཡ་ལ་མཐོ་བ་རེད། ","KT":"ཡ་ལ་མཐོ་བ་རེད། ","CT":"ཡ་ལ་མཐོ་བ་བོ། "}}]],"label":"verse 2","id":2},{"line":[[{"phrase":{"AT":"ཡ་ལེ། གངས་ཅན་ཡུལ་ལ།","KT":" ཡ་ལེ། གངས་ཅན་ཡུལ་ལ། ","CT":"ཡ་ལེ། གངས་ཅན་ཡུལ་ལ།"}}],[{"phrase":{"AT":"སྐྱབས་མགོན་གཅིག་པུ་འཁྲུངས་སོང་ལ། ","KT":"སྐྱབས་མགོན་གཅིག་པུ་འཁྲུངས་སོང་ལ། ","CT":"སྐྱབས་མགོན་གཅིག་འཁྲུངས་སོང་ལ། "}}],[{"phrase":{"AT":"ཡ་ལེ། མི་ཡི་སྡིག་པ་བསལ་བའི་ཆེད་དུ་ཡིན་ནོ།། ༢","KT":"ཡ་ལེ། མི་ཡི་སྡིག་པ་སེལ་བའི་ཆེད་དུ་ཡིན་ནོ། ༢ ","CT":"ཡ་ལེ། མི་ཡི་སྡིག་པ་སེལ་བའི་ཆེད་དུ་ཡིན་ནོ། ༢"}}],[{"phrase":{"AT":"ཡ་ལ་བཀའ་དྲིན་ཆེ། ","KT":"ཡ་ལ་བཀའ་དྲིན་ཆེ། ","CT":"ཡ་ལ་བཀའ་དྲིན་ཆེ།། "}}]],"label":"verse 3","id":3}]},"metadata":[{"AT":"(ཁམས་པའི་དྲན་པའི་གླུ་དབྱངས།) KT06 140 ","KT":"undefined(ཁམས་པའི་དྲན་པའི་གླུ་དབྱངས།) KT06 140 ","CT":"(ཁམས་པའི་དྲན་པའི་གླུ་དབྱངས།) KT06 140 "}]}