{"title":{"AT":"216.མེ་ཏོག་དཀར་པོ། ༢ ","KT":"undefined216. མེ་ཏོག་དཀར་པོ། ༢ ","CT":"216.མེ་ཏོག་དཀར་པོ། ༢ "},"author":"*","key":"*","lyrics":{"Verse":[{"line":[[{"phrase":{"AT":"ཡ་རེ། མེ་ཏོག་དཀར་པོ། ","KT":" ཡ་རེ། མེ་ཏོག་དཀར་པོ། ","CT":"ཡ་ཧ་ལ། མེ་ཏོག་དཀར་པོ། "}}],[{"phrase":{"AT":"གཙོ་བོ་ཁྱེད་ལ་ཕུལ་ཡོད་ལགས། ","KT":"གཙོ་བོ་ཁྱེད་ལ་ཕུལ་ཡོད་ལགས། ","CT":"གཙོ་བོ་ཁྱེད་ལ་ཕུལ་ཡོད་ལགས། "}}],[{"phrase":{"AT":"ཡ་རེ། ","KT":"ཡ་རེ། ","CT":"ཡ་ཧ་ལ། "}}],[{"phrase":{"AT":"དེ་རིང་གཙོ་བོ་ཁྱེད་ཀྱི་འཁྲུངས་སྐར་ཉིན་མོ་ལགས། ","KT":"དེ་རིང་གཙོ་བོ་ཁྱེད་ཀྱི་འཁྲུངས་སྐར་ཉིན་མོ་ལགས། ","CT":"དེ་རིང་གཙོ་བོ་ཁྱེད་ཀྱི་འཁྲུངས་སྐར་ཉིན་མོ་ལགས། "}}],[{"phrase":{"AT":"ཡ་རེ། མེ་ཏོག་དཀར་པོ། གཙོ་བོ་ཁྱེད་ལ་ཕུལ་ཡོད་ལ། ","KT":"ཡ་རེ། མེ་ཏོག་དཀར་པོ། གཙོ་བོ་ཁྱེད་ལ་ཕུལ་ཡོད་ལ། ","CT":"ཡ་ཧ་ལ། མེ་ཏོག་དཀར་པོ། གཙོ་བོ་ཁྱེད་ལ་ཕུལ་ཡོད་ལ། "}}],[{"phrase":{"AT":"གཙོ་བོ་ལགས། ","KT":"གཙོ་བོ་ལགས། ","CT":"གཙོ་བོ་ལགས། "}}]],"label":"verse 1","id":1},{"line":[[{"phrase":{"AT":"རྣམ་པ་ཚོ། ཁ་བཏགས་འཁྱེར་ཤོག  ","KT":"ྣམ་པ་ཚོ། ཁ་བཏགས་འཁྱེར་ཤོག ","CT":"ྣམ་པ་ཚོ། ཁ་བཏགས་ཁུར་ཤོག  "}}],[{"phrase":{"AT":"ཤོག་གྲོགས་པོ་ཚོ། མེ་ཏོག་འཁྱེར་ཤོག","KT":"ཤོག་གྲོགས་པོ་ཚོ། མེ་ཏོག་འཁྱེར་ཤོག ","CT":"ཤོག་གྲོགས་པོ་ཚོ། མེ་ཏོག་ཁུར་ཤོག"}}],[{"phrase":{"AT":"དེ་རིང་གཙོ་བོའི་འཁྲུངས་སྐར་རེད། གྲོགས་པོ་ཚོ། ","KT":"དེ་རིང་གཙོ་བོའི་འཁྲུངས་སྐར་རེད། གྲོགས་པོ་ཚོ། ","CT":"དེ་རིང་གཙོ་བོ་འཁྲུངས་སྐར་རེད། གྲོགས་པོ་ཚོ། "}}]],"label":"verse 2","id":2},{"line":[[{"phrase":{"AT":"ཡ་རེ། མེ་ཏོག་དམར་པོ། ","KT":" ཡ་རེ། མེ་ཏོག་དམར་པོ། ","CT":"ཡ་ཧ་ལ། མེ་ཏོག་དམར་པོ། "}}],[{"phrase":{"AT":"གཙོ་བོ་ཁྱེད་ལ་ཕུལ་ཡོད་ལགས།","KT":"གཙོ་བོ་ཁྱེད་ལ་ཕུལ་ཡོད་ལགས། ","CT":"གཙོ་བོ་ཁྱེད་ལ་ཕུལ་ཡོད་ལགས།"}}],[{"phrase":{"AT":"ཡ་རེ། ","KT":"ཡ་རེ། ","CT":"ཡ་ཧ་ལ། "}}],[{"phrase":{"AT":"སྐྱབས་མགོན་ཡེ་ཤུ་འཇིག་རྟེན་འདི་ལ་འཁྲུངས་ཡོད་ལགས། ","KT":"སྐྱབས་མགོན་ཡེ་ཤུ་འཇིག་རྟེན་འདི་ལ་འཁྲུངས་ཡོད་ལགས། ","CT":"སྐྱབས་མགོན་ཡེ་ཤུ་འཇིག་རྟེན་འདི་ལ་འཁྲུངས་ཡོད་ལགས། "}}],[{"phrase":{"AT":"ཡ་རེ། མེ་ཏོག་དམར་པོ། ","KT":"ཡ་རེ། མེ་ཏོག་དམར་པོ། ","CT":"ཡ་ཧ་ལ། མེ་ཏོག་དམར་པོ། "}}],[{"phrase":{"AT":"སྐྱབས་མགོན་ཁྱེད་ལ་ཕུལ་ཡོད་ལ། ","KT":"སྐྱབས་མགོན་ཁྱེད་ལ་ཕུལ་ཡོད་ལ། ","CT":"སྐྱབས་མགོན་ཁྱེད་ལ་ཕུལ་ཡོད་ལ། "}}]],"label":"verse 3","id":3},{"line":[[{"phrase":{"AT":"གཙོ་བོ་ལགས། ","KT":"ཙོ་བོ་ལགས། ","CT":"ཙོ་བོ་ལགས། "}}],[{"phrase":{"AT":"རྣམ་པ་ཚོ། སྡིག་བཤགས་ཕུལ་ཤོག","KT":"རྣམ་པ་ཚོ། སྡིག་བཤགས་ཕུལ་ཤོག ","CT":"རྣམས་པ་ཚོ། སྡིག་བཤགས་ཕུལ་ཤོག"}}],[{"phrase":{"AT":"གྲོགས་པོ་ཚོ། སེམས་པ་བསྒྱུར་ཤོག","KT":"གྲོགས་པོ་ཚོ། སེམས་པ་བསྒྱུར་ཤོག ","CT":"གྲོགས་པོ་ཚོ། སེམས་པ་བསྒྱུར་ཤོག"}}],[{"phrase":{"AT":"ཁྱེད་ལ་མི་ཚེ་གསར་བ་ཐོབ་ཡོང་། རྣམ་པ་ཚོ། ","KT":"ཁྱེད་ལ་མི་ཚེ་གསར་པ་ཐོབ་ཡོང་། རྣམ་པ་ཚོ། ","CT":"ཁྱེད་ལ་མི་ཚེ་གསར་པ་ཐོབ་ཡོང་། རྣམ་པ་ཚོ། "}}]],"label":"verse 4","id":4},{"line":[[{"phrase":{"AT":"ཡ་རེ། མེ་ཏོག་སྔོན་པོ། ","KT":"ndefined༣ ཡ་རེ། མེ་ཏོག་སྔོན་པོ། ","CT":"ཡ་ཧ་ལ། མེ་ཏོག་སྔོན་པོ། "}}],[{"phrase":{"AT":"གཙོ་བོ་ཁྱེད་ལ་ཕུལ་ཡོད་ལགས།","KT":"གཙོ་བོ་ཁྱེད་ལ་ཕུལ་ཡོད་ལགས། ","CT":"གཙོ་བོ་ཁྱེད་ལ་ཕུལ་ཡོད་ལགས།"}}],[{"phrase":{"AT":"ཡ་རེ། གཙོ་བོ་ཡེ་ཤུ་པེད་ལེ་ཧེམ་དུ་འཁྲུངས་སོང་ལགས། ","KT":"ཡ་རེ། གཙོ་བོ་ཡེ་ཤུ་པེད་ལེ་ཧེམ་དུ་འཁྲུངས་སོང་ལགས། ","CT":"ཡ་ཧ་ལ། གཙོ་བོ་ཡེ་ཤུ་བེད་ལེ་ཧེམ་དུ་འཁྲུངས་སོང་ལགས། "}}],[{"phrase":{"AT":"ཡ་རེ། ","KT":"ཡ་རེ། ","CT":"ཡ་ཧ་ལ། "}}],[{"phrase":{"AT":"སྐྱབས་མགོན་ཁྱེད་ལ་མེ་ཏོག་འབུལ་བར་ཡོང་ཡོད་ལ། ","KT":"སྐྱབས་མགོན་ཁྱེད་ལ་མེ་ཏོག་འབུལ་བར་ཡོང་ཡོད་ལ། ","CT":"སྐྱབས་མགོན་ཁྱེད་ལ་མེ་ཏོག་འབུལ་བར་ཡོང་ཡོད་ལ། "}}]],"label":"verse 5","id":5},{"line":[[{"phrase":{"AT":"གཙོ་བོ་ལགས། ","KT":"ཙོ་བོ་ལགས། ","CT":"ཙོ་བོ་ལགས། "}}],[{"phrase":{"AT":"རྣམ་པ་ཚོ། བསྟོད་དབྱངས་ཕུལ་ཞིག","KT":"རྣམ་པ་ཚོ། བསྟོད་དབྱངས་ཕུལ་ཞིག ","CT":"རྣམ་པ་ཚོ། བསྟོད་དབྱངས་ཕུལ་ཞིག"}}],[{"phrase":{"AT":"གྲོགས་པོ་ཚོ། སྨོན་ལམ་ཞུས་དང་།","KT":"གྲོགས་པོ་ཚོ། སྨོན་ལམ་ཞུས་དང་། ","CT":"གྲོགས་པོ་ཚོ། སྨོན་ལམ་བརྒྱབ་དང་།"}}],[{"phrase":{"AT":"དེ་རིང་སྐྱབས་མགོན་འཁྲུངས་སྐར་རེད། ལུག་རྫི་ཚོ།","KT":"དེ་རིང་སྐྱབས་མགོན་འཁྲུངས་སྐར་རེད། ལུག་རྫི་ཚོ། ","CT":"དེ་རིང་སྐྱབས་མགོན་འཁྲུངས་སྐར་རེད། ལུག་རྫི་ཚོ།།"}}]],"label":"verse 6","id":6}]},"metadata":[{"AT":"(དོན་ཚེས་བརྩམས་པའི་བསྟོད་དབྱངས།) NS CD1:2; KT06 141","KT":"undefined(དོན་ཚེས་བརྩམས་པའི་བསྟོད་དབྱངས།) NS CD1:2; KT06 141 ","CT":"(ངག་དབང་སི་ལཱས་བརྩམས་པའི་བསྟོད་དབྱངས།) NS CD1:2; KT06 141"}]}