{"title":{"AT":"217.མོ་ཤེ་ཨི་ཅིབ་ན་ཡོད་དུས།","KT":"217. མོ་ཤེ་ཨི་ཅིབ་ལ་ཡོད་དུས། ","CT":"217.མོ་ཤེ་ཨི་ཇིབ་ལ་ཡོད་དུས།"},"author":"*","key":"*","lyrics":{"Verse":[{"line":[[{"phrase":{"AT":"མོ་ཤེ་ཨེ་ཅིབ་ན་ཡོད་དུས།","KT":"མོ་ཤེ་ཨེ་ཅིབ་ལ་ཡོད་དུས། ","CT":"མོ་ཤེ་ཨེ་ཇིབ་ལ་ཡོད་དུས།"}}],[{"phrase":{"AT":"ངའི་མི་འགྲོ་རུ་བཅུག","KT":"ངའི་མི་འགྲོ་རུ་བཅུག ","CT":"ངའི་མི་འགྲོ་རུ་བཅུག"}}],[{"phrase":{"AT":"ཁོ་ཚོའི་འཚོ་བ་ངོ་མ་དཀའ་འོ།།","KT":"ཁོ་ཚོའི་འཚོ་བ་ངོ་མ་དཀའ་འོ།། ","CT":"ཁོ་ཚོའི་འཚོ་བ་ངོ་མ་དཀའ་འོ།།"}}],[{"phrase":{"AT":"ངའི་མི་འགྲོ་རུ་བཅུག","KT":"ངའི་མི་འགྲོ་རུ་བཅུག ","CT":"ངའི་མི་འགྲོ་རུ་བཅུག"}}],[{"phrase":{"AT":"མོ་ཤེ་མར་ལ་སོང་ནས།","KT":"མོ་ཤེ་མར་ལ་སོང་ནས། ","CT":"མོ་ཤེ་མར་ལ་སོང་ནས།"}}],[{"phrase":{"AT":"ཨེ་ཅིབ་ཡི་རྒྱལ་ཁབ་ཏུ་སོང་ནས།","KT":"ཨེ་ཅིབ་ཡི་རྒྱལ་ཁབ་ཏུ་སོང་ནས། ","CT":"ཨེ་ཇིབ་ཡི་རྒྱལ་ཁབ་ཏུ་སོང་ནས།"}}],[{"phrase":{"AT":"རྒྱལ་པོར་ངའི་མི་འགྲོ་རུ་བཅུག་ཅེས་ཤོད། ༢","KT":"རྒྱལ་པོར་ངའི་མི་འགྲོ་རུ་བཅུག་ཅེས་ཤོད།། ༢ ","CT":"རྒྱལ་པོར་ངའི་མི་འགྲོ་རུ་བཅུག་ཅེས་ཤོད།། ༢"}}]],"label":"verse 1","id":1}]},"metadata":[{"AT":"(Let My People Go ཞེས་པའི་དབྱིན་ཇིའི་བསྟོད་དབྱངས།)  AT08 134; KT06 142","KT":"(Let My People Go ཞེས་པའི་དབྱིན་ཇིའི་བསྟོད་དབྱངས།)62 AT08 134; KT06 142 62 Public Domain པར་དབང་འཛིན་མཁན་མེད་པ། ","CT":"(Let My People Go ཞེས་པའི་དབྱིན་ཇིའི་བསྟོད་དབྱངས།)  AT08 134; KT06 142"}]}