{"title":{"AT":"218.གཙོ་བོ། ","KT":"218. གཙོ་བོ། ","CT":"218.གཙོ་བོ། "},"author":"*","key":"*","lyrics":{"Verse":[{"line":[[{"phrase":{"AT":"      (གཟི་བརྗིད་ཚང་མ་ཁྱེད་ལ་འབུལ།) ","KT":"(གཟི་བརྗིད་ཚང་མ་ཁྱེད་ལ་འབུལ།)","CT":"(གཟི་བརྗིད་ཚང་མ་ཁྱེད་ལ་འབུལ།) "}}],[{"phrase":{"AT":"(གསུང་མགུར86:8-11) AT08 139; KT06 148","KT":"(གསུང་མགུར86:8-11) AT08 139; KT06 148 ","CT":"(གསུང་མགུར་86:8-11) AT08 139; KT06 148"}}],[{"phrase":{"AT":"གཙོ་བོ།  ལྷ་ཡི་ཁྲོད་དུ་ཁྱེད་ཀྱི་འགྲན་ཟླ་སུ་ཡང་མེད།","KT":" གཙོ་བོ། ལྷ་ཡི་ཁྲོད་དུ་ཁྱེད་ཀྱི་འགྲན་ཟླ་སུ་ཡང་མེད། ","CT":"གཙོ་བོ།  ལྷ་ཡི་ཁྲོད་དུ་ཁྱེད་ཀྱི་འགྲན་ཟླ་སུ་ཡང་མེད།"}}],[{"phrase":{"AT":"མི་རིགས་ཐམས་ཅད་ཁྱེད་ཀྱི་མདུན་དུ་ཡོང་ནས།","KT":"མི་རིགས་ཐམས་ཅད་ཁྱེད་ཀྱི་མདུན་དུ་ཡོང་ནས། ","CT":"མི་རིགས་ཐམས་ཅད་ཁྱེད་ཀྱི་མདུན་དུ་ཡོང་ནས།"}}],[{"phrase":{"AT":"ཁྱེད་ལ་བསྟོད་བསྔགས་བརྗོད།","KT":"ཁྱེད་ལ་བསྟོད་བསྔགས་བརྗོད། ","CT":"ཁྱེད་ལ་བསྟོད་བསྔགས་བརྗོད།"}}],[{"phrase":{"AT":"གཟི་བརྗིད་ཚང་མ་ཁྱེད་ལ་འབུལ། ༢","KT":"གཟི་བརྗིད་ཚང་མ་ཁྱེད་ལ་འབུལ། ༢ ","CT":"གཟི་བརྗིད་ཚང་མ་ཁྱེད་ལ་འབུལ། ༢"}}]],"label":"verse 1","id":1},{"line":[[{"phrase":{"AT":"གཙོ་བོ།  ཁྱེད་ཉིད་ཁོ་ན་ངོ་མཚར་ལྡན་པའི་དཀོན་མཆོག་ཡིན།","KT":" གཙོ་བོ། ཁྱེད་ཉིད་ཁོ་ན་ངོ་མཚར་ལྡན་པའི་དཀོན་མཆོག་ཡིན། ","CT":"གཙོ་བོ།  ཁྱེད་ཉིད་ཁོ་ན།  ངོ་མཚར་ལྡན་པའི་དཀོན་མཆོག་ཡིན།"}}],[{"phrase":{"AT":"མི་རིགས་ཐམས་ཅད་ཁྱེད་ཀྱི་མདུན་དུ་ཡོང་ནས།","KT":"མི་རིགས་ཐམས་ཅད་ཁྱེད་ཀྱི་མདུན་དུ་ཡོང་ནས། ","CT":"མི་རིགས་ཐམས་ཅད་ཁྱེད་ཀྱི་མདུན་དུ་ཡོང་ནས།"}}],[{"phrase":{"AT":"ཁྱེད་ལ་བསྟོད་བསྔགས་བརྗོད།","KT":"ཁྱེད་ལ་བསྟོད་བསྔགས་བརྗོད། ","CT":"ཁྱེད་ལ་བསྟོད་བསྔགས་བརྗོད།"}}],[{"phrase":{"AT":"གཟི་བརྗིད་ཚང་མ་ཁྱེད་ལ་འབུལ། ༢","KT":"གཟི་བརྗིད་ཚང་མ་ཁྱེད་ལ་འབུལ། ༢ ","CT":"གཟི་བརྗིད་ཚང་མ་ཁྱེད་ལ་འབུལ། ༢"}}]],"label":"verse 2","id":2},{"line":[[{"phrase":{"AT":"གཙོ་བོ།  ཁྱེད་ཀྱི་བདེན་པའི་ལམ་དེ་ང་ལ་སློབ་པར་མཛོད།","KT":" གཙོ་བོ། ཁྱེད་ཀྱི་བདེན་པའི་ལམ་དེ་ང་ལ་སློབ་པར་མཛོད། ","CT":"གཙོ་བོ།  ཁྱེད་ཀྱི་བདེན་པའི་ལམ་དེ་ང་ལ་སློབ་པར་མཛོད།"}}],[{"phrase":{"AT":"མི་རིགས་ཐམས་ཅད་ཁྱེད་ཀྱི་མདུན་དུ་ཡོང་ནས།","KT":"མི་རིགས་ཐམས་ཅད་ཁྱེད་ཀྱི་མདུན་དུ་ཡོང་ནས། ","CT":"མི་རིགས་ཐམས་ཅད་ཁྱེད་ཀྱི་མདུན་དུ་ཡོང་ནས།"}}],[{"phrase":{"AT":"ཁྱེད་ལ་བསྟོད་བསྔགས་བརྗོད།","KT":"ཁྱེད་ལ་བསྟོད་བསྔགས་བརྗོད། ","CT":"ཁྱེད་ལ་བསྟོད་བསྔགས་བརྗོད།"}}],[{"phrase":{"AT":"གཟི་བརྗིད་ཚང་མ་ཁྱེད་ལ་འབུལ། ༢","KT":"གཟི་བརྗིད་ཚང་མ་ཁྱེད་ལ་འབུལ། ༢ ","CT":"གཟི་བརྗིད་ཚང་མ་ཁྱེད་ལ་འབུལ། ༢"}}]],"label":"verse 3","id":3},{"line":[[{"phrase":{"AT":"གཙོ་བོ།  ཁྱེད་ཀྱི་མཚན་ལ་འཇིགས་ཕྱིར།ངའི་བློ་སེམས་རྩེ་གཅིག་ཡིན་པར་མཛོད།","KT":" གཙོ་བོ། ཁྱེད་ཀྱི་མཚན་ལ་འཇིགས་ཕྱིར། ངའི་བློ་སེམས་རྩེ་གཅིག་ཡིན་པར་མཛོད། ","CT":"གཙོ་བོ།  ཁྱེད་ཀྱི་མཚན་ལ་འཇིགས་ཕྱིར།"}}],[{"phrase":{"AT":"མི་རིགས་ཐམས་ཅད་ཁྱེད་ཀྱི་མདུན་དུ་ཡོང་ནས།","KT":"མི་རིགས་ཐམས་ཅད་ཁྱེད་ཀྱི་མདུན་དུ་ཡོང་ནས། ","CT":"ངའི་བློ་སེམས་རྩེ་གཅིག་ཡིན་པར་མཛོད།"}}],[{"phrase":{"AT":"ཁྱེད་ལ་བསྟོད་བསྔགས་བརྗོད།","KT":"ཁྱེད་ལ་བསྟོད་བསྔགས་བརྗོད། ","CT":"མི་རིགས་ཐམས་ཅད་ཁྱེད་ཀྱི་མདུན་དུ་ཡོང་ནས།"}}],[{"phrase":{"AT":"གཟི་བརྗིད་ཚང་མ་ཁྱེད་ལ་འབུལ། ༢","KT":"གཟི་བརྗིད་ཚང་མ་ཁྱེད་ལ་འབུལ། ༢ ","CT":"ཁྱེད་ལ་བསྟོད་བསྔགས་བརྗོད།"}}],[{"phrase":{"AT":"*","KT":"*","CT":"གཟི་བརྗིད་ཚང་མ་ཁྱེད་ལ་འབུལ།། ༢"}}]],"label":"verse 4","id":4}]},"metadata":[]}