{"title":{"AT":"219.གཙོ་བོ་དཀོན་མཆོག་དམ་པ་དང་རྣམ་པར་དག་པ།","KT":"219. གཙོ་བོ་དཀོན་མཆོག་དམ་པ་དང་རྣམ་པར་དག་པ། ","CT":"219.གཙོ་བོ་དཀོན་མཆོག་དམ་པ་དང་རྣམ་པར་དག་པ།"},"author":"*","key":"*","lyrics":{"Verse":[{"line":[[{"phrase":{"AT":"གཙོ་བོ་དཀོན་མཆོག ","KT":"གཙོ་བོ་དཀོན་མཆོག ","CT":"གཙོ་བོ་དཀོན་མཆོག "}}],[{"phrase":{"AT":"དམ་པ་དང་རྣམ་པར་དག་པ།","KT":"དམ་པ་དང་རྣམ་པར་དག་པ། ","CT":"དམ་པ་དང་རྣམ་པར་དག་པ།"}}],[{"phrase":{"AT":"འགྱུར་བ་མེད་པའི་དཀོན་མཆོག་ཡིན། ༢","KT":"འགྱུར་བ་མེད་པའི་དཀོན་མཆོག་ཡིན། ༢ ","CT":"འགྱུར་བ་མེད་པའི་དཀོན་མཆོག་ཡིན། ༢"}}],[{"phrase":{"AT":"ོང་གི་དྲུང་དུ་ཡོང་ནས། ","KT":"ཁོང་གི་དྲུང་དུ་ཡོང་ནས། ","CT":"ོང་གི་དྲུང་དུ་ཡོང་ནས། "}}],[{"phrase":{"AT":"   སོ་སོའི་པུས་མོ་སར་བཙུགས་ནས།","KT":"སོ་སོའི་པུས་མོ་སར་བཙུགས་ནས། ","CT":"   སོ་སོའི་པུས་མོ་ཚུགས་ཅིག"}}],[{"phrase":{"AT":"སོ་སོའི་སྡིག་པ། ","KT":"སོ་སོའི་སྡིག་པ། ","CT":"སོ་སོའི་སྡིག་པ། "}}],[{"phrase":{"AT":"ད་ལྟ་རང་སྤོངས་ཤིག ༣","KT":"ད་ལྟ་རང་སྤོངས་ཤིག ༣ ","CT":"ད་ལྟ་རང་སྤང་ཅིག ༣"}}]],"label":"verse 1","id":1},{"line":[[{"phrase":{"AT":"ོང་གི་དྲུང་དུ་ཡོང་ནས།","KT":"ཁོང་གི་དྲུང་དུ་ཡོང་ནས། ","CT":"ོང་གི་དྲུང་དུ་ཡོང་ནས།"}}],[{"phrase":{"AT":"  ལུས་ངག་ཡིད་གསུམ་ཁོང་ལ་ཕུལ།","KT":"ལུས་ངག་ཡིད་གསུམ་ཁོང་ལ་ཕུལ། ","CT":"  ལུས་ངག་ཡིད་གསུམ་ཁོང་ལ་ཕུལ།"}}],[{"phrase":{"AT":" སོ་སོའི་སེམས་ནས།","KT":"སོ་སོའི་སེམས་ནས། ","CT":" སོ་སོའི་སེམས་ནས།"}}],[{"phrase":{"AT":" ཁོང་ལ་བསྟོད་དབྱངས་ཕུལ། ༣","KT":"ཁོང་ལ་བསྟོད་དབྱངས་ཕུལ། ༣ ","CT":" ཁོང་ལ་བསྟོད་དབྱངས་ཕུལ། ༣"}}]],"label":"verse 2","id":2},{"line":[[{"phrase":{"AT":"ོང་གི་དྲུང་དུ་ཡོང་ནས།","KT":"ཁོང་གི་དྲུང་དུ་ཡོང་ནས། ","CT":"ོང་གི་དྲུང་དུ་ཡོང་ནས།"}}],[{"phrase":{"AT":"    བརྩེ་བ་ཁོང་ལ་བྱོས་ཤིག","KT":"བརྩེ་བ་ཁོང་ལ་བྱོས་ཤིག ","CT":"    བརྩེ་བ་ཁོང་ལ་བྱེད་ཅིག"}}],[{"phrase":{"AT":" སོ་སོའི་སྙིང་ནས།","KT":"སོ་སོའི་སྙིང་ནས། ","CT":" སོ་སོའི་སྙིང་ནས།"}}],[{"phrase":{"AT":" སྙིང་གཏམ་ཤོད་ཅིག  ༥","KT":"སྙིང་གཏམ་ཤོད་ཅིག ༥ ","CT":" སྙིང་གཏམ་ཤོད་ཅིག ། ༥"}}]],"label":"verse 3","id":3}]},"metadata":[{"AT":"(འགྱུར་བ་མེད་པའི་དཀོན་མཆོག་ཡིན།)","KT":"undefined(འགྱུར་བ་མེད་པའི་དཀོན་མཆོག་ཡིན།) ","CT":"(འགྱུར་བ་མེད་པའི་དཀོན་མཆོག་ཡིན།)"},{"AT":"(འགྱུར་མེད་རིན་ཆེན་གྱིས་བརྩམས་པའི་བསྟོད་དབྱངས།) JL CD3:7 ","KT":"(འགྱུར་མེད་རིན་ཆེན་གྱིས་བརྩམས་པའི་བསྟོད་དབྱངས།) JL CD3:7 ","CT":"(འགྱུར་མེད་རིན་ཆེན་གྱིས་བརྩམས་པའི་བསྟོད་དབྱངས།) JL CD3:7 "}]}