{"title":{"AT":"22.ངའི་མཉམ་དུ་གཙོ་བོ་ཡ་ཝཱེ་ལ་བསྟོད་པ་འབུལ།","KT":"22. ངའི་མཉམ་དུ་གཙོ་བོ་ཡ་ཝཱེ་ལ་བསྟོད་པ་འབུལ། ","CT":"22.ངའི་མཉམ་དུ་གཙོ་བོ་ཡ་ཝེ་ལ་བསྟོད་པ་ཕུལ།"},"author":"*","key":"*","lyrics":{"Verse":[{"line":[[{"phrase":{"AT":"        (O Magnify the Lord with me ཞེས་པའི་དབྱིན་ཇིའི་བསྟོད་དབྱངས།)","KT":"(O Magnify the Lord with me ཞེས་པའི་དབྱིན་ཇིའི་བསྟོད་དབྱངས།) ","CT":"(O Magnify the Lord with me ཞེས་པའི་དབྱིན་ཇིའི་བསྟོད་དབྱངས།)"}}],[{"phrase":{"AT":"ངའི་མཉམ་དུ་གཙོ་བོ་ཡ་ཝཱེ་ལ།","KT":" ངའི་མཉམ་དུ་གཙོ་བོ་ཡ་ཝཱེ་ལ། ","CT":"ངའི་མཉམ་དུ་གཙོ་བོ་ཡ་ཝེ་ལ།"}}],[{"phrase":{"AT":"བསྟོད་པ་འབུལ་བར་བསླེབ་ཤོག","KT":"བསྟོད་པ་འབུལ་བར་བསླེབ་ཤོག ","CT":"བསྟོད་པ་ཕུལ་བར་ཕེབས་ཤོག"}}],[{"phrase":{"AT":"མཉམ་གཅིག་ཏུ་ཁོང་གི་མཚན་ལ།","KT":"མཉམ་གཅིག་ཏུ་ཁོང་གི་མཚན་ལ། ","CT":"ལྷན་གཅིག་ཏུ་ཁོང་གི་མཚན་ལ།"}}],[{"phrase":{"AT":"ངའི་མཉམ་དུ་གཙོ་བོར་བསྟོད་པ་འབུལ་བར་ཤོག ","KT":"ངའི་མཉམ་དུ་གཙོ་བོར་བསྟོད་པ་འབུལ་བར་ཤོག ","CT":"ངའི་མཉམ་དུ་གཙོ་བོར་བསྟོད་པ་ཕུལ་བར་ཤོག "}}]],"label":"verse 1","id":1},{"line":[[{"phrase":{"AT":"ྱོད་མཉམ་དུ་གཙོ་བོ་ཡ་ཝཱེ་ལ།","KT":"ཁྱོད་མཉམ་དུ་གཙོ་བོ་ཡ་ཝཱེ་ལ། ","CT":"ྱེད་མཉམ་དུ་གཙོ་བོ་ཡ་ཝེ་ལ།"}}],[{"phrase":{"AT":"བསྟོད་པ་འབུལ་བར་ཡོང་བཞིན་ཡོད།","KT":"བསྟོད་པ་འབུལ་བར་ཡོང་བཞིན་ཡོད། ","CT":"བསྟོད་པ་ཕུལ་བར་ཡོང་གི་ཡོད།"}}],[{"phrase":{"AT":"མཉམ་གཅིག་ཏུ་ཁོང་གི་མཚན་ལ།","KT":"མཉམ་གཅིག་ཏུ་ཁོང་གི་མཚན་ལ། ","CT":"ལྷན་གཅིག་ཏུ་ཁོང་གི་མཚན་ལ།"}}],[{"phrase":{"AT":"ཁྱོད་མཉམ་དུ་གཙོ་བོར་བསྟོད་པ་འབུལ་རྒྱུ་ཡིན། ","KT":"ཁྱོད་མཉམ་དུ་གཙོ་བོར་བསྟོད་པ་འབུལ་རྒྱུ་ཡིན། ","CT":"ཁྱེད་མཉམ་དུ་གཙོ་བོར་བསྟོད་པ་ཕུལ་གྱི་ཡིན།། "}}]],"label":"verse 2","id":2}]},"metadata":[]}