{"title":{"AT":"220.གཙོ་བོ་དཀོན་མཆོག་བཞིན་དུ།","KT":"undefined220. གཙོ་བོ་དཀོན་མཆོག་བཞིན་དུ། ","CT":"220.གཙོ་བོ་དཀོན་མཆོག་བཞིན་དུ།"},"author":"*","key":"*","lyrics":{"Verse":[{"line":[[{"phrase":{"AT":"གཙོ་བོ་དཀོན་མཆོག་བཞིན་དུ།","KT":"གཙོ་བོ་དཀོན་མཆོག་བཞིན་དུ། ","CT":"གཙོ་བོ་དཀོན་མཆོག་བཞིན་དུ།"}}],[{"phrase":{"AT":"ང་ལ་སེམས་གསོ་གནང་མཁན་གཞན་སུ་ཡང་མེད།","KT":"ང་ལ་སེམས་གསོ་གནང་མཁན་གཞན་སུ་ཡང་མེད། ","CT":"ང་ལ་སེམས་གསོ་གནང་མཁན་གཞན་སུ་ཡང་མེད།"}}],[{"phrase":{"AT":"རྒྱང་རིང་ས་གང་ནས་བཙལ་ཡང་།","KT":"རྒྱང་རིང་ས་གང་ནས་བཙལ་ཡང་། ","CT":"རྒྱུན་རིང་གང་ས་ནས་འཚལ་ཡང་།"}}],[{"phrase":{"AT":"ང་ལ་སེམས་གསོ་གནང་མཁན།","KT":"ང་ལ་སེམས་གསོ་གནང་མཁན། ","CT":"ང་ལ་སེམས་གསོ་གནང་མཁན།"}}],[{"phrase":{"AT":"ཁོང་ལས་གཞན་སུ་ཡང་མེད།","KT":"ཁོང་ལས་གཞན་སུ་ཡང་མེད། ","CT":"ཁོང་ལས་གཞན་སུ་ཡང་མེད།"}}],[{"phrase":{"AT":" གཙོ་བོའི་བྱམས་སྙིང་རྗེ་གཙང་པོ་བཞིན་དུ་བཞུར།","KT":"གཙོ་བོའི་བྱམས་སྙིང་རྗེ་གཙང་པོ་བཞིན་དུ་བཞུར། ","CT":" གཙོ་བོའི་བྱམས་སྙིང་རྗེ་གཙང་པོ་བཞིན་དུ་རྒྱུག"}}],[{"phrase":{"AT":"གཙོ་བོ་ཡི་ཕྱག་གིས་དྲག་གསོ་གནང་།","KT":"གཙོ་བོ་ཡི་ཕྱག་གིས་དྲག་གསོ་གནང་། ","CT":"གཙོ་བོ་ཡི་ཕྱག་གིས་སྨན་བཅོས་གནང་།"}}],[{"phrase":{"AT":"སྡུག་བསྔལ་ནང་གནས་པའི་མི་རྣམས་སྐུ་པང་དུ་བཞག","KT":"སྡུག་བསྔལ་ནང་གནས་པའི་མི་རྣམས་སྐུ་པང་དུ་བཞག ","CT":"སྡུག་བསྔལ་ནང་གནས་པའི་མི་རྣམས་སྐུ་དཔང་དུ་བཞག།"}}],[{"phrase":{"AT":"ཁོང་ལས་ལྷག་པ་སུ་ཡང་མེད།","KT":"ཁོང་ལས་ལྷག་པ་སུ་ཡང་མེད། ","CT":"ཁོང་ལས་ལྷག་པ་སུ་ཡང་མེད།"}}],[{"phrase":{"AT":"༼མཇུག་བསྡོམས།༽","KT":"མཇུག་བསྡོམས།༽ ","CT":"མཇུག་བསྡོམས།༽"}}],[{"phrase":{"AT":"གཙོ་བོ་དཀོན་མཆོག་བཞིན་དུ།","KT":"གཙོ་བོ་དཀོན་མཆོག་བཞིན་དུ། ","CT":"གཙོ་བོ་དཀོན་མཆོག་བཞིན་དུ།"}}],[{"phrase":{"AT":"ང་ལ་སེམས་གསོ་གནང་མཁན་སུ་ཡང་མེད།","KT":"ང་ལ་སེམས་གསོ་གནང་མཁན་སུ་ཡང་མེད། ","CT":"ང་ལ་སེམས་གསོ་གནང་མཁན་སུ་ཡང་མེད།"}}],[{"phrase":{"AT":"རྒྱང་རིང་ས་གང་ནས་བཙལ་ཡང་།","KT":"རྒྱང་རིང་ས་གང་ནས་བཙལ་ཡང་། ","CT":"རྒྱུན་རིང་གང་ས་ནས་འཚལ་ཡང་།"}}],[{"phrase":{"AT":"ང་ལ་སེམས་གསོ་གནང་མཁན།","KT":"ང་ལ་སེམས་གསོ་གནང་མཁན། ","CT":"ང་ལ་སེམས་གསོ་གནང་མཁན།"}}],[{"phrase":{"AT":"ཁོང་ལས་གཞན་སུ་ཡང་མེད། ༢","KT":"ཁོང་ལས་གཞན་སུ་ཡང་མེད། ༢ ","CT":"ཁོང་ལས་གཞན་སུ་ཡང་མེད།། ༢"}}]],"label":"verse 1","id":1}]},"metadata":[{"AT":"(There is None Like You ཞེས་པའི་དབྱིན་ཇིའི་བསྟོད་དབྱངས།)  TP 21","KT":"undefined(There is None Like You ཞེས་པའི་དབྱིན་ཇིའི་བསྟོད་དབྱངས།)63 TP 21 63 Lenny LeBlanc ©1991 Integrity's Hosanna! Music/ASCAP. Used by Permission. ","CT":"(There is None Like You ཞེས་པའི་དབྱིན་ཇིའི་བསྟོད་དབྱངས།)  TP 21"}]}