{"title":{"AT":"221.གཙོ་བོ་ནི་ཞི་བདེ། ","KT":"undefined221. གཙོ་བོ་ནི་ཞི་བདེ། ","CT":"221.གཙོ་བོ་ནི་ཞི་བདེ། "},"author":"*","key":"*","lyrics":{"Verse":[{"line":[[{"phrase":{"AT":"གཙོ་བོ་ནི་ཞི་བདེ།","KT":"གཙོ་བོ་ནི་ཞི་བདེ། ","CT":"གཙོ་བོ་ནི་ཞི་བདེ།"}}],[{"phrase":{"AT":"འཁོན་འཛིན་གྱི་དྲ་བ་མེད་པར་མཛད་བྱུང་།","KT":"འཁོན་འཛིན་གྱི་དྲ་བ་མེད་པར་མཛད་བྱུང་། ","CT":"འཁོན་འཛིན་གྱི་དྲ་བ་མེད་པར་བཟོ་གནང་།"}}],[{"phrase":{"AT":"གཙོ་བོ་ཡི་ཞི་བདེ། ང་ཚོ་ཡི་ཞི་བདེ། ༢","KT":"གཙོ་བོ་ཡི་ཞི་བདེ། ང་ཚོ་ཡི་ཞི་བདེ། ༢ ","CT":"གཙོ་བོ་ཡི་ཞི་བདེ། ང་ཚོ་ཡི་ཞི་བདེ། ༢"}}],[{"phrase":{"AT":"ཐམས་ཅད་གཙོ་བོ་ལ་སྐྱབས་སུ་བཅོལ།","KT":"ཐམས་ཅད་གཙོ་བོ་ལ་སྐྱབས་སུ་བཅོལ། ","CT":"ཐམས་ཅད་གཙོ་བོ་ལ་སྐྱབས་བཅོལ་མཛད།"}}],[{"phrase":{"AT":"དཀོན་མཆོག་གིས་གཟིགས་སྐྱོང་མཛད།","KT":"དཀོན་མཆོག་གིས་གཟིགས་སྐྱོང་མཛད། ","CT":"དཀོན་མཆོག་གི་གཟུགས་སྐྱོང་མཛད།"}}],[{"phrase":{"AT":"གཙོ་བོ་ཡི་ཞི་བདེ། ང་ཚོ་ཡི་ཞི་བདེ། ༢","KT":"གཙོ་བོ་ཡི་ཞི་བདེ། ང་ཚོ་ཡི་ཞི་བདེ། ༢ ","CT":"གཙོ་བོ་ཡི་ཞི་བདེ། ང་ཚོ་ཡི་ཞི་བདེ།། ༢"}}]],"label":"verse 1","id":1}]},"metadata":[{"AT":"(He Is Our Peace ཞེས་པའི་དབྱིན་ཇིའི་བསྟོད་དབྱངས།)  TP 10","KT":"undefined(He Is Our Peace ཞེས་པའི་དབྱིན་ཇིའི་བསྟོད་དབྱངས།)64 TP 10 64 Kandela Groves. Copyright © 1985 Maranatha! Music/ Adm. by CopyCare. ","CT":"(He Is Our Peace ཞེས་པའི་དབྱིན་ཇིའི་བསྟོད་དབྱངས།)  TP 10"}]}