{"title":{"AT":"222.གཙོ་བོ་རྣམས་ཀྱི་གཙོ་བོ།","KT":"222. གཙོ་བོ་རྣམས་ཀྱི་གཙོ་བོ། ","CT":"222.གཙོ་བོ་རྣམས་ཀྱི་གཙོ་བོ།"},"author":"*","key":"*","lyrics":{"Verse":[{"line":[[{"phrase":{"AT":"གཙོ་བོ་རྣམས་ཀྱི་གཙོ་བོ།","KT":" གཙོ་བོ་རྣམས་ཀྱི་གཙོ་བོ། ","CT":"གཙོ་བོ་རྣམས་ཀྱི་གཙོ་བོ།"}}],[{"phrase":{"AT":"རྒྱལ་པོ་རྣམས་ཀྱི་རྒྱལ་པོ།","KT":"རྒྱལ་པོ་རྣམས་ཀྱི་རྒྱལ་པོ། ","CT":"རྒྱལ་པོ་རྣམས་ཀྱི་རྒྱལ་པོ།"}}],[{"phrase":{"AT":"སྐྱབས་མགོན་གཙོ་བོ་ཡེ་ཤུ།","KT":"སྐྱབས་མགོན་གཙོ་བོ་ཡེ་ཤུ། ","CT":"སྐྱབས་མགོན་གཙོ་བོ་ཡེ་ཤུ།"}}],[{"phrase":{"AT":"བླ་ན་མེད་པའི་དཀོན་མཆོག","KT":"བླ་ན་མེད་པའི་དཀོན་མཆོག ","CT":"བླ་ན་མེད་པའི་དཀོན་མཆོག"}}],[{"phrase":{"AT":"བསྟོད་དབྱངས་ཕུལ་ཞིག ","KT":"བསྟོད་དབྱངས་ཕུལ་ཞིག ","CT":"བསྟོད་དབྱངས་ཕུལ་ཞིག "}}],[{"phrase":{"AT":"བསྟོད་དབྱངས་ཕུལ་ཞིག","KT":"བསྟོད་དབྱངས་ཕུལ་ཞིག ","CT":"བསྟོད་དབྱངས་ཕུལ་ཞིག"}}],[{"phrase":{"AT":"བསྟོད་དབྱངས་ཕུལ་ཞིག","KT":"བསྟོད་དབྱངས་ཕུལ་ཞིག ","CT":"བསྟོད་དབྱངས་ཕུལ་ཞིག"}}]],"label":"verse 1","id":1},{"line":[[{"phrase":{"AT":"གནམ་དང་ནམ་མཁའ་ས་གཞི།","KT":"efined༢ གནམ་དང་ནམ་མཁའ་ས་གཞི། ","CT":"གནམ་དང་ནམ་མཁའ་ས་གཞི།"}}],[{"phrase":{"AT":"ཁྱེད་ཀྱི་ཕྱག་གིས་བཀོད་སོང་།","KT":"ཁྱེད་ཀྱི་ཕྱག་གིས་བཀོད་སོང་། ","CT":"ཁྱེད་ཀྱི་ཕྱག་གིས་བཀོད་སོང་།"}}],[{"phrase":{"AT":"ཉི་མ་ཟླ་བ་སྐར་མ།","KT":"ཉི་མ་ཟླ་བ་སྐར་མ། ","CT":"ཉི་མ་ཟླ་བ་སྐར་མ།"}}],[{"phrase":{"AT":"ཁྱེད་ཀྱི་ཕྱག་གིས་བཀོད་སོང་།","KT":"ཁྱེད་ཀྱི་ཕྱག་གིས་བཀོད་སོང་། ","CT":"ཁྱེད་ཀྱི་ཕྱག་གིས་བཀོད་སོང་།"}}],[{"phrase":{"AT":"བསྟོད་དབྱངས་ཕུལ་ཞིག","KT":"བསྟོད་དབྱངས་ཕུལ་ཞིག ","CT":"བསྟོད་དབྱངས་ཕུལ་ཞིག"}}],[{"phrase":{"AT":"བསྟོད་དབྱངས་ཕུལ་ཞིག","KT":"བསྟོད་དབྱངས་ཕུལ་ཞིག ","CT":"བསྟོད་དབྱངས་ཕུལ་ཞིག"}}],[{"phrase":{"AT":"བསྟོད་དབྱངས་ཕུལ་ཞིག","KT":"བསྟོད་དབྱངས་ཕུལ་ཞིག ","CT":"བསྟོད་དབྱངས་ཕུལ་ཞིག"}}]],"label":"verse 2","id":2},{"line":[[{"phrase":{"AT":"མི་དང་ཤིང་ཏོག་སྟོན་ཐོག","KT":" མི་དང་ཤིང་ཏོག་སྟོན་ཐོག ","CT":"མི་དང་ཤིང་ཏོག་སྟོན་ཐོག"}}],[{"phrase":{"AT":"ཁྱེད་ཀྱི་ཕྱག་གིས་བཀོད་སོང་།","KT":"ཁྱེད་ཀྱི་ཕྱག་གིས་བཀོད་སོང་། ","CT":"ཁྱེད་ཀྱི་ཕྱག་གིས་བཀོད་སོང་།"}}],[{"phrase":{"AT":"ཆུ་དང་གངས་རི་སེམས་ཅན།","KT":"ཆུ་དང་གངས་རི་སེམས་ཅན། ","CT":"ཆུ་དང་གངས་རི་སེམས་ཅན།"}}],[{"phrase":{"AT":"ཁྱེད་ཀྱི་ཕྱག་གིས་བཀོད་སོང་།","KT":"ཁྱེད་ཀྱི་ཕྱག་གིས་བཀོད་སོང་། ","CT":"ཁྱེད་ཀྱི་ཕྱག་གིས་བཀོད་སོང་།"}}],[{"phrase":{"AT":"བསྟོད་དབྱངས་ཕུལ་ཞིག","KT":"བསྟོད་དབྱངས་ཕུལ་ཞིག ","CT":"བསྟོད་དབྱངས་ཕུལ་ཞིག"}}],[{"phrase":{"AT":"བསྟོད་དབྱངས་ཕུལ་ཞིག","KT":"བསྟོད་དབྱངས་ཕུལ་ཞིག ","CT":"བསྟོད་དབྱངས་ཕུལ་ཞིག"}}],[{"phrase":{"AT":"བསྟོད་དབྱངས་ཕུལ་ཞིག","KT":"བསྟོད་དབྱངས་ཕུལ་ཞིག ","CT":"བསྟོད་དབྱངས་ཕུལ་ཞིག །"}}]],"label":"verse 3","id":3}]},"metadata":[{"AT":"(འགྱུར་མེད་རིན་ཆེན་གྱིས་བརྩམས་པའི་བསྟོད་དབྱངས།) JL CD1:5; KT06 143","KT":"undefined(འགྱུར་མེད་རིན་ཆེན་གྱིས་བརྩམས་པའི་བསྟོད་དབྱངས།) JL CD1:5; KT06 143 ","CT":"(འགྱུར་མེད་རིན་ཆེན་གྱིས་བརྩམས་པའི་བསྟོད་དབྱངས།) JL CD1:5; KT06 143"}]}