{"title":{"AT":"223.གཙོ་བོ་ཡ་ཝཱེས་བཀོད་གནང་བའི། ","KT":"223. གཙོ་བོ་ཡ་ཝཱེས་བཀོད་གནང་བའི། ","CT":"223.གཙོ་བོ་ཡ་ཝེས་བཀོད་གནང་བའི། "},"author":"*","key":"*","lyrics":{"Verse":[{"line":[[{"phrase":{"AT":"གཙོ་བོ་ཡ་ཝཱེས་བཀོད་གནང་བའི།","KT":"གཙོ་བོ་ཡ་ཝཱེས་བཀོད་གནང་བའི། ","CT":"གཙོ་བོ་ཡ་ཝེས་བཀོད་གནང་བའི།"}}],[{"phrase":{"AT":"འཇིག་རྟེན་མི་ཡི་མེས་པོ། ","KT":"འཇིག་རྟེན་མི་ཡི་མེས་པོ། ","CT":"འཇིག་རྟེན་མི་ཡི་མེས་པོ། "}}],[{"phrase":{"AT":"ཨ་དམ་ཧ་ཝཱ་འགོ་བྱས་ཏེ། ","KT":"ཨ་དམ་ཧ་ཝ་འགོ་བྱས་ཏེ། ","CT":"ཨ་དམ་ཧཱ་ཝ་འགོ་བྱས་ཏེ། "}}],[{"phrase":{"AT":"མི་རྒྱུད་ཀུན་ལ་འཆི་བ་ཡོད། ༢","KT":"མི་རྒྱུད་ཀུན་ལ་འཆི་བ་ཡོད། ༢ ","CT":"མི་རྒྱུད་ཀུན་ལ་འཆི་བ་ཡོད། ༢"}}]],"label":"verse 1","id":1},{"line":[[{"phrase":{"AT":"བདུད་ཀྱིས་ཧ་ཝཱར་བསླུས་ནས། ","KT":"defined༢ བདུད་ཀྱིས་ཧ་ཝར་བསླུས་ནས། ","CT":"བདུད་ཀྱིས་ཧཱ་ཝར་བསླུས་ནས། "}}],[{"phrase":{"AT":"ཨེ་དེན་ལྡུམ་རའི་ནང་ནས། ","KT":"ཨེ་དེན་ལྡུམ་རའི་ནང་ནས། ","CT":"ཨེ་དེན་ལྡུམ་རའི་ནང་ནས། "}}],[{"phrase":{"AT":"དམ་ཚིག་སྤངས་ནས། ཁྱོ་བོ་ལ་སྤྲད། ཁྱོ་བོ་ལ་སྤྲད།","KT":"དམ་ཚིག་སྤངས་ནས། ཁྱོ་བོ་ལ་སྤྲད། ཁྱོ་བོ་ལ་སྤྲད། ","CT":"དམ་ཚིག་སྤངས་ནས། ཁྱོ་བོ་ལ་སྤྲད། ཁྱོ་བོ་ལ་སྤྲད།"}}],[{"phrase":{"AT":"འཇིག་རྟེན་ཧྲིལ་པོར་སྡིག་པས་ཁྱབ། ","KT":"འཇིག་རྟེན་ཧྲིལ་པོར་སྡིག་པས་ཁྱབ། ","CT":"འཇིག་རྟེན་ཧྲིལ་པོར་སྡིག་པ་ཁྱབ། "}}],[{"phrase":{"AT":"སྡིག་པས་ཁྱབ། སྡིག་པས་ཁྱབ། ","KT":"སྡིག་པས་ཁྱབ། སྡིག་པས་ཁྱབ། ","CT":"སྡིག་པ་ཁྱབ། སྡིག་པ་ཁྱབ། "}}],[{"phrase":{"AT":"འཇིག་རྟེན་ཧྲིལ་པོར་སྡིག་པས་ཁྱབ། སྡིག་པས་ཁྱབ།","KT":"འཇིག་རྟེན་ཧྲིལ་པོར་སྡིག་པས་ཁྱབ། སྡིག་པས་ཁྱབ། ","CT":"འཇིག་རྟེན་ཧྲིལ་པོར་སྡིག་པ་ཁྱབ། སྡིག་པ་ཁྱབ།"}}],[{"phrase":{"AT":"ཧ་ལེ་ལོའུ་ཡཱ། ༤","KT":"ཧ་ལེ་ལོའུ་ཡཱ། ༤ ","CT":"ཧཱ་ལེ་ལུ་ཡཱ། ༤"}}]],"label":"verse 2","id":2},{"line":[[{"phrase":{"AT":"འཛམ་གླིང་མི་མང་རྣམས་ཀྱི། ","KT":" འཛམ་གླིང་མི་མང་རྣམས་ཀྱི། ","CT":"འཛམ་གླིང་མི་མང་རྣམས་ཀྱི། "}}],[{"phrase":{"AT":"ཡབ་མེས་ཟེར་ན་ཁོང་གཉིས་རེད། ","KT":"ཡབ་མེས་ཟེར་ན་ཁོང་གཉིས་རེད། ","CT":"ཡབ་དང་མེས་པོ། ཁོང་གཉིས་ཡིན། "}}],[{"phrase":{"AT":"ཡུལ་ལ་སྡུག་བསྔལ་ཆེན་པོས་ཁེངས། ཆེན་པོས་ཁེངས། ","KT":"ཡུལ་ལ་སྡུག་བསྔལ་ཆེན་པོས་ཁེངས། ཆེན་པོས་ཁེངས། ","CT":"ཡུལ་ལ་སྡུག་བསྔལ་ཆེན་པོས་ཁེངས། ཆེན་པོས་ཁེངས། "}}],[{"phrase":{"AT":"སྡིག་པ་སྡུག་བསྔལ་མི་ལ་བྱུང་། མི་ལ་བྱུང་།","KT":"སྡིག་པ་སྡུག་བསྔལ་མི་ལ་བྱུང་། མི་ལ་བྱུང་། ","CT":"སྡིག་པ་སྡུག་བསྔལ་མི་ལ་བྱུང་། མི་ལ་བྱུང་།། "}}]],"label":"verse 3","id":3}]},"metadata":[{"AT":"(ངག་དབང་སི་ལཱས་བརྩམས་པའི་བསྟོད་དབྱངས།) NS CD1:7; KT06 145","KT":"undefined(ངག་དབང་སི་ལཱས་བརྩམས་པའི་བསྟོད་དབྱངས།) NS CD1:7; KT06 145 ","CT":"(ངག་དབང་སི་ལཱས་བརྩམས་པའི་བསྟོད་དབྱངས།) NS CD1:7; KT06 145"}]}