{"title":{"AT":"224.གཙོ་བོ་ཡེ་ཤུ་ཁྱེད་ཀྱི་སེམས་ནང་དུ་བཞུགས་ཡོད།","KT":"224. གཙོ་བོ་ཡེ་ཤུ་ཁྱེད་ཀྱི་སེམས་ནང་དུ་བཞུགས་ཡོད། ","CT":"224.གཙོ་བོ་ཡེ་ཤུ་ཁྱེད་ཀྱི་སེམས་ནང་དུ་བཞུགས་ཡོད།"},"author":"*","key":"*","lyrics":{"Verse":[{"line":[[{"phrase":{"AT":"གཙོ་བོ་ཡེ་ཤུ་ཁྱེད་ཀྱི་སེམས་ནང་དུ་བཞུགས་ཡོད།","KT":" གཙོ་བོ་ཡེ་ཤུ་ཁྱེད་ཀྱི་སེམས་ནང་དུ་བཞུགས་ཡོད། ","CT":"གཙོ་བོ་ཡེ་ཤུ་ཁྱེད་ཀྱི་སེམས་ནང་དུ་བཞུགས་ཡོད།"}}],[{"phrase":{"AT":"ཁྱེད་ཀྱི་འཛུམ་མདང་དང༌། ཁྱེད་ཀྱི་མིག་ཆུ་ནང་དུ།","KT":"ཁྱེད་ཀྱི་འཛུམ་མདངས་དང༌། ཁྱེད་ཀྱི་མིག་ཆུ་ནང་དུ། ","CT":"ཁྱེད་ཀྱི་འཛུམས་མདངས་དང༌། ཁྱེད་ཀྱི་མིག་ཆུ་ནང་དུ།"}}],[{"phrase":{"AT":"ཁྱེད་ཀྱི་སེམས་ནང་དུ་བཞུགས་པའི་གཙོ་བོ་ཡེ་ཤུ་ལ།","KT":"ཁྱེད་ཀྱི་སེམས་ནང་དུ་བཞུགས་པའི་གཙོ་བོ་ཡེ་ཤུ་ལ། ","CT":"ཁྱེད་ཀྱི་སེམས་ནང་དུ་བཞུགས་པའི་གཙོ་བོ་ཡེ་ཤུ་ལ།"}}],[{"phrase":{"AT":"བསྟོད་དབྱངས་ཕུལ།","KT":"བསྟོད་དབྱངས་ཕུལ། ","CT":"བསྟོད་དབྱངས་ཕུལ།"}}]],"label":"verse 1","id":1},{"line":[[{"phrase":{"AT":"གཙོ་བོ་ཡེ་ཤུ་ཁྱེད་ཀྱི་སེམས་ནང་དུ་མཐོང་གིན་འདུག","KT":" གཙོ་བོ་ཡེ་ཤུ་ཁྱེད་ཀྱི་སེམས་ནང་དུ་མཐོང་གིན་འདུག ","CT":"གཙོ་བོ་ཡེ་ཤུ་ཁྱེད་ཀྱི་སེམས་ནང་དུ་མཐོང་གི་འདུག"}}],[{"phrase":{"AT":"ཁྱེད་ཀྱི་སྨོན་ལམ་དང༌ཁྱེད་ཀྱི་བཀའ་དྲིན་ནང་དུ།","KT":"ཁྱེད་ཀྱི་སྨོན་ལམ་དང༌ཁྱེད་ཀྱི་བཀའ་དྲིན་ནང་དུ། ","CT":"ཁྱེད་ཀྱི་སྨོན་ལམ་དང༌ཁྱེད་ཀྱི་བཀའ་དྲིན་ནང་དུ།"}}],[{"phrase":{"AT":"ཁྱེད་ཀྱི་སེམས་ནང་དུ་བཞུགས་པའི་གཙོ་བོ་ཡེ་ཤུ་ལ།","KT":"ཁྱེད་ཀྱི་སེམས་ནང་དུ་བཞུགས་པའི་གཙོ་བོ་ཡེ་ཤུ་ལ། ","CT":"ཁྱེད་ཀྱི་སེམས་ནང་དུ་བཞུགས་པའི་གཙོ་བོ་ཡེ་ཤུ་ལ།"}}],[{"phrase":{"AT":"བསྟོད་དབྱངས་ཕུལ།","KT":"བསྟོད་དབྱངས་ཕུལ། ","CT":"བསྟོད་དབྱངས་ཕུལ།"}}]],"label":"verse 2","id":2},{"line":[[{"phrase":{"AT":"ཧ་ལེ་ལོའུ་ཡཱ། ཧ་ལེ་ལོའུ་ཡཱ། ཧ་ལེ་ལོའུ་ཡཱ། ཧ་ལེ་ལོའུ་ཡཱ།","KT":"ndefined༣ ཧ་ལེ་ལོའུ་ཡཱ། ཧ་ལེ་ལོའུ་ཡཱ། ཧ་ལེ་ལོའུ་ཡཱ། ཧ་ལེ་ལོའུ་ཡཱ། ","CT":"ཧཱ་ལེ་ལུ་ཡཱ། ཧཱ་ལེ་ལུ་ཡཱ། ཧཱ་ལེ་ལུ་ཡཱ། ཧཱ་ལེ་ལུ་ཡཱ།"}}],[{"phrase":{"AT":"ཧ་ལེ་ལོའུ་ཡཱ། ཧ་ལེ་ལོའུ་ཡཱ། ཧ་ལེ་ལོའུ་ཡཱ། ཧ་ལེ་ལོའུ་ཡཱ།","KT":"ཧ་ལེ་ལོའུ་ཡཱ། ཧ་ལེ་ལོའུ་ཡཱ། ཧ་ལེ་ལོའུ་ཡཱ། ཧ་ལེ་ལོའུ་ཡཱ། ","CT":"ཧཱ་ལེ་ལུ་ཡཱ། ཧཱ་ལེ་ལུ་ཡཱ། ཧཱ་ལེ་ལུ་ཡཱ། ཧཱ་ལེ་ལུ་ཡཱ།།"}}]],"label":"verse 3","id":3}]},"metadata":[{"AT":"(འཇིགས་མེད་ཀྱིས་བརྩམས་པའི་བསྟོད་དབྱངས།) PNJ 15","KT":"undefined(འཇིགས་མེད་ཀྱིས་བརྩམས་པའི་བསྟོད་དབྱངས།) PNJ 15 ","CT":"(འཇིགས་མེད་ཀྱིས་བརྩམས་པའི་བསྟོད་དབྱངས།) PNJ 15"}]}