{"title":{"AT":"225.གཙོ་བོ་ཡེ་ཤུ་ཤིང་རྒྱ་གྲམ་སྟེང་གྲོངས་སོང་།","KT":"225. གཙོ་བོ་ཡེ་ཤུ་ཤིང་རྒྱ་གྲམ་སྟེང་གྲོངས་སོང་། ","CT":"225.གཙོ་བོ་ཡེ་ཤུ་རྒྱངས་ཤིང་ཁར་གྲོངས་སོང་།"},"author":"*","key":"*","lyrics":{"Verse":[{"line":[[{"phrase":{"AT":"གཙོ་བོ་ཡེ་ཤུ་ཤིང་རྒྱ་གྲམ་སྟེང་གྲོངས་སོང་། ༢","KT":"གཙོ་བོ་ཡེ་ཤུ་ཤིང་རྒྱ་གྲམ་སྟེང་གྲོངས་སོང་། ༢ ","CT":"གཙོ་བོ་ཡེ་ཤུ་རྒྱངས་ཤིང་ཁར་གྲོངས་སོང་། ༢"}}],[{"phrase":{"AT":"ཐར་བ་ང་ལ་སྡུག་བསྔལ་ཁོང་གིས་མྱངས་སོང་། ༢","KT":"ཐར་པ་ང་ལ་སྡུག་བསྔལ་ཁོང་གིས་མྱངས་སོང་། ༢ ","CT":"ཐར་པ་ང་ལ་སྡུག་བསྔལ་ཁོང་ལ་མྱངས་སོང་། ༢"}}]],"label":"verse 1","id":1},{"line":[[{"phrase":{"AT":"གཙོ་བོ་ཡེ་ཤུ་དགྲ་བོ་ལག་ནས་གྲོངས་སོང་། ༢","KT":"ཙོ་བོ་ཡེ་ཤུ་དགྲ་བོ་ལག་ནས་གྲོངས་སོང་། ༢ ","CT":"གཙོ་བོ་ཡེ་ཤུ་དགྲ་ལག་ལ་གྲོངས་སོང་། ༢"}}],[{"phrase":{"AT":"བྱམས་པ་ང་ལ་ན་ཟུག་ཁོང་ལ་ཕོག་སོང་། (གྲོངས་སོང་།)  ༢","KT":"བྱམས་པ་ང་ལ་ན་ཟུག་ཁོང་ལ་ཕོག་སོང་། (གྲོངས་སོང་།)65 ༢ 65 ལྷོ་མིའི་ཡུལ་སྐད་ལ་ཕོག་སོང་ཞེས་པ་དེ་ལ་བོད་སྐད་དུ་གྲོངས་སོང་ཟེར། ","CT":"བྱམས་པ་ནང་ལ་མནག་ཁོང་ལ་ཕོག་སོང་། (གྲོངས་སོང་།)  ༢"}}]],"label":"verse 2","id":2},{"line":[[{"phrase":{"AT":"སྡིག་པ་མེད་པའི་སྐྱབས་མགོན་ཡེ་ཤུ་གྲོངས་སོང་། ༢","KT":"སྡིག་པ་མེད་པའི་སྐྱབས་མགོན་ཡེ་ཤུ་གྲོངས་སོང་། ༢ ","CT":"སྡིག་པ་མེད་པའི་སྐྱབས་མགོན་ཡེ་ཤུ་གྲོངས་སོང་། ༢"}}],[{"phrase":{"AT":"རེ་བ་ང་ལ་འཆི་བ་ཁོང་གིས་མྱངས་སོང་། ༢","KT":"རེ་བ་ང་ལ་འཆི་བ་ཁོང་གིས་མྱངས་སོང་། ༢ ","CT":"རེ་བ་ང་ལ་ཤི་བ་ཁོང་ལ་མྱངས་སོང་། ༢"}}]],"label":"verse 3","id":3},{"line":[[{"phrase":{"AT":"ཡབ་དཀོན་མཆོག་གི་བྱམས་པའི་སྲས་གཅིག་གྲོངས་སོང་། ༢","KT":"ཡབ་དཀོན་མཆོག་གི་བྱམས་པའི་སྲས་གཅིག་གྲོངས་སོང་། ༢ ","CT":"ཡབ་དཀོན་མཆོག་གི་བྱམས་པའི་སྲས་ཅིག་གྲོངས་སོང་། ༢"}}],[{"phrase":{"AT":"ཞི་བདེ་ང་ལ་དཀའ་ལས་ཁོང་གིས་མྱངས་སོང་། ༢","KT":"ཞི་བདེ་ང་ལ་དཀའ་ལས་ཁོང་གིས་མྱངས་སོང་། ༢ ","CT":"ཞི་བདེ་ང་ལ་དཀའ་ལས་ཁོང་ལ་མྱངས་སོང་། ༢"}}]],"label":"verse 4","id":4},{"line":[[{"phrase":{"AT":"གཙོ་བོ་ཡེ་ཤུ་ཞག་མ་གསུམ་པར་བཞེངས་སོང་། ༢","KT":"གཙོ་བོ་ཡེ་ཤུ་ཞག་མ་གསུམ་པར་བཞེངས་སོང་། ༢ ","CT":"གཙོ་བོ་ཡེ་ཤུ་ཞག་མ་གསུམ་པར་བཞེངས་སོང་། ༢"}}],[{"phrase":{"AT":"བདུད་ཀྱི་ངན་པའི་ལས་ཀ་ཚང་མ་ཕམ་སོང་། ༢","KT":"བདུད་ཀྱི་ངན་པའི་ལས་ཀ་ཚང་མ་ཕམ་སོང་། ༢ ","CT":"བདུད་ཀྱི་ངན་པའི་ལས་ཀ་ཚང་མ་ཕམ་སོང་།། ༢"}}]],"label":"verse 5","id":5}]},"metadata":[{"AT":"(འགྱུར་མེད་རིན་ཆེན་གྱིས་བརྩམས་པའི་ལྷོ་མིའི་བསྟོད་དབྱངས།) JL CD1:7; KT06 144","KT":"undefined(འགྱུར་མེད་རིན་ཆེན་གྱིས་བརྩམས་པའི་ལྷོ་མིའི་བསྟོད་དབྱངས།) JL CD1:7; KT06 144 ","CT":"(འགྱུར་མེད་རིན་ཆེན་གྱིས་བརྩམས་པའི་ལྷོ་མིའི་བསྟོད་དབྱངས།) JL CD1:7; KT06 144"}]}