{"title":{"AT":"226.གཙོ་བོ་ཡེ་ཤུ་ང་ཚོའི་རྒྱལ་པོ།","KT":"226. གཙོ་བོ་ཡེ་ཤུ་ང་ཚོའི་རྒྱལ་པོ། ","CT":"226.གཙོ་བོ་ཡེ་ཤུ་ང་ཚོའི་རྒྱལ་པོ།"},"author":"*","key":"*","lyrics":{"Verse":[{"line":[[{"phrase":{"AT":"གཙོ་བོ་ཡེ་ཤུ། གཙོ་བོ་ཡེ་ཤུ། ང་ཚོའི་རྒྱལ་པོ། ","KT":"གཙོ་བོ་ཡེ་ཤུ། གཙོ་བོ་ཡེ་ཤུ། ང་ཚོའི་རྒྱལ་པོ། ","CT":"གཙོ་བོ་ཡེ་ཤུ། གཙོ་བོ་ཡེ་ཤུ། ང་ཚོའི་རྒྱལ་པོ། "}}],[{"phrase":{"AT":"གཙོ་བོ་ཡེ་ཤུ། གཙོ་བོ་ཡེ་ཤུ། ང་ཚོའི་རྒྱལ་པོ།","KT":"གཙོ་བོ་ཡེ་ཤུ། གཙོ་བོ་ཡེ་ཤུ། ང་ཚོའི་རྒྱལ་པོ། ","CT":"གཙོ་བོ་ཡེ་ཤུ། གཙོ་བོ་ཡེ་ཤུ། ང་ཚོའི་རྒྱལ་པོ།"}}],[{"phrase":{"AT":"ང་ཁྱེད་ཀྱི་རྗེས་ལ་ཡོང་རྒྱུ་ཡིན།","KT":"ང་ཁྱེད་ཀྱི་རྗེས་ལ་ཡོང་རྒྱུ་ཡིན། ","CT":"ང་ཁྱེད་ཀྱི་རྗེས་ལ་ཡོང་གི་ཡིན།"}}],[{"phrase":{"AT":"གཙོ་བོ་ཡེ་ཤུ། གཙོ་བོ་ཡེ་ཤུ། ང་ཚོའི་རྒྱལ་པོ།","KT":"གཙོ་བོ་ཡེ་ཤུ། གཙོ་བོ་ཡེ་ཤུ། ང་ཚོའི་རྒྱལ་པོ། ","CT":"གཙོ་བོ་ཡེ་ཤུ། གཙོ་བོ་ཡེ་ཤུ། ང་ཚོའི་རྒྱལ་པོ།"}}]],"label":"verse 1","id":1},{"line":[[{"phrase":{"AT":"གཙོ་བོ་ཡེ་ཤུ། གཙོ་བོ་ཡེ་ཤུ། ང་ཚོའི་དཀོན་མཆོག","KT":" གཙོ་བོ་ཡེ་ཤུ། གཙོ་བོ་ཡེ་ཤུ། ང་ཚོའི་དཀོན་མཆོག ","CT":"གཙོ་བོ་ཡེ་ཤུ། གཙོ་བོ་ཡེ་ཤུ། ང་ཚོའི་དཀོན་མཆོག"}}],[{"phrase":{"AT":"གཙོ་བོ་ཡེ་ཤུ། གཙོ་བོ་ཡེ་ཤུ། ང་ཚོའི་སྐྱབས་མགོན།","KT":"གཙོ་བོ་ཡེ་ཤུ། གཙོ་བོ་ཡེ་ཤུ། ང་ཚོའི་སྐྱབས་མགོན། ","CT":"གཙོ་བོ་ཡེ་ཤུ། གཙོ་བོ་ཡེ་ཤུ། ང་ཚོའི་སྐྱབས་མགོན།"}}],[{"phrase":{"AT":"ང་ཁྱེད་ཀྱི་རྗེས་ལ་ཡོང་རྒྱུ་ཡིན།","KT":"ང་ཁྱེད་ཀྱི་རྗེས་ལ་ཡོང་རྒྱུ་ཡིན། ","CT":"ང་ཁྱེད་ཀྱི་རྗེས་ལ་ཡོང་གི་ཡིན།"}}],[{"phrase":{"AT":"གཙོ་བོ་ཡེ་ཤུ། གཙོ་བོ་ཡེ་ཤུ། ང་ཚོའི་གྲོགས་པོ།","KT":"གཙོ་བོ་ཡེ་ཤུ། གཙོ་བོ་ཡེ་ཤུ། ང་ཚོའི་གྲོགས་པོ། ","CT":"གཙོ་བོ་ཡེ་ཤུ། གཙོ་བོ་ཡེ་ཤུ། ང་ཚོའི་གྲོགས་པོ།"}}]],"label":"verse 2","id":2},{"line":[[{"phrase":{"AT":"གཙོ་བོ་ཡེ་ཤུ། གཙོ་བོ་ཡེ་ཤུ། ང་ཚོའི་འགྲོ་ལམ།","KT":" གཙོ་བོ་ཡེ་ཤུ། གཙོ་བོ་ཡེ་ཤུ། ང་ཚོའི་འགྲོ་ལམ། ","CT":"གཙོ་བོ་ཡེ་ཤུ། གཙོ་བོ་ཡེ་ཤུ། ང་ཚོའི་ལམ་ཁ།"}}],[{"phrase":{"AT":"གཙོ་བོ་ཡེ་ཤུ། གཙོ་བོ་ཡེ་ཤུ། ང་ཚོའི་དྲང་བདེན།","KT":"གཙོ་བོ་ཡེ་ཤུ། གཙོ་བོ་ཡེ་ཤུ། ང་ཚོའི་དྲང་བདེན། ","CT":"གཙོ་བོ་ཡེ་ཤུ། གཙོ་བོ་ཡེ་ཤུ། ང་ཚོའི་བདེན་པ།"}}],[{"phrase":{"AT":"ང་ཁྱེད་ཀྱི་རྗེས་ལ་ཡོང་རྒྱུ་ཡིན།","KT":"ང་ཁྱེད་ཀྱི་རྗེས་ལ་ཡོང་རྒྱུ་ཡིན། ","CT":"ང་ཁྱེད་ཀྱི་རྗེས་ལ་ཡོང་གི་ཡིན།"}}],[{"phrase":{"AT":"གཙོ་བོ་ཡེ་ཤུ། གཙོ་བོ་ཡེ་ཤུ། ང་ཚོའི་ཚེ་སྲོག","KT":"གཙོ་བོ་ཡེ་ཤུ། གཙོ་བོ་ཡེ་ཤུ། ང་ཚོའི་ཚེ་སྲོག ","CT":"གཙོ་བོ་ཡེ་ཤུ། གཙོ་བོ་ཡེ་ཤུ། ང་ཚོའི་ཚེ་སྲོག"}}]],"label":"verse 3","id":3},{"line":[[{"phrase":{"AT":"གཙོ་བོ་ཡེ་ཤུ། གཙོ་བོ་ཡེ་ཤུ། ང་ཚོའི་སྟོབས་ཤུགས།","KT":" གཙོ་བོ་ཡེ་ཤུ། གཙོ་བོ་ཡེ་ཤུ། ང་ཚོའི་སྟོབས་ཤུགས། ","CT":"གཙོ་བོ་ཡེ་ཤུ། གཙོ་བོ་ཡེ་ཤུ། ང་ཚོའི་སྟོབས་ཤུགས།"}}],[{"phrase":{"AT":"གཙོ་བོ་ཡེ་ཤུ། གཙོ་བོ་ཡེ་ཤུ། ང་ཚོའི་དམིགས་ཡུལ།","KT":"གཙོ་བོ་ཡེ་ཤུ། གཙོ་བོ་ཡེ་ཤུ། ང་ཚོའི་དམིགས་ཡུལ། ","CT":"གཙོ་བོ་ཡེ་ཤུ། གཙོ་བོ་ཡེ་ཤུ། ང་ཚོའི་དམིགས་ཡུལ།"}}],[{"phrase":{"AT":"ང་ཁྱེད་ཀྱི་རྗེས་ལ་ཡོང་རྒྱུ་ཡིན།","KT":"ང་ཁྱེད་ཀྱི་རྗེས་ལ་ཡོང་རྒྱུ་ཡིན། ","CT":"ང་ཁྱེད་ཀྱི་རྗེས་ལ་ཡོང་གི་ཡིན།"}}],[{"phrase":{"AT":"གཙོ་བོ་ཡེ་ཤུ། གཙོ་བོ་ཡེ་ཤུ། ང་ཚོའི་རེ་བ།","KT":"གཙོ་བོ་ཡེ་ཤུ། གཙོ་བོ་ཡེ་ཤུ། ང་ཚོའི་རེ་བ། ","CT":"གཙོ་བོ་ཡེ་ཤུ། གཙོ་བོ་ཡེ་ཤུ། ང་ཚོའི་རེ་བ།"}}]],"label":"verse 4","id":4},{"line":[[{"phrase":{"AT":"ཧ་ལེ་ལོའུ་ཡཱ། ཧ་ལེ་ལོའུ་ཡཱ། ཡེ་ཤུ་མ་ཤི་ཀ","KT":" ཧ་ལེ་ལོའུ་ཡཱ། ཧ་ལེ་ལོའུ་ཡཱ། ཡེ་ཤུ་མཱ་ཤི་ཀ ","CT":"ཧཱ་ལེ་ལུ་ཡཱ། ཧཱ་ལེ་ལུ་ཡཱ། ཡེ་ཤུ་མཱ་ཤི་ཀ"}}],[{"phrase":{"AT":"ཧ་ལེ་ལོའུ་ཡཱ། ཧ་ལེ་ལོའུ་ཡཱ། ཡེ་ཤུ་མ་ཤི་ཀ","KT":"ཧ་ལེ་ལོའུ་ཡཱ། ཧ་ལེ་ལོའུ་ཡཱ། ཡེ་ཤུ་མཱ་ཤི་ཀ ","CT":"ཧཱ་ལེ་ལུ་ཡཱ། ཧཱ་ལེ་ལུ་ཡཱ། ཡེ་ཤུ་མཱ་ཤི་ཀ"}}],[{"phrase":{"AT":"undefined    ང་ཚོའི་མི་རིགས་ལ། བྱིན་རླབས་གནང་མཁན།","KT":"ང་ཚོའི་མི་རིགས་ལ། བྱིན་རླབས་གནང་མཁན། ","CT":"    ང་ཚོའི་མི་རིགས་ལ། བྱིན་རླབས་གནང་མཁན།"}}],[{"phrase":{"AT":"ཧ་ལེ་ལོའུ་ཡཱ། ཧ་ལེ་ལོའུ་ཡཱ། ཡེ་ཤུ་མ་ཤི་ཀ ","KT":"ཧ་ལེ་ལོའུ་ཡཱ། ཧ་ལེ་ལོའུ་ཡཱ། ཡེ་ཤུ་མཱ་ཤི་ཀ ","CT":"ཧཱ་ལེ་ལུ་ཡཱ། ཧཱ་ལེ་ལུ་ཡཱ། ཡེ་ཤུ་མཱ་ཤི་ཀ །"}}]],"label":"verse 5","id":5}]},"metadata":[{"AT":"(འཇིགས་མེད་ཀྱིས་བརྩམས་པའི་བསྟོད་དབྱངས།) PNJ 4","KT":"undefined(འཇིགས་མེད་ཀྱིས་བརྩམས་པའི་བསྟོད་དབྱངས།) PNJ 4 ","CT":"(འཇིགས་མེད་ཀྱིས་བརྩམས་པའི་བསྟོད་དབྱངས།) PNJ 4"}]}