{"title":{"AT":"227.གཙོ་བོ་ཡེ་ཤུ་ངའི་སེམས་ནང་ལ་ཡོད།","KT":"227. གཙོ་བོ་ཡེ་ཤུ་ངའི་སེམས་ནང་ལ་ཡོད། ","CT":"227.གཙོ་བོ་ཡེ་ཤུ་ངའི་སེམས་ནང་ལ་ཡོད།"},"author":"*","key":"*","lyrics":{"Verse":[{"line":[[{"phrase":{"AT":"གཙོ་བོ་ཡེ་ཤུ་ངའི་སེམས་ནང་ལ་ཡོད། ༢   ","KT":"གཙོ་བོ་ཡེ་ཤུ་ངའི་སེམས་ནང་ལ་ཡོད། ༢ ","CT":"གཙོ་བོ་ཡེ་ཤུ་ངའི་སེམས་ནང་ལ་ཡོད། ༢   "}}],[{"phrase":{"AT":"གཙོ་བོ་ཡེ་ཤུ་ངའི་སེམས་ནང་ལ་ཡོད།","KT":"གཙོ་བོ་ཡེ་ཤུ་ངའི་སེམས་ནང་ལ་ཡོད། ","CT":"གཙོ་བོ་ཡེ་ཤུ་ངའི་སེམས་ནང་ལ་ཡོད།"}}],[{"phrase":{"AT":"ང་ལ་སུ་ཡིས་བར་ཆད་གཏོང་ཐུབ་པ་མིན།","KT":"ང་ལ་སུ་ཡིས་བར་ཆད་གཏོང་ཐུབ་པ་མིན། ","CT":"ང་ལ་སུ་ཡིས་བར་ཆད་བཏང་ཐུབ་ཀྱི་མེད།"}}],[{"phrase":{"AT":"སོའོ་ཡ་འ་ལ་སོའོ།།","KT":"སོའོ་ཡ་འ་ལ་སོའོ།། ","CT":"སོའོ་ཡ་འ་ལ་སོའོ།"}}]],"label":"verse 1","id":1},{"line":[[{"phrase":{"AT":"གཙོ་བོ་ཡེ་ཤུ་ངའི་སེམས་ནང་ལ་ཡོད། ༢   ","KT":" གཙོ་བོ་ཡེ་ཤུ་ངའི་སེམས་ནང་ལ་ཡོད། ༢ ","CT":"གཙོ་བོ་ཡེ་ཤུ་ངའི་སེམས་ནང་ལ་ཡོད། ༢   "}}],[{"phrase":{"AT":"གཙོ་བོ་ཡེ་ཤུ་ངའི་སེམས་ནང་ལ་ཡོད།","KT":"གཙོ་བོ་ཡེ་ཤུ་ངའི་སེམས་ནང་ལ་ཡོད། ","CT":"གཙོ་བོ་ཡེ་ཤུ་ངའི་སེམས་ནང་ལ་ཡོད།"}}],[{"phrase":{"AT":"གཙོ་བོ་ཁོང་ལས་བདེན་པ་སུ་ཡང་མེད།","KT":"གཙོ་བོ་ཁོང་ལས་བདེན་པ་སུ་ཡང་མེད། ","CT":"གཙོ་བོ་ཁོང་ལས་བདེན་པ་སུ་ཡང་མེད།"}}],[{"phrase":{"AT":"སོའོ་ཡ་འ་ལ་སོའོ།།","KT":"སོའོ་ཡ་འ་ལ་སོའོ།། ","CT":"སོའོ་ཡ་འ་ལ་སོའོ།།"}}],[{"phrase":{"AT":"undefined.228.གཙོ་བོ་ཡེ་ཤུ་ཕེབས་རོགས་གནང་།","KT":"undefined228. གཙོ་བོ་ཡེ་ཤུ་ཕེབས་རོགས་གནང་། ","CT":"undefined228.གཙོ་བོ་ཡེ་ཤུ་ཕེབས་རོགས་གནང་།"}}],[{"phrase":{"AT":"( འགྱུར་མེད་རིན་ཆེན་གྱིས་བརྩམས་པའི་བསྟོད་དབྱངས།) JL CD2:7","KT":"undefined( འགྱུར་མེད་རིན་ཆེན་གྱིས་བརྩམས་པའི་བསྟོད་དབྱངས།) JL CD2:7 ","CT":"(འགྱུར་མེད་རིན་ཆེན་གྱིས་བརྩམས་པའི་བསྟོད་དབྱངས།) JL CD2:7"}}]],"label":"verse 2","id":2},{"line":[[{"phrase":{"AT":"གཙོ་བོ་ཡེ་ཤུ། ཕེབས་རོགས་གནང་།   ","KT":"གཙོ་བོ་ཡེ་ཤུ། ཕེབས་རོགས་གནང་། ","CT":"གཙོ་བོ་ཡེ་ཤུ། ཕེབས་རོགས་གནང་།   "}}],[{"phrase":{"AT":"ང་ཡི་སེམས་ལ།","KT":"ང་ཡི་སེམས་ལ། ","CT":"ང་ཡི་སེམས་ལ།"}}],[{"phrase":{"AT":"ཕེབས་རོགས་གནང་། ༢","KT":"ཕེབས་རོགས་གནང་། ༢ ","CT":"ཕེབས་རོགས་གནང་། ༢"}}],[{"phrase":{"AT":"ཧ་ལེ་ལོའུ་ཡཱ། ཧ་ལེ་ལོའུ་ཡཱ། ཧ་ལེ་ལོའུ་ཡཱ། ","KT":"ཧ་ལེ་ལོའུ་ཡཱ། ཧ་ལེ་ལོའུ་ཡཱ། ཧ་ལེ་ལོའུ་ཡཱ། ","CT":"ཧཱ་ལེ་ལུ་ཡཱ། ཧཱ་ལེ་ལུ་ཡཱ། ཧཱ་ལེ་ལུ་ཡཱ། "}}],[{"phrase":{"AT":"ཧ་ལེ་ལོའུ་ཡཱ། ཧ་ལེ་ལོའུ་ཡཱ། ","KT":"ཧ་ལེ་ལོའུ་ཡཱ། ཧ་ལེ་ལོའུ་ཡཱ། ","CT":"ཧཱ་ལེ་ལུ་ཡཱ། ཧཱ་ལེ་ལུ་ཡཱ། "}}]],"label":"verse 3","id":3},{"line":[[{"phrase":{"AT":"གཙོ་བོ་ཡེ་ཤུ། གཟིགས་རོགས་གནང་།   ","KT":" གཙོ་བོ་ཡེ་ཤུ། གཟིགས་རོགས་གནང་། ","CT":"གཙོ་བོ་ཡེ་ཤུ། གཟིགས་རོགས་གནང་།   "}}],[{"phrase":{"AT":"ང་ཡི་སེམས་ལ།","KT":"ང་ཡི་སེམས་ལ། ","CT":"ང་ཡི་སེམས་ལ།"}}],[{"phrase":{"AT":"གཟིགས་རོགས་གནང་། ༢","KT":"གཟིགས་རོགས་གནང་། ༢ ","CT":"གཟིགས་རོགས་གནང་། ༢"}}],[{"phrase":{"AT":"ཧ་ལེ་ལོའུ་ཡཱ། ཧ་ལེ་ལོའུ་ཡཱ། ཧ་ལེ་ལོའུ་ཡཱ། ","KT":"ཧ་ལེ་ལོའུ་ཡཱ། ཧ་ལེ་ལོའུ་ཡཱ། ཧ་ལེ་ལོའུ་ཡཱ། ","CT":"ཧཱ་ལེ་ལུ་ཡཱ། ཧཱ་ལེ་ལུ་ཡཱ། ཧཱ་ལེ་ལུ་ཡཱ། "}}],[{"phrase":{"AT":"ཧ་ལེ་ལོའུ་ཡཱ། ཧ་ལེ་ལོའུ་ཡཱ། ","KT":"ཧ་ལེ་ལོའུ་ཡཱ། ཧ་ལེ་ལོའུ་ཡཱ། ","CT":"ཧཱ་ལེ་ལུ་ཡཱ། ཧཱ་ལེ་ལུ་ཡཱ། "}}]],"label":"verse 4","id":4},{"line":[[{"phrase":{"AT":"གཙོ་བོ་ཡེ་ཤུ། གསན་རོགས་གནང་།   ","KT":" གཙོ་བོ་ཡེ་ཤུ། གསན་རོགས་གནང་། ","CT":"གཙོ་བོ་ཡེ་ཤུ། གསན་རོགས་གནང་།   "}}],[{"phrase":{"AT":"ང་ཡི་སྨོན་ལམ།","KT":"ང་ཡི་སྨོན་ལམ། ","CT":"ང་ཡི་སྨོན་ལམ།"}}],[{"phrase":{"AT":"གསན་རོགས་གནང་། ༢","KT":"གསན་རོགས་གནང་། ༢ ","CT":"གསན་རོགས་གནང་། ༢"}}],[{"phrase":{"AT":"ཧ་ལེ་ལོའུ་ཡཱ། ཧ་ལེ་ལོའུ་ཡཱ། ཧ་ལེ་ལོའུ་ཡཱ། ","KT":"ཧ་ལེ་ལོའུ་ཡཱ། ཧ་ལེ་ལོའུ་ཡཱ། ཧ་ལེ་ལོའུ་ཡཱ། ","CT":"ཧཱ་ལེ་ལུ་ཡཱ། ཧཱ་ལེ་ལུ་ཡཱ། ཧཱ་ལེ་ལུ་ཡཱ། "}}],[{"phrase":{"AT":"ཧ་ལེ་ལོའུ་ཡཱ། ཧ་ལེ་ལོའུ་ཡཱ། (ཧ་ལེ་ལོའུ་ཡཱ། ༤)","KT":"ཧ་ལེ་ལོའུ་ཡཱ། ཧ་ལེ་ལོའུ་ཡཱ། (ཧ་ལེ་ལོའུ་ཡཱ། ༤) ","CT":"ཧཱ་ལེ་ལུ་ཡཱ། ཧཱ་ལེ་ལུ་ཡཱ། (ཧཱ་ལེ་ལུ་ཡཱ།། ༤)"}}]],"label":"verse 5","id":5}]},"metadata":[{"AT":"(འགྱུར་མེད་རིན་ཆེན་གྱིས་བརྩམས་པའི་བསྟོད་དབྱངས།) JL CD2:6","KT":"undefined(འགྱུར་མེད་རིན་ཆེན་གྱིས་བརྩམས་པའི་བསྟོད་དབྱངས།) JL CD2:6 ","CT":"(འགྱུར་མེད་རིན་ཆེན་གྱིས་བརྩམས་པའི་བསྟོད་དབྱངས།) JL CD2:6"}]}