{"title":{"AT":"229.གཙོ་བོ་ཡེ་ཤུ་མ་ཤི་ཀ","KT":"undefined229. གཙོ་བོ་ཡེ་ཤུ་མཱ་ཤི་ཀ ","CT":"229.གཙོ་བོ་ཡེ་ཤུ་མཱ་ཤི་ཀ"},"author":"*","key":"*","lyrics":{"Verse":[{"line":[[{"phrase":{"AT":"གཙོ་བོ་ཡེ་ཤུ་མ་ཤི་ཀ  ","KT":"གཙོ་བོ་ཡེ་ཤུ་མཱ་ཤི་ཀ ","CT":"གཙོ་བོ་ཡེ་ཤུ་མཱ་ཤི་ཀ  "}}],[{"phrase":{"AT":"ཁྱེད་ནས་ལ་ནི་ཐར་བ་བྱུང་།","KT":"ཁྱེད་ནས་ལ་ནི་ཐར་བ་བྱུང་། ","CT":"ཁྱེད་ནས་ལ་ནི་ཐར་པ་བྱུང་།"}}],[{"phrase":{"AT":"ང་ཡིས་ལ་ནི་ཁྱེད་ལ་བསྟོད་པ་འབུལ།","KT":"ང་ཡིས་ལ་ནི་ཁྱེད་ལ་བསྟོད་པ་འབུལ། ","CT":"ང་ཡི་ལ་ནི་ཁྱེད་ལ་བསྟོད་པ་བྱུང་།"}}],[{"phrase":{"AT":"གཙོ་བོ་ཡེ་ཤུ་ལ།","KT":"གཙོ་བོ་ཡེ་ཤུ་ལ། ","CT":"གཙོ་བོ་ཡེ་ཤུ་ལ།"}}],[{"phrase":{"AT":"ཁྱེད་ནས་ལ་ནི་ཐར་བ་བྱུང་།","KT":"ཁྱེད་ནས་ལ་ནི་ཐར་བ་བྱུང་། ","CT":"ཁྱེད་ནས་ལ་ནི་ཐར་པ་བྱུང་།"}}],[{"phrase":{"AT":"ང་ཡིས་ལ་ནི་ཁྱེད་ལ་བསྟོད་པ་འབུལ།","KT":"ང་ཡིས་ལ་ནི་ཁྱེད་ལ་བསྟོད་པ་འབུལ། ","CT":"ང་ཡི་ལ་ནི་ཁྱེད་ལ་བསྟོད་པ་བྱུང་།"}}]],"label":"verse 1","id":1},{"line":[[{"phrase":{"AT":"གཙོ་བོ་ཡེ་ཤུ་ལ་ཐུགས་རྗེ་ཆེ།","KT":" གཙོ་བོ་ཡེ་ཤུ་ལ་ཐུགས་རྗེ་ཆེ། ","CT":"གཙོ་བོ་ཡེ་ཤུ་ལ་ཐུགས་རྗེ་ཆེ།"}}],[{"phrase":{"AT":"ཁྱེད་ཀྱིས་ང་ལ་བྱམས་སྐྱོང་གནང་བྱུང་།","KT":"ཁྱེད་ཀྱིས་ང་ལ་བྱམས་སྐྱོང་གནང་བྱུང་། ","CT":"ཁྱེད་ཀྱིས་ང་ལ་བྱམས་སྐྱོང་གནང་བྱུང་།"}}],[{"phrase":{"AT":"ཁྱེད་ཀྱིས་ང་ལ་བརྩེ་བ་གནང་བྱུང་།","KT":"ཁྱེད་ཀྱིས་ང་ལ་བརྩེ་བ་གནང་བྱུང་། ","CT":"ཁྱེད་ཀྱིས་ང་ལ་བརྩེ་དུང་གནང་བྱུང་།"}}],[{"phrase":{"AT":"གཙོ་བོ་ཡེ་ཤུ་ལ།","KT":"གཙོ་བོ་ཡེ་ཤུ་ལ། ","CT":"གཙོ་བོ་ཡེ་ཤུ་ལ།"}}],[{"phrase":{"AT":"ཁྱེད་ཀྱིས་ང་ལ་བྱམས་སྐྱོང་གནང་བྱུང་།","KT":"ཁྱེད་ཀྱིས་ང་ལ་བྱམས་སྐྱོང་གནང་བྱུང་། ","CT":"ཁྱེད་ཀྱིས་ང་ལ་བྱམས་སྐྱོང་གནང་བྱུང་།"}}],[{"phrase":{"AT":"ཁྱེད་ཀྱིས་ང་ལ་བརྩེ་བ་གནང་བྱུང་།","KT":"ཁྱེད་ཀྱིས་ང་ལ་བརྩེ་བ་གནང་བྱུང་། ","CT":"ཁྱེད་ཀྱིས་ང་ལ་བརྩེ་དུང་གནང་བྱུང་།"}}]],"label":"verse 2","id":2},{"line":[[{"phrase":{"AT":"གཙོ་བོ་ཡེ་ཤུ་ཁྱེད་ཀྱིས།","KT":" གཙོ་བོ་ཡེ་ཤུ་ཁྱེད་ཀྱིས། ","CT":"གཙོ་བོ་ཡེ་ཤུ་ཁྱེད་ཀྱིས།"}}],[{"phrase":{"AT":"ང་ལ་ཁྱེད་ཀྱིས་ལམ་སྟོན་གནང་བྱུང་།","KT":"ང་ལ་ཁྱེད་ཀྱིས་ལམ་སྟོན་གནང་བྱུང་། ","CT":"ང་ལ་ཁྱེད་ཀྱིས་ལ་སྟོན་གནང་བྱུང་།"}}],[{"phrase":{"AT":"ང་ལ་ཁྱེད་ཀྱིས་བྱིན་རླབས་གནང་བྱུང་།","KT":"ང་ལ་ཁྱེད་ཀྱིས་བྱིན་རླབས་གནང་བྱུང་། ","CT":"ང་ལ་ཁྱེད་ཀྱིས་བྱིན་རླབས་གནང་བྱུང་།"}}],[{"phrase":{"AT":"གཙོ་བོ་ཡེ་ཤུ་ལ།","KT":"གཙོ་བོ་ཡེ་ཤུ་ལ། ","CT":"གཙོ་བོ་ཡེ་ཤུ་ལ།"}}],[{"phrase":{"AT":"ང་ལ་ཁྱེད་ཀྱིས་ལམ་སྟོན་གནང་བྱུང་།","KT":"ང་ལ་ཁྱེད་ཀྱིས་ལམ་སྟོན་གནང་བྱུང་། ","CT":"ང་ལ་ཁྱེད་ཀྱིས་ལ་སྟོན་གནང་བྱུང་།"}}],[{"phrase":{"AT":"ང་ལ་ཁྱེད་ཀྱིས་བྱིན་རླབས་གནང་བྱུང་།","KT":"ང་ལ་ཁྱེད་ཀྱིས་བྱིན་རླབས་གནང་བྱུང་། ","CT":"ང་ལ་ཁྱེད་ཀྱིས་བྱིན་རླབས་གནང་བྱུང་།"}}]],"label":"verse 3","id":3},{"line":[[{"phrase":{"AT":"གཙོ་བོ་ཡེ་ཤུ་མ་ཤི་ཀ  ","KT":"defined༤ གཙོ་བོ་ཡེ་ཤུ་མཱ་ཤི་ཀ ","CT":"གཙོ་བོ་ཡེ་ཤུ་མཱ་ཤི་ཀ  "}}],[{"phrase":{"AT":"ཁྱེད་ནས་ལ་ནི་ཐར་བ་བྱུང་།","KT":"ཁྱེད་ནས་ལ་ནི་ཐར་བ་བྱུང་། ","CT":"ཁྱེད་ནས་ལ་ནི་ཐར་པ་བྱུང་།"}}],[{"phrase":{"AT":"ང་ཡིས་ལ་ནི་ཁྱེད་ལ་བསྟོད་པ་འབུལ།","KT":"ང་ཡིས་ལ་ནི་ཁྱེད་ལ་བསྟོད་པ་འབུལ། ","CT":"ང་ཡི་ལ་ནི་ཁྱེད་ལ་བསྟོད་པ་བྱུང་།"}}],[{"phrase":{"AT":"གཙོ་བོ་ཡེ་ཤུ་ལ།","KT":"གཙོ་བོ་ཡེ་ཤུ་ལ། ","CT":"གཙོ་བོ་ཡེ་ཤུ་ལ།"}}],[{"phrase":{"AT":"ཁྱེད་ནས་ལ་ནི་ཐར་བ་བྱུང་།","KT":"ཁྱེད་ནས་ལ་ནི་ཐར་བ་བྱུང་། ","CT":"ཁྱེད་ནས་ལ་ནི་ཐར་པ་བྱུང་།"}}],[{"phrase":{"AT":"ང་ཡིས་ལ་ནི་ཁྱེད་ལ་བསྟོད་པ་འབུལ།","KT":"ང་ཡིས་ལ་ནི་ཁྱེད་ལ་བསྟོད་པ་འབུལ། ","CT":"ང་ཡི་ལ་ནི་ཁྱེད་ལ་བསྟོད་པ་བྱུང་།།"}}]],"label":"verse 4","id":4}]},"metadata":[{"AT":"(ཐར་བ་བྱུང་།)","KT":"undefined(ཐར་བ་བྱུང་།) ","CT":"(ཐར་པ་བྱུང་།)"},{"AT":"(ངག་དབང་སི་ལཱས་བརྩམས་པའི་བསྟོད་དབྱངས།)","KT":"(ངག་དབང་སི་ལཱས་བརྩམས་པའི་བསྟོད་དབྱངས།) ","CT":"(ངག་དབང་སི་ལཱས་བརྩམས་པའི་བསྟོད་དབྱངས།)"}]}