{"title":{"AT":"23.ང་ཚོ་འདི་རུ་འཛོམས་འཛོམས།","KT":"23. ང་ཚོ་འདི་ལ་འཛོམས་འཛོམས། ","CT":"23.ང་ཚོ་འདི་རུ་འཛོམས་འཛོམས།"},"author":"*","key":"*","lyrics":{"Verse":[{"line":[[{"phrase":{"AT":"ང་ཚོ་འདི་རུ་འཛོམས་འཛོམས།","KT":" ང་ཚོ་འདི་ལ་འཛོམས་འཛོམས། ","CT":"ང་ཚོ་འདི་རུ་འཛོམས་འཛོམས།"}}],[{"phrase":{"AT":"ཡབ་ཆེན་དཀོན་མཆོག་མཇལ་ཞིང་།","KT":"ཡབ་ཆེན་དཀོན་མཆོག་མཇལ་ཞིང་། ","CT":"ཡབ་ཆེན་དཀོན་མཆོག་མཇལ་ཞིང་།"}}],[{"phrase":{"AT":"ཁོང་ལ་བསྟོད་པར་འཛོམས་ཡོད།","KT":"ཁོང་ལ་བསྟོད་པར་འཛོམས་ཡོད། ","CT":"ཁོང་ལ་བསྟོད་པར་འཛོམས་ཡོད།"}}],[{"phrase":{"AT":"སོའོ་ང་ཚོ་འདི་རུ་འཛོམས་འཛོམས་ལ།","KT":"སོའོ་ཡ་ལ། ང་ཚོ་འདི་ལ་འཛོམས་འཛོམས་ལ། ༢ ","CT":"སོའོ་ཡ་ལ། ང་ཚོ་འདི་རུ་འཛོམས་འཛོམས་ལ།"}}]],"label":"verse 1","id":1},{"line":[[{"phrase":{"AT":"ོང་གི་བུ་དང་བུ་མོ།","KT":"ཁོང་གི་བུ་དང་བུ་མོ། ","CT":"ོང་གི་བུ་དང་བུ་མོ།"}}],[{"phrase":{"AT":"ཁྱིམ་གཅིག་བཞིན་དུ་ཚོགས་ན།","KT":"ཁྱིམ་གཅིག་ནང་བཞིན་ཚོགས་ན། ","CT":"ནང་གཅིག་ནང་བཞིན་ཚོགས་ན།"}}],[{"phrase":{"AT":"ཡབ་ཆེན་དཀོན་མཆོག་ཕེབས་ཡོང་།","KT":"ཡབ་ཆེན་དཀོན་མཆོག་ཕེབས་ཡོང་། ","CT":"ཡབ་ཆེན་དཀོན་མཆོག་ཕེབས་ཡོང་།"}}],[{"phrase":{"AT":"སོའོ་ང་ཚོའི་གམ་དུ་ཕེབས་ཡོང་ལ།","KT":"སོའོ་ཡ་ལ། ང་ཚོའི་རྩ་ལ་ཕེབས་ཡོང་ལ། ༢ ","CT":"སོའོ་ཡ་ལ། ང་ཚོའི་རྩ་ལ་ཕེབས་ཡོང་ལ།"}}]],"label":"verse 2","id":2},{"line":[[{"phrase":{"AT":"ོང་གི་མཚན་ལ་བསྟོད་ཅིང་།","KT":"ཁོང་གི་མཚན་ལ་བསྟོད་ཅིང་། ","CT":"ོང་གི་མཚན་ལ་བསྟོད་ཅིང་།"}}],[{"phrase":{"AT":"ཁོང་གི་བཀའ་ལ་ཉོན་དང་།","KT":"ཁོང་གི་བཀའ་ལ་ཉོན་དང་། ","CT":"ཁོང་གི་བཀའ་ལ་ཉོན་དང་།"}}],[{"phrase":{"AT":"གཙོ་བོ་ཡེ་ཤུ་འདིར་ཡོད། ","KT":"གཙོ་བོ་ཡེ་ཤུ་འདིར་ཡོད། ","CT":"གཙོ་བོ་ཡེ་ཤུ་མཇལ་ཡོང་། "}}],[{"phrase":{"AT":"སོའོ་ང་ཚོའི་རྒྱལ་པོ་ཕེབས་བྱུང་ལ།","KT":"སོའོ་ཡ་ལ། ང་ཚོའི་རྒྱལ་པོ་ཕེབས་བྱུང་ལ། ༢ ","CT":"སོའོ་ཡ་ལ།  ང་ཚོའི་རྒྱལ་པོ་ཕེབས་བྱུང་ལ།། "}}]],"label":"verse 3","id":3}]},"metadata":[{"AT":"(ཚིག་བློ་རྣམ་གྱིས་བརྩམས་པ།)","KT":"(ཚིག་བློ་རྣམ་གྱིས་བརྩམས་པ།) ","CT":"(ཚིག་བློ་རྣམ་གྱིས་བརྩམས་པ།)"}]}