{"title":{"AT":"230.གཙོ་བོ་ཡེ་ཤུ་ཞོགས་པ་སྔ་མོ།","KT":"230. གཙོ་བོ་ཡེ་ཤུ་ཞོགས་པ་སྔ་མོ། ","CT":"230.གཙོ་བོ་ཡེ་ཤུ་ཞོགས་པ་སྔ་མོ།"},"author":"*","key":"*","lyrics":{"Verse":[{"line":[[{"phrase":{"AT":" གཙོ་བོ་ཡེ་ཤུ་ཞོགས་པ་སྔ་མོ།   ","KT":"གཙོ་བོ་ཡེ་ཤུ་ཞོགས་པ་སྔ་མོ། ","CT":" གཙོ་བོ་ཡེ་ཤུ་ཞོགས་པ་སྔ་མོ།   "}}],[{"phrase":{"AT":"ཁ་ཁུ་སིམ་པོའི་ས་ཆ་རུ་ཕེབས་པ་རེད།","KT":"ཁ་ཁུ་སིམ་པོའི་ས་ཆ་རུ་ཕེབས་པ་རེད། ","CT":"ཁ་ཁུ་སིམ་པོའི་ས་ཆ་རུ་ཕེབས་པ་རེད།"}}],[{"phrase":{"AT":"ངས་ཀྱང་ཁྱེད་ཀྱི་མདུན་དུ་ཞོགས་པ་སྔ་མོ།  ","KT":"ངས་ཀྱང་ཁྱེད་ཀྱི་མདུན་དུ་ཞོགས་པ་སྔ་མོ། ","CT":"ངས་ཡང་ཁྱེད་ཀྱི་མདུན་དུ་ཞོགས་པ་སྔ་མོ།  "}}],[{"phrase":{"AT":"ཁ་ཁུ་སིམ་པོའི་སྨོན་ལམ་ཞུ་རྒྱུ་ཡིན། ","KT":"ཁ་ཁུ་སིམ་པོའི་སྨོན་ལམ་ཞུ་རྒྱུ་ཡིན། ","CT":"ཁ་ཁུ་སིམ་པོའི་སྨོན་ལམ་ཞུ་གྱི་ཡིན། "}}],[{"phrase":{"AT":"ྱེད་ཀྱི་བཀའ་བརྒྱུད་ནས་ངའི་གཉིད་དཀྲོགས་པར་མཛོད། ༢","KT":"ཁྱེད་ཀྱི་བཀའ་བརྒྱུད་ནས་ངའི་གཉིད་དཀྲོགས་པར་མཛོད། ༢ ","CT":"ྱེད་ཀྱི་བཀའ་བརྒྱུད་ནས་ང་གཉིད་སད་རོགས་གནང༌། ༢"}}]],"label":"verse 1","id":1},{"line":[[{"phrase":{"AT":"དེ་རིང་ཉིན་མོ་ང་ཁྱེད་དང་མཉམ་དུ་སྡོད་རྒྱུ་ཡིན། ༢","KT":" དེ་རིང་ཉིན་མོ་ང་ཁྱེད་དང་མཉམ་དུ་སྡོད་རྒྱུ་ཡིན། ༢ ","CT":"དེ་རིང་ཉིན་མོ་ང་ཁྱེད་དང་མཉམ་དུ་སྡོད་ཀྱི་ཡིན།། ༢"}}]],"label":"verse 2","id":2}]},"metadata":[{"AT":"( འཇིགས་མེད་ཀྱིས་བརྩམས་པའི་བསྟོད་དབྱངས།) PNJ 12","KT":"undefined(འཇིགས་མེད་ཀྱིས་བརྩམས་པའི་བསྟོད་དབྱངས།) PNJ 12 ","CT":"(འཇིགས་མེད་ཀྱིས་བརྩམས་པའི་བསྟོད་དབྱངས།) PNJ 12"}]}