{"title":{"AT":"231.གཙོ་བོ་ཡེ་ཤུ་ལ་བསྟོད། ","KT":"undefined231. གཙོ་བོ་ཡེ་ཤུ་ལ་བསྟོད། ","CT":"231.གཙོ་བོ་ཡེ་ཤུ་ལ་བསྟོད། "},"author":"*","key":"*","lyrics":{"Verse":[{"line":[[{"phrase":{"AT":"གཙོ་བོ་ཡེ་ཤུ་ལ་བསྟོད། ཡེ་ཤུ་ལ་བསྟོད། ","KT":" གཙོ་བོ་ཡེ་ཤུ་ལ་བསྟོད། ཡེ་ཤུ་ལ་བསྟོད། ","CT":"གཙོ་བོ་ཡེ་ཤུ་ལ་བསྟོད། ཡེ་ཤུ་ལ་བསྟོད། "}}],[{"phrase":{"AT":"ཧ་ལེ་ལོའུ་ཡཱ། ཧ་ལེ་ལོའུ་ཡཱ། ","KT":"ཧ་ལེ་ལོའུ་ཡཱ། ཧ་ལེ་ལོའུ་ཡཱ། ","CT":"ཧཱ་ལེ་ལུ་ཡཱ། ཧཱ་ལེ་ལུ་ཡཱ། "}}],[{"phrase":{"AT":"ཡེ་ཤུ་ནི་ཐམས་ཅད་ཀྱི་གཙོ་བོ། ","KT":"ཡེ་ཤུ་ནི་ཐམས་ཅད་ཀྱི་གཙོ་བོ། ","CT":"ཡེ་ཤུ་ནི་ཐམས་ཅད་ཀྱི་གཙོ་བོ། "}}],[{"phrase":{"AT":"ཐམས་ཅད་ཀྱི་གཙོ་བོ། ཐམས་ཅད་ཀྱི་གཙོ་བོ། ","KT":"ཐམས་ཅད་ཀྱི་གཙོ་བོ། ཐམས་ཅད་ཀྱི་གཙོ་བོ། ","CT":"ཐམས་ཅད་ཀྱི་གཙོ་བོ། ཐམས་ཅད་ཀྱི་གཙོ་བོ། "}}],[{"phrase":{"AT":"ཐམས་ཅད་ཀྱི་གཙོ་བོ། ཐམས་ཅད་ཀྱི་གཙོ་བོ། ","KT":"ཐམས་ཅད་ཀྱི་གཙོ་བོ། ཐམས་ཅད་ཀྱི་གཙོ་བོ། ","CT":"ཐམས་ཅད་ཀྱི་གཙོ་བོ། ཐམས་ཅད་ཀྱི་གཙོ་བོ། "}}]],"label":"verse 1","id":1},{"line":[[{"phrase":{"AT":"ཡེ་ཤུ་ལ་ནི་གྲོངས་ནས་སླར་ཡང་གསོན།","KT":" ཡེ་ཤུ་ལ་ནི་གྲོངས་ནས་སླར་ཡང་གསོན། ","CT":"ཡེ་ཤུ་ལ་ནི་གྲོངས་ནས་སླར་ཡང་གསོན།"}}],[{"phrase":{"AT":"ཡེ་ཤུ་ནི་ཚེ་སྲོག་ཡིན། ","KT":"ཡེ་ཤུ་ནི་ཚེ་སྲོག་ཡིན། ","CT":"ཡེ་ཤུ་ལ་མི་ཚེ་ཡོད། "}}],[{"phrase":{"AT":"ཡེ་ཤུ་ནི་ཚེ་སྲོག་ཡིན། ཡེ་ཤུ་ནི་ཚེ་སྲོག་ཡིན།","KT":"ཡེ་ཤུ་ནི་ཚེ་སྲོག་ཡིན། ཡེ་ཤུ་ནི་ཚེ་སྲོག་ཡིན། ","CT":"ཡེ་ཤུ་ལ་མི་ཚེ་ཡོད། ཡེ་ཤུ་ལ་མི་ཚེ་ཡོད།"}}],[{"phrase":{"AT":" ཡེ་ཤུ་ནི་ཚེ་སྲོག་ཡིན། ཡེ་ཤུ་ནི་ཚེ་སྲོག་ཡིན།","KT":"ཡེ་ཤུ་ནི་ཚེ་སྲོག་ཡིན། ཡེ་ཤུ་ནི་ཚེ་སྲོག་ཡིན། ","CT":" ཡེ་ཤུ་ལ་མི་ཚེ་ཡོད། ཡེ་ཤུ་ལ་མི་ཚེ་ཡོད།"}}]],"label":"verse 2","id":2},{"line":[[{"phrase":{"AT":"ཡེ་ཤུ་ཁོང་ཡང་བསྐྱར་ཕེབས་པའི་དམ་བཅའ་ཡོད། ","KT":" ཡེ་ཤུ་ཁོང་ཡང་བསྐྱར་ཕེབས་པའི་དམ་བཅའ་ཡོད། ","CT":"ཡེ་ཤུ་ཁོང་ཡང་བསྐྱར་ཕེབས་རྒྱུའི་དམ་བཅའ་ཡོད། "}}],[{"phrase":{"AT":"ཁོང་ཕེབས་པའི་དམ་བཅའ་ཡོད། ","KT":"ཁོང་ཕེབས་པའི་དམ་བཅའ་ཡོད། ","CT":"ཁོང་ཕེབས་རྒྱུའི་དམ་བཅའ་ཡོད། "}}],[{"phrase":{"AT":"ཁོང་ཕེབས་པའི་དམ་བཅའ་ཡོད། ","KT":"ཁོང་ཕེབས་པའི་དམ་བཅའ་ཡོད། ","CT":"ཁོང་ཕེབས་རྒྱུའི་དམ་བཅའ་ཡོད། "}}],[{"phrase":{"AT":"ཁོང་ཕེབས་པའི་དམ་བཅའ་ཡོད། ","KT":"ཁོང་ཕེབས་པའི་དམ་བཅའ་ཡོད། ","CT":"ཁོང་ཕེབས་རྒྱུའི་དམ་བཅའ་ཡོད། "}}],[{"phrase":{"AT":"ཁོང་ཕེབས་པའི་དམ་བཅའ་ཡོད། ","KT":"ཁོང་ཕེབས་པའི་དམ་བཅའ་ཡོད། ","CT":"ཁོང་ཕེབས་རྒྱུའི་དམ་བཅའ་ཡོད། "}}],[{"phrase":{"AT":"ཁོང་ཕེབས་པའི་དམ་བཅའ་ཡོད། ","KT":"ཁོང་ཕེབས་པའི་དམ་བཅའ་ཡོད། ","CT":"ཁོང་ཕེབས་རྒྱུའི་དམ་བཅའ་ཡོད། "}}],[{"phrase":{"AT":"ཁོང་ཕེབས་ཡོང་།  ཁོང་ཕེབས་ཡོང་། ༢","KT":"ཁོང་ཕེབས་ཡོང་། ཁོང་ཕེབས་ཡོང་། ༢ ","CT":"ཁོང་ཕེབས་ཡོང་།  ཁོང་ཕེབས་ཡོང་།། ༢"}}]],"label":"verse 3","id":3}]},"metadata":[{"AT":"(ཧ་ལེ་ལོའུ་ཡཱ་གཙོ་བོ་ལ་བསྟོད།)","KT":"undefined(ཧ་ལེ་ལོའུ་ཡཱ་གཙོ་བོ་ལ་བསྟོད།) ","CT":"(ཧཱ་ལེ་ལུ་ཡཱ་གཙོ་བོ་ལ་བསྟོད།)"},{"AT":"(ངག་དབང་སི་ལཱས་བརྩམས་པའི་བསྟོད་དབྱངས།) NS CD1:5; KT06 167","KT":"(ངག་དབང་སི་ལཱས་བརྩམས་པའི་བསྟོད་དབྱངས།) NS CD1:5; KT06 167 ","CT":"(ངག་དབང་སི་ལཱས་བརྩམས་པའི་བསྟོད་དབྱངས།) NS CD1:5; KT06 167"}]}