{"title":{"AT":"232.གཙོ་བོ་ཡེ་ཤུའི་མཚན་ལ་དབང་ཤུགས་ཡོད།","KT":"undefined232. གཙོ་བོ་ཡེ་ཤུའི་མཚན་ལ་དབང་ཤུགས་ཡོད། ","CT":"232.གཙོ་བོ་ཡེ་ཤུའི་མཚན་ལ་དབང་ཤུགས་ཡོད།"},"author":"*","key":"*","lyrics":{"Verse":[{"line":[[{"phrase":{"AT":"གཙོ་བོ་ཡེ་ཤུའི་མཚན་ལ་དབང་ཤུགས་ཡོད། ༢","KT":"གཙོ་བོ་ཡེ་ཤུའི་མཚན་ལ་དབང་ཤུགས་ཡོད། ༢ ","CT":"གཙོ་བོ་ཡེ་ཤུའི་མཚན་ལ་དབང་ཤུགས་ཡོད། ༢"}}],[{"phrase":{"AT":"གཙོ་བོ་ཡེ་ཤུའི་མཚན་བརྒྱུད་ནས།","KT":"གཙོ་བོ་ཡེ་ཤུའི་མཚན་བརྒྱུད་ནས། ","CT":"གཙོ་བོ་ཡེ་ཤུའི་མཚན་བརྒྱུད་ནས།"}}],[{"phrase":{"AT":"གདོན་འདྲེ་རྣམས་ཀྱི་དབང་ཤུགས་ཉམས། ༢","KT":"གདོན་འདྲེ་རྣམས་ཀྱི་དབང་ཤུགས་ཉམས། ༢ ","CT":"གདོན་འདྲེ་རྣམས་ཀྱི་དབང་ཤུགས་ཉམས། ༢"}}],[{"phrase":{"AT":"གཙོ་བོ་ཡེ་ཤུ། གཙོ་བོ་ཡེ་ཤུ། ","KT":"གཙོ་བོ་ཡེ་ཤུ། གཙོ་བོ་ཡེ་ཤུ། ","CT":"གཙོ་བོ་ཡེ་ཤུ། གཙོ་བོ་ཡེ་ཤུ། "}}],[{"phrase":{"AT":"གཙོ་བོ་ཡེ་ཤུ་ང་ཚོའི་རྒྱལ་པོ། ༢ ","KT":"གཙོ་བོ་ཡེ་ཤུ་ང་ཚོའི་རྒྱལ་པོ། ༢ ","CT":"གཙོ་བོ་ཡེ་ཤུ་ང་ཚོ་རྒྱལ་པོ། ༢ "}}],[{"phrase":{"AT":"ཡེ་ཤུ། ","KT":"ཡེ་ཤུ། ","CT":"ཡེ་ཤུ། "}}]],"label":"verse 1","id":1},{"line":[[{"phrase":{"AT":"གཙོ་བོ་ཡེ་ཤུའི་བསླབ་བྱ་ལ་དྲང་བདེན་ཡོད། ༢","KT":" གཙོ་བོ་ཡེ་ཤུའི་བསླབ་བྱ་ལ་དྲང་བདེན་ཡོད། ༢ ","CT":"གཙོ་བོ་ཡེ་ཤུའི་སློབ་གསོ་ལ་དྲང་བདེན་ཡོད། ༢"}}],[{"phrase":{"AT":"གཙོ་བོ་ཡེ་ཤུའི་བསླབ་བྱ་བརྒྱུད་ནས།","KT":"གཙོ་བོ་ཡེ་ཤུའི་བསླབ་བྱ་བརྒྱུད་ནས། ","CT":"གཙོ་བོ་ཡེ་ཤུའི་སློབ་གསོ་བརྒྱུད་ནས།"}}],[{"phrase":{"AT":"ང་ཚོའི་མི་ཚེ་ལ་འབྲས་བུ་བྱུང༌། ༢","KT":"ང་ཚོའི་མི་ཚེ་ལ་འབྲས་བུ་བྱུང༌། ༢ ","CT":"ང་ཚོ་མི་ཚེ་འབྲས་བུ་བྱུང༌། ༢"}}],[{"phrase":{"AT":"གཙོ་བོ་ཡེ་ཤུ། གཙོ་བོ་ཡེ་ཤུ། ","KT":"གཙོ་བོ་ཡེ་ཤུ། གཙོ་བོ་ཡེ་ཤུ། ","CT":"གཙོ་བོ་ཡེ་ཤུ། གཙོ་བོ་ཡེ་ཤུ། "}}],[{"phrase":{"AT":"གཙོ་བོ་ཡེ་ཤུ་ང་ཚོའི་རྒྱལ་པོ། ༢ ","KT":"གཙོ་བོ་ཡེ་ཤུ་ང་ཚོའི་རྒྱལ་པོ། ༢ ","CT":"གཙོ་བོ་ཡེ་ཤུ་ང་ཚོ་རྒྱལ་པོ། ༢ "}}],[{"phrase":{"AT":"ཡེ་ཤུ། ","KT":"ཡེ་ཤུ། ","CT":"ཡེ་ཤུ། "}}]],"label":"verse 2","id":2},{"line":[[{"phrase":{"AT":"གཙོ་བོ་ཡེ་ཤུའི་སྐུ་ཁྲག་ལ་དབང་ཤུགས་ཡོད། ༢","KT":" གཙོ་བོ་ཡེ་ཤུའི་སྐུ་ཁྲག་ལ་དབང་ཤུགས་ཡོད། ༢ ","CT":"གཙོ་བོ་ཡེ་ཤུའི་སྐུ་ཁྲག་ལ་དབང་ཤུགས་ཡོད། ༢"}}],[{"phrase":{"AT":"གཙོ་བོ་ཡེ་ཤུའི་སྐུ་ཁྲག་བརྒྱུད་ནས།","KT":"གཙོ་བོ་ཡེ་ཤུའི་སྐུ་ཁྲག་བརྒྱུད་ནས། ","CT":"གཙོ་བོ་ཡེ་ཤུའི་སྐུ་ཁྲག་བརྒྱུད་ནས།"}}],[{"phrase":{"AT":"ང་ཡི་སྡིག་པ་མེད་པར་གྱུར། ༢","KT":"ང་ཡི་སྡིག་པ་མེད་པར་གྱུར། ༢ ","CT":"ང་ཡི་སྡིག་པ་མེད་པར་གྱུར། ༢"}}],[{"phrase":{"AT":"གཙོ་བོ་ཡེ་ཤུ། གཙོ་བོ་ཡེ་ཤུ། ","KT":"གཙོ་བོ་ཡེ་ཤུ། གཙོ་བོ་ཡེ་ཤུ། ","CT":"གཙོ་བོ་ཡེ་ཤུ། གཙོ་བོ་ཡེ་ཤུ། "}}],[{"phrase":{"AT":"གཙོ་བོ་ཡེ་ཤུ་ང་ཚོའི་རྒྱལ་པོ། ༢ ","KT":"གཙོ་བོ་ཡེ་ཤུ་ང་ཚོའི་རྒྱལ་པོ། ༢ ","CT":"གཙོ་བོ་ཡེ་ཤུ་ང་ཚོ་རྒྱལ་པོ། ༢ "}}],[{"phrase":{"AT":"ཡེ་ཤུ། ","KT":"ཡེ་ཤུ། ","CT":"ཡེ་ཤུ།། "}}]],"label":"verse 3","id":3}]},"metadata":[{"AT":"(འཇིགས་མེད་ཀྱིས་བརྩམས་པའི་བསྟོད་དབྱངས།) PNJ 21","KT":"undefined(འཇིགས་མེད་ཀྱིས་བརྩམས་པའི་བསྟོད་དབྱངས།) PNJ 21 ","CT":"(འཇིགས་མེད་ཀྱིས་བརྩམས་པའི་བསྟོད་དབྱངས།) PNJ 21"}]}