{"title":{"AT":"233.གཙོ་བོ་ཡེ་ཤུས་ང་ལ་ཞལ་འབོད་གནང་།","KT":"undefined233. གཙོ་བོ་ཡེ་ཤུས་ང་ལ་ཞལ་འབོད་གནང་། ","CT":"233.གཙོ་བོ་ཡེ་ཤུས་ང་བོས་གནང་ཡོད།"},"author":"*","key":"*","lyrics":{"Verse":[{"line":[[{"phrase":{"AT":"གཙོ་བོ་ཡེ་ཤུའི་སྐུ་ཁྲག་ལ། ","KT":" གཙོ་བོ་ཡེ་ཤུའི་སྐུ་ཁྲག་ལ། ","CT":"གཙོ་བོ་ཡེ་ཤུའི་སྐུ་ཁྲག་ལ། "}}],[{"phrase":{"AT":"བཀའ་དྲིན་དང་བདེན་པ་ཡོད།","KT":"བཀའ་དྲིན་དང་བདེན་པ་ཡོད། ","CT":"བཀའ་དྲིན་དང་བདེན་པ་ཡོད།"}}],[{"phrase":{"AT":"ངའི་སྡིག་པ་བསལ་བའི་ཡེ་ཤུས། ","KT":"ངའི་སྡིག་པ་བསལ་བའི་ཡེ་ཤུས། ","CT":"ངའི་སྡིག་པ་སེལ་བའི་ཡེ་ཤུས། "}}],[{"phrase":{"AT":"ཚུར་ཤོག་གསུང་གིན་འདུག","KT":"ཚུར་ཤོག་གསུང་གིན་འདུག ","CT":"ཚུར་ཤོག་གསུངས་གི་འདུག"}}],[{"phrase":{"AT":"ཤིང་རྒྱ་གྲམ་མདུན་དུ། ","KT":"ཤིང་རྒྱ་གྲམ་མདུན་དུ། ","CT":"རྒྱངས་ཤིང་གི་མདུན་དུ། "}}],[{"phrase":{"AT":"ད་ལྟ་ཡོང་བཞིན་ཡོད།","KT":"ད་ལྟ་ཡོང་བཞིན་ཡོད། ","CT":"ད་ལྟ་ཡོང་གི་ཡོད།"}}],[{"phrase":{"AT":"ཁྱེད་ཀྱི་སྐུ་ཁྲག་བརྒྱུད་ནས། ","KT":"ཁྱེད་ཀྱི་སྐུ་ཁྲག་བརྒྱུད་ནས། ","CT":"ཁྱེད་ཀྱི་སྐུ་ཁྲག་བརྒྱུད་ནས། "}}],[{"phrase":{"AT":"ངའི་སྡིག་པ་བསལ་རོགས་གནང༌།","KT":"ངའི་སྡིག་པ་བསལ་རོགས་གནང༌། ","CT":"ངའི་སྡིག་པ་སེལ་རོགས་གནང༌།"}}]],"label":"verse 1","id":1},{"line":[[{"phrase":{"AT":"ཐང་ཆད་ནས་ཤུགས་མེད་དུས། ","KT":" ཐང་ཆད་ནས་ཤུགས་མེད་དུས། ","CT":"ཐང་ཆད་ནས་ཤུགས་མེད་དུས། "}}],[{"phrase":{"AT":"ཡེ་ཤུས་ང་ཡི་མིང་བོས་ཏེ།","KT":"ཡེ་ཤུས་ང་ཡི་མིང་བོས་ཏེ། ","CT":"ཡེ་ཤུས་ང་ཡི་མིང་བོས་ནས།"}}],[{"phrase":{"AT":"ང་ཡི་སེམས་ལ་ཤུགས་གནང་ནས། ","KT":"ང་ཡི་སེམས་ལ་ཤུགས་གནང་ནས། ","CT":"ང་ཡི་སེམས་ལ་ཤུགས་གནང་ནས། "}}],[{"phrase":{"AT":"ང་གསར་བ་བཟོས་གནང་སོང༌།","KT":"ང་གསར་པ་བཟོས་གནང་སོང༌། ","CT":"ང་གསར་པ་བཟོས་གནང་སོང༌།"}}]],"label":"verse 2","id":2},{"line":[[{"phrase":{"AT":"བྱམས་པ་དང་ཞི་བདེ། ","KT":" བྱམས་པ་དང་ཞི་བདེ། ","CT":"བྱམས་པ་དང་ཞི་བདེ། "}}],[{"phrase":{"AT":"ང་ལ་གནང་བའི་ཆེད་དུ།","KT":"ང་ལ་གནང་བའི་ཆེད་དུ། ","CT":"ང་ལ་གནང་བའི་ཆེད་དུ།"}}],[{"phrase":{"AT":"ངའི་མིང་འབོད་མཁན་ཡེ་ཤུ་ལ། ","KT":"ངའི་མིང་འབོད་མཁན་ཡེ་ཤུ་ལ། ","CT":"ངའི་མིང་འབོད་མཁན་ཡེ་ཤུ་ལ། "}}],[{"phrase":{"AT":"ངས་དད་པ་བྱེད་རྒྱུ་ཡིན།","KT":"ངས་དད་པ་བྱེད་རྒྱུ་ཡིན། ","CT":"ངས་དད་པ་བྱེད་ཀྱི་ཡིན།"}}]],"label":"verse 3","id":3},{"line":[[{"phrase":{"AT":"སྡིག་པས་ཁེངས་པའི་ངའི་སེམས། ","KT":" སྡིག་པས་ཁེངས་པའི་ངའི་སེམས། ","CT":"སྡིག་པ་ཁེངས་པའི་ངའི་སེམས། "}}],[{"phrase":{"AT":"ཡེ་ཤུས་སྡིག་སེལ་གནང་སོང༌།  ","KT":"ཡེ་ཤུས་སྡིག་སེལ་གནང་སོང༌། ","CT":"ཡེ་ཤུས་སྡིག་སེལ་གནང་སོང༌།  "}}],[{"phrase":{"AT":"ནམ་མཁའ་ལས་ཞེང་ཆེ་བ།","KT":"ནམ་མཁའ་ལས་ཞེང་ཆེ་བ། ","CT":"ནམ་མཁའ་ལས་ཞིང་ཆེ་བའི།"}}],[{"phrase":{"AT":"ཡེ་ཤུ་ཡི་བྱམས་པ།","KT":"ཡེ་ཤུ་ཡི་བྱམས་པ། ","CT":"ཡེ་ཤུ་ཡི་བྱམས་པ།"}}]],"label":"verse 4","id":4},{"line":[[{"phrase":{"AT":"གཙོ་བོ་ཡེ་ཤུའི་སྐུ་ཁྲག་ནི། ","KT":" གཙོ་བོ་ཡེ་ཤུའི་སྐུ་ཁྲག་ནི། ","CT":"གཙོ་བོ་ཡེ་ཤུའི་སྐུ་ཁྲག་ནི། "}}],[{"phrase":{"AT":"ངའི་སེམས་ཀྱི་དཔང་པོ་ཡིན།","KT":"ངའི་སེམས་ཀྱི་དཔང་པོ་ཡིན། ","CT":"ངའི་སེམས་ཀྱི་དཔང་པོ་ཡིན།"}}],[{"phrase":{"AT":"སེམས་གཏིང་ནས་ཞུས་པའི་ངའི་སྨོན་ལམ། ","KT":"སེམས་གཏིང་ནས་ཞུས་པའི་ངའི་སྨོན་ལམ། ","CT":"སེམས་གཏིང་ནས་ཞུས་པའི་ངའི་སྨོན་ལམ། "}}],[{"phrase":{"AT":"བཀའ་ལན་གནང་རོགས་ཞུ།","KT":"བཀའ་ལན་གནང་རོགས་ཞུ། ","CT":"བཀའ་ལེན་གནང་རོགས་གནང༌།།"}}]],"label":"verse 5","id":5}]},"metadata":[{"AT":"(I Hear Thy Welcome Voice ཞེས་པའི་དབྱིན་ཇིའི་བསྟོད་དབྱངས།)  PNJ 25","KT":"undefined(I Hear Thy Welcome Voice ཞེས་པའི་དབྱིན་ཇིའི་བསྟོད་དབྱངས།)66 PNJ 25 66 Lewis Hartsough, 1872 © public domain པར་དབང་འཛིན་མཁན་མེད་པ། ","CT":"(I Hear Thy Welcome Voice ཞེས་པའི་དབྱིན་ཇིའི་བསྟོད་དབྱངས།)  PNJ 25"}]}