{"title":{"AT":"234.གཙོ་བོའི་གཟི་བརྗིད། ","KT":"234. གཙོ་བོའི་གཟི་བརྗིད། ","CT":"234.གཙོ་བོའི་གཟི་བརྗིད། "},"author":"*","key":"*","lyrics":{"Verse":[{"line":[[{"phrase":{"AT":"གཙོ་བོའི་གཟི་བརྗིད་ནི་ནམ་མཁར་ཁྱབ་སོང༌།","KT":"གཙོ་བོའི་གཟི་བརྗིད་ནི་ནམ་མཁར་ཁྱབ་སོང༌། ","CT":"གཙོ་བོའི་གཟི་བརྗིད་ནི་ནམ་མཁར་ཁྱབ་སོང༌།"}}],[{"phrase":{"AT":"གཙོ་བོའི་གཟི་བརྗིད་ཀྱིས་ས་གཞི་གཡོས་བྱུང་།","KT":"གཙོ་བོའི་གཟི་བརྗིད་ཀྱིས་ས་གཞི་གཡོས་བྱུང་། ","CT":"གཙོ་བོའི་གཟི་བརྗིད་ཀྱིས་ས་གཞི་ཐམས་ཅད་གཡོ།"}}],[{"phrase":{"AT":"ཕོ་ཉ་མཉམ་དུ་འཚོགས།","KT":"ཕོ་ཉ་མཉམ་དུ་འཚོགས། ","CT":"ཕོ་ཉ་རྣམས་མཉམ་དུ་འཚོགས།"}}],[{"phrase":{"AT":"ཁོང་ལ་བསྟོད་པ་འབུལ།","KT":"ཁོང་ལ་བསྟོད་པ་འབུལ། ","CT":"ཁོང་ལ་བསྟོད་པ་འབུལ།"}}],[{"phrase":{"AT":"པུས་མོ་སར་བཙུགས་ནས།","KT":"པུས་མོ་སར་བཙུགས་ནས། ","CT":"པུས་མོ་ཀུན་སར་བཙུགས་ནས།"}}],[{"phrase":{"AT":"དམ་པའི་མཚན་དེ་ཁས་ལེན་ཞུ།","KT":"དམ་པའི་མཚན་དེ་ཁས་ལེན་ཞུ། ","CT":"དམ་པའི་མཚན་དེ་ཁས་ལེན་ཞུས།"}}],[{"phrase":{"AT":"ཨོ། ཧ་ལེ་ལོའུ་ཡཱ། གྲོངས་ནས་སླར་གསོན་པ།","KT":"ཨོ། ཧ་ལེ་ལོའུ་ཡཱ། གྲོངས་ནས་སླར་གསོན་པ། ","CT":"ཨོ། ཧཱ་ལེ་ལུ་ཡཱ། གྲོངས་ནས་སླར་གསོན་པ་ཉིད།"}}],[{"phrase":{"AT":"ཨོ། ཧ་ལེ་ལོའུ་ཡཱ། ཁོང་ལ་བསྟོད་པ་འབུལ།","KT":"ཨོ། ཧ་ལེ་ལོའུ་ཡཱ། ཁོང་ལ་བསྟོད་པ་འབུལ། ","CT":"ཨོ། ཧཱ་ལེ་ལུ་ཡཱ། ཁོང་ལ་བསྟོད་པ་འབུལ།"}}],[{"phrase":{"AT":"ཨོ། ཧ་ལེ་ལོའུ་ཡཱ། ཧ་ལེ་ལོའུ་ཡཱ། ཧ་ལེ་ལོའུ་ཡཱ།","KT":"ཨོ། ཧ་ལེ་ལོའུ་ཡཱ། ཧ་ལེ་ལོའུ་ཡཱ། ཧ་ལེ་ལོའུ་ཡཱ། ","CT":"ཨོ། ཧཱ་ལེ་ལུ་ཡཱ། ཧཱ་ལེ་ལུ་ཡཱ། ཧཱ་ལེ་ལུ་ཡཱ།།"}}]],"label":"verse 1","id":1}]},"metadata":[{"AT":"(The Glory of the Lord ཞེས་པའི་དབྱིན་ཇིའི་བསྟོད་དབྱངས།) AT08 137 ","KT":"undefined(The Glory of the Lord ཞེས་པའི་དབྱིན་ཇིའི་བསྟོད་དབྱངས།) AT08 137 ","CT":"(The Glory of the Lord ཞེས་པའི་དབྱིན་ཇིའི་བསྟོད་དབྱངས།) AT08 137 "}]}