{"title":{"AT":"235.བརྩེ་ལྡན་གངས་ཕྲུག་གཞོན་ནུ་ཚོ། ","KT":"undefined235. བརྩེ་ལྡན་གངས་ཕྲུག་གཞོན་ནུ་ཚོ། ","CT":"235.བརྩེ་ལྡན་གངས་ཕྲུག་གི་གཞོན་ནུ་ཚོ། "},"author":"*","key":"*","lyrics":{"Verse":[{"line":[[{"phrase":{"AT":"བརྩེ་ལྡན་གངས་ཕྲུག་གཞོན་ནུ་ཚོ།","KT":" བརྩེ་ལྡན་གངས་ཕྲུག་གཞོན་ནུ་ཚོ། ","CT":"བརྩེ་ལྡན་གངས་ཕྲུག་གཞོན་ནུ་ཚོ།"}}],[{"phrase":{"AT":"འཇིགས་རུང་མུན་པའི་གཏིང་རིམ་ནས།","KT":"འཇིགས་རུང་མུན་པའི་གཏིང་རིམ་ནས། ","CT":"འཇིགས་རུང་མུན་པའི་གཏིང་རིམ་ནས།"}}],[{"phrase":{"AT":"འོད་ཟེར་འཕྲོ་བའི་ལམ་དུ་འགྲོ།","KT":"འོད་ཟེར་འཕྲོ་བའི་ལམ་དུ་འགྲོ། ","CT":"འོད་ཟེར་འཕྲོ་བའི་ལམ་དུ་འགྲོ།"}}],[{"phrase":{"AT":"ང་ནི་ཡེ་ཤུའི་ཕོ་ཉ་ཡིན། ༢","KT":"ང་ནི་ཡེ་ཤུའི་ཕོ་ཉ་ཡིན། ༢ ","CT":"ང་ནི་ཡེ་ཤུའི་ཕོ་ཉ་ཡིན། ༢"}}]],"label":"verse 1","id":1},{"line":[[{"phrase":{"AT":"མཛེས་པའི་ཨ་མདོ་ཡུལ་ལྗོངས་ནས།","KT":" མཛེས་པའི་གངས་ཅན་ཡུལ་ལྗོངས་ནས། ","CT":"མཛེས་པའི་གངས་ཅན་ཡུལ་ལྗོངས་ནས།"}}],[{"phrase":{"AT":"སྙན་པའི་བསྟོད་དབྱངས་ལེན་བཞིན་འགྲོ།","KT":"སྙན་པའི་བསྟོད་དབྱངས་ལེན་བཞིན་འགྲོ། ","CT":"སྙན་པའི་བསྟོད་དབྱངས་ལེན་བཞིན་འགྲོ།"}}],[{"phrase":{"AT":"དགའ་བའི་འཕྲིན་བཟང་བཤད་བཞིན་འགྲོ།","KT":"དགའ་བའི་འཕྲིན་བཟང་བཤད་བཞིན་འགྲོ། ","CT":"དགའ་བའི་འཕྲིན་བཟང་བཤད་བཞིན་འགྲོ།"}}],[{"phrase":{"AT":"ང་ནི་ཡེ་ཤུའི་ཕོ་ཉ་ཡིན། ༢","KT":"ང་ནི་ཡེ་ཤུའི་ཕོ་ཉ་ཡིན། ༢ ","CT":"ང་ནི་ཡེ་ཤུའི་ཕོ་ཉ་ཡིན། ༢"}}]],"label":"verse 2","id":2},{"line":[[{"phrase":{"AT":"རྨ་ཀླུང་རིང་མོའི་འགྲམ་རྒྱུད་ནས།","KT":" ཆུ་བོ་རིང་མོའི་འགྲམ་རྒྱུད་ནས། ","CT":"ཆུ་བོ་རིང་པོའི་འགྲམ་བརྒྱུད་ནས།"}}],[{"phrase":{"AT":"ཡེ་ཤུའི་མཚན་སྙན་སྒྲོག་བཞིན་འགྲོ།","KT":"ཡེ་ཤུའི་མཚན་སྙན་སྒྲོག་བཞིན་འགྲོ། ","CT":"ཡེ་ཤུའི་མཚན་སྙན་སྒྲོག་བཞིན་འགྲོ།"}}],[{"phrase":{"AT":"སྤུན་ཟླར་ཐར་ལམ་སྟོན་བཞིན་འགྲོ།","KT":"སྤུན་ཟླར་ཐར་ལམ་སྟོན་བཞིན་འགྲོ། ","CT":"སྤུན་ཟླར་ཐར་ལམ་སྟོན་བཞིན་འགྲོ།"}}],[{"phrase":{"AT":"ང་ནི་ཡེ་ཤུའི་ཕོ་ཉ་ཡིན། ༢","KT":"ང་ནི་ཡེ་ཤུའི་ཕོ་ཉ་ཡིན། ༢ ","CT":"ང་ནི་ཡེ་ཤུའི་ཕོ་ཉ་ཡིན།། ༢"}}]],"label":"verse 3","id":3}]},"metadata":[{"AT":"(ཡེ་ཤུའི་ཕོ་ཉ།)","KT":"undefined(ཡེ་ཤུའི་ཕོ་ཉ།) ","CT":"(ཡེ་ཤུའི་ཕོ་ཉ།)"},{"AT":"(ཨ་མདོའི་རྡུང་ལེན།) AT08 146; KT06 157","KT":"(ཨ་མདོའི་རྡུང་ལེན།) AT08 146; KT06 157 ","CT":"(ཨ་མདོའི་རྡུང་ལེན།) AT08 146; KT06 157"}]}