{"title":{"AT":"236.མཚམས་མཚམས་དཀའ་ངལ་འཕྲད་འདུག","KT":"236. མཚམས་མཚམས་དཀའ་ངལ་འཕྲད་འདུག ","CT":"236.མཚམས་མཚམས་དཀའ་ངལ་འཕྲེད་འདུག"},"author":"*","key":"*","lyrics":{"Verse":[{"line":[[{"phrase":{"AT":"      (ཀརྨ་བསོད་ནམས་ཀྱིས་བརྩམས་པའི་བསྟོད་དབྱངས།)","KT":"(ཀརྨ་བསོད་ནམས་ཀྱིས་བརྩམས་པའི་བསྟོད་དབྱངས།) ","CT":"(ཀརྨ་བསོད་ནམས་ཀྱིས་བརྩམས་པའི་བསྟོད་དབྱངས།)"}}],[{"phrase":{"AT":"མཉམཨ་ཕས་ཡུལ་ནས་སྒུག་ཡོད།","KT":"མཉམ)ཨ་ཕས་ཡུལ་ནས་སྒུག་ཡོད། ","CT":"མཉམ)པཱ་ལགས་ནི་ནང་ལ་སྒུག་ཡོད།"}}],[{"phrase":{"AT":"ང་ནི་ཡུལ་ལ་ལོག་རྒྱུ་ཡིན། ༢","KT":"ང་ནི་ཡུལ་ལ་ལོག་རྒྱུ་ཡིན། ༢ ","CT":"ང་ནི་ནང་ལ་ལོག་གི་ཡིན།། ༢"}}]],"label":"verse 1","id":1},{"line":[[{"phrase":{"AT":"(འགོ)མཚམས་མཚམས་དཀའ་ངལ་འཕྲད་འདུག","KT":"འགོ)མཚམས་མཚམས་དཀའ་ངལ་འཕྲད་འདུག ","CT":"འགོ)མཚམས་མཚམས་དཀའ་ངལ་འཕྲེད་འདུག"}}],[{"phrase":{"AT":"ཐ་མག་འཐེན་ན་སྐྱིད་ཡོང་བསམ་སོང་།","KT":"ཐ་མག་འཐེན་ན་སྐྱིད་ཡོང་བསམ་སོང་། ","CT":"ཐ་མག་འཐེན་ནས་སྐྱིད་པ་བསམ་སོང་།"}}],[{"phrase":{"AT":"ཆང་རག་འཐུང་ན་སྐྱིད་ཡོང་བསམ་སོང་།","KT":"ཆང་རག་འཐུང་ན་སྐྱིད་ཡོང་བསམ་སོང་། ","CT":"ཆང་རག་བཏུངས་ནས་སྐྱིད་པ་བསམ་སོང་།"}}],[{"phrase":{"AT":"ནག་པོ་འཐུང་ན་སྐྱིད་ཡོང་བསམ་སོང་།","KT":"ནག་པོ་འཐུང་ན་སྐྱིད་ཡོང་བསམ་སོང་། ","CT":"ནག་པོ་བཏུངས་ནས་སྐྱིད་པ་བསམ་སོང་།"}}],[{"phrase":{"AT":"དགའ་བདེ་རོལ་ན་སྐྱིད་ཡོང་བསམ་སོང་།","KT":"དགའ་བདེ་རོལ་ན་སྐྱིད་ཡོང་བསམ་སོང་། ","CT":"དགའ་པོ་བྱས་ནས་སྐྱིད་པ་བསམ་སོང་།"}}],[{"phrase":{"AT":"ཕྱི་རྒྱལ་འགྲིམ་ན་སྐྱིད་ཡོང་བསམ་སོང་།","KT":"ཕྱི་རྒྱལ་འགྲིམ་ན་སྐྱིད་ཡོང་བསམ་སོང་། ","CT":"ཕྱི་རྒྱལ་ལ་འགྲོ་ནས་སྐྱིད་པ་བསམ་སོང་།"}}],[{"phrase":{"AT":"ཞབས་བྲོ་འཁྲབ་ན་སྐྱིད་ཡོང་བསམ་སོང་།","KT":"ཞབས་བྲོ་འཁྲབ་ན་སྐྱིད་ཡོང་བསམ་སོང་། ","CT":"ཞབས་བྲོ་བརྒྱབ་ནས་སྐྱིད་པ་བསམ་སོང་།"}}],[{"phrase":{"AT":"རྒྱག་རེས་བྱས་ན་སྐྱིད་ཡོང་བསམ་སོང་།","KT":"རྒྱག་རེས་བྱས་ན་སྐྱིད་ཡོང་བསམ་སོང་། ","CT":"རྒྱག་རེས་བརྒྱབ་ནས་སྐྱིད་པ་བསམ་སོང་།"}}]],"label":"verse 2","id":2},{"line":[[{"phrase":{"AT":"(མཉམ)ཨ་ཕས་ཡུལ་ནས་སྒུག་ཡོད།","KT":"མཉམ)ཨ་ཕས་ཡུལ་ནས་སྒུག་ཡོད། ","CT":"མཉམ)པཱ་ལགས་ནི་ནང་ལ་སྒུག་ཡོད།"}}],[{"phrase":{"AT":"ང་ནི་ཡུལ་ལ་ལོག་རྒྱུ་ཡིན། ༢","KT":"ང་ནི་ཡུལ་ལ་ལོག་རྒྱུ་ཡིན། ༢ ","CT":"ང་ནི་ནང་ལ་ལོག་གི་ཡིན།། ༢"}}]],"label":"verse 3","id":3},{"line":[[{"phrase":{"AT":"(འགོ)ཨ་ཕ་ཡི་བཀའ་དྲིན་ནམ་ཡང་མི་བརྗེད།","KT":"འགོ)ཨ་ཕ་ཡི་བཀའ་དྲིན་ནམ་ཡང་མི་བརྗེད། ","CT":"འགོ)པཱ་ལགས་ཀྱི་བཀའ་དྲིན་ནམ་ཡང་མི་བརྗེད།"}}],[{"phrase":{"AT":"ཨ་ཕ་ཡི་བརྩེ་བ་བདེན་པའི་བརྩེ་བ། ","KT":"ཨ་ཕ་ཡི་བརྩེ་བ་བདེན་པའི་བརྩེ་བ། ","CT":"པཱ་ལགས་ཀྱི་བརྩེ་བ་བདེན་པའི་བརྩེ་བ། "}}],[{"phrase":{"AT":"ཨ་ཕ་ཡི་སྙིང་རྗེ་བདེན་པའི་སྙིང་རྗེ།","KT":"ཨ་ཕ་ཡི་སྙིང་རྗེ་བདེན་པའི་སྙིང་རྗེ། ","CT":"པཱ་ལགས་ཀྱི་སྙིང་རྗེ་བདེན་པའི་སྙིང་རྗེ།"}}],[{"phrase":{"AT":"ཨ་ཕ་ཡི་བསླབ་བྱ་བདེན་པའི་བསླབ་བྱ།","KT":"ཨ་ཕ་ཡི་བསླབ་བྱ་བདེན་པའི་བསླབ་བྱ། ","CT":"པཱ་ལགས་ཀྱི་བསླབ་བྱ་བདེན་པའི་བསླབ་བྱ།"}}]],"label":"verse 4","id":4},{"line":[[{"phrase":{"AT":"(མཉམ)ཨ་ཕས་ཡུལ་ནས་སྒུག་ཡོད།","KT":"མཉམ)ཨ་ཕས་ཡུལ་ནས་སྒུག་ཡོད། ","CT":"མཉམ)པཱ་ལགས་ནི་ནང་ལ་སྒུག་ཡོད།"}}],[{"phrase":{"AT":"ང་ནི་ཡུལ་ལ་ལོག་རྒྱུ་ཡིན། ༢","KT":"ང་ནི་ཡུལ་ལ་ལོག་རྒྱུ་ཡིན། ༢ ","CT":"ང་ནི་ནང་ལ་ལོག་གི་ཡིན།། ༢"}}]],"label":"verse 5","id":5}]},"metadata":[]}