{"title":{"AT":"237.འཚོ་བ་སྐྱིད་པོ་མིན་ན། ","KT":"undefined237. འཚོ་བ་སྐྱིད་པོ་མིན་ན། ","CT":"237.འཚོ་བ་སྐྱིད་པོ་མེད་དུས། "},"author":"*","key":"*","lyrics":{"Verse":[{"line":[[{"phrase":{"AT":"འཚོ་བ་སྐྱིད་པོ་མིན་ན།།","KT":" འཚོ་བ་སྐྱིད་པོ་མིན་ན།། ","CT":"འཚོ་བ་སྐྱིད་པོ་མེད་དུས།།"}}],[{"phrase":{"AT":"སྐྱབས་མགོན་ཡེ་ཤུའི་མདུན་ནས།།","KT":"སྐྱབས་མགོན་ཡེ་ཤུའི་མདུན་ནས།། ","CT":"སྐྱབས་མགོན་ཡེ་ཤུའི་མདུན་ནས།།"}}],[{"phrase":{"AT":"དམ་པའི་གསུང་རབ་ཀློག་དང་།།","KT":"དམ་པའི་གསུང་རབ་ཀློག་དང་།། ","CT":"དམ་པའི་གསུང་རབ་ཀློག་དང་།།"}}],[{"phrase":{"AT":"ཡ་ཧོ་ཝཱ་ཡིས། ང་ཚོར་སྐྱིད་པོ་སྦྱིན་གི།","KT":"ཡ་ཧོ་ཝ་ཡིས། ང་ཚོར་སྐྱིད་པོ་གནང་ཡོང་།། ","CT":"ཡ་ཧོ་ཝཱ་ཡིས། ང་ཚོར་སྐྱིད་པོ་གནང་ཡོང་།།"}}]],"label":"verse 1","id":1},{"line":[[{"phrase":{"AT":"དཀའ་སྡུག་གནས་སུ་ལྷུང་ན།།","KT":" དཀའ་སྡུག་གནས་སུ་ལྷུང་ན།། ","CT":"དཀའ་སྡུག་གནས་སུ་ལྷུང་དུས།།"}}],[{"phrase":{"AT":"དཀོན་མཆོག་ཡེ་ཤུའི་མདུན་ནས།།","KT":"དཀོན་མཆོག་ཡེ་ཤུའི་མདུན་ནས།། ","CT":"དཀོན་མཆོག་ཡེ་ཤུའི་མདུན་ནས།།"}}],[{"phrase":{"AT":"སྨོན་ལམ་བརྟན་པོས་ཞུས་དང་།།","KT":"སྨོན་ལམ་བརྟན་པོས་ཞུས་དང་།། ","CT":"སྨོན་ལམ་བརྟན་པོས་ཞུས་དང་།།"}}],[{"phrase":{"AT":"ཡ་ཧོ་ཝཱ་ཡིས། ང་ཚོར་ཐར་བ་གནང་གི།","KT":"ཡ་ཧོ་ཝ་ཡིས། ང་ཚོར་ཐར་པ་གནང་ཡོང་།། ","CT":"ཡ་ཧོ་ཝཱ་ཡིས། ང་ཚོར་ཐར་པ་གནང་ཡོང་།།"}}]],"label":"verse 2","id":2},{"line":[[{"phrase":{"AT":"སེམས་ལ་དགའ་སྤྲོ་མེད་ན།།","KT":" སེམས་ལ་དགའ་སྤྲོ་མེད་ན།། ","CT":"སེམས་ལ་དགའ་སྤྲོ་མེད་དུས།།"}}],[{"phrase":{"AT":"གཙོ་བོ་ཡེ་ཤུའི་མདུན་ནས།།","KT":"གཙོ་བོ་ཡེ་ཤུའི་མདུན་ནས།། ","CT":"གཙོ་བོ་ཡེ་ཤུའི་མདུན་ནས།།"}}],[{"phrase":{"AT":"སྙན་པའི་བསྟོད་དབྱངས་ཕུལ་དང་།།","KT":"སྙན་པའི་བསྟོད་དབྱངས་ཕུལ་དང་།། ","CT":"སྙན་པའི་བསྟོད་དབྱངས་ཕུལ་དང་།།"}}],[{"phrase":{"AT":"ཡ་ཧོ་ཝཱ་ཡིས། ང་ཚོར་སྤྲོ་སྐྱིད་གནང་གི།","KT":"ཡ་ཧོ་ཝ་ཡིས། ང་ཚོར་སྤྲོ་སྐྱིད་གནང་ཡོང་།། ","CT":"ཡ་ཧོ་ཝཱ་ཡིས། ང་ཚོར་སྤྲོ་སྐྱིད་གནང་ཡོང་།།"}}]],"label":"verse 3","id":3},{"line":[[{"phrase":{"AT":"སེམས་ལ་ཞི་བདེ་མེད་ན།།","KT":" སེམས་ལ་ཞི་བདེ་མེད་ན།། ","CT":"སེམས་ལ་ཞི་བདེ་མེད་དུས།།"}}],[{"phrase":{"AT":"དམ་པའི་ཐུགས་ཉིད་མདུན་ནས།།","KT":"དམ་པའི་ཐུགས་ཉིད་མདུན་ནས།། ","CT":"དམ་པའི་ཐུགས་ཉིད་མདུན་ནས།།"}}],[{"phrase":{"AT":"མིང་སྲིང་ཁ་བརྡ་བྱོས་དང་།།","KT":"མིང་སྲིང་ཁ་བརྡ་བྱོས་དང་།། ","CT":"མིང་སྲིང་ཁ་བརྡ་བྱོས་དང་།།"}}],[{"phrase":{"AT":"ཡ་ཧོ་ཝཱ་ཡིས། ང་ཚོར་བདེན་པའི་ལམ་སྟོན།།","KT":"ཡ་ཧོ་ཝ་ཡིས། ང་ཚོར་བདེན་པའི་ལམ་སྟོན།། ","CT":"ཡ་ཧོ་ཝཱ་ཡིས། ང་ཚོར་བདེན་པའི་ལམ་སྟོན།།"}}]],"label":"verse 4","id":4}]},"metadata":[{"AT":"(གཙོ་བོའི་མདུན་ལམ།)","KT":"undefined(གཙོ་བོའི་མདུན་ལམ།) ","CT":"(གཙོ་བོའི་མདུན་ལམ།)"},{"AT":"(ཨ་མདོའི་བསྟོད་དབྱངས།) AT08 136; KT06 146","KT":"(ཨ་མདོའི་བསྟོད་དབྱངས།) AT08 136; KT06 146 ","CT":"(ཨ་མདོའི་བསྟོད་དབྱངས།) AT08 136; KT06 146"}]}