{"title":{"AT":"238.མཛེས་པའི་རི་སྒང་དུ། ","KT":"undefined238. མཛེས་པའི་རི་སྒང་དུ། ","CT":"238.མཛེས་པའི་རི་སྒང་དུ། "},"author":"*","key":"*","lyrics":{"Verse":[{"line":[[{"phrase":{"AT":"མཛེས་པའི་རི་སྒང་དུ།","KT":"མཛེས་པའི་རི་སྒང་དུ། ","CT":"མཛེས་པའི་རི་སྒང་དུ།"}}],[{"phrase":{"AT":"གནས་པའི་དུས་སུའམ།","KT":"གནས་པའི་དུས་སུའམ། ","CT":"གནས་པའི་དུས་སུའམ།"}}],[{"phrase":{"AT":"མུན་ནག་གཏིང་རིམ་ནས།","KT":"མུན་ནག་གཏིང་རིམ་ནས། ","CT":"མུན་ནག་གཏིང་རིམ་ནས།"}}],[{"phrase":{"AT":"ས་རུ་འགྱེལ་སྐབས་སུ།","KT":"ས་རུ་འགྱེལ་སྐབས་སུ། ","CT":"ས་རུ་འགྱེལ་སྐབས་སུ།"}}],[{"phrase":{"AT":"མགོ་ཡར་འཇོག་པའི་དུས།","KT":"མགོ་ཡར་འཇོག་པའི་དུས། ","CT":"མགོ་ཡར་འཇོག་པའི་དུས།"}}],[{"phrase":{"AT":"གཙོ་བོས་ང་ཚོའི་ཆེད།","KT":"གཙོ་བོས་ང་ཚོའི་ཆེད། ","CT":"གཙོ་བོས་ང་ཚོའི་ཆེད།"}}],[{"phrase":{"AT":"གྲ་སྒྲིག་མཛད་པ་ཁྱེད་ཀྱིས་མཐོང་ཡོང་།","KT":"གྲ་སྒྲིག་མཛད་པ་ཁྱེད་ཀྱིས་མཐོང་ཡོང་། ","CT":"གྲ་སྒྲིག་མཛད་པ་ཁྱེད་ཀྱིས་མཐོང་ཡོང་།"}}],[{"phrase":{"AT":"ཆར་ཆུ་ངོ་གདོང་ལ།","KT":"ཆར་ཆུ་ངོ་གདོང་ལ། ","CT":"ཆར་ཆུ་ངོ་གདོང་ལ།"}}],[{"phrase":{"AT":"གཏོར་བ་ཡིན་ན་ཡང་།","KT":"གཏོར་བ་ཡིན་ན་ཡང་། ","CT":"གཏོར་བ་ཡིན་ན་ཡང་།"}}],[{"phrase":{"AT":"སྤྲིན་ཐོག་ཉི་མ།","KT":"སྤྲིན་ཐོག་ཉི་མ། ","CT":"སྤྲིན་ཐོག་ཉི་མ།"}}],[{"phrase":{"AT":"ནམ་ཡང་འགྱུར་བ་མེད།","KT":"ནམ་ཡང་འགྱུར་བ་མེད། ","CT":"ནམ་ཡང་འགྱུར་བ་མེད།"}}],[{"phrase":{"AT":"ཆར་ཆུ་ངོ་གདོང་ལ།","KT":"ཆར་ཆུ་ངོ་གདོང་ལ། ","CT":"ཆར་ཆུ་ངོ་གདོང་ལ།"}}],[{"phrase":{"AT":"གཏོར་བ་ཡིན་ན་ཡང་།","KT":"གཏོར་བ་ཡིན་ན་ཡང་། ","CT":"གཏོར་བ་ཡིན་ན་ཡང་།"}}],[{"phrase":{"AT":"ཨོ། ཨོ།","KT":"ཨོ། ཨོ། ","CT":"ཨོ། ཨོ།"}}],[{"phrase":{"AT":"ཁོང་འགྱུར་བ་མེད།","KT":"ཁོང་འགྱུར་བ་མེད། ","CT":"ཁོང་འགྱུར་བ་མེད།།"}}]],"label":"verse 1","id":1}]},"metadata":[{"AT":"(སྤྲིན་ཐོག་ཉི་གཞོན།)","KT":"undefined(སྤྲིན་ཐོག་ཉི་གཞོན།) ","CT":"(སྤྲིན་ཐོག་ཉི་གཞོན།)"},{"AT":"(ཨ་མདོའི་བསྟོད་དབྱངས།)","KT":"(ཨ་མདོའི་བསྟོད་དབྱངས།) ","CT":"(ཨ་མདོའི་བསྟོད་དབྱངས།)"}]}