{"title":{"AT":"239.ཡ་ཝཱེ་ང་ཡི་ལུག་རྫི་བཟང་པོ། ","KT":"undefined239. ཡ་ཝཱེ་ང་ཡི་ལུག་རྫི་བཟང་པོ། ","CT":"undefined239.ཡ་ཝེ་ང་ཡི་ལུག་རྫི་བཟང་པོ། "},"author":"*","key":"*","lyrics":{"Verse":[{"line":[[{"phrase":{"AT":"ཡ་ཝཱེ་ང་ཡི་ལུག་རྫི་བཟང་པོ།","KT":" ཡ་ཝཱེ་ང་ཡི་ལུག་རྫི་བཟང་པོ། ","CT":"ཡ་ཝེ་ང་ཡི་ལུག་རྫི་བཟང་པོ།"}}],[{"phrase":{"AT":"ང་ལ་དགོས་མཁོ་གང་ཡང་མེད།","KT":"ང་ལ་དགོས་མཁོ་གང་ཡང་མེད། ","CT":"ང་ལ་དགོས་ཡ་གང་ཡང་མེད།"}}],[{"phrase":{"AT":"དཀོན་མཆོག་ང་ཡི་བརྩེ་བའི་རྒྱལ་པོ།","KT":"དཀོན་མཆོག་ང་ཡི་བརྩེ་བའི་རྒྱལ་པོ། ","CT":"དཀོན་མཆོག་ང་ཡི་རྩེ་བའི་རྒྱལ་པོ།"}}],[{"phrase":{"AT":"ང་ཡིས་ཁོང་ལ་བསྟོད་དབྱངས་འབུལ།","KT":"ང་ཡིས་ཁོང་ལ་བསྟོད་དབྱངས་འབུལ། ","CT":"ང་ཡིས་ཁོང་ལ་བསྟོད་དབྱངས་ཕུལ།།"}}]],"label":"verse 1","id":1},{"line":[[{"phrase":{"AT":"ོང་གིས་རྩྭ་ཐང་སྔོན་པོ་སྟེང་ལ།","KT":"ཁོང་གིས་རྩྭ་ཐང་སྔོན་པོ་སྟེང་ལ། ","CT":"ོང་གིས་སྔོན་པོའི་རྩ་ཐང་སྟེང་ལ།"}}],[{"phrase":{"AT":"ཡ་ཝཱེས་ང་རང་བསྙལ་བ་དང་།","KT":"ཡ་ཝཱེས་ང་རང་བསྙལ་བ་དང་། ","CT":"ཡ་ཝེས་ང་ཉལ་བཅུག་པ་དང་།"}}],[{"phrase":{"AT":"ཁ་ཁུ་སིམ་པོའི་ཆུ་འགྲམ་དུ།","KT":"ཁ་ཁུ་སིམ་པོའི་ཆུ་འགྲམ་དུ། ","CT":"ཁ་ཁུ་སིམ་པོའི་ཆུ་ཡི་འགྲམ་དུ།"}}],[{"phrase":{"AT":"ཡ་ཝེས་ང་རང་འཁྲིད་པར་མཛད།","KT":"ཡ་ཝཱེས་ང་རང་འཁྲིད་པར་མཛད། ","CT":"ཡ་ཝེས་ང་ལ་འཁྲིད་པར་གནང་།།"}}]],"label":"verse 2","id":2},{"line":[[{"phrase":{"AT":"མུན་ནག་ནང་ལ་འགྲོ་དགོས་བྱུང་ཡང་།","KT":" མུན་ནག་ནང་ལ་འགྲོ་དགོས་བྱུང་ཡང་། ","CT":"ནག་ཁུང་ནང་ལ་འགྲོ་དགོས་བྱུང་ནའང་།"}}],[{"phrase":{"AT":"དེ་ལ་ཞེད་སྣང་གང་ཡང་མེད།","KT":"དེ་ལ་སྐྲག་སྣང་གང་ཡང་མེད། ","CT":"དེ་ལ་ཞེད་སྣང་གང་ཡང་མེད།"}}],[{"phrase":{"AT":"ཡ་ཝཱེས་མི་ཚེ་གསར་བ་གནང་ནས།","KT":"ཡ་ཝཱེས་མི་ཚེ་གསར་པ་གནང་ནས། ","CT":"ཡ་ཝེས་མི་ཚེ་གསར་པ་གནང་ནས།"}}],[{"phrase":{"AT":"ཁོང་གི་ལམ་བཟང་ནང་དུ་འཁྲིད།","KT":"ཁོང་གི་ལམ་བཟང་ནང་དུ་འཁྲིད། ","CT":"ཁོང་གི་ལམ་བཟང་ནང་དུ་འཁྲིད།།"}}]],"label":"verse 3","id":3},{"line":[[{"phrase":{"AT":"གཙང་པོའི་དཀྱིལ་ནས་འགྲོ་དགོས་བྱུང་ཡང་།","KT":" གཙང་པོའི་དཀྱིལ་ནས་འགྲོ་དགོས་བྱུང་ཡང་། ","CT":"གཙང་པོའི་དཀྱིལ་ནས་འགྲོ་དགོས་བྱུང་ནའང་།"}}],[{"phrase":{"AT":"མེ་ཡི་ནང་ལ་བསླེབས་པ་ཡིན་ནའང་།","KT":"མེ་ཡི་ནང་ལ་བསླེབས་པ་ཡིན་ནའང་། ","CT":"མེ་ཡི་ནང་ལ་སླེབས་པ་ཡིན་ནའང་།"}}],[{"phrase":{"AT":"ཁྱེད་དང་མཉམ་དུ་ང་ནི་ཡོད་པས།","KT":"ཁྱེད་དང་མཉམ་དུ་ང་ནི་ཡོད་པས། ","CT":"ཁྱེད་དང་མཉམ་དུ་ང་ནི་ཡོད་པས།"}}],[{"phrase":{"AT":"ཁྱེད་རང་འཇིགས་དོན་གང་ཡང་མེད། ","KT":"ཁྱེད་རང་འཇིགས་དོན་གང་ཡང་མེད། ","CT":"ཁྱེད་ལ་ཞེད་དགོས་གང་ཡང་མེད། "}}]],"label":"verse 4","id":4},{"line":[[{"phrase":{"AT":"ཡ་ཝཱེ་ང་ཡི་ལུག་རྫི་བཟང་པོ་་་་་་་་།","KT":" ཡ་ཝཱེ་ང་ཡི་ལུག་རྫི་བཟང་པོ་་་་་་་་། ","CT":"ཡ་ཝེ་ང་ཡི་ལུག་རྫི་བཟང་པོ་་་་་་་་།།"}}]],"label":"verse 5","id":5}]},"metadata":[{"AT":"(གསུང་མགུར23:1-2, 4དང་ཡེ་ཤ་ཡཱ43:2། བལ་ཡུལ་ནས་བརྩམས་པ།)","KT":"undefined(གསུང་མགུར23:1-2, 4དང་ཡེ་ཤ་ཡཱ43:2། བལ་ཡུལ་ནས་བརྩམས་པ།) ","CT":"(གསུང་མགུར་23:1-2, 4 དང་ ཡེ་ཤ་ཡ་43:2 བལ་ཡུལ་ནས་བརྩམས་པ།)"}]}