{"title":{"AT":"24.ང་ཚོ་ཡི་སྐྱབས་མགོན་ཡེ་ཤུ་རེད།","KT":"24. ང་ཚོ་ཡི་སྐྱབས་མགོན་ཡེ་ཤུ་རེད། ","CT":"24.ང་ཚོ་ཡི་སྐྱབས་མགོན་ཡེ་ཤུ་ཡིན།"},"author":"*","key":"*","lyrics":{"Verse":[{"line":[[{"phrase":{"AT":"ང་ཚོ་ཡི་སྐྱབས་མགོན་ཡེ་ཤུ་རེད།","KT":" ང་ཚོ་ཡི་སྐྱབས་མགོན་ཡེ་ཤུ་རེད། ","CT":"ང་ཚོ་ཡི་སྐྱབས་མགོན་ཡེ་ཤུ་ཡིན།"}}],[{"phrase":{"AT":"ང་ཚོ་ཡི་ཡིད་ཆེས་ཡེ་ཤུ་རེད།","KT":"ང་ཚོ་ཡི་ཡིད་ཆེས་ཡེ་ཤུ་རེད། ","CT":"ང་ཚོ་ཡི་ཡིད་ཆེས་ཡེ་ཤུ་ཡིན།"}}],[{"phrase":{"AT":"ང་ཚོ་ཡིས་ཁོང་ལ་དད་པ་བྱེད་བཞིན་ཡོད།","KT":"ང་ཚོ་ཡིས་ཁོང་ལ་དད་པ་བྱེད་བཞིན་ཡོད་པ་རེད། ","CT":"ང་ཚོ་ཡིས་ཁོང་ལ་དད་པ་བྱེད་ཀྱི་ཡོད་པ་རེད།"}}],[{"phrase":{"AT":"དད་པ་བྱེད།","KT":"དད་པ་བྱེད། ","CT":"དད་པ་བྱེད།"}}]],"label":"verse 1","id":1},{"line":[[{"phrase":{"AT":"ང་ཚོ་ཡི་གཟི་བརྗིད་ཡེ་ཤུ་རེད།","KT":" ང་ཚོ་ཡི་གཟི་བརྗིད་ཡེ་ཤུ་རེད། ","CT":"ང་ཚོ་ཡི་གཟི་བརྗིད་ཡེ་ཤུ་ཡིན།"}}],[{"phrase":{"AT":"ང་ཚོ་ཡི་མི་ཚེ་ཡེ་ཤུ་རེད།","KT":"ང་ཚོ་ཡི་མི་ཚེ་ཡེ་ཤུ་རེད། ","CT":"ང་ཚོ་ཡི་མི་ཚེ་ཡེ་ཤུ་ཡིན།"}}],[{"phrase":{"AT":"ཁོང་གིས་ང་ཚོ་ལ་བྱིན་རླབས་གནང་བ་རེད།","KT":"ཁོང་གིས་ང་ཚོ་ལ་བྱིན་རླབས་གནང་བ་རེད། ","CT":"ཁོང་གིས་ང་ཚོ་ལ་བྱིན་རླབས་གནང་བ་རེད།"}}],[{"phrase":{"AT":"གནང་བ་རེད།","KT":"གནང་བ་རེད། ","CT":"གནང་བ་རེད།"}}]],"label":"verse 2","id":2},{"line":[[{"phrase":{"AT":"ང་ཚོ་ཡི་རེ་བ་ཡེ་ཤུ་རེད།","KT":" ང་ཚོ་ཡི་རེ་བ་ཡེ་ཤུ་རེད། ","CT":"ང་ཚོ་ཡི་རེ་བ་ཡེ་ཤུ་ཡིན།"}}],[{"phrase":{"AT":"ང་ཚོ་ཡི་དགའ་སྤྲོ་ཡེ་ཤུ་རེད།","KT":"ང་ཚོ་ཡི་དགའ་སྤྲོ་ཡེ་ཤུ་རེད། ","CT":"ང་ཚོ་ཡི་གཟི་བརྗིད་ཡེ་ཤུ་ཡིན།"}}],[{"phrase":{"AT":"ཁོང་གིས་ང་ཚོ་ལ་བྱིན་རླབས་གནང་བ་རེད། ","KT":"ཁོང་གིས་ང་ཚོ་ལ་བྱིན་རླབས་གནང་བ་རེད། ","CT":"ཁོང་གིས་ང་ཚོ་ལ་བྱིན་རླབས་གནང་བ་དེ་ལ། "}}],[{"phrase":{"AT":"ཐུགས་རྗེ་ཆེ།","KT":"གནང་བ་རེད། ཐུགས་རྗེ་ཆེ། ","CT":"ཐུགས་རྗེ་ཆེ།།"}}]],"label":"verse 3","id":3}]},"metadata":[]}