{"title":{"AT":"240.ཡ་ཧོ་ཝཱས་འཛམ་གླིང་བཀོད་པར་མཛད།","KT":"undefined240. ཡ་ཧོ་ཝས་འཛམ་གླིང་བཀོད་པར་མཛད། ","CT":"240.ཡ་ཧོ་ཝཱས་འཛམ་གླིང་བཀོད་གནང་སོང་།"},"author":"*","key":"*","lyrics":{"Verse":[{"line":[[{"phrase":{"AT":"ཡ་ཧོ་ཝཱ་དཀོན་མཆོག་གིས།","KT":"ཡ་ཧོ་ཝ་དཀོན་མཆོག་གིས། ","CT":"ཡ་ཧོ་ཝཱ་དཀོན་མཆོག་གིས།"}}],[{"phrase":{"AT":"འཛམ་གླིང་ཚང་མ་བཀོད་པར་མཛད། ༢ ","KT":"འཛམ་གླིང་ཚང་མ་བཀོད་པར་མཛད། ༢ ","CT":"འཛམ་གླིང་ཚང་མ་བཀོད་གནང་སོང༌། ༢ "}}],[{"phrase":{"AT":"ཉི་མ། ཟླ་བ། སྐར་མ། ","KT":"ཉི་མ། ཟླ་བ། སྐར་མ། ","CT":"ཉི་མ། ཟླ་བ། སྐར་མ། "}}],[{"phrase":{"AT":"རི་བོ། གཙང་པོ།  རྒྱ་མཚོ།","KT":"རི་བོ། གཙང་པོ། རྒྱ་མཚོ། ","CT":"རི་བོ། གཙང་པོ།  རྒྱ་མཚོ།"}}]],"label":"verse 1","id":1},{"line":[[{"phrase":{"AT":"ཡ་ཧོ་ཝཱ་དཀོན་མཆོག་གིས།","KT":" ཡ་ཧོ་ཝ་དཀོན་མཆོག་གིས། ","CT":"ཡ་ཧོ་ཝཱ་དཀོན་མཆོག་གིས།"}}],[{"phrase":{"AT":"འཛམ་གླིང་ཚང་མ་བཀོད་པར་མཛད། ༢","KT":"འཛམ་གླིང་ཚང་མ་བཀོད་པར་མཛད། ༢ ","CT":"འཛམ་གླིང་ཚང་མ་བཀོད་གནང་སོང༌། ༢"}}],[{"phrase":{"AT":"སྤྲེའུ། ཁྱི། བ་ཕྱུགས།  ","KT":"སྤྲེའུ། ཁྱི། བ་ཕྱུགས། ","CT":"སྤྲེའུ། ཁྱི། བ་ཕྱུགས།  "}}],[{"phrase":{"AT":"ང་། ཁྱོད། ཚང་མ།","KT":"ང་། ཁྱོད། ཚང་མ། ","CT":"ང་། ཁྱེད། ཚང་མ།"}}]],"label":"verse 2","id":2},{"line":[[{"phrase":{"AT":"ཡ་ཧོ་ཝཱ་དཀོན་མཆོག་ལ་བསྟོད་དབྱངས་ཕུལ། ","KT":" ཡ་ཧོ་ཝ་དཀོན་མཆོག་ལ་བསྟོད་དབྱངས་ཕུལ། ","CT":"ཡ་ཧོ་ཝཱ་དཀོན་མཆོག་ལ་བསྟོད་དབྱངས་ཕུལ། "}}],[{"phrase":{"AT":"ཡ་ཧོ་ཝཱ་དཀོན་མཆོག་ལ་ཞབས་བྲོ་འཁྲབ།","KT":"ཡ་ཧོ་ཝ་དཀོན་མཆོག་ལ་ཞབས་བྲོ་འཁྲབ། ","CT":"ཡ་ཧོ་ཝཱ་དཀོན་མཆོག་ལ་ཞབས་བྲོ་འཁྲབ།"}}],[{"phrase":{"AT":"ཡ་ཧོ་ཝཱ་དཀོན་མཆོག་ལ་ཀུ་སྒྲ་སྒྲོགས། ","KT":"ཡ་ཧོ་ཝ་དཀོན་མཆོག་ལ་ཀི་སྒྲ་སྒྲོགས། ","CT":"ཡ་ཧོ་ཝཱ་དཀོན་མཆོག་ལ་སྐྱིད་སྒྲ་རྒྱོབས། "}}],[{"phrase":{"AT":"ཡ་ཧོ་ཝཱ་དཀོན་མཆོག་ལ་ཐུགས་རྗེ་ཞུ།","KT":"ཡ་ཧོ་ཝ་དཀོན་མཆོག་ལ་ཐུགས་རྗེ་ཞུ། ","CT":"ཡ་ཧོ་ཝཱ་དཀོན་མཆོག་ལ་ཐུགས་རྗེ་ཞུ།"}}]],"label":"verse 3","id":3},{"line":[[{"phrase":{"AT":"ལ་ལ་ལ་ལ་་་་་།","KT":" ལ་ལ་ལ་ལ་་་་་། ","CT":"ལ་ལ་ལ་ལ་་་་་།།"}}]],"label":"verse 4","id":4}]},"metadata":[{"AT":"(འཇིགས་མེད་ཀྱིས་བརྩམས་པའི་བསྟོད་དབྱངས།) PNJ 42","KT":"undefined(འཇིགས་མེད་ཀྱིས་བརྩམས་པའི་བསྟོད་དབྱངས།) PNJ 42 ","CT":"(འཇིགས་མེད་ཀྱིས་བརྩམས་པའི་བསྟོད་དབྱངས།) PNJ 42"}]}