{"title":{"AT":"241.ཡ་ཧོ་ཝཱ་ཡི་བྱམས་པ་མཐའ་མེད་པ་ཡིན།","KT":"undefined241. ཡ་ཧོ་ཝ་ཡི་བྱམས་པ་མཐའ་མེད་པ་ཡིན། ","CT":"241.ཡ་ཧོ་ཝཱ་གི་བྱམས་པ་མཐའ་མེད་པ།"},"author":"*","key":"*","lyrics":{"Verse":[{"line":[[{"phrase":{"AT":"ཡ་ཧོ་ཝཱ་ཡི་བྱམས་པ་མཐའ་མེད་པ་ཡིན།","KT":"ཡ་ཧོ་ཝ་ཡི་བྱམས་པ་མཐའ་མེད་པ་ཡིན། ","CT":"ཡ་ཧོ་ཝའི་བྱམས་པ་ནི་འགྱུར་བ་མེད་པ།"}}],[{"phrase":{"AT":"ཁོང་གི་སྙིང་རྗེ་ནམ་ཡང་ཆད་པར་མི་འགྱུར།","KT":"ཁོང་གི་སྙིང་རྗེ་ནམ་ཡང་ཆད་པར་མི་འགྱུར། ","CT":"ཁོང་གི་སྙིང་རྗེ་མེད་པ་ཆགས་མི་ཡོང༌།"}}],[{"phrase":{"AT":"ཞོགས་པ་རེ་རེར་གསར་བ་གནང༌།  ","KT":"ཞོགས་པ་རེ་རེར་གསར་པ་གནང༌། ","CT":"ཞོགས་པ་རེ་རེ་གསར་པ་གནང༌།  "}}],[{"phrase":{"AT":"རྒྱུན་དུ་གསར་བ་གནང༌།","KT":"རྒྱུན་དུ་གསར་པ་གནང༌། ","CT":"རྟག་པར་གསར་པ་གནང༌།"}}],[{"phrase":{"AT":"ཁོང་ལྷག་བསམ་རྣམ་དག་ཡིན།   ","KT":"ཁོང་ལྷག་བསམ་རྣམ་དག་ཡིན། ","CT":"ཁོང་ལྷག་བསམ་རྣམ་དག་རེད།   "}}],[{"phrase":{"AT":"ཁོང་ལྷག་བསམ་རྣམ་དག་ཡིན།","KT":"ཁོང་ལྷག་བསམ་རྣམ་དག་ཡིན། ","CT":"ཁོང་ལྷག་བསམ་རྣམ་དག་རེད།།"}}]],"label":"verse 1","id":1}]},"metadata":[{"AT":"(The Steadfast Love of the Lord ཞེས་པའི་དབྱིན་ཇིའི་བསྟོད་དབྱངས།)  PNJ 11","KT":"undefined(The Steadfast Love of the Lord ཞེས་པའི་དབྱིན་ཇིའི་བསྟོད་དབྱངས།)67 PNJ 11 67 Edith McNeil © 1974, 1975 Celebration/Kingsway’s Thankyou Music. Permission sought. ","CT":"(The Steadfast Love of the Lord ཞེས་པའི་དབྱིན་ཇིའི་བསྟོད་དབྱངས།)  PNJ 11"}]}