{"title":{"AT":"242.ཡབ་དཀོན་མཆོག་གི་རྒྱལ་སྲིད།","KT":"242. ཡབ་དཀོན་མཆོག་གི་རྒྱལ་སྲིད། ","CT":"242.ཡབ་དཀོན་མཆོག་གི་རྒྱལ་སྲིད།"},"author":"*","key":"*","lyrics":{"Verse":[{"line":[[{"phrase":{"AT":"ཡབ་དཀོན་མཆོག་གི་རྒྱལ་སྲིད།","KT":"ཡབ་དཀོན་མཆོག་གི་རྒྱལ་སྲིད། ","CT":"ཡབ་དཀོན་མཆོག་གི་རྒྱལ་སྲིད།"}}],[{"phrase":{"AT":"ཕ་ཡུལ་བོད་ལ་ཡོང་བར་ཤོག","KT":"ཕ་ཡུལ་བོད་ལ་ཡོང་བར་ཤོག ","CT":"ཕ་ཡུལ་བོད་ལ་ཡོང་བར་ཤོག"}}],[{"phrase":{"AT":"ཡབ་དཀོན་མཆོག་གི་རྒྱལ་སྲིད།","KT":"ཡབ་དཀོན་མཆོག་གི་རྒྱལ་སྲིད། ","CT":"ཡབ་དཀོན་མཆོག་གི་རྒྱལ་སྲིད།"}}],[{"phrase":{"AT":"ཕ་ཡུལ་བོད་ལ་ཡོང་བར་ཤོག","KT":"ཕ་ཡུལ་བོད་ལ་ཡོང་བར་ཤོག ","CT":"ཕ་ཡུལ་བོད་ལ་ཡོང་བར་ཤོག"}}],[{"phrase":{"AT":"ཡབ་དཀོན་མཆོག་གི་ཞི་བདེ།","KT":"ཡབ་དཀོན་མཆོག་གི་ཞི་བདེ། ","CT":"ཡབ་དཀོན་མཆོག་གི་ཞི་བདེ།"}}],[{"phrase":{"AT":"ཕ་ཡུལ་བོད་ལ་ཡོང་བར་ཤོག","KT":"ཕ་ཡུལ་བོད་ལ་ཡོང་བར་ཤོག ","CT":"ཕ་ཡུལ་བོད་ལ་ཡོང་བར་ཤོག"}}],[{"phrase":{"AT":"ཡབ་དཀོན་མཆོག་གི་ཞི་བདེ།","KT":"ཡབ་དཀོན་མཆོག་གི་ཞི་བདེ། ","CT":"ཡབ་དཀོན་མཆོག་གི་ཞི་བདེ།"}}],[{"phrase":{"AT":"ཕ་ཡུལ་བོད་ལ་ཡོང་བར་ཤོག ","KT":"ཕ་ཡུལ་བོད་ལ་ཡོང་བར་ཤོག ","CT":"ཕ་ཡུལ་བོད་ལ་ཡོང་བར་ཤོག །"}}]],"label":"verse 1","id":1},{"line":[[{"phrase":{"AT":"ཡབ་དཀོན་མཆོག་གི་བྱམས་པ། ","KT":"ཡབ་དཀོན་མཆོག་གི་བྱམས་པ། ","CT":"ཡབ་དཀོན་མཆོག་གི་བྱམས་པ། "}}],[{"phrase":{"AT":"ཕ་ཡུལ་བོད་ལ་གནང་བར་ཤོག","KT":"ཕ་ཡུལ་བོད་ལ་གནང་བར་ཤོག ","CT":"ཕ་ཡུལ་བོད་ལ་གནང་བར་ཤོག"}}],[{"phrase":{"AT":"ཡབ་དཀོན་མཆོག་གི་བྱམས་པ།","KT":"ཡབ་དཀོན་མཆོག་གི་བྱམས་པ། ","CT":"ཡབ་དཀོན་མཆོག་གི་བྱམས་པ།"}}],[{"phrase":{"AT":"ཕ་ཡུལ་བོད་ལ་གནང་བར་ཤོག","KT":"ཕ་ཡུལ་བོད་ལ་གནང་བར་ཤོག ","CT":"ཕ་ཡུལ་བོད་ལ་གནང་བར་ཤོག"}}],[{"phrase":{"AT":"ཡབ་དཀོན་མཆོག་གི་བྱིན་རླབས།","KT":"ཡབ་དཀོན་མཆོག་གི་བྱིན་རླབས། ","CT":"ཡབ་དཀོན་མཆོག་གི་བྱིན་རླབས།"}}],[{"phrase":{"AT":"ཕ་ཡུལ་བོད་ལ་གནང་བར་ཤོག","KT":"ཕ་ཡུལ་བོད་ལ་གནང་བར་ཤོག ","CT":"ཕ་ཡུལ་བོད་ལ་གནང་བར་ཤོག"}}],[{"phrase":{"AT":"ཡབ་དཀོན་མཆོག་གི་བྱིན་རླབས།","KT":"ཡབ་དཀོན་མཆོག་གི་བྱིན་རླབས། ","CT":"ཡབ་དཀོན་མཆོག་གི་བྱིན་རླབས།"}}],[{"phrase":{"AT":"ཕ་ཡུལ་བོད་ལ་གནང་བར་ཤོག","KT":"ཕ་ཡུལ་བོད་ལ་གནང་བར་ཤོག ","CT":"ཕ་ཡུལ་བོད་ལ་གནང་བར་ཤོག"}}]],"label":"verse 2","id":2},{"line":[[{"phrase":{"AT":"ཡབ་དཀོན་མཆོག་གི་རེ་བ།","KT":"ཡབ་དཀོན་མཆོག་གི་རེ་བ། ","CT":"ཡབ་དཀོན་མཆོག་གི་རེ་བ།"}}],[{"phrase":{"AT":"ཕ་ཡུལ་བོད་ལ་གནང་བར་ཤོག","KT":"ཕ་ཡུལ་བོད་ལ་གནང་བར་ཤོག ","CT":"ཕ་ཡུལ་བོད་ལ་གནང་བར་ཤོག"}}],[{"phrase":{"AT":"ཡབ་དཀོན་མཆོག་གི་རེ་བ།","KT":"ཡབ་དཀོན་མཆོག་གི་རེ་བ། ","CT":"ཡབ་དཀོན་མཆོག་གི་རེ་བ།"}}],[{"phrase":{"AT":"ཕ་ཡུལ་བོད་ལ་གནང་བར་ཤོག","KT":"ཕ་ཡུལ་བོད་ལ་གནང་བར་ཤོག ","CT":"ཕ་ཡུལ་བོད་ལ་གནང་བར་ཤོག"}}],[{"phrase":{"AT":"ཡབ་དཀོན་མཆོག་གི་ཐར་བ།","KT":"ཡབ་དཀོན་མཆོག་གི་ཐར་པ། ","CT":"ཡབ་དཀོན་མཆོག་གི་ཐར་པ།"}}],[{"phrase":{"AT":"ཕ་ཡུལ་བོད་ལ་གནང་བར་ཤོག","KT":"ཕ་ཡུལ་བོད་ལ་གནང་བར་ཤོག ","CT":"ཕ་ཡུལ་བོད་ལ་གནང་བར་ཤོག"}}],[{"phrase":{"AT":"ཡབ་དཀོན་མཆོག་གི་ཐར་བ།","KT":"ཡབ་དཀོན་མཆོག་གི་ཐར་པ། ","CT":"ཡབ་དཀོན་མཆོག་གི་ཐར་པ།"}}],[{"phrase":{"AT":"ཕ་ཡུལ་བོད་ལ་གནང་བར་ཤོག","KT":"ཕ་ཡུལ་བོད་ལ་གནང་བར་ཤོག ","CT":"ཕ་ཡུལ་བོད་ལ་གནང་བར་ཤོག"}}]],"label":"verse 3","id":3},{"line":[[{"phrase":{"AT":"ཡབ་དཀོན་མཆོག་གི་རྒྱལ་སྲིད།","KT":"ཡབ་དཀོན་མཆོག་གི་རྒྱལ་སྲིད། ","CT":"ཡབ་དཀོན་མཆོག་གི་རྒྱལ་སྲིད།"}}],[{"phrase":{"AT":"ཕ་ཡུལ་བོད་ལ་གནང་བར་ཤོག","KT":"ཕ་ཡུལ་བོད་ལ་གནང་བར་ཤོག ","CT":"ཕ་ཡུལ་བོད་ལ་གནང་བར་ཤོག"}}],[{"phrase":{"AT":"ཡབ་དཀོན་མཆོག་གི་བྱམས་པ།","KT":"ཡབ་དཀོན་མཆོག་གི་བྱམས་པ། ","CT":"ཡབ་དཀོན་མཆོག་གི་བྱམས་པ།"}}],[{"phrase":{"AT":"ཕ་ཡུལ་བོད་ལ་གནང་བར་ཤོག","KT":"ཕ་ཡུལ་བོད་ལ་གནང་བར་ཤོག ","CT":"ཕ་ཡུལ་བོད་ལ་གནང་བར་ཤོག"}}],[{"phrase":{"AT":"ཕ་ཡུལ་བོད་ལ་གནང་བར་ཤོག","KT":"ཕ་ཡུལ་བོད་ལ་གནང་བར་ཤོག ","CT":"ཕ་ཡུལ་བོད་ལ་གནང་བར་ཤོག"}}],[{"phrase":{"AT":"ཕ་ཡུལ་བོད་ལ་གནང་བར་ཤོག","KT":"ཕ་ཡུལ་བོད་ལ་གནང་བར་ཤོག ","CT":"ཕ་ཡུལ་བོད་ལ་གནང་བར་ཤོག"}}],[{"phrase":{"AT":"ཕ་ཡུལ་བོད་ལ་གནང་བར་ཤོག  ","KT":"ཕ་ཡུལ་བོད་ལ་གནང་བར་ཤོག ","CT":"ཕ་ཡུལ་བོད་ལ་གནང་བར་ཤོག ། "}}]],"label":"verse 4","id":4}]},"metadata":[{"AT":"(འགྱུར་མེད་རིན་ཆེན་གྱིས་བརྩམས་པའི་བསྟོད་དབྱངས།) JL CD1:10; KT06 150","KT":"undefined(འགྱུར་མེད་རིན་ཆེན་གྱིས་བརྩམས་པའི་བསྟོད་དབྱངས།) JL CD1:10; KT06 150 ","CT":"(འགྱུར་མེད་རིན་ཆེན་གྱིས་བརྩམས་པའི་བསྟོད་དབྱངས།) JL CD1:10; KT06 150"}]}