{"title":{"AT":"243.ཡབ་དཀོན་མཆོག་ལ་གཟི་བརྗིད་ཡོང་བར་ཤོག","KT":"undefined243. ཡབ་དཀོན་མཆོག་ལ་གཟི་བརྗིད་ཡོང་བར་ཤོག ","CT":"243.ཡབ་དཀོན་མཆོག་ལ་གཟི་བརྗིད་ཡོང་བར་ཤོག"},"author":"*","key":"*","lyrics":{"Verse":[{"line":[[{"phrase":{"AT":"ཡབ་དཀོན་མཆོག་ལ་གཟི་བརྗིད་ཡོང་བར་ཤོག ","KT":"ཡབ་དཀོན་མཆོག་ལ་གཟི་བརྗིད་ཡོང་བར་ཤོག ","CT":"ཡབ་དཀོན་མཆོག་ལ་གཟི་བརྗིད་ཡོང་བར་ཤོག "}}],[{"phrase":{"AT":"འཇིག་རྟེན་མི་རིགས་ཚང་མས་ཁྱེད་ལ་བསྟོད་དབྱངས་འབུལ།","KT":"འཇིག་རྟེན་མི་རིགས་ཚང་མས་ཁྱེད་ལ་བསྟོད་དབྱངས་འབུལ། ","CT":"འཇིག་རྟེན་མི་རིགས་ཚང་མས་ཁྱེད་ལ་བསྟོད་དབྱངས་ཕུལ།"}}]],"label":"verse 1","id":1},{"line":[[{"phrase":{"AT":"སྲས་ཡེ་ཤུ་ལ་གཟི་བརྗིད་ཡོང་བར་ཤོག ","KT":" སྲས་ཡེ་ཤུ་ལ་གཟི་བརྗིད་ཡོང་བར་ཤོག ","CT":"སྲས་ཡེ་ཤུ་ལ་གཟི་བརྗིད་ཡོང་བར་ཤོག "}}],[{"phrase":{"AT":"འཇིག་རྟེན་མི་རིགས་ཚང་མས་ཁྱེད་ལ་བསྟོད་དབྱངས་འབུལ།","KT":"འཇིག་རྟེན་མི་རིགས་ཚང་མས་ཁྱེད་ལ་བསྟོད་དབྱངས་འབུལ། ","CT":"འཇིག་རྟེན་མི་རིགས་ཚང་མས་ཁྱེད་ལ་བསྟོད་དབྱངས་ཕུལ།"}}]],"label":"verse 2","id":2},{"line":[[{"phrase":{"AT":"དམ་པའི་ཐུགས་ཉིད་ལ་གཟི་བརྗིད་ཡོང་བར་ཤོག ","KT":" དམ་པའི་ཐུགས་ཉིད་ལ་གཟི་བརྗིད་ཡོང་བར་ཤོག ","CT":"དམ་པའི་ཐུགས་ཉིད་ལ་གཟི་བརྗིད་ཡོང་བར་ཤོག "}}],[{"phrase":{"AT":"འཇིག་རྟེན་མི་རིགས་ཚང་མས་ཁྱེད་ལ་བསྟོད་དབྱངས་འབུལ། ","KT":"འཇིག་རྟེན་མི་རིགས་ཚང་མས་ཁྱེད་ལ་བསྟོད་དབྱངས་འབུལ། ","CT":"འཇིག་རྟེན་མི་རིགས་ཚང་མས་ཁྱེད་ལ་བསྟོད་དབྱངས་ཕུལ། "}}]],"label":"verse 3","id":3},{"line":[[{"phrase":{"AT":"རྣམ་པ་གསུམ་གཅིག་འདུས་པའི་དཀོན་མཆོག་ལ།","KT":" རྣམ་པ་གསུམ་གཅིག་འདུས་པའི་དཀོན་མཆོག་ལ། ","CT":"རྣམ་པ་གསུམ་གཅིག་བསྡུས་པའི་དཀོན་མཆོག་ལ།"}}],[{"phrase":{"AT":"འཇིག་རྟེན་མི་རིགས་ཚང་མས་ཁྱེད་ལ་བསྟོད་དབྱངས་འབུལ། ༢","KT":"འཇིག་རྟེན་མི་རིགས་ཚང་མས་ཁྱེད་ལ་བསྟོད་དབྱངས་འབུལ། ༢ ","CT":"འཇིག་རྟེན་མི་རིགས་ཚང་མས་ཁྱེད་ལ་བསྟོད་དབྱངས་ཕུལ།། ༢"}}]],"label":"verse 4","id":4}]},"metadata":[{"AT":"(ཡབ་སྲས་ཐུགས་ཉིད།)","KT":"undefined(ཡབ་སྲས་ཐུགས་ཉིད།) ","CT":"(ཡབ་སྲས་ཐུགས་ཉིད།)"},{"AT":"(འཇིགས་མེད་ཀྱིས་བརྩམས་པའི་བསྟོད་དབྱངས།) PNJ 23","KT":"(འཇིགས་མེད་ཀྱིས་བརྩམས་པའི་བསྟོད་དབྱངས།) PNJ 23 ","CT":"(འཇིགས་མེད་ཀྱིས་བརྩམས་པའི་བསྟོད་དབྱངས།) PNJ 23"}]}