{"title":{"AT":"244.ཡབ་ཆེན་དཀོན་མཆོག་གི་བྱམས་པ།","KT":"244. ཡབ་ཆེན་དཀོན་མཆོག་གི་བྱམས་པ། ","CT":"244.ཡབ་ཆེན་དཀོན་མཆོག་གི་བྱམས་པ།"},"author":"*","key":"*","lyrics":{"Verse":[{"line":[[{"phrase":{"AT":"ཡབ་ཆེན་དཀོན་མཆོག་གི་བྱམས་པ།","KT":"ཡབ་ཆེན་དཀོན་མཆོག་གི་བྱམས་པ། ","CT":"ཡབ་ཆེན་དཀོན་མཆོག་གི་བྱམས་པ།"}}],[{"phrase":{"AT":"མི་རིགས་ཀུན་ལ་གནང་སོང་།","KT":"མི་རིགས་ཀུན་ལ་གནང་སོང་། ","CT":"མི་རིགས་ཀུན་ལ་གནང་སོང་།"}}],[{"phrase":{"AT":"ཁོང་གིས་སྲས་གཅིག་ཡེ་ཤུ།","KT":"ཁོང་གིས་སྲས་གཅིག་ཡེ་ཤུ། ","CT":"ཁོང་གིས་སྲས་གཅིག་ཡེ་ཤུ།"}}],[{"phrase":{"AT":"སྡིག་ཅན་ཀུན་ལ་གནང་སོང་། ","KT":"སྡིག་ཅན་ཀུན་ལ་གནང་སོང་། ","CT":"སྡིག་ཅན་ཀུན་ལ་གནང་སོང་། "}}],[{"phrase":{"AT":"ལ་ལ་ལ་ལ་ལ་ལ་ལ་ལ་ལ་ལ། ༢ ","KT":"ལ་ལ་ལ་ལ་ལ་ལ་ལ་ལ་ལ་ལ། ༢ ","CT":"ལ་ལ་ལ་ལ་ལ་ལ་ལ་ལ་ལ་ལ། ༢ "}}],[{"phrase":{"AT":"ཁོང་གིས་སྲས་གཅིག་ཡེ་ཤུ།","KT":"ཁོང་གིས་སྲས་གཅིག་ཡེ་ཤུ། ","CT":"ཁོང་གིས་སྲས་གཅིག་ཡེ་ཤུ།"}}],[{"phrase":{"AT":"སྡིག་ཅན་ཀུན་ལ་གནང་སོང་། ༢","KT":"སྡིག་ཅན་ཀུན་ལ་གནང་སོང་། ༢ ","CT":"སྡིག་ཅན་ཀུན་ལ་གནང་སོང་། ༢"}}]],"label":"verse 1","id":1},{"line":[[{"phrase":{"AT":"སྡིག་ཅན་ཐར་བའི་དོན་ལ།","KT":"ndefined༢ སྡིག་ཅན་ཐར་བའི་དོན་ལ། ","CT":"སྡིག་ཅན་ཐར་པའི་དོན་ལ།"}}],[{"phrase":{"AT":"སྐྱབས་མགོན་ཡེ་ཤུ་འཁྲུངས་སོང་།","KT":"སྐྱབས་མགོན་ཡེ་ཤུ་འཁྲུངས་སོང་། ","CT":"སྐྱབས་མགོན་ཡེ་ཤུ་འཁྲུངས་སོང་།"}}],[{"phrase":{"AT":"སྐྱབས་མགོན་ཡེ་ཤུའི་ཐར་བ།","KT":"སྐྱབས་མགོན་ཡེ་ཤུའི་ཐར་པ། ","CT":"སྐྱབས་མགོན་ཡེ་ཤུའི་ཐར་པ།"}}],[{"phrase":{"AT":"སྡིག་ཅན་ཀུན་ལ་གནང་སོང་། ","KT":"སྡིག་ཅན་ཀུན་ལ་གནང་སོང་། ","CT":"སྡིག་ཅན་ཀུན་ལ་གནང་སོང་། "}}],[{"phrase":{"AT":"ལ་ལ་ལ་ལ་ལ་ལ་ལ་ལ་ལ་ལ། ༢ ","KT":"ལ་ལ་ལ་ལ་ལ་ལ་ལ་ལ་ལ་ལ། ༢ ","CT":"ལ་ལ་ལ་ལ་ལ་ལ་ལ་ལ་ལ་ལ། ༢ "}}],[{"phrase":{"AT":"སྐྱབས་མགོན་ཡེ་ཤུའི་ཐར་བ།","KT":"སྐྱབས་མགོན་ཡེ་ཤུའི་ཐར་པ། ","CT":"སྐྱབས་མགོན་ཡེ་ཤུའི་ཐར་པ།"}}],[{"phrase":{"AT":"སྡིག་ཅན་ཀུན་ལ་གནང་སོང་། ༢","KT":"སྡིག་ཅན་ཀུན་ལ་གནང་སོང་། ༢ ","CT":"སྡིག་ཅན་ཀུན་ལ་གནང་སོང་། ༢"}}]],"label":"verse 2","id":2},{"line":[[{"phrase":{"AT":"སྡིག་ཅན་ཤི་བའི་ཚབ་ལ།","KT":" སྡིག་ཅན་ཤི་བའི་ཚབ་ལ། ","CT":"སྡིག་ཅན་ཤི་བའི་ཚབ་ལ།"}}],[{"phrase":{"AT":"སྐྱབས་མགོན་ཡེ་ཤུ་གྲོངས་སོང་།","KT":"སྐྱབས་མགོན་ཡེ་ཤུ་གྲོངས་སོང་། ","CT":"སྐྱབས་མགོན་ཡེ་ཤུ་གྲོངས་སོང་།"}}],[{"phrase":{"AT":"སྐྱབས་མགོན་ཡེ་ཤུའི་ཞི་བདེ།","KT":"སྐྱབས་མགོན་ཡེ་ཤུའི་ཞི་བདེ། ","CT":"སྐྱབས་མགོན་ཡེ་ཤུའི་ཞི་བདེ།"}}],[{"phrase":{"AT":"སྡིག་ཅན་ཀུན་ལ་གནང་སོང་། ","KT":"སྡིག་ཅན་ཀུན་ལ་གནང་སོང་། ","CT":"སྡིག་ཅན་ཀུན་ལ་གནང་སོང་། "}}],[{"phrase":{"AT":"ལ་ལ་ལ་ལ་ལ་ལ་ལ་ལ་ལ་ལ། ༢ ","KT":"ལ་ལ་ལ་ལ་ལ་ལ་ལ་ལ་ལ་ལ། ༢ ","CT":"ལ་ལ་ལ་ལ་ལ་ལ་ལ་ལ་ལ་ལ། ༢ "}}],[{"phrase":{"AT":"སྐྱབས་མགོན་ཡེ་ཤུའི་ཞི་བདེ།","KT":"སྐྱབས་མགོན་ཡེ་ཤུའི་ཞི་བདེ། ","CT":"སྐྱབས་མགོན་ཡེ་ཤུའི་ཞི་བདེ།"}}],[{"phrase":{"AT":"སྡིག་ཅན་ཀུན་ལ་གནང་སོང་། ༢","KT":"སྡིག་ཅན་ཀུན་ལ་གནང་སོང་། ༢ ","CT":"སྡིག་ཅན་ཀུན་ལ་གནང་སོང་།། ༢"}}]],"label":"verse 3","id":3}]},"metadata":[{"AT":"( འགྱུར་མེད་རིན་ཆེན་གྱིས་བརྩམས་པའི་བསྟོད་དབྱངས།) JL CD1:3","KT":"undefined( འགྱུར་མེད་རིན་ཆེན་གྱིས་བརྩམས་པའི་བསྟོད་དབྱངས།) JL CD1:3 ","CT":"(འགྱུར་མེད་རིན་ཆེན་གྱིས་བརྩམས་པའི་བསྟོད་དབྱངས།)  JL CD1:3"}]}