{"title":{"AT":"245.ཡབ་ལགས། ","KT":"undefined245. ཡབ་ལགས། ","CT":"245.ཡབ་ལགས། "},"author":"*","key":"*","lyrics":{"Verse":[{"line":[[{"phrase":{"AT":"ཡབ་ལགས། བདག་གི་སྙིང་རུས་ཆག་སོང༌།","KT":"ཡབ་ལགས། བདག་གི་སྙིང་རུས་ཆག་སོང༌། ","CT":"ཡབ་ལགས། བདག་གི་སྙིང་རུས་ཆག་སོང༌།"}}],[{"phrase":{"AT":"ཡབ་ལགས། བདག་གི་སེམས་མུན་པས་བསྒྲིབས།","KT":"ཡབ་ལགས། བདག་གི་སེམས་མུན་པས་བསྒྲིབས། ","CT":"ཡབ་ལགས། བདག་གི་སེམས་མུན་པས་བསྒྲིབས།"}}],[{"phrase":{"AT":"གུ་ཡངས་གནང་ཞིང་ང་རང་བསྒྱུར་ནས་སྐྱོབ་རོགས།","KT":"གུ་ཡངས་གནང་ཞིང་ང་རང་བསྒྱུར་ནས་སྐྱོབ་རོགས། ","CT":"གུ་ཡངས་གནང་ཞིང་ང་རང་བསྒྱུར་ནས་སྐྱོབ་རོགས།"}}],[{"phrase":{"AT":"འཇིག་རྟེན་འདི་བདག་ལ་སྟོང་བར་སྣང༌།","KT":"འཇིག་རྟེན་འདི་བདག་ལ་སྟོང་བར་སྣང༌། ","CT":"འཇིག་རྟེན་འདི་བདག་ལ་སྟོང་བར་སྣང༌།"}}],[{"phrase":{"AT":"དོན་མེད་ཅིང་གྲང་ངར་ཆེ།","KT":"དོན་མེད་ཅིང་གྲང་ངར་ཆེ། ","CT":"དོན་མེད་ཅིང་གྲང་ངར་ཆེ།"}}],[{"phrase":{"AT":"གསར་དུ་བསྒྱུར་ཅིང་གཙང་མར་མཛད་དེ་གང་བར་མཛོད།","KT":"གསར་དུ་བསྒྱུར་ཅིང་གཙང་མར་མཛད་དེ་གང་བར་མཛོད། ","CT":"གསར་དུ་བསྒྱུར་ཅིང་གཙང་མར་མཛད་དེ་གང་བར་མཛོད།"}}],[{"phrase":{"AT":"ང་ལ་ཁྱེད་རང་མཁའ་དབུགས་བཞིན་དུ་དགོས་ཤིང༌།","KT":"ང་ལ་ཁྱེད་རང་མཁའ་དབུགས་བཞིན་དུ་དགོས་ཤིང༌། ","CT":"ང་ལ་ཁྱེད་རང་མཁའ་དབུགས་བཞིན་དུ་དགོས་ཤིང༌།"}}],[{"phrase":{"AT":"ཁྱེད་ཀྱིས་ང་རང་ཁྱབ་ཅིང་ཧྲིལ་བོར་མཛད་རོགས།","KT":"ཁྱེད་ཀྱིས་ང་རང་ཁྱབ་ཅིང་ཧྲིལ་བོར་མཛད་རོགས། ","CT":"ཁྱེད་ཀྱིས་ང་རང་ཁྱབ་ཅིང་ཧྲིལ་བོར་མཛད་རོགས།"}}],[{"phrase":{"AT":"ངས་ཁྱེད་དྲུང་པུས་མོ་སར་བཙུགས་ཏེ།","KT":"ངས་ཁྱེད་དྲུང་པུས་མོ་སར་བཙུགས་ཏེ། ","CT":"ངས་ཁྱེད་དྲུང་པུས་མོ་སར་བཙུགས་ཏེ།"}}],[{"phrase":{"AT":"རང་སེམས་ལྷུག་པོར་བརྗོད།","KT":"རང་སེམས་ལྷུག་པོར་བརྗོད། ","CT":"རང་སེམས་ལྷུག་པོར་བརྗོད།།"}}]],"label":"verse 1","id":1}]},"metadata":[{"AT":"(ང་ལ་ཁྱེད་དགོས།)","KT":"undefined(ང་ལ་ཁྱེད་དགོས།) ","CT":"(ང་ལ་ཁྱེད་དགོས།)"},{"AT":"(དབྱིན་ཇིའི་བསྟོད་དབྱངས།) AT08 141","KT":"(དབྱིན་ཇིའི་བསྟོད་དབྱངས།) AT08 141 ","CT":"(དབྱིན་ཇིའི་བསྟོད་དབྱངས།) AT08 141"}]}