{"title":{"AT":"246.ཡེ་ཤུ་ང་ཁྱེད་ལ་དགའ། ","KT":"246. ཡེ་ཤུ་ང་ཁྱེད་ལ་དགའ། ","CT":"246.ཡེ་ཤུ་ང་ཁྱེད་ལ་དགའ། "},"author":"*","key":"*","lyrics":{"Verse":[{"line":[[{"phrase":{"AT":"ཡེ་ཤུ་ང་ཁྱེད་ལ་དགའ། ","KT":"ཡེ་ཤུ་ང་ཁྱེད་ལ་དགའ། ","CT":"ཡེ་ཤུ་ང་ཁྱེད་ལ་དགའ། "}}],[{"phrase":{"AT":"ངས་ཁྱེད་ཀྱི་མདུན་དུ་ཕྱག་འཚལ། ","KT":"ངས་ཁྱེད་ཀྱི་མདུན་དུ་ཕྱག་འཚལ། ","CT":"ངས་ཁྱེད་ཀྱི་མདུན་དུ་པུས་མོ་བཙུགས། "}}],[{"phrase":{"AT":"བསྟོད་དབྱངས།  བསྙེན་བཀུར།  ང་ཚོའི་རྒྱལ་པོ་ལ། ","KT":"བསྟོད་དབྱངས། བསྙེན་བཀུར། ང་ཚོའི་རྒྱལ་པོ་ལ། ","CT":"བསྟོད་དབྱངས།  བསྙེན་བཀུར།  ང་ཚོའི་རྒྱལ་པོ་ལ། "}}],[{"phrase":{"AT":"ཧ་ལེ་ལོའུ་ཡཱ།  ཧ་ལེ་ལོའུ་ཡཱ།  ཧ་ལེ་ལོའུ་ཡཱ།  ཧ་ལེ་ལོའུ་ཡཱ།","KT":"ཧ་ལེ་ལོའུ་ཡཱ། ཧ་ལེ་ལོའུ་ཡཱ། ཧ་ལེ་ལོའུ་ཡཱ། ཧ་ལེ་ལོའུ་ཡཱ། ","CT":"ཧཱ་ལེ་ལུ་ཡཱ།  ཧཱ་ལེ་ལུ་ཡཱ།  ཧཱ་ལེ་ལུ་ཡཱ།  ཧཱ་ལེ་ལུ་ཡཱ།།"}}]],"label":"verse 1","id":1}]},"metadata":[{"AT":"(Jesus, I Love You ཞེས་པའི་དབྱིན་ཇིའི་བསྟོད་དབྱངས།)  PNJ 48","KT":"undefined(Jesus, I Love You ཞེས་པའི་དབྱིན་ཇིའི་བསྟོད་དབྱངས།)68 PNJ 48 68 Jude Del Hierro © 1985 Mercy/Vineyard Publishing/ Song Solutions Daybreak www.songsolutions.org. Used by permission. ","CT":"(Jesus, I Love You ཞེས་པའི་དབྱིན་ཇིའི་བསྟོད་དབྱངས།)  PNJ 48"}]}