{"title":{"AT":"247.ཡེ་ཤུ་ངའི་སེམས་ནང་ཕེབས་ཤོག","KT":"undefined247. ཡེ་ཤུ་ངའི་སེམས་ནང་ཕེབས་ཤོག ","CT":"247.ཡེ་ཤུ་ངའི་སེམས་ནང་ཕེབས་ཤོག"},"author":"*","key":"*","lyrics":{"Verse":[{"line":[[{"phrase":{"AT":"ཡེ་ཤུ། ཡེ་ཤུ།","KT":" ཡེ་ཤུ། ཡེ་ཤུ། ","CT":"ཡེ་ཤུ། ཡེ་ཤུ།"}}],[{"phrase":{"AT":"ངའི་སེམས་ནང་ཕེབས་ཤོག ༣","KT":"ངའི་སེམས་ནང་ཕེབས་ཤོག ༣ ","CT":"ངའི་སེམས་ནང་ཕེབས་ཤོག ༣"}}]],"label":"verse 1","id":1},{"line":[[{"phrase":{"AT":"ཧ་ལེ་ལོའུ་ཡཱ། ཧ་ལེ་ལོའུ་ཡཱ།","KT":" ཧ་ལེ་ལོའུ་ཡཱ། ཧ་ལེ་ལོའུ་ཡཱ། ","CT":"ཧཱ་ལེ་ལུ་ཡཱ། ཧཱ་ལེ་ལུ་ཡཱ།"}}],[{"phrase":{"AT":"ཁྱེད་ངའི་སེམས་ནང་བཞུགས་ཡོད། ༣","KT":"ཁྱེད་ངའི་སེམས་ནང་བཞུགས་ཡོད། ༣ ","CT":"ཁྱེད་ངའི་སེམས་ནང་བཞུགས་ཀྱི་ཡོད།། ༣"}}]],"label":"verse 2","id":2}]},"metadata":[{"AT":"(འཇིགས་མེད་ཀྱིས་བརྩམས་པའི་བསྟོད་དབྱངས།) PNJ 7","KT":"undefined(འཇིགས་མེད་ཀྱིས་བརྩམས་པའི་བསྟོད་དབྱངས།) PNJ 7 ","CT":"(འཇིགས་མེད་ཀྱིས་བརྩམས་པའི་བསྟོད་དབྱངས།) PNJ 7"}]}