{"title":{"AT":"248.ཡེ་ཤུ་དང་ང་།","KT":"248. ཡེ་ཤུ་དང་ང་། ","CT":"248.ཡེ་ཤུ་དང་ང་།"},"author":"*","key":"*","lyrics":{"Verse":[{"line":[[{"phrase":{"AT":"ཡེ་ཤུ་དང་ང་། མཉམ་དུ་ཧ་ཅང་སྐྱིད་པོ་རེད།","KT":"ཡེ་ཤུ་དང་ང་། མཉམ་དུ་ཧ་ཅང་སྐྱིད་པོ་རེད། ","CT":"ཡེ་ཤུ་དང་ང་། མཉམ་དུ་ཧ་ཅང་སྐྱིད་པོ་རེད།"}}],[{"phrase":{"AT":"ཡེ་ཤུ་དང་ང་། དེ་འདྲ་ཞིག་ཡིན་ན་འགྲིག་གོ།","KT":"ཡེ་ཤུ་དང་ང་། དེ་འདྲ་ཞིག་ཡིན་ན་འགྲིག་གོ། ","CT":"ཡེ་ཤུ་དང་ང་། དེ་འདྲ་ཞིག་ཡིན་ན་འགྲིག་གོ"}}],[{"phrase":{"AT":"ང་ཁེར་རྐྱང་མ་རེད། ཡེ་ཤུ་ངའི་རྩ་རུ་ཕེབས་བཞིན་ཡོད།","KT":"ང་ཁེར་རྐྱང་མ་རེད། ཡེ་ཤུ་ངའི་རྩ་ལ་ཕེབས་བཞིན་ཡོད། ","CT":"ང་ཁེར་རྐྱང་མིན། ཡེ་ཤུ་ངའི་རྩ་ལ་ཕེབས་བཞིན་ཡོད།"}}],[{"phrase":{"AT":"ང་ཁེར་རྐྱང་མ་རེད། ཡེ་ཤུ་ངའི་སེམས་ཀྱི་ནང་དུ་ཡོད།","KT":"ང་ཁེར་རྐྱང་མ་རེད། ཡེ་ཤུ་ངའི་སེམས་ཀྱི་ནང་དུ་ཡོད། ","CT":"ང་ཁེར་རྐྱང་མིན། ཡེ་ཤུ་ངའི་སེམས་ཀྱི་ནང་དུ་ཡོད།"}}],[{"phrase":{"AT":"རྒྱུན་ནས་རྒྱུན་དུ་ཡེ་ཤུ་དང་ང་། ཨོ་ཡ།","KT":"རྒྱུན་ནས་རྒྱུན་དུ་ཡེ་ཤུ་དང་ང་། ཨོ་ཡ། ","CT":"རྒྱུན་ནས་རྒྱུན་དུ་ཡེ་ཤུ་དང་ང་། འོ་ཡ།"}}],[{"phrase":{"AT":"རྒྱུན་ནས་རྒྱུན་དུ་ཡེ་ཤུ་དང་ང་། ཨ་ཧ།","KT":"རྒྱུན་ནས་རྒྱུན་དུ་ཡེ་ཤུ་དང་ང་། ཨ་ཧ། ","CT":"རྒྱུན་ནས་རྒྱུན་དུ་ཡེ་ཤུ་དང་ང་། ཨ་ཧ།"}}],[{"phrase":{"AT":"རྒྱུན་ནས་རྒྱུན་དུ་ཡེ་ཤུ་དང་ང་། ཡ།","KT":"རྒྱུན་ནས་རྒྱུན་དུ་ཡེ་ཤུ་དང་ང་། ཡ། ","CT":"རྒྱུན་ནས་རྒྱུན་དུ་ཡེ་ཤུ་དང་ང་། ཡ།།"}}]],"label":"verse 1","id":1}]},"metadata":[{"AT":"(Jesus and Me ཞེས་པའི་དབྱིན་ཇིའི་བྱིས་པའི་བསྟོད་དབྱངས།)  AT08 143; KT06 153","KT":"undefined(Jesus and Me ཞེས་པའི་དབྱིན་ཇིའི་བྱིས་པའི་བསྟོད་དབྱངས།)69 AT08 143; KT06 153 69 No copyright information. ","CT":"(Jesus and Me ཞེས་པའི་དབྱིན་ཇིའི་བྱིས་པའི་བསྟོད་དབྱངས།)  AT08 143; KT06 153"}]}