{"title":{"AT":"249.ཡེ་ཤུ།  ཡེ་ཤུ། ","KT":"undefined249. ཡེ་ཤུ། ཡེ་ཤུ། ","CT":"249.ཡེ་ཤུ།  ཡེ་ཤུ། "},"author":"*","key":"*","lyrics":{"Verse":[{"line":[[{"phrase":{"AT":"ཡེ་ཤུ།  ཡེ་ཤུ།","KT":"ཡེ་ཤུ། ཡེ་ཤུ། ","CT":"ཡེ་ཤུ།  ཡེ་ཤུ།"}}],[{"phrase":{"AT":"དམ་པ་ཉིད་དང་སྣུམ་གྱིས་བྱུགས་པའི་ཡེ་ཤུ། ","KT":"དམ་པ་ཉིད་དང་སྣུམ་གྱིས་བྱུགས་པའི་ཡེ་ཤུ།71 ","CT":"དམ་པ་ཉིད་དང་སྣུམ་གྱིས་བྱུགས་པའི་ཡེ་ཤུ། "}}],[{"phrase":{"AT":"ཡེ་ཤུ།  ཡེ་ཤུ།","KT":"ཡེ་ཤུ། ཡེ་ཤུ། ","CT":"ཡེ་ཤུ།  ཡེ་ཤུ།"}}],[{"phrase":{"AT":"སླར་གསོན་པ་དང་མཐོན་པོར་བསྒྲེངས་པའི་ཡེ་ཤུ།","KT":"སླར་གསོན་པ་དང་མཐོན་པོར་བསྒྲེངས་པའི་ཡེ་ཤུ། ","CT":"སླར་གསོན་པ་དང་མཐོན་པོར་བསྒྲེངས་པའི་ཡེ་ཤུ།"}}],[{"phrase":{"AT":"ཁྱེད་ཀྱི་མཚན་ནི་ངའི་མཆུ་སྒྲོས་སྟེང་གི་སྦྲང་རྩི་དང་།","KT":"ཁྱེད་ཀྱི་མཚན་ནི་ངའི་མཆུ་སྒྲོས་སྟེང་གི་སྦྲང་རྩི་དང་། ","CT":"ཁྱེད་ཀྱི་མཚན་ནི་ངའི་མཆུ་སྒྲོས་སྟེང་གི་སྦྲང་རྩི་དང་།"}}],[{"phrase":{"AT":"ཁྱེད་ཀྱི་ཐུགས་ཉིད་ངའི་སེམས་ཀྱི་ཆུ་རྒྱུན་ཡིན།","KT":"ཁྱེད་ཀྱི་ཐུགས་ཉིད་ངའི་སེམས་ཀྱི་རྟེན་ས་ཡིན། ","CT":"ཁྱེད་ཀྱི་ཐུགས་ཉིད་ངའི་སེམས་ཀྱི་རྟེན་ས་ཡིན།"}}],[{"phrase":{"AT":"ཁྱེད་ཀྱི་བཀའ་ནི་ངའི་ལམ་གྱི་སྒྲོན་མེ་ཡིན།","KT":"ཁྱེད་ཀྱི་བཀའ་ནི་ངའི་ལམ་གྱི་སྒྲོན་མེ་ཡིན། ","CT":"ཁྱེད་ཀྱི་བཀའ་ནི་ངའི་ལམ་གྱི་སྒྲོན་མེ་ཡིན།"}}],[{"phrase":{"AT":"ཡེ་ཤུ་ང་ཁྱེད་ལ་དགའ།ང་ཁྱེད་ལ་དགའ།","KT":"ཡེ་ཤུ་ང་ཁྱེད་ལ་དགའ། ང་ཁྱེད་ལ་དགའ། ","CT":"ཡེ་ཤུ་ང་ཁྱེད་ལ་དགའ།ང་ཁྱེད་ལ་དགའ།།"}}]],"label":"verse 1","id":1}]},"metadata":[{"AT":"(དམ་པ་ཉིད་དང་སྣུམ་གྱིས་བྱུགས་པ།)","KT":"undefined(དམ་པ་ཉིད་དང་སྣུམ་གྱིས་བྱུགས་པ།) ","CT":"(དམ་པ་ཉིད་དང་སྣུམ་གྱིས་བྱུགས་པ།)"},{"AT":"(Jesus, Jesus, Holy and Anointed ཞེས་པའི་དབྱིན་ཇིའི་བསྟོད་དབྱངས།)  AT08 123; KT06 129","KT":"(Jesus, Jesus, Holy and Anointed ཞེས་པའི་དབྱིན་ཇིའི་བསྟོད་དབྱངས།)70 AT08 123; KT06 129 70 John Barnett © 1988 Mercy/Vineyard Publishing/ Song Solutions Daybreak www.songsolutions.org. Used by permission. 71 སྣུམ་གྱིས་བྱུགས་པ་ཞེས་པའི་དོན་ནི། གཙོ་བོའི་ཐུགས་ཉིད་ནི་སྐྱབས་མགོན་ཡེ་ཤུའི་སྟེང་དུ་གནས། ལོ་རྒྱུས་འདི་དམ་པའི་གསུང་རབ་ནང་ལུ་ཀཱ་ཡིས་བྲིས་པའི་འཕྲིན་བཟང་གི་ལེའུ༣：༢༡ནས༣：༢༢བར་དང༤：༡༤ནས༤：༡༨བར་གཟིགས་རོགས་གནང་། 72 Chris Bowater © 1979 Sovereign Lifestyle Music. P O Box 356, Leighton Buzzard. LU7 3WP UK. sovereignmusic@aol.com. Used by permission. ","CT":"(Jesus, Jesus, Holy and Anointed ཞེས་པའི་དབྱིན་ཇིའི་བསྟོད་དབྱངས།)  AT08 123; KT06 129"}]}