{"title":{"AT":"25.ང་ཚོའི་སྐྱབས་མགོན་ཡེ་ཤུ།","KT":"25. ང་ཚོའི་སྐྱབས་མགོན་ཡེ་ཤུ། ","CT":"25.ང་ཚོའི་སྐྱབས་མགོན་ཡེ་ཤུ།"},"author":"*","key":"*","lyrics":{"Verse":[{"line":[[{"phrase":{"AT":"ང་ཚོའི་སྐྱབས་མགོན་ཡེ་ཤུ།།","KT":" ང་ཚོའི་སྐྱབས་མགོན་ཡེ་ཤུ། ","CT":"ང་ཚོའི་སྐྱབས་མགོན་ཡེ་ཤུ།"}}],[{"phrase":{"AT":"ཁྱེད་ནི་གཟི་བརྗིད་ཆེན་པོ།།","KT":"ཁྱེད་ནི་གཟི་བརྗིད་ཆེན་པོ། ","CT":"ཁྱེད་ནི་གཟི་བརྗིད་ཆེན་པོ།"}}],[{"phrase":{"AT":"ཁྱེད་ལ་དད་པ་བྱས་ནས།།","KT":"ཁྱེད་ལ་དད་པ་བྱས་ནས། ","CT":"ཁྱེད་ལ་དད་པ་བྱས་ནས།"}}],[{"phrase":{"AT":"སེམས་ཀྱི་སྡུག་བསྔལ་བསལ་སོང་།། ","KT":"སེམས་ཀྱི་སྡུག་བསྔལ་བསལ་སོང་། ","CT":"སེམས་ཀྱི་སྡུག་བསྔལ་བསལ་སོང་། "}}],[{"phrase":{"AT":"ཁྱེད་ལ་དད་པ་བྱས་ནས།།","KT":"ཁྱེད་ལ་དད་པ་བྱས་ནས། ","CT":"ཁྱེད་ལ་དད་པ་བྱས་ནས།"}}],[{"phrase":{"AT":"སེམས་ཀྱི་སྡུག་བསྔལ་བསལ་སོང་།།","KT":"སེམས་ཀྱི་སྡུག་བསྔལ་བསལ་སོང་། ","CT":"སེམས་ཀྱི་སྡུག་བསྔལ་བསལ་སོང་། "}}],[{"phrase":{"AT":"ང་རང་གཅིག་པུ་མ་རེད།།","KT":"ང་རང་གཅིག་པུ་མ་རེད། ","CT":"ང་རང་གཅིག་པོ་མ་རེད།"}}],[{"phrase":{"AT":"ཚང་མའི་སྡུག་བསྔལ་བསལ་སོང་།། ༢ ","KT":"ཚང་མའི་སྡུག་བསྔལ་བསལ་སོང་། ༢ ","CT":"ཚང་མའི་སྡུག་བསྔལ་བསལ་སོང་། ༢ "}}]],"label":"verse 1","id":1},{"line":[[{"phrase":{"AT":"ང་ཚོའི་སྐྱབས་མགོན་ཡེ་ཤུ།།","KT":" ང་ཚོའི་སྐྱབས་མགོན་ཡེ་ཤུ། ","CT":"ང་ཚོའི་སྐྱབས་མགོན་ཡེ་ཤུ།"}}],[{"phrase":{"AT":"གང་འདྲའི་སྙིང་རྗེ་ཆེན་པོ།།","KT":"ཅི་འདྲའི་སྙིང་རྗེ་ཆེན་པོ། ","CT":"ག་འདྲའི་སྙིང་རྗེ་ཆེན་པོ།"}}],[{"phrase":{"AT":"ཁྱེད་ཀྱི་སྐུ་ཁྲག་རིན་ཆེན།།","KT":"ཁྱེད་ཀྱི་སྐུ་ཁྲག་རིན་ཆེན། ","CT":"ཁྱེད་ཀྱི་སྐུ་ཁྲག་རིན་ཆེན།"}}],[{"phrase":{"AT":"ང་ཚོའི་དོན་ལ་གནང་སོང་།།","KT":"ང་ཚོའི་དོན་ལ་གནང་སོང་། ","CT":"ང་ཚོའི་དོན་ལ་གནང་སོང་།"}}],[{"phrase":{"AT":"ཁྱེད་ཀྱི་སྐུ་ཁྲག་རིན་ཆེན།།","KT":"ཁྱེད་ཀྱི་སྐུ་ཁྲག་རིན་ཆེན། ","CT":"ཁྱེད་ཀྱི་སྐུ་ཁྲག་རིན་ཆེན།"}}],[{"phrase":{"AT":"ང་ཚོའི་དོན་ལ་གནང་སོང་།།","KT":"ང་ཚོའི་དོན་ལ་གནང་སོང་། ","CT":"ང་ཚོའི་དོན་ལ་གནང་སོང་།"}}],[{"phrase":{"AT":"དེའི་ཕྱིར་ང་ཚོ་ཚང་མས།།","KT":"དེའི་ཆེད་དུ་ང་ཚོ་ཚང་མས། ","CT":"དེའི་ཆེད་དུ་ང་ཚོ་ཚང་མས།"}}],[{"phrase":{"AT":"ཁྱེད་ལ་ཐུགས་རྗེ་ཆེ་ཞུ།། ༢","KT":"ཁྱེད་ཀྱི་མདུན་ལ་བཀྲ་ཤིས་སྨོན་ལམ་ཞུ་རྒྱུ།། ༢ ","CT":"ཁྱེད་ཀྱི་མདུན་ལ་བཀྲ་ཤིས་སྨོན་ལམ་ཞུ་རྒྱུ།། ༢"}}]],"label":"verse 2","id":2}]},"metadata":[{"AT":"(བོད་པའི་བསྟོད་དབྱངས།)","KT":"(བོད་པའི་བསྟོད་དབྱངས།) ","CT":"(བོད་པའི་བསྟོད་དབྱངས།)"}]}