{"title":{"AT":"250.ཡེ་ཤུ། ཡེ་ཤུ། ཡེ་ཤུ།","KT":"250. ཡེ་ཤུ། ཡེ་ཤུ། ཡེ་ཤུ། ","CT":"250.ཡེ་ཤུ། ཡེ་ཤུ། ཡེ་ཤུ།"},"author":"*","key":"*","lyrics":{"Verse":[{"line":[[{"phrase":{"AT":"ཡེ་ཤུ། ཡེ་ཤུ། ཡེ་ཤུ།","KT":" ཡེ་ཤུ། ཡེ་ཤུ། ཡེ་ཤུ། ","CT":"ཡེ་ཤུ། ཡེ་ཤུ། ཡེ་ཤུ།"}}],[{"phrase":{"AT":"ཁྱེད་ཀྱི་བྱམས་པ་ངའི་སེམས་ན་ཡོད། ༢","KT":"ཁྱེད་ཀྱི་བྱམས་པ་ངའི་སེམས་ལ་ཡོད། ༢ ","CT":"ཁྱེད་ཀྱི་བྱམས་པ་ངའི་སེམས་ལ་ཡོད། ༢"}}]],"label":"verse 1","id":1},{"line":[[{"phrase":{"AT":"ཡེ་ཤུ། ཡེ་ཤུ། ཡེ་ཤུ།","KT":" ཡེ་ཤུ། ཡེ་ཤུ། ཡེ་ཤུ། ","CT":"ཡེ་ཤུ། ཡེ་ཤུ། ཡེ་ཤུ།"}}],[{"phrase":{"AT":"ཁྱེད་ཀྱི་བྱམས་པས་ངའི་སེམས་བསྒྱུར་སོང་། ༢","KT":"ཁྱེད་ཀྱི་བྱམས་པས་ངའི་སེམས་བསྒྱུར་སོང་། ༢ ","CT":"ཁྱེད་ཀྱི་བྱམས་པས་ངའི་སེམས་བསྒྱུར་སོང་།། ༢"}}]],"label":"verse 2","id":2}]},"metadata":[{"AT":"(Your Love Has Melted My Heart ཞེས་པའི་དབྱིན་ཇིའི་བསྟོད་དབྱངས།)  AT08 142; KT06 152","KT":"undefined(Your Love Has Melted My Heart ཞེས་པའི་དབྱིན་ཇིའི་བསྟོད་དབྱངས།)72 AT08 142; KT06 152 ","CT":"(Your Love Has Melted My Heart ཞེས་པའི་དབྱིན་ཇིའི་བསྟོད་དབྱངས།)  AT08 142; KT06 152"}]}