{"title":{"AT":"251.ཡེ་ཤུ་ཡི་ཕེབས་ལམ།","KT":"undefined251. ཡེ་ཤུ་ཡི་ཕེབས་ལམ། ","CT":"251.ཡེ་ཤུ་ཡི་ལམ་ཁ།"},"author":"*","key":"*","lyrics":{"Verse":[{"line":[[{"phrase":{"AT":"ཡེ་ཤུ་ཡི་ཕེབས་ལམ། ཤིང་རྒྱ་གྲམ་གྱི་ལམ་བུ། ༢","KT":" ཡེ་ཤུ་ཡི་ཕེབས་ལམ། ཤིང་རྒྱ་གྲམ་གྱི་ལམ་བུ། ༢ ","CT":"ཡེ་ཤུ་ཡི་ལམ་ཁ། རྒྱངས་ཤིང་གི་ལམ་ཁ། ༢"}}],[{"phrase":{"AT":"ང་ཁྱེད་ཀྱི་རྗེས་ལ་ཡོང་བཞིན་ཡོད།  ","KT":"ང་ཁྱེད་ཀྱི་རྗེས་ལ་ཡོང་བཞིན་ཡོད། ","CT":"ང་ཁྱེད་ཀྱི་རྗེས་ལ་ཡོང་གི་ཡོད།  "}}],[{"phrase":{"AT":"ཁྱེད་གཅིག་པོར་བལྟས་ནས།","KT":"ཁྱེད་གཅིག་པོར་བལྟས་ནས། ","CT":"ཁྱེད་གཅིག་པོར་བལྟས་ནས།"}}],[{"phrase":{"AT":"ང་ཁྱེད་ཀྱི་རྗེས་ལ་ཡོང་བཞིན་ཡོད།   ","KT":"ང་ཁྱེད་ཀྱི་རྗེས་ལ་ཡོང་བཞིན་ཡོད། ","CT":"ང་ཁྱེད་ཀྱི་རྗེས་ལ་ཡོང་གི་ཡོད།   "}}],[{"phrase":{"AT":"ཁྱེད་ལ་སྨོན་ལམ་ཞུ་བཞིན།","KT":"ཁྱེད་ལ་སྨོན་ལམ་ཞུ་བཞིན། ","CT":"ཁྱེད་ལ་སྨོན་ལམ་ཞུ་བཞིན།"}}]],"label":"verse 1","id":1},{"line":[[{"phrase":{"AT":"ཡེ་ཤུ་ཡི་སྨོན་ལམ། ཤིང་རྒྱ་གྲམ་གྱི་སྨོན་ལམ། ༢","KT":" ཡེ་ཤུ་ཡི་སྨོན་ལམ། ཤིང་རྒྱ་གྲམ་གྱི་སྨོན་ལམ། ༢ ","CT":"ཡེ་ཤུ་ཡི་སྨོན་ལམ། རྒྱངས་ཤིང་གི་སྨོན་ལམ། ༢"}}],[{"phrase":{"AT":"ང་ཁྱེད་ཀྱི་རྗེས་ལ་ཡོང་བཞིན་ཡོད། ","KT":"ང་ཁྱེད་ཀྱི་རྗེས་ལ་ཡོང་བཞིན་ཡོད། ","CT":"ང་ཁྱེད་ཀྱི་རྗེས་ལ་ཡོང་གི་ཡོད། "}}],[{"phrase":{"AT":"ཁྱེད་གཅིག་པོར་བལྟས་ནས།","KT":"ཁྱེད་གཅིག་པོར་བལྟས་ནས། ","CT":"ཁྱེད་གཅིག་པོར་བལྟས་ནས།"}}],[{"phrase":{"AT":"ང་ཁྱེད་ཀྱི་རྗེས་ལ་ཡོང་བཞིན་ཡོད། ","KT":"ང་ཁྱེད་ཀྱི་རྗེས་ལ་ཡོང་བཞིན་ཡོད། ","CT":"ང་ཁྱེད་ཀྱི་རྗེས་ལ་ཡོང་གི་ཡོད། "}}],[{"phrase":{"AT":"ཁྱེད་ལ་སྨོན་ལམ་ཞུ་བཞིན།","KT":"ཁྱེད་ལ་སྨོན་ལམ་ཞུ་བཞིན། ","CT":"ཁྱེད་ལ་སྨོན་ལམ་ཞུ་བཞིན།"}}]],"label":"verse 2","id":2},{"line":[[{"phrase":{"AT":"ཡེ་ཤུ་ཡི་བྱམས་པ། ཤིང་རྒྱ་གྲམ་གྱི་བྱམས་པ། ༢","KT":" ཡེ་ཤུ་ཡི་བྱམས་པ། ཤིང་རྒྱ་གྲམ་གྱི་བྱམས་པ། ༢ ","CT":"ཡེ་ཤུ་ཡི་བྱམས་པ། རྒྱངས་ཤིང་གི་བྱམས་པ། ༢"}}],[{"phrase":{"AT":"ང་ཁྱེད་ཀྱི་རྗེས་ལ་ཡོང་བཞིན་ཡོད།  ","KT":"ང་ཁྱེད་ཀྱི་རྗེས་ལ་ཡོང་བཞིན་ཡོད། ","CT":"ང་ཁྱེད་ཀྱི་རྗེས་ལ་ཡོང་གི་ཡོད།  "}}],[{"phrase":{"AT":"ཁྱེད་གཅིག་པོར་བལྟས་ནས།","KT":"ཁྱེད་གཅིག་པོར་བལྟས་ནས། ","CT":"ཁྱེད་གཅིག་པོར་བལྟས་ནས།"}}],[{"phrase":{"AT":"ང་ཁྱེད་ཀྱི་རྗེས་ལ་ཡོང་བཞིན་ཡོད།  ","KT":"ང་ཁྱེད་ཀྱི་རྗེས་ལ་ཡོང་བཞིན་ཡོད། ","CT":"ང་ཁྱེད་ཀྱི་རྗེས་ལ་ཡོང་གི་ཡོད།  "}}],[{"phrase":{"AT":"ཁྱེད་ལ་སྨོན་ལམ་ཞུ་བཞིན།","KT":"ཁྱེད་ལ་སྨོན་ལམ་ཞུ་བཞིན། ","CT":"ཁྱེད་ལ་སྨོན་ལམ་ཞུ་བཞིན།།"}}]],"label":"verse 3","id":3}]},"metadata":[{"AT":"(འཇིགས་མེད་ཀྱིས་བརྩམས་པའི་བསྟོད་དབྱངས།) PNJ 24","KT":"undefined(འཇིགས་མེད་ཀྱིས་བརྩམས་པའི་བསྟོད་དབྱངས།) PNJ 24 ","CT":"(འཇིགས་མེད་ཀྱིས་བརྩམས་པའི་བསྟོད་དབྱངས།) PNJ 24"}]}