{"title":{"AT":"252.ཡེ་ཤུ་ལ་ཕྱག་ཅིག་ཕུལ་དང་། ","KT":"undefined252. ཡེ་ཤུ་ལ་ཕྱག་ཅིག་ཕུལ་དང་། ","CT":"252.ཡེ་ཤུ་ལ་ཕྱག་ཅིག་ཕུལ་དང་། "},"author":"*","key":"*","lyrics":{"Verse":[{"line":[[{"phrase":{"AT":"ཡེ་ཤུ་ལ་ཕྱག་ཅིག་ཕུལ་དང་། ༢","KT":" ཡེ་ཤུ་ལ་ཕྱག་ཅིག་ཕུལ་དང་། ༢ ","CT":"ཡེ་ཤུ་ལ་ཕྱག་ཅིག་ཕུལ་དང་། ༢"}}],[{"phrase":{"AT":"ཨོ་སྐྱབས་མགོན་གཙོ་བོ་ཡེ་ཤུ་ལ་ཕྱག་ཅིག་ཕུལ་དང་།","KT":"ཨོ་སྐྱབས་མགོན་གཙོ་བོ་ཡེ་ཤུ་ལ་ཕྱག་ཅིག་ཕུལ་དང་། ","CT":"ཨོ་སྐྱབས་མགོན་གཙོ་བོ་ཡེ་ཤུ་ལ་ཕྱག་ཅིག་ཕུལ་དང་།"}}]],"label":"verse 1","id":1},{"line":[[{"phrase":{"AT":"ཡེ་ཤུ་ལ་བསྟོད་པ་ཕུལ་དང་། ༢","KT":" ཡེ་ཤུ་ལ་བསྟོད་པ་ཕུལ་དང་། ༢ ","CT":"ཡེ་ཤུ་ལ་བསྟོད་པ་ཕུལ་དང་། ༢"}}],[{"phrase":{"AT":"ཨོ་སྐྱབས་མགོན་གཙོ་བོ་ཡེ་ཤུ་ལ་བསྟོད་པ་ཕུལ་དང་།","KT":"ཨོ་སྐྱབས་མགོན་གཙོ་བོ་ཡེ་ཤུ་ལ་བསྟོད་པ་ཕུལ་དང་། ","CT":"ཨོ་སྐྱབས་མགོན་གཙོ་བོ་ཡེ་ཤུ་ལ་བསྟོད་པ་ཕུལ།"}}]],"label":"verse 2","id":2},{"line":[[{"phrase":{"AT":"ོང་ནི་བསྟོད་པར་འོས་པའི་དཀོན་མཆོག ","KT":"ཁོང་ནི་བསྟོད་པར་འོས་པའི་དཀོན་མཆོག ","CT":"ོང་ནི་བསྟོད་པར་འོས་པའི་དཀོན་མཆོག "}}],[{"phrase":{"AT":"ཁོང་ནང་བཞིན་གཞན་སུ་ཡང་མེད། ","KT":"ཁོང་ནང་བཞིན་གཞན་སུ་ཡང་མེད། ","CT":"ཁོང་ནང་བཞིན་གཞན་སུ་ཡང་མེད། "}}],[{"phrase":{"AT":"ངས་ལུས་ངག་ཡིད་གསུམ་ནས་ཁྱེད་ལ་བསྟོད་པ་འབུལ།","KT":"ངས་ལུས་ངག་ཡིད་གསུམ་ནས་ཁྱེད་ལ་བསྟོད་པ་འབུལ། ","CT":"ངས་ལུས་ངག་ཡིད་ནས་ཁྱེད་ལ་བསྟོད་པ་ཕུལ།།"}}]],"label":"verse 3","id":3}]},"metadata":[{"AT":"(O Come Let Us Adore Him ཞེས་པའི་དབྱིན་ཇིའི་བསྟོད་དབྱངས།)","KT":"undefined(O Come Let Us Adore Him ཞེས་པའི་དབྱིན་ཇིའི་བསྟོད་དབྱངས།) ","CT":"(O Come Let Us Adore Him ཞེས་པའི་དབྱིན་ཇིའི་བསྟོད་དབྱངས།)"}]}