{"title":{"AT":"253.ཡེ་ཤུ་ལགས།  དཀོན་མཆོག་མཁྱེན།","KT":"253. ཡེ་ཤུ་ལགས། དཀོན་མཆོག་མཁྱེན། ","CT":"253.ཡེ་ཤུ་ལགས།  དཀོན་མཆོག་མཁྱེན།"},"author":"*","key":"*","lyrics":{"Verse":[{"line":[[{"phrase":{"AT":"ཡེ་ཤུ་ལགས།  དཀོན་མཆོག་མཁྱེན།","KT":" ཡེ་ཤུ་ལགས། དཀོན་མཆོག་མཁྱེན། ","CT":"ཡེ་ཤུ་ལགས།  དཀོན་མཆོག་མཁྱེན།"}}],[{"phrase":{"AT":"ཁྱེད་ཀྱིས་སེམས་ཅན་ཐམས་ཅད་བསྐྲུན་པ་ཡིས།","KT":"ཁྱེད་ཀྱིས་སེམས་ཅན་ཐམས་ཅད་བསྐྲུན་པ་ཡིས། ","CT":"ཁྱེད་ཀྱིས་སེམས་ཅན་ཐམས་ཅད་བཀོད་པར་མཛད།"}}],[{"phrase":{"AT":"མི་རིགས་ཐམས་ཅད་ཀྱི་ཡབ་ཆེན་ཡིན་ལགས།","KT":"མི་རིགས་ཐམས་ཅད་ཀྱི་ཡབ་ཆེན་ཡིན་ལགས། ","CT":"མི་རིགས་ཐམས་ཅད་ཀྱི་ཡབ་ཆེན་ཡིན་ལགས།"}}],[{"phrase":{"AT":"ཡབ་ཡིན་ལགས།  ཡབ་ཡིན་ལགས།  ","KT":"ཡབ་ཡིན་ལགས། ཡབ་ཡིན་ལགས། ","CT":"ཡབ་ཡིན་ལགས།  ཡབ་ཡིན་ལགས།  "}}],[{"phrase":{"AT":"དཀོན་མཆོག་མཁྱེན།","KT":"དཀོན་མཆོག་མཁྱེན། ","CT":"དཀོན་མཆོག་མཁྱེན།"}}]],"label":"verse 1","id":1},{"line":[[{"phrase":{"AT":"ཡེ་ཤུ་ལགས།  སྐྱབས་མགོན་ལགས།","KT":" ཡེ་ཤུ་ལགས། སྐྱབས་མགོན་ལགས། ","CT":"ཡེ་ཤུ་ལགས།  སྐྱབས་མགོན་ལགས།"}}],[{"phrase":{"AT":"ཁྱེད་ཀྱིས་བླ་མེད་ཀྱི་བྱིན་རླབས་གནང་སྟེ།","KT":"ཁྱེད་ཀྱིས་བླ་མེད་ཀྱི་བྱིན་རླབས་གནང་སྟེ། ","CT":"ཁྱེད་ཀྱིས་བླ་མེད་ཀྱི་བྱིན་རླབས་གནང་བས།"}}],[{"phrase":{"AT":"ང་ཚོ་སྡིག་པའི་རྒྱ་མཚོ་ནས་ཐར་སོང་།","KT":"ང་ཚོ་སྡིག་པའི་རྒྱ་མཚོ་ནས་ཐར་སོང་། ","CT":"ང་ཚོ་སྡིག་པའི་རྒྱ་མཚོ་ནས་ཐར་སོང་།"}}],[{"phrase":{"AT":"ཐར་བ་ལགས།  ཐར་བ་ལགས།  ","KT":"ཐར་བ་ལགས། ཐར་བ་ལགས། ","CT":"ཐར་པ་ལགས།  ཐར་པ་ལགས།  "}}],[{"phrase":{"AT":"སྐྱབས་མགོན་མཁྱེན།","KT":"སྐྱབས་མགོན་མཁྱེན། ","CT":"སྐྱབས་མགོན་མཁྱེན།"}}]],"label":"verse 2","id":2},{"line":[[{"phrase":{"AT":"ཡེ་ཤུ་ལགས།  གཙོ་བོ་ལགས།","KT":"ndefined༣ ཡེ་ཤུ་ལགས། གཙོ་བོ་ལགས། ","CT":"ཡེ་ཤུ་ལགས།  གཙོ་བོ་ལགས།"}}],[{"phrase":{"AT":"ཁྱེད་ཀྱིས་སྤྲིན་དཀར་པོའི་ཐུགས་རྗེ་གནང་ནས།","KT":"ཁྱེད་ཀྱིས་སྤྲིན་དཀར་པོའི་ཐུགས་རྗེ་གནང་ནས། ","CT":"ཁྱེད་ཀྱིས་སྤྲིན་དཀར་པོའི་ཐུགས་རྗེ་གནང་ནས།"}}],[{"phrase":{"AT":"མིའི་རིགས་དགའ་སྤྲོའི་ཞི་བདེ་དཔག་མེད་ཐོབ།","KT":"མིའི་རིགས་དགའ་སྤྲོའི་ཞི་བདེ་དཔག་མེད་ཐོབ། ","CT":"མིའི་རིགས་དགའ་སྤྲོའི་ཞི་བདེ་དཔག་མེད་ཐོབ།"}}],[{"phrase":{"AT":"ཐོབ་པ་ལགས།  ཐོབ་པ་ལགས།  ","KT":"ཐོབ་པ་ལགས། ཐོབ་པ་ལགས། ","CT":"ཐོབ་པ་ལགས།  ཐོབ་པ་ལགས།  "}}],[{"phrase":{"AT":"གཙོ་བོ་མཁྱེན།","KT":"གཙོ་བོ་མཁྱེན། ","CT":"གཙོ་བོ་མཁྱེན།།"}}]],"label":"verse 3","id":3}]},"metadata":[{"AT":"(ཨ་མདོའི་བསྟོད་དབྱངས།) AT08 147; KT06 154","KT":"undefined(ཨ་མདོའི་བསྟོད་དབྱངས།) AT08 147; KT06 154 ","CT":"(ཨ་མདོའི་བསྟོད་དབྱངས།) AT08 147; KT06 154"}]}