{"title":{"AT":"254.ཡེ་ཤུའི་བྱམས་པའི་སྒོ་ནས།","KT":"254. ཡེ་ཤུའི་བྱམས་པའི་སྒོ་ནས། ","CT":"254.ཡེ་ཤུའི་བྱམས་པའི་སྒོ་ནས།"},"author":"*","key":"*","lyrics":{"Verse":[{"line":[[{"phrase":{"AT":"ཡེ་ཤུའི་བྱམས་པའི་སྒོ་ནས་ཁྱེད་ལ་དགའ་གི་ཡོད།","KT":"ཡེ་ཤུའི་བྱམས་པའི་སྒོ་ནས་ཁྱེད་ལ་དགའ་གི་ཡོད། ","CT":"ཡེ་ཤུའི་བྱམས་པོའི་སྒོ་ནས་ཁྱེད་ལ་དགའ་པོ་ཡོད།"}}],[{"phrase":{"AT":"ཡེ་ཤུའི་བྱམས་པའི་སྒོ་ནས་ཁྱེད་ལ་དགའ་གི་ཡོད།","KT":"ཡེ་ཤུའི་བྱམས་པའི་སྒོ་ནས་ཁྱེད་ལ་དགའ་གི་ཡོད། ","CT":"ཡེ་ཤུའི་བྱམས་པོའི་སྒོ་ནས་ཁྱེད་ལ་དགའ་པོ་ཡོད།"}}],[{"phrase":{"AT":"སྤུན་ཟླ་ཁྱེད་རང་ནང་ལ།","KT":"སྤུན་ཟླ་ཁྱེད་རང་ནང་ལ། ","CT":"སྤུན་མཆེད་ཁྱེད་རང་ནང་ལ།"}}],[{"phrase":{"AT":"གཙོ་བོའི་གཟི་བརྗིད་མཐོང་འོང་།","KT":"གཙོ་བོའི་གཟི་བརྗིད་མཐོང་འོང་། ","CT":"གཙོ་བོའི་གཟི་བརྗིད་མཐོང་འོང་།"}}],[{"phrase":{"AT":"ཡེ་ཤུའི་བྱམས་པའི་སྒོ་ནས་ཁྱེད་ལ་དགའ་གི་ཡོད།","KT":"ཡེ་ཤུའི་བྱམས་པའི་སྒོ་ནས་ཁྱེད་ལ་དགའ་གི་ཡོད། ","CT":"ཡེ་ཤུའི་བྱམས་པོའི་སྒོ་ནས་ཁྱེད་ལ་དགའ་པོ་ཡོད།།"}}]],"label":"verse 1","id":1}]},"metadata":[{"AT":"(I Love You With The Love of the Lord ཞེས་པའི་དབྱིན་ཇིའི་བསྟོད་དབྱངས།)  TP 12","KT":"undefined(I Love You With The Love of the Lord ཞེས་པའི་དབྱིན་ཇིའི་བསྟོད་དབྱངས།)73 TP 12 73 James M Gilbert. © 1975 Bud John Songs Inc./EMI CMP/Small Stone Media BV/Song Solutions Daybreak www.songsolutions.org. Used by permission. 74 Roy Hicks Jnr © 1976 Latter Rain Music/EMI CMP/Small Stone Media BV/Song Solutions Daybreak www.songsolutions.org. Used by permission. ","CT":"(I Love You With The Love of the Lord ཞེས་པའི་དབྱིན་ཇིའི་བསྟོད་དབྱངས།)  TP 12"}]}