{"title":{"AT":"255.ཡེ་ཤུའི་མཚན་ལ་བསྟོད་པར་ཤོག","KT":"255. ཡེ་ཤུའི་མཚན་ལ་བསྟོད་པར་ཤོག ","CT":"255.ཡེ་ཤུའི་མཚན་ལ་བསྟོད་པར་ཤོག།"},"author":"*","key":"*","lyrics":{"Verse":[{"line":[[{"phrase":{"AT":"ཡེ་ཤུའི་མཚན་ལ་བསྟོད་པར་ཤོག ༢  ","KT":"ཡེ་ཤུའི་མཚན་ལ་བསྟོད་པར་ཤོག ༢ ","CT":"ཡེ་ཤུའི་མཚན་ལ་བསྟོད་པར་ཤོག ༢  "}}],[{"phrase":{"AT":"ཁོང་ངའི་བྲག་རི། ཁོང་ངའི་བཙན་རྫོང༌།","KT":"ཁོང་ངའི་བྲག་རི། ཁོང་ངའི་བཙན་རྫོང༌། ","CT":"ཁོང་ངའི་བྲག་རི། ཁོང་ངའི་བཙན་རྫོང༌།"}}],[{"phrase":{"AT":"ཁོང་ངའི་སྐྱབས་མགོན། ངས་ཁོང་ལ་དད་པ་བྱེད།","KT":"ཁོང་ངའི་སྐྱབས་མགོན། ངས་ཁོང་ལ་དད་པ་བྱེད། ","CT":"ཁོང་ངའི་སྐྱབས་མགོན། ངས་ཁོང་ལ་དད་པ་བྱེད།"}}],[{"phrase":{"AT":"ཡེ་ཤུའི་མཚན་ལ་བསྟོད་པར་ཤོག ","KT":"ཡེ་ཤུའི་མཚན་ལ་བསྟོད་པར་ཤོག ","CT":"ཡེ་ཤུའི་མཚན་ལ་བསྟོད་པར་ཤོག །"}}]],"label":"verse 1","id":1}]},"metadata":[{"AT":"(Praise the Name of Jesus ཞེས་པའི་དབྱིན་ཇིའི་བསྟོད་དབྱངས།)   PNJ 18","KT":"undefined(Praise the Name of Jesus ཞེས་པའི་དབྱིན་ཇིའི་བསྟོད་དབྱངས།)74 PNJ 18 ","CT":"(Praise the Name of Jesus ཞེས་པའི་དབྱིན་ཇིའི་བསྟོད་དབྱངས།)  PNJ 18"}]}