{"title":{"AT":"256.ལག་པ་མཐོན་པོར་བཀྱགས་ནས།","KT":"undefined256. ལག་པ་མཐོན་པོར་བཀྱགས་ནས། ","CT":"256.ལག་པ་མཐོ་པོ་བཀྱག་ནས།"},"author":"*","key":"*","lyrics":{"Verse":[{"line":[[{"phrase":{"AT":"ལག་པ་མཐོན་པོར་བཀྱགས་ནས་གཙོ་བོར་བསྟོད་དབྱངས།","KT":"ལག་པ་མཐོན་པོར་བཀྱགས་ནས་གཙོ་བོར་བསྟོད་དབྱངས། ","CT":"ལག་པ་མཐོ་པོ་བཀྱག་ནས་གཙོ་བོར་བསྟོད་དབྱངས།"}}],[{"phrase":{"AT":"ལག་པ་གནམ་ལ་བཀྱགས་ནས་གཙོ་བོར་བསྟོད་དབྱངས།","KT":"ལག་པ་གནམ་ལ་བཀྱགས་ནས་གཙོ་བོར་བསྟོད་དབྱངས། ","CT":"ལག་པ་གནམ་ལ་བཀྱག་ནས་གཙོ་བོར་བསྟོད་དབྱངས།"}}],[{"phrase":{"AT":"དངོས་པོ་ཐམས་ཅད་ཀྱིས་གཙོ་བོར་བསྟོད་དབྱངས་ཕུལ།","KT":"དངོས་པོ་ཐམས་ཅད་ཀྱིས་གཙོ་བོར་བསྟོད་དབྱངས་ཕུལ། ","CT":"དངོས་པོ་ཐམས་ཅད་ཀྱིས་གཙོ་བོར་བསྟོད་དབྱངས་ཕུལ།"}}],[{"phrase":{"AT":"རྒྱལ་པོའི་རྒྱལ་པོ་ཡེ་ཤུ། གཙོ་བོའི་གཙོ་བོ་ཡེ་ཤུ།","KT":"རྒྱལ་པོའི་རྒྱལ་པོ་ཡེ་ཤུ། གཙོ་བོའི་གཙོ་བོ་ཡེ་ཤུ། ","CT":"རྒྱལ་པོའི་རྒྱལ་པོ་ཡེ་ཤུ། གཙོ་བོའི་གཙོ་བོ་ཡེ་ཤུ།"}}],[{"phrase":{"AT":"ཚེ་སྲོག་གནང་མཁན་ལ་བསྟོད་དབྱངས་ཕུལ།","KT":"ཚེ་སྲོག་གནང་མཁན་ལ་བསྟོད་དབྱངས་ཕུལ། ","CT":"ཚེ་སྲོག་གནང་མཁན་ལ་བསྟོད་དབྱངས་ཕུལ།"}}],[{"phrase":{"AT":"ཧ་ལེ་ལོའུ་ཡཱ། གཙོ་བོར་བསྟོད་དབྱངས།","KT":"ཧ་ལེ་ལོའུ་ཡཱ། གཙོ་བོར་བསྟོད་དབྱངས། ","CT":"ཧཱ་ལེ་ལུ་ཡཱ། གཙོ་བོར་བསྟོད་དབྱངས།"}}],[{"phrase":{"AT":"ཧ་ལེ་ལོའུ་ཡཱ། གཙོ་བོར་བསྟོད་དབྱངས།","KT":"ཧ་ལེ་ལོའུ་ཡཱ། གཙོ་བོར་བསྟོད་དབྱངས། ","CT":"ཧཱ་ལེ་ལུ་ཡཱ། གཙོ་བོར་བསྟོད་དབྱངས།"}}],[{"phrase":{"AT":"ཚེ་སྲོག་གནང་མཁན་ལ་བསྟོད་དབྱངས་ཕུལ། ","KT":"ཚེ་སྲོག་གནང་མཁན་ལ་བསྟོད་དབྱངས་ཕུལ། ","CT":"ཚེ་སྲོག་གནང་མཁན་ལ་བསྟོད་དབྱངས་ཕུལ། "}}],[{"phrase":{"AT":"བསྟོད་དབྱངས་ཕུལ།","KT":"བསྟོད་དབྱངས་ཕུལ། ","CT":"བསྟོད་དབྱངས་ཕུལ།"}}],[{"phrase":{"AT":"ཧ་ལེ་ལོའུ་ཡཱ། གཙོ་བོར་བསྟོད་དབྱངས།","KT":"ཧ་ལེ་ལོའུ་ཡཱ། གཙོ་བོར་བསྟོད་དབྱངས། ","CT":"ཧཱ་ལེ་ལུ་ཡཱ། གཙོ་བོར་བསྟོད་དབྱངས།"}}],[{"phrase":{"AT":"ཧ་ལེ་ལོའུ་ཡཱ། གཙོ་བོར་བསྟོད་དབྱངས།","KT":"ཧ་ལེ་ལོའུ་ཡཱ། གཙོ་བོར་བསྟོད་དབྱངས། ","CT":"ཧཱ་ལེ་ལུ་ཡཱ། གཙོ་བོར་བསྟོད་དབྱངས།"}}],[{"phrase":{"AT":"ཚེ་སྲོག་གནང་མཁན་ལ་བསྟོད་དབྱངས་ཕུལ།","KT":"ཚེ་སྲོག་གནང་མཁན་ལ་བསྟོད་དབྱངས་ཕུལ། ","CT":"ཚེ་སྲོག་གནང་མཁན་ལ་བསྟོད་དབྱངས་ཕུལ།།"}}]],"label":"verse 1","id":1}]},"metadata":[{"AT":"(Praise Him on the Trumpet ཞེས་པའི་དབྱིན་ཇིའི་བསྟོད་དབྱངས།)  TP 6","KT":"undefined(Praise Him on the Trumpet ཞེས་པའི་དབྱིན་ཇིའི་བསྟོད་དབྱངས།)75 TP 6 75 John Kennett © 1981 Thankyou Music/Adm. by worshiptogether.com Songs, excl. UK & Europe, adm. by kingswaysongs.com. tym@kingsway.co.uk. Used by Permission ","CT":"(Praise Him on the Trumpet ཞེས་པའི་དབྱིན་ཇིའི་བསྟོད་དབྱངས།)  TP 6"}]}