{"title":{"AT":"257.ལུག་རྫི་བཟང་པོ་ཡེ་ཤུ།","KT":"undefined257. ལུག་རྫི་བཟང་པོ་ཡེ་ཤུ། ","CT":"257.ལུག་རྫི་བཟང་པོ་ཡེ་ཤུ།"},"author":"*","key":"*","lyrics":{"Verse":[{"line":[[{"phrase":{"AT":"      (གསུང་མགུར23དང་ཡོ་ཧ་ནན10-11།)","KT":"undefined(གསུང་མགུར23དང་ཡོ་ཧ་ནན10-11།) ","CT":"(གསུང་མགུར23 ཡོ་ཧ་ནན༡༠༔༡༡།)"}}],[{"phrase":{"AT":"(འཇིགས་མེད་ཀྱིས་བརྩམས་པའི་བསྟོད་དབྱངས།) PNJ 1","KT":"(འཇིགས་མེད་ཀྱིས་བརྩམས་པའི་བསྟོད་དབྱངས།) PNJ 1 ","CT":"(འཇིགས་མེད་ཀྱིས་བརྩམས་པའི་བསྟོད་དབྱངས།) PNJ 1"}}],[{"phrase":{"AT":"ལུག་རྫི་བཟང་པོ་ཡེ་ཤུས།","KT":" ལུག་རྫི་བཟང་པོ་ཡེ་ཤུས། ","CT":"ལུག་རྫི་བཟང་པོ་ཡེ་ཤུས།"}}],[{"phrase":{"AT":"སྔོ་ལྗང་སྤང་ལ་ང་རང་བསྙལ།","KT":"སྔོ་ལྗང་སྤང་ལ་ང་རང་བསྙལ། ","CT":"རྩྭ་ཐང་ཞིམ་ས་ལ་ང་ཉལ་འཇུག"}}],[{"phrase":{"AT":"ཆུ་མིག་གཙང་མོའི་འགྲམ་དུ་འཁྲིད།","KT":"ཆུ་མིག་གཙང་མའི་འགྲམ་དུ་འཁྲིད། ","CT":"ཆུ་མིག་བཟང་སར་འཁྲིད་པར་མཛད།"}}],[{"phrase":{"AT":"ང་ལ་གང་དགོས་ཚང་མ་གནང༌།","KT":"ང་ལ་གང་དགོས་ཚང་མ་གནང༌། ","CT":"ང་ལ་གང་དགོས་ཚང་མ་གནང༌།"}}]],"label":"verse 1","id":1},{"line":[[{"phrase":{"AT":"ལུག་རྫི་བཟང་པོ་ཡེ་ཤུས།","KT":" ལུག་རྫི་བཟང་པོ་ཡེ་ཤུས། ","CT":"ལུག་རྫི་བཟང་པོ་ཡེ་ཤུས།"}}],[{"phrase":{"AT":"དྲང་བདེན་ལམ་ལ་འཁྲིད་པར་མཛད།","KT":"དྲང་བདེན་ལམ་ལ་འཁྲིད་པར་མཛད། ","CT":"དྲང་བདེན་ལམ་དུ་འཁྲིད་པར་མཛད།"}}],[{"phrase":{"AT":"འཆི་བའི་ཀླུང་ལ་སོང་ནའང༌།","KT":"འཆི་བའི་ཀླུང་ལ་སོང་ནའང༌། ","CT":"འཆི་བའི་ཀླུང་ལ་སོང་ནའང༌།"}}],[{"phrase":{"AT":"ང་ལ་འཇིགས་སྣང་གང་ཡང་མེད།","KT":"ང་ལ་འཇིགས་སྣང་གང་ཡང་མེད། ","CT":"ང་ལ་ཞེད་སྣང་གང་ཡང་མེད།"}}]],"label":"verse 2","id":2},{"line":[[{"phrase":{"AT":"ལུག་རྫི་བཟང་པོ་ཡེ་ཤུ།","KT":" ལུག་རྫི་བཟང་པོ་ཡེ་ཤུ། ","CT":"ལུག་རྫི་བཟང་པོ་ཡེ་ཤུས།"}}],[{"phrase":{"AT":"རྒྱུན་དུ་ང་དང་མཉམ་དུ་བཞུགས།","KT":"རྒྱུན་དུ་ང་དང་མཉམ་དུ་བཞུགས། ","CT":"རྒྱུན་དུ་ང་དང་མཉམ་དུ་བཞུགས།"}}],[{"phrase":{"AT":"ཁྱེད་ཀྱི་ཕྱག་གི་ཕྱག་རྟེན་དེས།","KT":"ཁྱེད་ཀྱི་ཕྱག་གི་ཕྱག་རྟེན་དེས། ","CT":"ཁྱེད་རང་ཕྱག་གི་དབྱུག་པ་དེས།"}}],[{"phrase":{"AT":"ངའི་སེམས་གསོ་ཞིང་སྟོབས་ཀྱང་གནང་།","KT":"ངའི་སེམས་གསོ་ཞིང་སྟོབས་ཀྱང་གནང་། ","CT":"ངར་སེམས་གསོས་དང་སྟོབས་ཤུགས་གནང་།"}}]],"label":"verse 3","id":3},{"line":[[{"phrase":{"AT":"ལུག་རྫི་བཟང་པོ་ཡེ་ཤུས།","KT":" ལུག་རྫི་བཟང་པོ་ཡེ་ཤུས། ","CT":"ལུག་རྫི་བཟང་པོ་ཡེ་ཤུས།"}}],[{"phrase":{"AT":"དགྲ་བོ་མདུན་དུ་ཡོད་དུས་སུ།","KT":"དགྲ་བོ་མདུན་དུ་ཡོད་དུས་སུ། ","CT":"དགྲ་བོ་ང་ཡི་མདུན་དུ་ཡོད་དུས།"}}],[{"phrase":{"AT":"ཁྱེད་ཀྱི་ཕྱག་གིས་ངའི་ཆེད་དུ།","KT":"ཁྱེད་ཀྱི་ཕྱག་གིས་ངའི་ཆེད་དུ། ","CT":"ཁྱེད་རང་ཕྱག་གིས་ངའི་ཆེད་དུ།"}}],[{"phrase":{"AT":"གསོལ་སྟོན་ཆེན་པོ་ཞིག་བཤམས་སོ།།","KT":"གསོལ་སྟོན་ཆེན་པོ་ཞིག་བཤམས་སོ།། ","CT":"ལྟོ་ཆས་གྲ་སྒྲིག་སྩལ་གནང་ཡོད།"}}]],"label":"verse 4","id":4},{"line":[[{"phrase":{"AT":"ལུག་རྫི་བཟང་པོ་ཡེ་ཤུས།","KT":"ndefined༥ ལུག་རྫི་བཟང་པོ་ཡེ་ཤུས། ","CT":"ལུག་རྫི་བཟང་པོ་ཡེ་ཤུས།"}}],[{"phrase":{"AT":"ང་ཡི་མགོ་ལ་སྣུམ་བླུགས་ནས།","KT":"ང་ཡི་མགོ་ལ་སྣུམ་བླུགས་ནས། ","CT":"ང་ཡི་མགོ་ལ་སྣུམ་ཞིག་བླུག་ནས།"}}],[{"phrase":{"AT":"ང་ཡི་ཕོར་པ་གང་ནས་མེར།","KT":"ང་ཡི་ཕོར་པ་གང་བར་མཛད། ","CT":"ངའི་ཕོར་པ་འདི་ལྟེམ་ལྟེམ་བཀངས།"}}],[{"phrase":{"AT":"ང་ཡི་སེམས་པ་དགའ་སྤྲོས་ཁེངས།","KT":"ང་ཡི་སེམས་པ་དགའ་སྤྲོས་ཁེངས། ","CT":"ངའི་སེམས་པ་ལ་དགའ་སྤྲོས་ཁེངས།"}}]],"label":"verse 5","id":5},{"line":[[{"phrase":{"AT":"ལུག་རྫི་བཟང་པོ་ཡེ་ཤུ།","KT":" ལུག་རྫི་བཟང་པོ་ཡེ་ཤུ། ","CT":"ལུག་རྫིབཟང་པོ་ཡེ་ཤུས།"}}],[{"phrase":{"AT":"ཁྱེད་ཀྱི་ཐུགས་རྗེ་བཀའ་དྲིན་ནི།","KT":"ཁྱེད་ཀྱི་ཐུགས་རྗེ་བཀའ་དྲིན་ནི། ","CT":"ཁྱེད་ཀྱི་ཐུགས་རྗེ་བཀའ་དྲིན་གྱིས།"}}],[{"phrase":{"AT":"ང་ཡི་མི་ཚེ་གང་བོར་ཡོད།","KT":"ང་ཡི་མི་ཚེ་གང་བོར་ཡོད། ","CT":"ང་ཡི་མི་ཚེ་མཐའ་རུ་གནས།"}}],[{"phrase":{"AT":"ང་རང་ཁྱེད་ཀྱི་རྩར་ཡོང་ངོ༌།།","KT":"ང་རང་ཁྱེད་ཀྱི་རྩར་ཡོང་ངོ༌།། ","CT":"ང་ཁྱེད་རང་གི་རྩ་ལ་འོང༌།།"}}]],"label":"verse 6","id":6}]},"metadata":[]}