{"title":{"AT":"258.ཤོག ངའི་མཉམ་དུ་ངའི་ཡབ་གྱི་ཡུལ་ལ་འགྲོ།","KT":"258. ཤོག ངའི་མཉམ་དུ་ངའི་ཡབ་གྱི་ཡུལ་ལ་འགྲོ། ","CT":"258.ཤོག ང་མཉམ་དུ་ངའི་ཡབ་གྱི་ཡུལ་ལ་འགྲོ།"},"author":"*","key":"*","lyrics":{"Verse":[{"line":[[{"phrase":{"AT":"ཤོག ངའི་མཉམ་དུ་ངའི་ཨ་ཕའི་ཡུལ་ལ་འགྲོ།","KT":"ཤོག ངའི་མཉམ་དུ་ངའི་ཨ་ཕའི་ཡུལ་ལ་འགྲོ། ","CT":"ཤོག ང་མཉམ་དུ་ངའི་ཡབ་གྱི་ཡུལ་ལ་འགྲོ།"}}],[{"phrase":{"AT":"ཤོག ངའི་མཉམ་དུ་ངའི་ཨ་ཕའི་ཡུལ་ལ་འགྲོ།","KT":"ཤོག ངའི་མཉམ་དུ་ངའི་ཨ་ཕའི་ཡུལ་ལ་འགྲོ། ","CT":"ཤོག ང་མཉམ་དུ་ངའི་ཡབ་གྱི་ཡུལ་ལ་འགྲོ།"}}],[{"phrase":{"AT":"དེ་ས་ཆ་ཆེན་པོ་ཡིན།  དེ་ནས་ཁང་བ་ཧ་ཅང་མང་།","KT":"དེ་ས་ཆ་ཆེན་པོ་ཡིན། དེ་ལ་གནས་ས་ཧ་ཅང་མང་། ","CT":"དེར་ས་ཆ་ཆེན་པོ་ཡིན།དེ་ལ་ཁང་པ་ཧ་ཅང་མང་།"}}],[{"phrase":{"AT":"ཅོག་ཙེ་ཆེན་པོ་ཡོད།  ཟ་མ་ཧ་ཅང་མང་།","KT":"ཅོག་ཙེ་ཆེན་པོ་ཡོད། ཟ་མ་ཧ་ཅང་མང་། ","CT":"ཅོག་ཙེ་ཆེན་པོ་ཡོད།  ཟ་མ་ཧ་ཅང་མང་།"}}],[{"phrase":{"AT":"ར་སྐོར་ཆེན་པོ་ཡོད།  རྩེད་མོ་རྩེད་ས་ཡོད།","KT":"ར་སྐོར་ཆེན་པོ་ཡོད། རྩེད་མོ་རྩེད་ས་ཡོད། ","CT":"ར་སྐོར་ཆེན་པོ་ཡོད།  རྩེད་མོ་རྩེད་ས་ཡོད།"}}],[{"phrase":{"AT":"ས་ཆ་ཆེན་པོ་དེ།  ངའི་ཨ་ཕའི་ཡུལ་ཡིན།","KT":"ས་ཆ་ཆེན་པོ་དེ། ངའི་ཨ་ཕའི་ཡུལ་ཡིན། ","CT":"ས་ཆ་ཆེན་པོ་དེ།  ངའི་ཡབ་ཀྱི་ཡུལ་ཡིན།།"}}]],"label":"verse 1","id":1}]},"metadata":[{"AT":"(Come With Me ཞེས་པའི་དབྱིན་ཇིའི་བྱིས་པའི་བསྟོད་དབྱངས།)  AT08 150; KT06 160 ","KT":"undefined(Come With Me ཞེས་པའི་དབྱིན་ཇིའི་བྱིས་པའི་བསྟོད་དབྱངས།)76 AT08 150; KT06 160 76 Extract from the song by Audio Adrenaline, from the album “Don’t Censor Me”, 1993 Forefront Records. Permission sought. ","CT":"(Come With Me ཞེས་པའི་དབྱིན་ཇིའི་བྱིས་པའི་བསྟོད་དབྱངས།)  AT08 150; KT06 160 "}]}