{"title":{"AT":"259.ཤོག  ངའི་མཉམ་དུ་འགྲོ།","KT":"undefined259. ཤོག ངའི་མཉམ་དུ་འགྲོ། ","CT":"259.ཤོག  ངའི་མཉམ་དུ་འགྲོ།"},"author":"*","key":"*","lyrics":{"Verse":[{"line":[[{"phrase":{"AT":"ཤོག་ངའི་མཉམ་དུ་འགྲོ། ","KT":"ཤོག་ངའི་མཉམ་དུ་འགྲོ། ","CT":"ཤོག་ངའི་མཉམ་དུ་འགྲོ། "}}],[{"phrase":{"AT":"ཡབ་ཀྱི་ཞིང་ཁམས་ལ་འགྲོ། ","KT":"ཡབ་ཀྱི་ཞིང་ཁམས་ལ་འགྲོ། ","CT":"ཡབ་ཀྱི་ཞིང་ཁམས་ལ་འགྲོ། "}}],[{"phrase":{"AT":"ཡབ་ཀྱི་ཞིང་ཁམས་ལ་འགྲོ།","KT":"ཡབ་ཀྱི་ཞིང་ཁམས་ལ་འགྲོ། ","CT":"ཡབ་ཀྱི་ཞིང་ཁམས་ལ་འགྲོ།"}}],[{"phrase":{"AT":"ཡབ་ཀྱི་ཞིང་ཁམས་ལ་འགྲོ།","KT":"ཡབ་ཀྱི་ཞིང་ཁམས་ལ་འགྲོ། ","CT":"ཡབ་ཀྱི་ཞིང་ཁམས་ལ་འགྲོ།"}}],[{"phrase":{"AT":"ཤོག་ངའི་མཉམ་དུ་འགྲོ།","KT":"ཤོག་ངའི་མཉམ་དུ་འགྲོ། ","CT":"ཤོག་ངའི་མཉམ་དུ་འགྲོ།"}}],[{"phrase":{"AT":"ཡབ་ཀྱི་ཞིང་ཁམས་ལ་འགྲོ།","KT":"ཡབ་ཀྱི་ཞིང་ཁམས་ལ་འགྲོ། ","CT":"ཡབ་ཀྱི་ཞིང་ཁམས་ལ་འགྲོ།"}}],[{"phrase":{"AT":"དགའ་སྤྲོ་ཚད་མེད་ཡོད། ","KT":"དགའ་སྤྲོ་ཚད་མེད་ཡོད། ","CT":"དགའ་སྤྲོ་ཚད་མེད་ཡོད། "}}]],"label":"verse 1","id":1},{"line":[[{"phrase":{"AT":"སྐྱབས་མགོན་ཡེ་ཤུ་ནི།","KT":" སྐྱབས་མགོན་ཡེ་ཤུ་ནི། ","CT":"སྐྱབས་མགོན་ཡེ་ཤུ་ནི།"}}],[{"phrase":{"AT":"ཡབ་ཀྱི་ཞིང་ཁམས་ལ།","KT":"ཡབ་ཀྱི་ཞིང་ཁམས་ལ། ","CT":"ཡབ་ཀྱི་ཞིང་ཁམས་ལ།"}}],[{"phrase":{"AT":"བདེན་པའི་ལམ་དེ་ཡིན།","KT":"བདེན་པའི་ལམ་དེ་ཡིན། ","CT":"བདེན་པའི་ལམ་དེ་ཡིན།"}}],[{"phrase":{"AT":"བདེན་པའི་ལམ་དེ་ཡིན།","KT":"བདེན་པའི་ལམ་དེ་ཡིན། ","CT":"བདེན་པའི་ལམ་དེ་ཡིན།"}}],[{"phrase":{"AT":"སྐྱབས་མགོན་ཡེ་ཤུ་ནི།","KT":"སྐྱབས་མགོན་ཡེ་ཤུ་ནི། ","CT":"སྐྱབས་མགོན་ཡེ་ཤུ་ནི།"}}],[{"phrase":{"AT":"བདེན་པའི་ལམ་དེ་ཡིན།","KT":"བདེན་པའི་ལམ་དེ་ཡིན། ","CT":"བདེན་པའི་ལམ་དེ་ཡིན།"}}],[{"phrase":{"AT":"དགའ་སྤྲོ་ཚད་མེད་ཡོད།","KT":"དགའ་སྤྲོ་ཚད་མེད་ཡོད། ","CT":"དགའ་སྤྲོ་ཚད་མེད་ཡོད།། "}}]],"label":"verse 2","id":2}]},"metadata":[{"AT":"(Come And Go With Me To My Father’s House ཞེས་པའི་དབྱིན་ཇིའི་བྱིས་པའི་གླུ།)  KT06 159","KT":"undefined(Come And Go With Me To My Father’s House ཞེས་པའི་དབྱིན་ཇིའི་བྱིས་པའི་གླུ།)77 KT06 159 77 Public Domain པར་དབང་འཛིན་མཁན་མེད་པ། ","CT":"(Come And Go With Me To My Father’s House ཞེས་པའི་དབྱིན་ཇིའི་བྱིས་པའི་གླུ།)  KT06 159"}]}