{"title":{"AT":"26.ང་ཚོའི་སྐྱབས་མགོན་ཡེ་ཤུ་རེད།","KT":"26. ང་ཚོའི་སྐྱབས་མགོན་ཡེ་ཤུ་རེད། ","CT":"26.ང་ཚོའི་སྐྱབས་མགོན་ཡེ་ཤུ་རེད།"},"author":"*","key":"*","lyrics":{"Verse":[{"line":[[{"phrase":{"AT":"ང་ཚོའི་སྐྱབས་མགོན་ཡེ་ཤུ་རེད།","KT":" ང་ཚོའི་སྐྱབས་མགོན་ཡེ་ཤུ་རེད། ","CT":"ང་ཚོའི་སྐྱབས་མགོན་ཡེ་ཤུ་རེད།"}}],[{"phrase":{"AT":"འཛམ་བུ་གླིང་གི་དྲིན་ཆེན་རེད།","KT":"འཛམ་བུ་གླིང་གི་དྲིན་ཆེན་རེད། ","CT":"འཛམ་བུ་གླིང་གི་དྲིན་ཆེན་རེད།"}}],[{"phrase":{"AT":"ཁོང་ལ་དད་པ་བྱེད་ན་ནི།","KT":"ཁོང་ལ་དད་པ་བྱེད་ན་ནི། ","CT":"ཁོང་ལ་དད་པ་བྱེད་ན་ནི།"}}],[{"phrase":{"AT":"ཁོང་གིས་མི་ཚེ་གསར་བ་བཟོ།","KT":"ཁོང་གིས་མི་ཚེ་གསར་པ་བཟོ། ","CT":"ཁོང་གིས་མི་ཚེ་གསར་པ་བཟོ།"}}]],"label":"verse 1","id":1},{"line":[[{"phrase":{"AT":"ང་ཚོས་ཁོང་ལ་དད་པ་བྱེད། ","KT":" ང་ཚོས་ཁོང་ལ་དད་པ་བྱེད། ","CT":"ང་ཚོས་ཁོང་ལ་དད་པ་བྱེད། "}}],[{"phrase":{"AT":"ང་ཚོས་ཁོང་ལ་གསོལ་བ་འདེབས། ","KT":"ང་ཚོས་ཁོང་ལ་གསོལ་བ་འདེབས། ","CT":"ང་ཚོས་ཁོང་ལ་སྨོན་ལམ་བརྒྱབ། "}}],[{"phrase":{"AT":"ཁོང་གིས་ང་ཚོར་བྱིན་རླབས་གནང་། ","KT":"ཁོང་གིས་ང་ཚོར་བྱིན་རླབས་གནང་། ","CT":"ཁོང་གིས་ང་ཚོར་བྱིན་རླབས་གནང་། "}}],[{"phrase":{"AT":"ང་ཚོར་མི་ཚེ་སྐྱིད་པོ་ཡོང་རྒྱུ་རེད།","KT":"ང་ཚོར་མི་ཚེ་སྐྱིད་པོ་ཡོང་། ","CT":"ང་ཚོར་མི་ཚེ་སྐྱིད་པོ་ཡོང་གི་རེད།"}}]],"label":"verse 2","id":2},{"line":[[{"phrase":{"AT":"ྱེ། དཀོན་མཆོག དཀོན་མཆོག ","KT":"ེ། དཀོན་མཆོག དཀོན་མཆོག ","CT":"ེ། དཀོན་མཆོག དཀོན་མཆོག "}}],[{"phrase":{"AT":"དཀོན་མཆོག་གི་སྲས།","KT":"དཀོན་མཆོག་གི་སྲས། ","CT":"དཀོན་མཆོག་གི་སྲས།"}}],[{"phrase":{"AT":"སྐྱབས་མགོན། སྐྱབས་མགོན་ཡེ་ཤུ་རེད།","KT":"སྐྱབས་མགོན། སྐྱབས་མགོན་ཡེ་ཤུ་རེད། ","CT":"སྐྱབས་མགོན། སྐྱབས་མགོན་ཡེ་ཤུ་རེད།"}}],[{"phrase":{"AT":"ང་ཚོ་ཚང་མའི་སྐྱབས་མགོན་ཡེ་ཤུ་རེད། ༢","KT":"ང་ཚོ་ཚང་མའི་སྐྱབས་མགོན་ཡེ་ཤུ་རེད། ༢ ","CT":"ང་ཚོ་ཚང་མའི་སྐྱབས་མགོན་ཡེ་ཤུ་རེད། ༢"}}]],"label":"verse 3","id":3},{"line":[[{"phrase":{"AT":"ྱེད་ཀྱི་སྐུ་ལུས་རིན་ཆེན་དེ།","KT":"ཁྱེད་ཀྱི་སྐུ་ལུས་རིན་ཆེན་དེ། ","CT":"ྱེད་ཀྱི་སྐུ་ལུས་རིན་ཆེན་དེ།"}}],[{"phrase":{"AT":"འཛམ་བུ་གླིང་གི་བུ་ལོན་དང་།","KT":"འཛམ་བུ་གླིང་གི་བུ་ལོན་དང་། ","CT":"འཛམ་བུ་གླིང་གི་བུ་ལོན་དང་།"}}],[{"phrase":{"AT":"ཐམས་ཅད་སྡུག་བསྔལ་སྐྱོབ་པའི་ཆེད།","KT":"ཐམས་ཅད་སྡུག་བསྔལ་སྐྱོབ་པའི་ཆེད། ","CT":"ཐམས་ཅད་སྡུག་བསྔལ་སྐྱོབ་པའི་ཆེད།"}}],[{"phrase":{"AT":"རང་སྲོག་ང་ཚོའི་དོན་ལ་གནང་།","KT":"རང་སྲོག་ང་ཚོའི་དོན་ལ་གནང་། ","CT":"རང་སྲོག་ང་ཚོའི་དོན་ལ་གནང་།"}}]],"label":"verse 4","id":4},{"line":[[{"phrase":{"AT":"འཛམ་བུ་གླིང་གི་དཀོན་མཆོག་རེད།","KT":" འཛམ་བུ་གླིང་གི་དཀོན་མཆོག་རེད། ","CT":"འཛམ་བུ་གླིང་གི་དཀོན་མཆོག་རེད།"}}],[{"phrase":{"AT":"འཛམ་བུ་གླིང་གི་སྐྱབས་མགོན་རེད།","KT":"འཛམ་བུ་གླིང་གི་སྐྱབས་མགོན་རེད། ","CT":"འཛམ་བུ་གླིང་གི་སྐྱབས་མགོན་རེད།"}}],[{"phrase":{"AT":"ཁོང་ལ་ཚང་མས་བསྟོད་བསྔགས་བརྗོད།","KT":"ཚང་མས་ཁོང་ལ་བསྟོད་བསྔགས་བརྗོད། ","CT":"ཁོང་ལ་ཚང་མས་བསྟོད་བསྔགས་རྗོད།"}}],[{"phrase":{"AT":"ཁྱོད་ཀྱིས་ཐམས་ཅད་སེམས་ལ་ཟུངས་།","KT":"ཚང་མ་ཁྱོད་ཀྱིས་སེམས་ལ་བཟུང་། ","CT":"ཚང་མ་ཁྱེད་ཀྱི་སེམས་ལ་བཟུང་།།"}}]],"label":"verse 5","id":5}]},"metadata":[{"AT":"(བོད་པའི་བསྟོད་དབྱངས།)","KT":"(བོད་པའི་བསྟོད་དབྱངས།) ","CT":"(བོད་པའི་བསྟོད་དབྱངས།)"}]}