{"title":{"AT":"260.ཤོག་ང་ཡི་བྱམས་པ། ","KT":"undefined260. ཤོག་ང་ཡི་བྱམས་པ། ","CT":"260.ཤོག་དང་བདག་གི་བྱམས་པ། "},"author":"*","key":"*","lyrics":{"Verse":[{"line":[[{"phrase":{"AT":"ཤོག་ང་ཡི་བྱམས་པ།","KT":"ཤོག་ང་ཡི་བྱམས་པ། ","CT":"ཤོག་དང་བདག་གི་བྱམས་པ།"}}],[{"phrase":{"AT":"ངའི་དམ་པའི་གནས་སུ་མཇལ་བར་ཤོག","KT":"ངའི་དམ་པའི་གནས་སུ་མཇལ་བར་ཤོག ","CT":"བདག་གི་དམ་པའི་གནས་སུ་མཇལ་བར་ཤོག"}}],[{"phrase":{"AT":"ཤོག་ང་ཡི་བུ་ཕྲུག","KT":"ཤོག་ང་ཡི་བུ་ཕྲུག ","CT":"ཤོག་དང་བདག་གི་བུ་ཕྲུག"}}],[{"phrase":{"AT":"ངའི་པང་དུ་བསྡད་དེ་བདག་ནས་སློབ།","KT":"ངའི་པང་དུ་བསྡད་དེ་བདག་ནས་སློབ། ","CT":"བདག་གི་པང་དུ་བདག་ནས་སློབ།"}}],[{"phrase":{"AT":"ང་ཡིས་སེམས་ཁྱོད་ལ་གནང༌།","KT":"ང་ཡིས་སེམས་ཁྱོད་ལ་གནང༌། ","CT":"བདག་གིས་སེམས་ཁྱེད་ལ་གནང༌།"}}],[{"phrase":{"AT":"དེ་ནི་ཁྱོད་ཀྱི་ཡིན།","KT":"དེ་ནི་ཁྱོད་ཀྱི་ཡིན། ","CT":"དེ་ནི་ཁྱེད་ཀྱི་ཡིན།"}}],[{"phrase":{"AT":"ང་ཡིས་ཚེ་སྲོག་ཁྱོད་དོན་གནང༌།","KT":"ང་ཡིས་ཚེ་སྲོག་ཁྱོད་དོན་གནང༌། ","CT":"བདག་གིས་ཚེ་སྲོག་ཁྱེད་དོན་གནང༌།"}}],[{"phrase":{"AT":"དེ་ཡང་ཁྱོད་ཀྱི་ཡིན།","KT":"དེ་ཡང་ཁྱོད་ཀྱི་ཡིན། ","CT":"དེ་ཡང་ཁྱེད་ཀྱི་ཡིན།"}}],[{"phrase":{"AT":"མྱུར་དུ་ཤོག་དང༌།","KT":"མྱུར་དུ་ཤོག་དང༌། ","CT":"མྱུར་དུ་ཤོག་དང༌།"}}],[{"phrase":{"AT":"ང་ཡི་གཅེས་ཕྲུག","KT":"ང་ཡི་གཅེས་ཕྲུག ","CT":"གཅེས་སུ་འཛིན་པ་ལགས།།"}}]],"label":"verse 1","id":1}]},"metadata":[{"AT":"(མྱུར་དུ་ཤོག་དང༌།)","KT":"undefined(མྱུར་དུ་ཤོག་དང༌།) ","CT":"(མྱུར་དུ་ཤོག་དང༌།)"},{"AT":"(Come Away ཞེས་པའི་དབྱིན་ཇིའི་བསྟོད་དབྱངས།) AT08 135 ","KT":"(Come Away ཞེས་པའི་དབྱིན་ཇིའི་བསྟོད་དབྱངས།) AT08 135 ","CT":"(Come Away ཞེས་པའི་དབྱིན་ཇིའི་བསྟོད་དབྱངས།) AT08 135 "}]}