{"title":{"AT":"261.ཤོག་ཤོག་ངའི་རྩ་ལ་ཤོག ","KT":"261. ཤོག་ཤོག་ངའི་རྩ་ལ་ཤོག ","CT":"261.ཤོག་ཤོག་ངའི་རྩ་ལ་ཤོག །"},"author":"*","key":"*","lyrics":{"Verse":[{"line":[[{"phrase":{"AT":"ཤོག་ཤོག་ངའི་རྩ་ལ་ཤོག་ཤོག ","KT":"ཤོག་ཤོག་ངའི་རྩ་ལ་ཤོག་ཤོག ","CT":"ཤོག་ཤོག་ངའི་རྩ་ལ་ཤོག་ཤོག "}}],[{"phrase":{"AT":"ཡེ་ཤུས་གསུངས་པ་ངའི་རྩ་ལ་ཤོག་ཤོག ༢","KT":"ཡེ་ཤུས་གསུངས་པ་ངའི་རྩ་ལ་ཤོག་ཤོག ༢ ","CT":"ཡེ་ཤུས་གསུངས་པ་ངའི་རྩ་ལ་ཤོག་ཤོག ༢"}}],[{"phrase":{"AT":"སྡུག་བསྔལ་དང་སེམས་འཁྲལ་གྱིས་མནན་པ་རྣམས་ལ།","KT":"སྡུག་བསྔལ་དང་སེམས་འཁྲལ་གྱིས་མནན་པ་རྣམས་ལ། ","CT":"སྡུག་བསྔལ་དང་སེམས་ཁྲེལ་གྱི་མནན་པ་རྣམས་ལ།"}}],[{"phrase":{"AT":"ངའི་གཉའ་ཤིང་ཡང་མོ་དང་འཇམ་པོ་ཡོད་ལ། ༢","KT":"ངའི་གཉའ་ཤིང་ཡང་མོ་དང་འཇམ་པོ་ཡོད་ལ། ༢ ","CT":"ངའི་གཉའ་ཤིང་ཡང་པོ་དང་འཇམ་པོ་ཡོད་ལ། ༢"}}]],"label":"verse 1","id":1},{"line":[[{"phrase":{"AT":"ྱེད་རྣམས་ཀྱི་སེམས་ལ་ངལ་གསོ་འཐོབ་ཡོང་།","KT":"ྱེད་རྣམས་ཀྱི་སེམས་ལ་ངལ་གསོ་འཐོབ་ཡོང་། ","CT":"ྱེད་རྣམས་ཀྱི་སེམས་ལ་ངལ་གསོ་ཐོབ་ཡོང་།"}}],[{"phrase":{"AT":"ཁྱེད་རྣམས་ཀྱི་ནང་ལ་ཞི་བདེ་འཐོབ་ཡོང་། ༢","KT":"ཁྱེད་རྣམས་ཀྱི་ནང་ལ་ཞི་བདེ་འཐོབ་ཡོང་། ༢ ","CT":"ཁྱེད་རྣམས་ཀྱི་ནང་ལ་ཞི་བདེ་ཐོབ་ཡོང་།། ༢"}}]],"label":"verse 2","id":2}]},"metadata":[{"AT":"(མད་ཐཱ11:28-29། བལ་ཡུལ་ནས་བརྩམས་པ།)","KT":"undefined(མད་ཐཱ11:28-29། བལ་ཡུལ་ནས་བརྩམས་པ།) ","CT":"(མད་ཐཱ 11:28-29 བལ་ཡུལ་ནས་བརྩམས་པ།)"}]}