{"title":{"AT":"262.ས་གཞི་ཆེན་པོའི་ཡང་སྟེང་ནས།","KT":"undefined262. ས་གཞི་ཆེན་པོའི་ཡང་སྟེང་ནས། ","CT":"262.ས་གཞི་ཆེན་པོའི་ཡང་སྟེང་ནས།"},"author":"*","key":"*","lyrics":{"Verse":[{"line":[[{"phrase":{"AT":"ས་གཞི་ཆེན་པོའི་ཡང་སྟེང་ནས།","KT":"ས་གཞི་ཆེན་པོའི་ཡང་སྟེང་ནས། ","CT":"ས་གཞི་ཆེན་པོའི་ཡང་སྟེང་ནས།"}}],[{"phrase":{"AT":"གཙོ་བོ་ཡེ་ཤུ་རབ་ཏུ་འཕགས།","KT":"གཙོ་བོ་ཡེ་ཤུ་རབ་ཏུ་འཕགས། ","CT":"གཙོ་བོ་ཡེ་ཤུ་རབ་ཏུ་འཕགས།"}}],[{"phrase":{"AT":"ཁྱེད་ནི་ཐམས་ཅད་ལས་ཤིན་ཏུ་མཐོ་བ་ཡིན། ༢","KT":"ཁྱེད་ནི་ཐམས་ཅད་ལས་ཤིན་ཏུ་མཐོ་བ་ཡིན། ༢ ","CT":"ཁྱེད་ནི་ཐམས་ཅད་ལས་ཤིན་ཏུ་མཐོ་བ་ཡིན། ༢"}}],[{"phrase":{"AT":"ང་ཚོས་བསྟོད་བསྔགས་འབུལ།","KT":"ང་ཚོས་བསྟོད་བསྔགས་འབུལ། ","CT":"ང་ཚོས་བསྟོད་བསྔགས་ཕུལ།"}}],[{"phrase":{"AT":"ཁྱེད་ལ་བསྟོད་བསྔགས་འབུལ།","KT":"ཁྱེད་ལ་བསྟོད་བསྔགས་འབུལ། ","CT":"ཁྱེད་ལ་བསྟོད་བསྔགས་ཕུལ།"}}],[{"phrase":{"AT":"ཁྱེད་ལ་བསྟོད་བསྔགས་འབུལ། ཀྱེ་སྐྱབས་མགོན། ༢","KT":"ཁྱེད་ལ་བསྟོད་བསྔགས་འབུལ། ཀྱེ་སྐྱབས་མགོན། ༢ ","CT":"ཁྱེད་ལ་བསྟོད་བསྔགས་ཕུལ། ཀྱེ་སྐྱབས་མགོན།། ༢"}}]],"label":"verse 1","id":1}]},"metadata":[{"AT":"(For Thou O Lord Art High ཞེས་པའི་དབྱིན་ཇིའི་བསྟོད་དབྱངས།)  AT08 151; KT06 161","KT":"undefined(For Thou O Lord Art High ཞེས་པའི་དབྱིན་ཇིའི་བསྟོད་དབྱངས།)78 AT08 151; KT06 161 78 Songs of Fellowship 115. Copyright 1977 Pete Sanchez, Jr. ASCAP. Administered by Gabriel Music Inc. PO Box 840999 Houston, TX 77284-0999 USA. ","CT":"(For Thou O Lord Art High ཞེས་པའི་དབྱིན་ཇིའི་བསྟོད་དབྱངས།)  AT08 151; KT06 161"}]}