{"title":{"AT":"263.སེམས་ལ་ཞི་བདེ་མེད་ན། ","KT":"263. སེམས་ལ་ཞི་བདེ་མེད་ན། ","CT":"263.སེམས་ལ་ཞི་བདེ་མེད་ན། "},"author":"*","key":"*","lyrics":{"Verse":[{"line":[[{"phrase":{"AT":"སེམས་ལ་ཞི་བདེ་མེད་ན། ","KT":" སེམས་ལ་ཞི་བདེ་མེད་ན། ","CT":"སེམས་ལ་ཞི་བདེ་མེད་ན། "}}],[{"phrase":{"AT":"ཞི་བདེ་ཡེ་ཤུས་གནང་ཡོང་། ","KT":"ཞི་བདེ་ཡེ་ཤུས་གནང་ཡོང་། ","CT":"ཞི་བདེ་ཡེ་ཤུས་གནང་ཡོང་། "}}],[{"phrase":{"AT":"སེམས་ལ་དགའ་སྤྲོ་མེད་ན། ","KT":"སེམས་ལ་དགའ་སྤྲོ་མེད་ན། ","CT":"སེམས་ལ་དགའ་སྤྲོ་མེད་ན། "}}],[{"phrase":{"AT":"དགའ་སྤྲོ་ཡེ་ཤུས་གནང་ཡོང་། ༢ ","KT":"དགའ་སྤྲོ་ཡེ་ཤུས་གནང་ཡོང་། ༢ ","CT":"དགའ་སྤྲོ་ཡེ་ཤུས་གནང་ཡོང་། ༢ "}}]],"label":"verse 1","id":1},{"line":[[{"phrase":{"AT":"སེམས་ལ་ཐར་བ་མེད་ན། ","KT":" སེམས་ལ་ཐར་པ་མེད་ན། ","CT":"སེམས་ལ་ཐར་པ་མེད་ན། "}}],[{"phrase":{"AT":"ཐར་བ་ཡེ་ཤུས་གནང་ཡོང་། ","KT":"ཐར་པ་ཡེ་ཤུས་གནང་ཡོང་། ","CT":"ཐར་པ་ཡེ་ཤུས་གནང་ཡོང་། "}}],[{"phrase":{"AT":"སེམས་ལ་རེ་བ་མེད་ན། ","KT":"སེམས་ལ་རེ་བ་མེད་ན། ","CT":"སེམས་ལ་རེ་བ་མེད་ན། "}}],[{"phrase":{"AT":"རེ་བ་ཡེ་ཤུས་གནང་ཡོང་། ༢ ","KT":"རེ་བ་ཡེ་ཤུས་གནང་ཡོང་། ༢ ","CT":"རེ་བ་ཡེ་ཤུས་གནང་ཡོང་། ༢ "}}]],"label":"verse 2","id":2},{"line":[[{"phrase":{"AT":"སེམས་ལ་བྱམས་པ་མེད་ན། ","KT":"ndefined༣ སེམས་ལ་བྱམས་པ་མེད་ན། ","CT":"སེམས་ལ་བྱམས་པ་མེད་ན། "}}],[{"phrase":{"AT":"བྱམས་པ་ཡེ་ཤུས་གནང་ཡོང་། ","KT":"བྱམས་པ་ཡེ་ཤུས་གནང་ཡོང་། ","CT":"བྱམས་པ་ཡེ་ཤུས་གནང་ཡོང་། "}}],[{"phrase":{"AT":"སེམས་ལ་སྙིང་རྗེ་མེད་ན། ","KT":"སེམས་ལ་སྙིང་རྗེ་མེད་ན། ","CT":"སེམས་ལ་སྙིང་རྗེ་མེད་ན། "}}],[{"phrase":{"AT":"སྙིང་རྗེ་ཡེ་ཤུས་གནང་ཡོང་། ༢ ","KT":"སྙིང་རྗེ་ཡེ་ཤུས་གནང་ཡོང་། ༢ ","CT":"སྙིང་རྗེ་ཡེ་ཤུས་གནང་ཡོང་། ༢ "}}]],"label":"verse 3","id":3},{"line":[[{"phrase":{"AT":"སྨོན་ལམ་ཡེ་ཤུ་ལ་ཞུས་ན། ","KT":" སྨོན་ལམ་ཡེ་ཤུ་ལ་ཞུས་ན། ","CT":"སྨོན་ལམ་ཡེ་ཤུ་ལ་བཞུ་ན། "}}],[{"phrase":{"AT":"སྨོན་ལམ་ཡེ་ཤུས་གསན་ཡོང་། ","KT":"སྨོན་ལམ་ཡེ་ཤུས་གསན་ཡོང་། ","CT":"སྨོན་ལམ་ཡེ་ཤུས་གནང་ཡོང་། "}}],[{"phrase":{"AT":"བྱིན་རླབས་ཡེ་ཤུ་ལ་ཞུས་ན། ","KT":"བྱིན་རླབས་ཡེ་ཤུ་ལ་ཞུས་ན། ","CT":"བྱིན་རླབས་ཡེ་ཤུ་ལ་བཞུ་ན། "}}],[{"phrase":{"AT":"བྱིན་རླབས་ཡེ་ཤུས་གནང་ཡོང་། ༣","KT":"བྱིན་རླབས་ཡེ་ཤུས་གནང་ཡོང་། ༣ ","CT":"བྱིན་རླབས་ཡེ་ཤུས་གནང་ཡོང་།། ༣"}}]],"label":"verse 4","id":4}]},"metadata":[{"AT":"(འགྱུར་མེད་རིན་ཆེན་གྱིས་བརྩམས་པའི་བསྟོད་དབྱངས།) JL CD1:2; KT06 163","KT":"undefined(འགྱུར་མེད་རིན་ཆེན་གྱིས་བརྩམས་པའི་བསྟོད་དབྱངས།) JL CD1:2; KT06 163 ","CT":"(འགྱུར་མེད་རིན་ཆེན་གྱིས་བརྩམས་པའི་བསྟོད་དབྱངས།) JL CD1:2; KT06 163"}]}