{"title":{"AT":"264.སོའོ་ང་ཚོ་ཚང་མའི་ངན་པ། ","KT":"264. སོའོ་ང་ཚོ་ཚང་མའི་ངན་པ། ","CT":"264.སོའོ་ང་ཚོ་ཚང་མའི་ངན་པ། "},"author":"*","key":"*","lyrics":{"Verse":[{"line":[[{"phrase":{"AT":"སོའོ་ང་ཚོ་ཚང་མའི་ངན་པ། ","KT":"སོའོ་ང་ཚོ་ཚང་མའི་ངན་པ། ","CT":"སོའོ་ང་ཚོ་ཚང་མའི་ངན་པ། "}}],[{"phrase":{"AT":"སོའོ་དགེ་བའི་ལས་ཀྱིས་མི་དག ","KT":"སོའོ་དགེ་བའི་ལས་ཀྱིས་མི་དག ","CT":"སོའོ་དགེ་བའི་ལས་ཀྱིས་མི་དག "}}],[{"phrase":{"AT":"ང་ཚོ་ཚང་མའི་ངན་པ་ཡེ་ཤུའི་སྐུ་ཁྲག་གིས་འདག་ཡོང་། ","KT":"ང་ཚོ་ཚང་མའི་ངན་པ་ཡེ་ཤུའི་སྐུ་ཁྲག་གིས་འདག་ཡོང་། ","CT":"ང་ཚོ་ཚང་མའི་ངན་པ་ཡེ་ཤུའི་སྐུ་ཁྲག་གིས་དག་ཡོང་། "}}],[{"phrase":{"AT":"སོའོ་ཡ་འ་ལ། ཡེ་ཤུའི་སྐུ་ཁྲག་གིས་འདག་ཡོང་། ","KT":"སོའོ་ཡ་འ་ལ། ཡེ་ཤུའི་སྐུ་ཁྲག་གིས་འདག་ཡོང་། ","CT":"སོའོ་ཡ་འ་ལ། ཡེ་ཤུའི་སྐུ་ཁྲག་གིས་དག་ཡོང་། "}}]],"label":"verse 1","id":1},{"line":[[{"phrase":{"AT":"སོའོ་ང་ཚོ་ཚང་མའི་ཉེས་པ། ","KT":"སོའོ་ང་ཚོ་ཚང་མའི་ཉེས་པ། ","CT":"སོའོ་ང་ཚོ་ཚང་མའི་ཉེས་པ། "}}],[{"phrase":{"AT":"སོའོ་གནས་སྐོར་ཕྱིན་ཀྱང་མི་དག ","KT":"སོའོ་གནས་སྐོར་ཕྱིན་ཀྱང་མི་དག ","CT":"སོའོ་གནས་སྐོར་ཕྱིན་ཀྱང་མི་དག "}}],[{"phrase":{"AT":"ང་ཚོ་ཚང་མའི་ཉེས་པ་ཡེ་ཤུའི་སྐུ་ཁྲག་གིས་འདག་ཡོང་། ","KT":"ང་ཚོ་ཚང་མའི་ཉེས་པ་ཡེ་ཤུའི་སྐུ་ཁྲག་གིས་འདག་ཡོང་། ","CT":"ང་ཚོ་ཚང་མའི་ཉེས་པ་ཡེ་ཤུའི་སྐུ་ཁྲག་གིས་དག་ཡོང་། "}}],[{"phrase":{"AT":"སོའོ་ཡ་འ་ལ། ཡེ་ཤུའི་སྐུ་ཁྲག་གིས་འདག་ཡོང་།","KT":"སོའོ་ཡ་འ་ལ། ཡེ་ཤུའི་སྐུ་ཁྲག་གིས་འདག་ཡོང་། ","CT":"སོའོ་ཡ་འ་ལ། ཡེ་ཤུའི་སྐུ་ཁྲག་གིས་དག་ཡོང་།"}}]],"label":"verse 2","id":2},{"line":[[{"phrase":{"AT":"སོའོ་ང་ཚོ་ཚང་མའི་སྡིག་པ། ","KT":"defined༣ སོའོ་ང་ཚོ་ཚང་མའི་སྡིག་པ། ","CT":"སོའོ་ང་ཚོ་ཚང་མའི་སྡིག་པ། "}}],[{"phrase":{"AT":"སོའོ་སྦྱིན་པ་བཏང་ཡང་མི་དག ","KT":"སོའོ་སྦྱིན་པ་བཏང་ཡང་མི་དག ","CT":"སོའོ་སྦྱིན་པ་བཏང་ནས་མི་དག "}}],[{"phrase":{"AT":"ང་ཚོ་ཚང་མའི་སྡིག་པ་ཡེ་ཤུའི་སྐུ་ཁྲག་གིས་འདག་ཡོང་། ","KT":"ང་ཚོ་ཚང་མའི་སྡིག་པ་ཡེ་ཤུའི་སྐུ་ཁྲག་གིས་འདག་ཡོང་། ","CT":"ང་ཚོ་ཚང་མའི་སྡིག་པ་ཡེ་ཤུའི་སྐུ་ཁྲག་གིས་དག་ཡོང་། "}}],[{"phrase":{"AT":"སོའོ་ཡ་འ་ལ། ཡེ་ཤུའི་སྐུ་ཁྲག་གིས་འདག་ཡོང་།","KT":"སོའོ་ཡ་འ་ལ། ཡེ་ཤུའི་སྐུ་ཁྲག་གིས་འདག་ཡོང་། ","CT":"སོའོ་ཡ་འ་ལ། ཡེ་ཤུའི་སྐུ་ཁྲག་གིས་དག་ཡོང་།།"}}]],"label":"verse 3","id":3}]},"metadata":[{"AT":"(འགྱུར་མེད་རིན་ཆེན་གྱིས་བརྩམས་པའི་བསྟོད་དབྱངས།) JL CD1:1; KT06 164","KT":"undefined(འགྱུར་མེད་རིན་ཆེན་གྱིས་བརྩམས་པའི་བསྟོད་དབྱངས།) JL CD1:1; KT06 164 ","CT":"(འགྱུར་མེད་རིན་ཆེན་གྱིས་བརྩམས་པའི་བསྟོད་དབྱངས།) JL CD1:1; KT06 164"}]}