{"title":{"AT":"265.ཧ་ལེ་ལོའུ་ཡཱ་གཙོ་བོ་ལ་བསྟོད། ","KT":"265. ཧ་ལེ་ལོའུ་ཡཱ་གཙོ་བོ་ལ་བསྟོད། ","CT":"265.ཧཱ་ལེ་ལུ་ཡཱ་གཙོ་བོ་ལ་བསྟོད། "},"author":"*","key":"*","lyrics":{"Verse":[{"line":[[{"phrase":{"AT":"ཧ་ལེ་ལོའུ་ཡཱ་གཙོ་བོ་ལ་བསྟོད། ༢","KT":" ཧ་ལེ་ལོའུ་ཡཱ་གཙོ་བོ་ལ་བསྟོད། ༢ ","CT":"ཧཱ་ལེ་ལུ་ཡཱ་གཙོ་བོ་ལ་བསྟོད། ༢"}}],[{"phrase":{"AT":"ཧ་ལེ་ལོའུ་ཡཱ། ༢","KT":"ཧ་ལེ་ལོའུ་ཡཱ། ༢ ","CT":"ཧཱ་ལེ་ལུ་ཡཱ། ༢"}}],[{"phrase":{"AT":"ཧ་ལེ་ལོའུ་ཡཱ་གཙོ་བོ་ལ་བསྟོད།","KT":"ཧ་ལེ་ལོའུ་ཡཱ་གཙོ་བོ་ལ་བསྟོད། ","CT":"ཧཱ་ལེ་ལུ་ཡཱ་གཙོ་བོ་ལ་བསྟོད།"}}]],"label":"verse 1","id":1},{"line":[[{"phrase":{"AT":"ཡེ་ཤུ་ནི་ཐམས་ཅད་ཀྱི་གཙོ་བོ། ༢","KT":"ཡེ་ཤུ་ནི་ཐམས་ཅད་ཀྱི་གཙོ་བོ། ༢ ","CT":"ཡེ་ཤུ་ནི་ཐམས་ཅད་ཀྱི་གཙོ་བོ། ༢"}}],[{"phrase":{"AT":"ཡེ་ཤུ་ནི་གཙོ་བོ་ཡིན། ༢","KT":"ཡེ་ཤུ་ནི་གཙོ་བོ་ཡིན། ༢ ","CT":"ཡེ་ཤུ་ནི་གཙོ་བོ་ཡིན། ༢"}}],[{"phrase":{"AT":"ཡེ་ཤུ་ནི་ཐམས་ཅད་ཀྱི་གཙོ་བོ།","KT":"ཡེ་ཤུ་ནི་ཐམས་ཅད་ཀྱི་གཙོ་བོ། ","CT":"ཡེ་ཤུ་ནི་ཐམས་ཅད་ཀྱི་གཙོ་བོ།"}}]],"label":"verse 2","id":2},{"line":[[{"phrase":{"AT":"ཡེ་ཤུ་གྲོངས་པ་ནས་སླར་ཡང་གསོན། ༢","KT":" ཡེ་ཤུ་གྲོངས་པ་ནས་སླར་ཡང་གསོན། ༢ ","CT":"ཡེ་ཤུ་གྲོངས་པ་ནས་སླར་ཡང་གསོན། ༢"}}],[{"phrase":{"AT":"ཡེ་ཤུ་སླར་གསོན་པ་ཡིན། ༢","KT":"ཡེ་ཤུ་སླར་གསོན་པ་ཡིན། ༢ ","CT":"ཡེ་ཤུ་སླར་གསོན་པ་ཡིན། ༢"}}],[{"phrase":{"AT":"ཡེ་ཤུ་གྲོངས་པ་ནས་སླར་ཡང་གསོན།","KT":"ཡེ་ཤུ་གྲོངས་པ་ནས་སླར་ཡང་གསོན། ","CT":"ཡེ་ཤུ་གྲོངས་པ་ནས་སླར་ཡང་གསོན།"}}]],"label":"verse 3","id":3},{"line":[[{"phrase":{"AT":"ཡེ་ཤུ་སླར་ཕེབས་པའི་དམ་བཅའ་ཡོད། ༢","KT":" ཡེ་ཤུ་སླར་ཕེབས་པའི་དམ་བཅའ་ཡོད། ༢ ","CT":"ཡེ་ཤུ་སླར་ཕེབས་པའི་དམ་བཅའ་ཡོད། ༢"}}],[{"phrase":{"AT":"ཡེ་ཤུ་སླར་ཕེབས་ཡོང་། ༢","KT":"ཡེ་ཤུ་སླར་ཕེབས་ཡོང་། ༢ ","CT":"ཡེ་ཤུ་སླར་ཕེབས་ཡོང་། ༢"}}],[{"phrase":{"AT":"ཡེ་ཤུ་སླར་ཕེབས་པའི་དམ་བཅའ་ཡོད།","KT":"ཡེ་ཤུ་སླར་ཕེབས་པའི་དམ་བཅའ་ཡོད། ","CT":"ཡེ་ཤུ་སླར་ཕེབས་པའི་དམ་བཅའ་ཡོད།།"}}]],"label":"verse 4","id":4}]},"metadata":[{"AT":"(Sing Hallelujah to the Lord ཞེས་པའི་དབྱིན་ཇིའི་བསྟོད་དབྱངས།)  AT08 157; KT06 166","KT":"undefined(Sing Hallelujah to the Lord ཞེས་པའི་དབྱིན་ཇིའི་བསྟོད་དབྱངས།)79 AT08 157; KT06 166 79 Linda Stassen © 1974 New Song Ministries. Permission sought. ","CT":"(Sing Hallelujah to the Lord ཞེས་པའི་དབྱིན་ཇིའི་བསྟོད་དབྱངས།)  AT08 157; KT06 166"}]}