{"title":{"AT":"266.ལྷོ་འཛམ་གླིང་ཉི་མ་རི་ལ་བརྒལ། ","KT":"undefined266. ལྷོ་འཛམ་གླིང་ཉི་མ་རི་ལ་བརྒལ། ","CT":"266.ལྷོ་འཛམ་གླིང་ཉི་མ་རི་ལ་བརྒལ། "},"author":"*","key":"*","lyrics":{"Verse":[{"line":[[{"phrase":{"AT":"ལྷོ་འཛམ་གླིང་ཉི་མ་རི་ལ་བརྒལ།","KT":" ལྷོ་འཛམ་གླིང་ཉི་མ་རི་ལ་བརྒལ། ","CT":"ལྷོ་འཛམ་གླིང་ཉི་མ་རི་ལ་བརྒལ།"}}],[{"phrase":{"AT":"ནུབ་ཟླ་བ་དཀར་པོ་སྤྲིན་གྱིས་བསྒྲིབས།","KT":"ནུབ་ཟླ་བ་དཀར་པོ་སྤྲིན་གྱིས་བསྒྲིབས། ","CT":"ནུབ་ཟླ་བ་དཀར་པོ་སྤྲིན་གྱིས་སྒྲིབ།"}}],[{"phrase":{"AT":"དགུང་སྐར་ཚོགས་ཆར་སྤྲིན་དཀྱིལ་དུ་ལྷུང་།","KT":"དགུང་སྐར་ཚོགས་ཆར་སྤྲིན་དཀྱིལ་དུ་ལྷུང་། ","CT":"དགུང་སྐར་ཚོགས་ཆར་སྤྲིན་དཀྱིལ་དུ་ལྷུང་།"}}],[{"phrase":{"AT":"ཁྱེད་ཡེ་ཤུ་མ་མཇལ་ཡིད་རེ་སྐྱོ། ༢","KT":"ཁྱེད་ཡེ་ཤུ་མ་མཇལ་ཡིད་རེ་སྐྱོ། ༢ ","CT":"ཁྱེད་ཡེ་ཤུ་མ་མཇལ་ཡིད་རེ་སྐྱོ། ༢"}}],[{"phrase":{"AT":"ཨཱ་་་ཉི་ཟླ་སྐར་གསུམ།","KT":"ཨཱ་་་ཉི་ཟླ་སྐར་གསུམ། ","CT":"ཨཱ་་་ཉི་ཟླ་སྐར་གསུམ།"}}],[{"phrase":{"AT":"དགུང་སྐར་ཚོགས་ཆར་སྤྲིན་དཀྱིལ་དུ་ལྷུང་།","KT":"དགུང་སྐར་ཚོགས་ཆར་སྤྲིན་དཀྱིལ་དུ་ལྷུང་། ","CT":"དགུང་སྐར་ཚོགས་ཆར་སྤྲིན་དཀྱིལ་དུ་ལྷུང་།"}}],[{"phrase":{"AT":"ཁྱེད་ཡེ་ཤུ་མ་མཇལ་ཡིད་རེ་སྐྱོ། ༢","KT":"ཁྱེད་ཡེ་ཤུ་མ་མཇལ་ཡིད་རེ་སྐྱོ། ༢ ","CT":"ཁྱེད་ཡེ་ཤུ་མ་མཇལ་ཡིད་རེ་སྐྱོ། ༢"}}]],"label":"verse 1","id":1},{"line":[[{"phrase":{"AT":"ཐར་བའི་འཕྲིན་བཟང་བདེན་པའི་བཀའ།","KT":" ཐར་བའི་འཕྲིན་བཟང་བདེན་པའི་བཀའ། ","CT":"ཐར་པའི་འཕྲིན་བཟང་བདེན་པའི་བཀའ།"}}],[{"phrase":{"AT":"ཐོས་ནས་དད་པ་ཁྱེད་རྣམས་ལའང་།","KT":"ཐོས་ནས་དད་པ་ཁྱེད་རྣམས་ལའང་། ","CT":"ཐོས་ནས་དད་པ་ཁྱེད་རྣམས་ལའང་།"}}],[{"phrase":{"AT":"ཞལ་གྱིས་བཞེས་པའི་ཐུགས་ཉིད་ཀྱི།","KT":"ཞལ་གྱིས་བཞེས་པའི་ཐུགས་ཉིད་ཀྱི། ","CT":"ཞལ་གྱིས་བཞེས་པའི་ཐུགས་ཉིད་ཀྱི།"}}],[{"phrase":{"AT":"ཕྱག་རྒྱ་བཏབ་པར་མཛད་པའོ།། ༢","KT":"ཕྱག་རྒྱ་བཏབ་པར་མཛད་པའོ། ༢ ","CT":"ཕྱག་རྒྱ་བཏབ་པར་མཛད་པའོ། ༢"}}],[{"phrase":{"AT":"ཨཱ་་་སྐྱབས་མགོན་ཡེ་ཤུ།","KT":"ཨཱ་་་སྐྱབས་མགོན་ཡེ་ཤུ། ","CT":"ཨཱ་་་སྐྱབས་མགོན་ཡེ་ཤུ།"}}],[{"phrase":{"AT":"ཁྱེད་མཚན་དམ་པར་སྲུང་བར་ཤོག","KT":"ཁྱེད་མཚན་དམ་པར་སྲུང་བར་ཤོག ","CT":"ཁྱེད་མཚན་དམ་པར་སྲུང་བར་ཤོག"}}],[{"phrase":{"AT":"ཁྱེད་ཀྱི་རྒྱལ་སྲིད་འོང་བར་ཤོག ༢","KT":"ཁྱེད་ཀྱི་རྒྱལ་སྲིད་འོང་བར་ཤོག ༢ ","CT":"ཁྱེད་ཀྱི་རྒྱལ་སྲིད་འོང་བར་ཤོག ༢"}}]],"label":"verse 2","id":2},{"line":[[{"phrase":{"AT":"ངེད་ཀྱིས་གཞན་ཉེས་བསལ་བ་ཇི་བཞིན་དུ།","KT":" ངེད་ཀྱིས་གཞན་ཉེས་བསལ་བ་ཇི་བཞིན་དུ། ","CT":"ངེད་ཀྱིས་གཞན་ཉེད་སེལ་བ་སྡིག་པ་ལྟར།"}}],[{"phrase":{"AT":"ངེད་ཀྱི་སྡིག་པ་བསལ་བར་མཛོད།","KT":"ངེད་ཀྱི་སྡིག་པ་བསལ་བར་མཛོད། ","CT":"ངེད་ཀྱི་སྡིག་པ་སེལ་བར་མཛོད།"}}],[{"phrase":{"AT":"ཉམས་ཚོད་ནང་དུ་མི་འཁྲིད་པར།","KT":"ཉམས་ཚོད་ནང་དུ་མི་འཁྲིད་པར། ","CT":"ཉམས་སད་ནང་དུ་མ་འཁྲིད་པར།"}}],[{"phrase":{"AT":"ངན་པ་ལས་ང་ཐར་བར་མཛོད། ༢","KT":"ངན་པ་ལས་ང་ཐར་བར་མཛོད། ༢ ","CT":"ངན་པ་ལས་ངེད་ཐར་པར་མཛོད། ༢"}}],[{"phrase":{"AT":"ཨཱ་་་སྐྱབས་མགོན་ཡེ་ཤུ།","KT":"ཨཱ་་་སྐྱབས་མགོན་ཡེ་ཤུ། ","CT":"ཨཱ་་་སྐྱབས་མགོན་ཡེ་ཤུ།"}}],[{"phrase":{"AT":"undefinedབདག་གི་ཁྱེད་ཀྱི་བཀའ་དྲིན།","KT":"undefinedབདག་གི་ཁྱེད་ཀྱི་བཀའ་དྲིན། ","CT":"བདག་གི་ཁྱེད་ཀྱི་བཀའ་དྲིན།"}}],[{"phrase":{"AT":"ང་ཉམ་ཆུང་གིས་དྲིན་ལན་ཞུ། ༢","KT":"ང་ཉམ་ཆུང་གིས་དྲིན་ལན་ཞུ། ༢ ","CT":"ང་ཉམས་ཆུང་གི་དྲིན་ལན་ཞུས།། ༢"}}]],"label":"verse 3","id":3}]},"metadata":[{"AT":"(ཁྱེད་མཚན་དམ་པར་སྲུང་བར་ཤོག)","KT":"undefined(ཁྱེད་མཚན་དམ་པར་སྲུང་བར་ཤོག) ","CT":"(ཁྱེད་མཚན་དམ་པར་སྲུང་བར་ཤོག)"},{"AT":"(ངག་དབང་སི་ལཱས་བརྩམས་པའི་བསྟོད་དབྱངས།) NS CD2:9","KT":"(ངག་དབང་སི་ལཱས་བརྩམས་པའི་བསྟོད་དབྱངས།) NS CD2:9 ","CT":"(ངག་དབང་སི་ལཱས་བརྩམས་པའི་བསྟོད་དབྱངས།) NS CD2:9"}]}