{"title":{"AT":"267.ཨིམ་མ་ནུ་ཨེལ། ༡ ","KT":"267. ཨིམ་མཱ་ནུ་ཨེལ། ༡ ","CT":"267.ཨིམ་མ་ནུ་ཨེལ། ༡ "},"author":"*","key":"*","lyrics":{"Verse":[{"line":[[{"phrase":{"AT":"ཨིམ་མ་ནུ་ཨེལ་ཡེ།  ","KT":" ཨིམ་མཱ་ནུ་ཨེལ་ཡེ། ","CT":"ཨིམ་མ་ནུ་ཨེལ་ཡེ།  "}}],[{"phrase":{"AT":"གཟུགས་ལང་ཚོ་སྐྱིད་ཀྱི་དཔལ་ཡོན་ཅན། ","KT":"གཟུགས་ལང་ཚོ་དཔྱིད་ཀྱི་དཔལ་ཡོན་ཅན། ","CT":"གཟུགས་ལང་ཚོ་སྤྱིད་ཀྱི་དཔལ་ཡོན་ཅན། "}}],[{"phrase":{"AT":"སྟེང་ནམ་མཁར་འཕགས་ནས་གསེར་ཁྲིར་བཞུགས། ","KT":"སྟེང་ནམ་མཁར་འཕགས་ནས་གསེར་ཁྲིར་བཞུགས། ","CT":"སྟེང་ནམ་མཁར་འཕགས་ནས་གསེར་ཁྲིར་བཞུགས། "}}],[{"phrase":{"AT":"ཨིམ་མ་ནུ་ཨེལ་ཡེ།  ","KT":"ཨིམ་མཱ་ནུ་ཨེལ་ཡེ། ","CT":"ཨིམ་མ་ནུ་ཨེལ་ཡེ།  "}}],[{"phrase":{"AT":"མར་བྱོན་ནས་བྱམས་པའི་སྐྱབས་མགོན་གནང་། ","KT":"མར་བྱོན་ནས་བྱམས་པའི་སྐྱབས་མགོན་གནང་། ","CT":"མར་བྱོན་ནས་བྱམས་པའི་སྐྱབས་མགོན་གནང་། "}}],[{"phrase":{"AT":"ཁྱེད་མེད་ན་མི་སེམས་འདོད་ལ་རྔམ།","KT":"ཁྱེད་མེད་ན་མི་སེམས་འདོད་ལ་རྔམ། ","CT":"ཁྱེད་མེད་ན་མིའི་སེམས་འདོད་ལ་རྔམ།"}}],[{"phrase":{"AT":"ཨིམ་མ་ནུ་ཨེལ་ཡེ།","KT":"ཨིམ་མཱ་ནུ་ཨེལ་ཡེ། ","CT":"ཨིམ་མ་ནུ་ཨེལ་ཡེ།"}}],[{"phrase":{"AT":"ཁྱེད་མེད་ན་མི་སེམས་འདོད་ལ་རྔམ།","KT":"ཁྱེད་མེད་ན་མི་སེམས་འདོད་ལ་རྔམ། ","CT":"ཁྱེད་མེད་ན་མིའི་སེམས་འདོད་ལ་རྔམ།"}}],[{"phrase":{"AT":"ཁྱེད་མེད་ན་མི་སེམས་འདོད་ལ་རྔམ།","KT":"ཁྱེད་མེད་ན་མི་སེམས་འདོད་ལ་རྔམ། ","CT":"ཁྱེད་མེད་ན་མིའི་སེམས་འདོད་ལ་རྔམ།།"}}]],"label":"verse 1","id":1},{"line":[[{"phrase":{"AT":"ཨིམ་མ་ནུ་ཨེལ་ཡེ།  ","KT":"ཨིམ་མཱ་ནུ་ཨེལ་ཡེ། ","CT":"ཨིམ་མ་ནུ་ཨེལ་ཡེ།  "}}],[{"phrase":{"AT":"གསུང་སྙན་མོ་ཁུ་བྱུག་འགྱུར་ཁུག་ཅན། ","KT":"གསུང་སྙན་མོ་ཁུ་བྱུག་འགྱུར་ཁུག་ཅན། ","CT":"གསུང་སྙན་མོ་ཁུ་བྱུག་འགྱུར་ཁུག་ཅན། "}}],[{"phrase":{"AT":"ཡར་འཕགས་ནས་ནམ་མཁར་གསུང་སྒྲས་ཁྱབ། ","KT":"ཡར་འཕགས་ནས་ནམ་མཁར་གསུང་སྒྲས་ཁྱབ། ","CT":"ཡར་འཕགས་ནས་ནམ་མཁར་གསུང་སྒྲས་ཁྱབ། "}}],[{"phrase":{"AT":"ཨིམ་མ་ནུ་ཨེལ་ཡེ།","KT":"ཨིམ་མཱ་ནུ་ཨེལ་ཡེ། ","CT":"ཨིམ་མ་ནུ་ཨེལ་ཡེ།"}}],[{"phrase":{"AT":"མར་ཞབས་སར་བཅགས་ནས་འཕྲིན་བཟང་བསྒྲགས། ","KT":"མར་ཞབས་སར་བཅགས་ནས་འཕྲིན་བཟང་བསྒྲགས། ","CT":"མར་ཞབས་སར་བཅགས་ནས་འཕྲིན་བཟང་བསྒྲགས། "}}],[{"phrase":{"AT":"ཁྱེད་མེད་ན་མི་ལ་ཞི་བདེ་མེད། ","KT":"ཁྱེད་མེད་ན་མི་ལ་ཞི་བདེ་མེད། ","CT":"ཁྱེད་མེད་ན་མི་ལ་ཞི་བདེ་མེད། "}}],[{"phrase":{"AT":"ཨིམ་མ་ནུ་ཨེལ་ཡེ།  ","KT":"undefinedཨིམ་མཱ་ནུ་ཨེལ་ཡེ། ","CT":"ཨིམ་མ་ནུ་ཨེལ་ཡེ།  "}}],[{"phrase":{"AT":"ཁྱེད་མེད་ན་མི་ལ་ཞི་བདེ་མེད།","KT":"ཁྱེད་མེད་ན་མི་ལ་ཞི་བདེ་མེད། ","CT":"ཁྱེད་མེད་ན་མི་ལ་ཞི་བདེ་མེད།"}}],[{"phrase":{"AT":"ཁྱེད་མེད་ན་མི་ལ་ཞི་བདེ་མེད།","KT":"ཁྱེད་མེད་ན་མི་ལ་ཞི་བདེ་མེད། ","CT":"ཁྱེད་མེད་ན་མི་ལ་ཞི་བདེ་མེད།"}}]],"label":"verse 2","id":2},{"line":[[{"phrase":{"AT":"ཨིམ་མ་ནུ་ཨེལ་ཡེ། ","KT":"ཨིམ་མཱ་ནུ་ཨེལ་ཡེ། ","CT":"ཨིམ་མ་ནུ་ཨེལ་ཡེ། "}}],[{"phrase":{"AT":"ཕྱོགས་ཀུན་ལ་འཕྲོས་པའི་ཉི་མའི་འོད་སྐོར་ཅན། ","KT":"ཕྱོགས་ཀུན་ལ་འཕྲོས་པའི་ཉི་མའི་འོད་སྐོར་ཅན། ","CT":"ཕྱོགས་ཀུན་ལ་འཕྲོས་པའི་ཉི་མའི་འོད་སྐོར་ཅན། "}}],[{"phrase":{"AT":"མཐོ་ཨ་སྔོན་དབྱིངས་ནས་འཛུམ་དམུལ་བྱུང་། ","KT":"མཐོ་ཨ་སྔོན་དབྱིངས་ནས་འཛུམ་དམུལ་ཕྱུང་། ","CT":"མཐོ་ཨ་སྔོན་དབྱིངས་ནས་འཛུམ་དམུལ་ཕྱུང་། "}}],[{"phrase":{"AT":"ཨིམ་མ་ནུ་ཨེལ་ཡེ།","KT":"ཨིམ་མཱ་ནུ་ཨེལ་ཡེ། ","CT":"ཨིམ་མ་ནུ་ཨེལ་ཡེ།"}}],[{"phrase":{"AT":"མིའི་འཇིག་རྟེན་ཁམས་སུ་འོད་སྣང་སྦྱིན། ","KT":"མིའི་འཇིག་རྟེན་ཁམས་སུ་འོད་སྣང་སྦྱིན། ","CT":"མིའི་འཇིག་རྟེན་ཁམས་སུ་འོད་སྣང་སྦྱིན། "}}],[{"phrase":{"AT":"ཁྱེད་མེད་ན་འཇིག་རྟེན་མུན་ནག་རེད། ","KT":"ཁྱེད་མེད་ན་འཇིག་རྟེན་མུན་ནག་རེད། ","CT":"ཁྱེད་མེད་ན་འཇིག་རྟེན་མུན་ནག་རེད། "}}],[{"phrase":{"AT":"ཨིམ་མ་ནུ་ཨེལ་ཡེ། ","KT":"ཨིམ་མཱ་ནུ་ཨེལ་ཡེ། ","CT":"ཨིམ་མ་ནུ་ཨེལ་ཡེ། "}}],[{"phrase":{"AT":"ཁྱེད་མེད་ན་འཇིག་རྟེན་མུན་ནག་རེད། ","KT":"ཁྱེད་མེད་ན་འཇིག་རྟེན་མུན་ནག་རེད། ","CT":"ཁྱེད་མེད་ན་འཇིག་རྟེན་མུན་ནག་རེད། "}}],[{"phrase":{"AT":"ཁྱེད་མེད་ན་འཇིག་རྟེན་མུན་ནག་རེད།","KT":"ཁྱེད་མེད་ན་འཇིག་རྟེན་མུན་ནག་རེད། ","CT":"ཁྱེད་མེད་ན་འཇིག་རྟེན་མུན་ནག་རེད།། "}}]],"label":"verse 3","id":3}]},"metadata":[{"AT":"(ཁྱེད་མེད་ན།)","KT":"undefined(ཁྱེད་མེད་ན།) ","CT":"(ཁྱེད་མེད་ན།)"},{"AT":"(རྣམ་ཐར་གྱིས་བརྩམས་པའི་བསྟོད་དབྱངས།) NS CD1:3; KT06 168","KT":"(རྣམ་ཐར་གྱིས་བརྩམས་པའི་བསྟོད་དབྱངས།) NS CD1:3; KT06 168 ","CT":"(ངག་དབང་སི་ལཱས་བརྩམས་པའི་བསྟོད་དབྱངས།) NS CD1:3; KT06 168"}]}