{"title":{"AT":"268.ཨིམ་མ་ནུ་ཨེལ། ༢ ","KT":"268. ཨིམ་མཱ་ནུ་ཨེལ། ༢ ","CT":"268.ཨིམ་མ་ནུ་ཨེལ། ༢ "},"author":"*","key":"*","lyrics":{"Verse":[{"line":[[{"phrase":{"AT":"ཨིམ་མ་ནུ་ཨེལ། ཨིམ་མ་ནུ་ཨེལ།","KT":"undefinedཨིམ་མཱ་ནུ་ཨེལ། ཨིམ་མཱ་ནུ་ཨེལ། ","CT":"ཨིམ་མ་ནུ་ཨེལ། ཨིམ་མ་ནུ་ཨེལ།"}}],[{"phrase":{"AT":"བླ་ན་མེད་པའི་དཀོན་མཆོག","KT":"བླ་ན་མེད་པའི་དཀོན་མཆོག ","CT":"བླ་ན་མེད་པའི་དཀོན་མཆོག"}}],[{"phrase":{"AT":"ཨིམ་མ་ནུ་ཨེལ། ཨིམ་མ་ནུ་ཨེལ།","KT":"ཨིམ་མཱ་ནུ་ཨེལ། ཨིམ་མཱ་ནུ་ཨེལ། ","CT":"ཨིམ་མ་ནུ་ཨེལ། ཨིམ་མ་ནུ་ཨེལ།"}}],[{"phrase":{"AT":"ང་ཚོ་དང་མཉམ་དུ་བཞུགས།","KT":"ང་ཚོ་དང་མཉམ་དུ་བཞུགས། ","CT":"ང་ཚོ་དང་མཉམ་དུ་བཞུགས།"}}],[{"phrase":{"AT":"ཁྱེད་དང་མཉམ་དུ་བཞུགས།","KT":"ཁྱེད་དང་མཉམ་དུ་བཞུགས། ","CT":"ཁྱེད་དང་མཉམ་དུ་བཞུགས།"}}],[{"phrase":{"AT":"ང་དང་མཉམ་དུ་བཞུགས།","KT":"ང་དང་མཉམ་དུ་བཞུགས། ","CT":"ང་དང་མཉམ་དུ་བཞུགས།"}}],[{"phrase":{"AT":"ང་ཚོ་དང་། མཉམ་དུ་བཞུགས།","KT":"ང་ཚོ་དང་། མཉམ་དུ་བཞུགས། ","CT":"ང་ཚོ་དང་། མཉམ་དུ་བཞུགས།"}}],[{"phrase":{"AT":"ཨིམ་མ་ནུ་ཨེལ།","KT":"ཨིམ་མཱ་ནུ་ཨེལ། ","CT":"ཨིམ་མ་ནུ་ཨེལ།།"}}]],"label":"verse 1","id":1}]},"metadata":[]}