{"title":{"AT":"269.ས་བསྐལ་བ་མ་ཆགས་ཡར་སྔོན་ན།","KT":"undefined269. ས་བསྐལ་བ་མ་ཆགས་ཡར་སྔོན་ན། ","CT":"269.ས་བསྐལ་བ་མ་ཆགས་ཡར་སྔོན་ན།"},"author":"*","key":"*","lyrics":{"Verse":[{"line":[[{"phrase":{"AT":"ཀས་བསྐལ་བ་མ་ཆགས་ཡར་སྔོན་ན།།","KT":"ཀ ས་བསྐལ་བ་མ་ཆགས་ཡར་སྔོན་ན།། ","CT":"ཀས་བསྐལ་བ་མ་ཆགས་ཡར་སྔོན་ན།།"}}],[{"phrase":{"AT":"འཇིག་རྟེན་ཁམས་འདི་ཇི་ལྟར་བྱུང༌།།","KT":"འཇིག་རྟེན་ཁམས་འདི་ཇི་ལྟར་བྱུང༌།། ","CT":"འཇིག་རྟེན་ཁམས་འདི་ཇི་ལྟར་བྱུང༌།།"}}],[{"phrase":{"AT":"འཇིག་རྟེན་མཛད་མཁན་སུ་ཡིན་ཤོད།།","KT":"འཇིག་རྟེན་མཛད་མཁན་སུ་ཡིན་ཤོད།། ","CT":"འཇིག་རྟེན་མཛད་མཁན་སུ་ཡིན་ཤོད།།"}}],[{"phrase":{"AT":"ཐོག་མར་མཛད་པ་ཅི་ཞིག་ཡིན།།","KT":"ཐོག་མར་མཛད་པ་ཅི་ཞིག་ཡིན།། ","CT":"ཐོག་མར་མཛད་པ་ཅི་ཞིག་ཡིན།།"}}],[{"phrase":{"AT":"བཟང་ངན་དབྱེ་བ་ཡོད་དམ་མེད།།","KT":"བཟང་ངན་དབྱེ་བ་ཡོད་དམ་མེད།། ","CT":"བཟང་ངན་དབྱེ་བ་ཡོད་དམ་མེད།།"}}],[{"phrase":{"AT":"ངས་མ་ཤེས་གླུ་བར་དྲིས་ནི་ཡིན།།","KT":"ངས་མ་ཤེས་གླུ་བར་དྲིས་ནི་ཡིན།། ","CT":"ངས་མ་ཤེས་གླུ་བར་དྲིས་ནི་ཡིན།།"}}],[{"phrase":{"AT":"ཁ   ས་བསྐལ་བ་མ་ཆགས་ཡར་སྔོན་ན།། ","KT":"ཁ ས་བསྐལ་བ་མ་ཆགས་ཡར་སྔོན་ན།། ","CT":"ཁ   ས་བསྐལ་བ་མ་ཆགས་ཡར་སྔོན་ན།། "}}],[{"phrase":{"AT":"འཇིག་རྟེན་ཁམས་འདི་སྟོང་བ་ཡིན།།","KT":"འཇིག་རྟེན་ཁམས་འདི་སྟོང་བ་ཡིན།། ","CT":"འཇིག་རྟེན་ཁམས་འདི་སྟོང་པ་ཡིན།།"}}],[{"phrase":{"AT":"འཇིག་རྟེན་མཛད་མཁན་དཀོན་མཆོག་ཡིན།།","KT":"འཇིག་རྟེན་མཛད་མཁན་དཀོན་མཆོག་ཡིན།། ","CT":"འཇིག་རྟེན་མཛད་མཁན་དཀོན་མཆོག་ཡིན།།"}}],[{"phrase":{"AT":"སྔོན་ལ་མཛད་པ་ཕོ་ཉ་ཡིན།།","KT":"སྔོན་ལ་མཛད་པ་ཕོ་ཉ་ཡིན།། ","CT":"སྔོན་ལ་མཛད་པ་ཕོ་ཉ་ཡིན།།"}}],[{"phrase":{"AT":"དུས་དེར་ཡོད་ཚད་བཟང་པོ་ཡིན།།","KT":"དུས་དེར་ཡོད་ཚད་བཟང་པོ་ཡིན།། ","CT":"དུས་དེར་ཡོད་ཚད་བཟང་པོ་ཡིན།།"}}],[{"phrase":{"AT":"ངན་པ་ཅི་ཡང་ཡོད་པ་མིན།།","KT":"ངན་པ་ཅི་ཡང་ཡོད་པ་མིན།། ","CT":"ངན་པ་ཅི་ཡང་ཡོད་པ་མིན།།"}}],[{"phrase":{"AT":"ཀ   ས་བསྐལ་བ་མ་ཆགས་ཡར་སྔོན་ན།།    ","KT":"ཀ ས་བསྐལ་བ་མ་ཆགས་ཡར་སྔོན་ན།། ","CT":"ཀ   ས་བསྐལ་བ་མ་ཆགས་ཡར་སྔོན་ན།།    "}}],[{"phrase":{"AT":"ངན་པའི་ཐོག་མ་ཅི་ལྟར་བྱུང༌།།         ","KT":"ངན་པའི་ཐོག་མ་ཅི་ལྟར་བྱུང༌།། ","CT":"ངན་པའི་ཐོག་མ་ཅི་ལྟར་བྱུང༌།།         "}}],[{"phrase":{"AT":"ངན་པའི་འབྱུང་ཁུངས་སུ་ཡིན་ཤོད།།     ","KT":"ངན་པའི་འབྱུང་ཁུངས་སུ་ཡིན་ཤོད།། ","CT":"ངན་པའི་འབྱུང་ཁུངས་སུ་ཡིན་ཤོད།།     "}}],[{"phrase":{"AT":"ངན་པའི་འབྲས་བུ་ཅི་ཡིན་ཤོད།།         ","KT":"ངན་པའི་འབྲས་བུ་ཅི་ཡིན་ཤོད།། ","CT":"ངན་པའི་འབྲས་བུ་ཅི་ཡིན་ཤོད།།         "}}],[{"phrase":{"AT":"ངས་མ་ཤེས་གླུ་བར་དྲིས་ནི་ཡིན།།     ","KT":"ངས་མ་ཤེས་གླུ་བར་དྲིས་ནི་ཡིན།། ","CT":"ངས་མ་ཤེས་གླུ་བར་དྲིས་ནི་ཡིན།།     "}}],[{"phrase":{"AT":"ཁས་བསྐལ་བ་མ་ཆགས་ཡར་སྔོན་ན།།    ","KT":"undefinedཁ ས་བསྐལ་བ་མ་ཆགས་ཡར་སྔོན་ན།། ","CT":"ཁས་བསྐལ་བ་མ་ཆགས་ཡར་སྔོན་ན།།    "}}],[{"phrase":{"AT":"ནམ་མཁའི་ཞིང་ཁམས་ཁྱོན་ཡོངས་ན།།    ","KT":"ནམ་མཁའི་ཞིང་ཁམས་ཁྱོན་ཡོངས་ན།། ","CT":"ནམ་མཁའི་ཞིང་ཁམས་ཁྱོན་ཡོངས་ན།།    "}}],[{"phrase":{"AT":"ངན་པའི་མིང་ཡང་ཡོད་པ་མིན།།         ","KT":"ངན་པའི་མིང་ཡང་ཡོད་པ་མིན།། ","CT":"ངན་པའི་མིང་ཡང་ཡོད་པ་མིན།།         "}}],[{"phrase":{"AT":"ཕོ་ཉ་གཅིག་ལས་ངན་པ་བྱུང༌།།       ","KT":"ཕོ་ཉ་གཅིག་ལས་ངན་པ་བྱུང༌།། ","CT":"ཕོ་ཉ་གཅིག་ལས་ངན་པ་བྱུང༌།།       "}}],[{"phrase":{"AT":"ངན་པའི་འབྱུང་ཁུངས་ཕོ་ཉ་ཡིན།།      ","KT":"ངན་པའི་འབྱུང་ཁུངས་ཕོ་ཉ་ཡིན།། ","CT":"ངན་པའི་འབྱུང་ཁུངས་ཕོ་ཉ་ཡིན།།      "}}],[{"phrase":{"AT":"ངན་པའི་འབྲས་བུ་གདོན་འདྲེར་གྱུར།།    ","KT":"ངན་པའི་འབྲས་བུ་གདོན་འདྲེར་གྱུར།། ","CT":"ངན་པའི་འབྲས་བུ་གདོན་འདྲེར་གྱུར།།    "}}],[{"phrase":{"AT":"ནམ་མཁའི་དབྱིངས་ནས་གཡུག་པ་ཡིན།།   ","KT":"ནམ་མཁའི་དབྱིངས་ནས་གཡུག་པ་ཡིན།། ","CT":"ནམ་མཁའི་དབྱིངས་ནས་གཡུག་བ་ཡིན།།   "}}],[{"phrase":{"AT":"ཀས་བསྐལ་བ་མ་ཆགས་ཡར་སྔོན་ན།།    ","KT":"ཀ ས་བསྐལ་བ་མ་ཆགས་ཡར་སྔོན་ན།། ","CT":"ཀས་བསྐལ་བ་མ་ཆགས་ཡར་སྔོན་ན།།    "}}],[{"phrase":{"AT":"འོད་དང་ནམ་མཁའ་ཅི་ཡང་མེད།།      ","KT":"འོད་དང་ནམ་མཁའ་ཅི་ཡང་མེད།། ","CT":"འོད་དང་ནམ་མཁའ་ཅི་ཡང་མེད།།      "}}],[{"phrase":{"AT":"འོད་དང་མུན་པ་འབྱེད་མཁན་སུ་ཡིན་ཤོད།།      ","KT":"འོད་དང་མུན་པ་འབྱེད་མཁན་སུ་ཡིན་ཤོད།། ","CT":"འོད་དང་མུན་པ་འབྱེད་མཁན་སུ་ཡིན་ཤོད།།      "}}],[{"phrase":{"AT":"གནམ་དང་ས་གཉིས་ཅི་ལྟར་བྱུང༌།།     ","KT":"གནམ་དང་ས་གཉིས་ཅི་ལྟར་བྱུང༌།། ","CT":"གནམ་དང་ས་གཉིས་ཅི་ལྟར་བྱུང༌།།     "}}],[{"phrase":{"AT":"ངས་མ་ཤེས་གླུ་བར་དྲིས་ནི་ཡིན།།    ","KT":"ངས་མ་ཤེས་གླུ་བར་དྲིས་ནི་ཡིན།། ","CT":"ངས་མ་ཤེས་གླུ་བར་དྲིས་ནི་ཡིན།།    "}}],[{"phrase":{"AT":"ཁས་བསྐལ་བ་མ་ཆགས་ཡར་སྔོན་ན།། ","KT":"ཁ ས་བསྐལ་བ་མ་ཆགས་ཡར་སྔོན་ན།། ","CT":"ཁས་བསྐལ་བ་མ་ཆགས་ཡར་སྔོན་ན།། "}}],[{"phrase":{"AT":"འོད་ནི་དཀོན་མཆོག་བཀའ་ལྟར་བྱུང༌།།","KT":"འོད་ནི་དཀོན་མཆོག་བཀའ་ལྟར་བྱུང༌།། ","CT":"འོད་ནི་དཀོན་མཆོག་བཀའ་ལྟར་བྱུང༌།།"}}],[{"phrase":{"AT":"ཁོང་གིས་འོད་དང་མུན་པ་ཕྱེ།།     ","KT":"ཁོང་གིས་འོད་དང་མུན་པ་ཕྱེ།། ","CT":"ཁོང་གིས་འོད་དང་མུན་པ་ཕྱེ།།     "}}],[{"phrase":{"AT":"གནམ་ས་གཉིས་ཀ་གསར་དུ་བསྐྲུན།།","KT":"གནམ་ས་གཉིས་ཀ་གསར་དུ་བསྐྲུན།། ","CT":"གནམ་ས་གཉིས་ཀ་གསར་དུ་བསྐྲུན།།"}}],[{"phrase":{"AT":"ཀས་བསྐལ་བ་མ་ཆགས་ཡར་སྔོན་ན།།","KT":"ཀ ས་བསྐལ་བ་མ་ཆགས་ཡར་སྔོན་ན།། ","CT":"ཀས་བསྐལ་བ་མ་ཆགས་ཡར་སྔོན་ན།།"}}],[{"phrase":{"AT":"ས་དང་རྒྱ་མཚོ་ཅི་ཡང་མེད།།      ","KT":"ས་དང་རྒྱ་མཚོ་ཅི་ཡང་མེད།། ","CT":"    ས་དང་རྒྱ་མཚོ་ཅི་ཡང་མེད།།      "}}],[{"phrase":{"AT":"ས་ཆེན་པོ་དེ་ནི་ཅི་ལྟར་བྱུང༌།།     ","KT":"ས་ཆེན་པོ་དེ་ནི་ཅི་ལྟར་བྱུང༌།། ","CT":"ས་ཆེན་པོ་དེ་ནི་ཅི་ལྟར་བྱུང༌།།     "}}],[{"phrase":{"AT":"མཚོ་ཆེན་པོ་འདི་ཡང་ཅི་ལྟར་བྱུང༌།།    ","KT":"མཚོ་ཆེན་པོ་འདི་ཡང་ཅི་ལྟར་བྱུང༌།། ","CT":"མཚོ་ཆེན་པོ་འདི་ཡང་ཅི་ལྟར་བྱུང༌།།    "}}],[{"phrase":{"AT":"ས་ལས་རྩྭ་དང་རྩི་ཤིང་ཅི་ལྟར་བྱུང༌།།  ","KT":"ས་ལས་རྩྭ་དང་རྩི་ཤིང་ཅི་ལྟར་བྱུང༌།། ","CT":"ས་ལས་རྩྭ་དང་རྩི་ཤིང་ཅི་ལྟར་བྱུང༌།།  "}}],[{"phrase":{"AT":"ངས་མ་ཤེས་གླུ་བར་དྲིས་ནི་ཡིན།།   ","KT":"ངས་མ་ཤེས་གླུ་བར་དྲིས་ནི་ཡིན།། ","CT":"ངས་མ་ཤེས་གླུ་བར་དྲིས་ནི་ཡིན།།   "}}],[{"phrase":{"AT":"ཁས་བསྐལ་བ་མ་ཆགས་ཡར་སྔོན་ན།།","KT":"undefinedཁ ས་བསྐལ་བ་མ་ཆགས་ཡར་སྔོན་ན།། ","CT":"ཁས་བསྐལ་བ་མ་ཆགས་ཡར་སྔོན་ན།།"}}],[{"phrase":{"AT":"ས་དང་རྒྱ་མཚོ་ཅི་ཡང་མེད།།      ","KT":"ས་དང་རྒྱ་མཚོ་ཅི་ཡང་མེད།། ","CT":"ས་དང་རྒྱ་མཚོ་ཅི་ཡང་མེད།།      "}}],[{"phrase":{"AT":"དཀོན་མཆོག་བཀའ་ལས་ས་གཞི་བྱུང༌།།","KT":"དཀོན་མཆོག་བཀའ་ལས་ས་གཞི་བྱུང༌།། ","CT":"དཀོན་མཆོག་བཀའ་ལས་ས་གཞི་བྱུང༌།།"}}],[{"phrase":{"AT":"རྩྭ་དང་རྩི་ཤིང་བསྐྱེད་དུ་བཅུག།","KT":"རྩྭ་དང་རྩི་ཤིང་བསྐྱེད་དུ་བཅུག། ","CT":"རྩྭ་དང་རྩི་ཤིང་བསྐྱེད་དུ་བཅུག།"}}],[{"phrase":{"AT":"རྒྱ་མཚོ་ཐམས་ཅད་ཁོང་ནས་བྱུང༌།།  ","KT":"རྒྱ་མཚོ་ཐམས་ཅད་ཁོང་ནས་བྱུང༌།། ","CT":"རྒྱ་མཚོ་ཐམས་ཅད་ཁོང་ནས་བྱུང༌།།  "}}],[{"phrase":{"AT":"ཀས་བསྐལ་བ་མ་ཆགས་ཡར་སྔོན་ན།། ","KT":"ཀ ས་བསྐལ་བ་མ་ཆགས་ཡར་སྔོན་ན།། ","CT":"ཀས་བསྐལ་བ་མ་ཆགས་ཡར་སྔོན་ན།། "}}],[{"phrase":{"AT":"ཉི་ཟླ་སྐར་གསུམ་ཅི་ཡང་མེད།།     ","KT":"ཉི་ཟླ་སྐར་གསུམ་ཅི་ཡང་མེད།། ","CT":"ཉི་ཟླ་སྐར་གསུམ་ཅི་ཡང་མེད།།     "}}],[{"phrase":{"AT":"ཉི་ཟླ་སྐར་གསུམ་ཅི་ལྟར་བྱུང༌།།     ","KT":"ཉི་ཟླ་སྐར་གསུམ་ཅི་ལྟར་བྱུང༌།། ","CT":"ཉི་ཟླ་སྐར་གསུམ་ཅི་ལྟར་བྱུང༌།།     "}}],[{"phrase":{"AT":"འདི་ཡི་མཛད་མཁན་སུ་ཡིན་ཤོད།།   ","KT":"འདི་ཡི་མཛད་མཁན་སུ་ཡིན་ཤོད།། ","CT":"འདི་ཡི་མཛད་མཁན་སུ་ཡིན་ཤོད།།   "}}],[{"phrase":{"AT":"ངས་མ་ཤེས་གླུ་བར་དྲིས་ནི་ཡིན།།    ","KT":"ངས་མ་ཤེས་གླུ་བར་དྲིས་ནི་ཡིན།། ","CT":"ངས་མ་ཤེས་གླུ་བར་དྲིས་ནི་ཡིན།།    "}}],[{"phrase":{"AT":"ཁས་བསྐལ་བ་མ་ཆགས་ཡར་སྔོན་ན།།","KT":"ཁ ས་བསྐལ་བ་མ་ཆགས་ཡར་སྔོན་ན།། ","CT":"ཁས་བསྐལ་བ་མ་ཆགས་ཡར་སྔོན་ན།།"}}],[{"phrase":{"AT":"ཉི་མ་མེད་ལ་ཟླ་བ་མེད།།      ","KT":"ཉི་མ་མེད་ལ་ཟླ་བ་མེད།། ","CT":"ཉི་མ་མེད་ལ་ཟླ་བ་མེད།།      "}}],[{"phrase":{"AT":"ཉི་ཟླ་སྐར་གསུམ་སྐྲུན་མཁན་དེ།། ","KT":"ཉི་ཟླ་སྐར་གསུམ་སྐྲུན་མཁན་དེ།། ","CT":"ཉི་ཟླ་སྐར་གསུམ་བཀོད་མཁན་དེ།། "}}],[{"phrase":{"AT":"བླ་ན་མེད་པའི་དཀོན་མཆོག་ཡིན།། ","KT":"བླ་ན་མེད་པའི་དཀོན་མཆོག་ཡིན།། ","CT":"བླ་ན་མེད་པའི་དཀོན་མཆོག་ཡིན།། "}}],[{"phrase":{"AT":"དཀོན་མཆོག་བཀའ་ཡིས་ཐམས་ཅད་བསྐྲུན།། ","KT":"དཀོན་མཆོག་བཀའ་ཡིས་ཐམས་ཅད་བསྐྲུན།། ","CT":"དཀོན་མཆོག་བཀའ་ཡིས་ཐམས་ཅད་བཀོད།། "}}],[{"phrase":{"AT":"ཀས་བསྐལ་བ་མ་ཆགས་ཡར་སྔོན་ན།།","KT":"ཀ ས་བསྐལ་བ་མ་ཆགས་ཡར་སྔོན་ན།། ","CT":"ཀས་བསྐལ་བ་མ་ཆགས་ཡར་སྔོན་ན།།"}}],[{"phrase":{"AT":"བྱ་དང་ཉ་ཡི་རིགས་ནི་ཅི་ཡང་མེད།།","KT":"བྱ་དང་ཉ་ཡི་རིགས་ནི་ཅི་ཡང་མེད།། ","CT":"    བྱ་དང་ཉ་ཡི་རིགས་ནི་ཅི་ཡང་མེད།།"}}],[{"phrase":{"AT":"བྱ་དང་ཉ་ཡི་རིགས་ནི་ཅི་ལྟར་བྱུང༌།།","KT":"བྱ་དང་ཉ་ཡི་རིགས་ནི་ཅི་ལྟར་བྱུང༌།། ","CT":"བྱ་དང་ཉ་ཡི་རིགས་ནི་ཅི་ལྟར་བྱུང༌།།"}}],[{"phrase":{"AT":"དེ་དག་རིགས་བཞིན་ཅི་ལྟར་སྤེལ།།","KT":"དེ་དག་རིགས་བཞིན་ཅི་ལྟར་སྤེལ།། ","CT":"དེ་དག་རིགས་བཞིན་ཅི་ལྟར་སྤེལ།།"}}],[{"phrase":{"AT":"ངས་མ་ཤེས་གླུ་བར་དྲིས་ནི་ཡིན།།","KT":"ངས་མ་ཤེས་གླུ་བར་དྲིས་ནི་ཡིན།། ","CT":"ངས་མ་ཤེས་གླུ་བར་དྲིས་ནི་ཡིན།།"}}],[{"phrase":{"AT":"undefinedཁས་བསྐལ་བ་མ་ཆགས་ཡར་སྔོན་ན།།","KT":"undefinedཁ ས་བསྐལ་བ་མ་ཆགས་ཡར་སྔོན་ན།། ","CT":"ཁས་བསྐལ་བ་མ་ཆགས་ཡར་སྔོན་ན།།"}}],[{"phrase":{"AT":"བྱ་དང་ཉ་གཉིས་མེད་པ་བདེན།།","KT":"བྱ་དང་ཉ་གཉིས་མེད་པ་བདེན།། ","CT":"བྱ་དང་ཉ་གཉིས་མེད་པ་བདེན།།"}}],[{"phrase":{"AT":"དཀོན་མཆོག་ཁོང་གིས་དེ་གཉིས་མཛད།།","KT":"དཀོན་མཆོག་ཁོང་གིས་དེ་གཉིས་མཛད།། ","CT":"དཀོན་མཆོག་ཁོང་གིས་དེ་གཉིས་མཛད།།"}}],[{"phrase":{"AT":"དེ་དག་རང་རང་རིགས་བཞིན་སྤེལ།།","KT":"དེ་དག་རང་རང་རིགས་བཞིན་སྤེལ།། ","CT":"དེ་དག་རང་རང་རིགས་བཞིན་སྤེལ།།"}}],[{"phrase":{"AT":"འདི་ཡང་དཀོན་མཆོག་ཁོང་གིས་མཛད།།","KT":"འདི་ཡང་དཀོན་མཆོག་ཁོང་གིས་མཛད།། ","CT":"འདི་ཡང་དཀོན་མཆོག་ཁོང་གིས་མཛད།།"}}],[{"phrase":{"AT":"ཀས་བསྐལ་བ་མ་ཆགས་ཡར་སྔོན་ན།།","KT":"ཀ ས་བསྐལ་བ་མ་ཆགས་ཡར་སྔོན་ན།། ","CT":"ཀས་བསྐལ་བ་མ་ཆགས་ཡར་སྔོན་ན།།"}}],[{"phrase":{"AT":"ཕྱུགས་དང་ཉ་རིགས་འབུ་སྲིན་མེད།།","KT":"ཕྱུགས་དང་ཉ་རིགས་འབུ་སྲིན་མེད།། ","CT":"ཕྱུགས་དང་ཉ་རིགས་འབུ་སྲིན་མེད།།"}}],[{"phrase":{"AT":"དེ་དག་ཐམས་ཅད་ཅི་ལྟར་བྱུང༌།།","KT":"དེ་དག་ཐམས་ཅད་ཅི་ལྟར་བྱུང༌།། ","CT":"དེ་དག་ཐམས་ཅད་ཅི་ལྟར་བྱུང༌།།"}}],[{"phrase":{"AT":"དེ་དག་རིགས་རྒྱུད་ཅི་ལྟར་བྱུང༌།།","KT":"དེ་དག་རིགས་རྒྱུད་ཅི་ལྟར་བྱུང༌།། ","CT":"དེ་དག་རིགས་རྒྱུད་ཅི་ལྟར་བྱུང༌།།"}}],[{"phrase":{"AT":"ངས་མ་ཤེས་གླུ་བར་དྲིས་ནི་ཡིན།།","KT":"ངས་མ་ཤེས་གླུ་བར་དྲིས་ནི་ཡིན།། ","CT":"ངས་མ་ཤེས་གླུ་བར་དྲིས་ནི་ཡིན།།"}}],[{"phrase":{"AT":"ཁ   ས་བསྐལ་བ་མ་ཆགས་ཡར་སྔོན་ན།།","KT":"ཁ ས་བསྐལ་བ་མ་ཆགས་ཡར་སྔོན་ན།། ","CT":"ཁ   ས་བསྐལ་བ་མ་ཆགས་ཡར་སྔོན་ན།།"}}],[{"phrase":{"AT":"དུད་འགྲོ་སྲོག་དང་རི་དྭགས་མེད།།","KT":"དུད་འགྲོ་སྲོག་དང་རི་དྭགས་མེད།། ","CT":"དུད་འགྲོ་སྲོག་དང་རི་དྭགས་མེད།།"}}],[{"phrase":{"AT":"ས་དང་ནམ་མཁའི་འབུ་སྲིན་མེད།།","KT":"ས་དང་ནམ་མཁའི་འབུ་སྲིན་མེད།། ","CT":"ས་དང་ནམ་མཁའི་འབུ་སྲིན་མེད།།"}}],[{"phrase":{"AT":"དཀོན་མཆོག་བཀའ་ལས་དེ་དག་བྱུང༌།།","KT":"དཀོན་མཆོག་བཀའ་ལས་དེ་དག་བྱུང༌།། ","CT":"དཀོན་མཆོག་བཀའ་ལས་དེ་དག་བྱུང༌།།"}}],[{"phrase":{"AT":"དེ་རང་རང་རིགས་བཞིན་སྤེལ་དུ་བཅུག།","KT":"དེ་རང་རང་རིགས་བཞིན་སྤེལ་དུ་བཅུག། ","CT":"དེ་རང་རང་རིགས་བཞིན་སྤེལ་དུ་བཅུག།"}}],[{"phrase":{"AT":"ཀས་བསྐལ་བ་མ་ཆགས་ཡར་སྔོན་ན།།","KT":"ཀ ས་བསྐལ་བ་མ་ཆགས་ཡར་སྔོན་ན།། ","CT":"ཀས་བསྐལ་བ་མ་ཆགས་ཡར་སྔོན་ན།།"}}],[{"phrase":{"AT":"ཁྱོད་ནི་མེད་ལ་ང་ཡང་མེད།།","KT":"ཁྱོད་ནི་མེད་ལ་ང་ཡང་མེད།། ","CT":"ཁྱེད་ནི་མེད་ལ་ང་ཡང་མེད།།"}}],[{"phrase":{"AT":"འཇིག་རྟེན་མི་རིགས་སུ་ཡིས་མཛད།།","KT":"འཇིག་རྟེན་མི་རིགས་སུ་ཡིས་མཛད།། ","CT":"འཇིག་རྟེན་མི་རིགས་སུ་ཡིས་མཛད།།"}}],[{"phrase":{"AT":"མི་ཡི་གཟུགས་འདི་ཇི་ལྟར་བྱུང༌།།","KT":"མི་ཡི་གཟུགས་འདི་ཇི་ལྟར་བྱུང༌།། ","CT":"མི་ཡི་གཟུགས་འདི་ཇི་ལྟར་བྱུང༌།།"}}],[{"phrase":{"AT":"མི་ཡི་རང་གཤིས་གང་ནས་བྱུང༌།།","KT":"མི་ཡི་རང་གཤིས་གང་ནས་བྱུང༌།། ","CT":"མི་ཡི་རང་གཤིས་གང་ནས་བྱུང༌།།"}}],[{"phrase":{"AT":"ངས་མ་ཤེས་གླུ་བར་དྲིས་ནི་ཡིན།།","KT":"ངས་མ་ཤེས་གླུ་བར་དྲིས་ནི་ཡིན།། ","CT":"ངས་མ་ཤེས་གླུ་བར་དྲིས་ནི་ཡིན།།"}}],[{"phrase":{"AT":"ཁས་བསྐལ་བ་མ་ཆགས་ཡར་སྔོན་ན།།","KT":"undefinedཁ ས་བསྐལ་བ་མ་ཆགས་ཡར་སྔོན་ན།། ","CT":"ཁས་བསྐལ་བ་མ་ཆགས་ཡར་སྔོན་ན།།"}}],[{"phrase":{"AT":"ཁྱོད་ནི་མེད་ལ་ང་ཡང་མེད།།","KT":"ཁྱོད་ནི་མེད་ལ་ང་ཡང་མེད།། ","CT":"ཁྱེད་ནི་མེད་ལ་ང་ཡང་མེད།།"}}],[{"phrase":{"AT":"དཀོན་མཆོག་ཁོང་གི་གཟུགས་བརྙན་ལྟར།།","KT":"དཀོན་མཆོག་ཁོང་གི་གཟུགས་བརྙན་ལྟར།། ","CT":"དཀོན་མཆོག་ཁོང་གིས་གཟུགས་བརྙན་ལྟར།།"}}],[{"phrase":{"AT":"འཇིག་རྟེན་མིའི་རིགས་མཛད་པ་ཡིན།།","KT":"འཇིག་རྟེན་མིའི་རིགས་མཛད་པ་ཡིན།། ","CT":"འཇིག་རྟེན་མིའི་རིགས་མཛད་པ་ཡིན།།"}}],[{"phrase":{"AT":"མི་ཡི་རང་གཤིས་བཟང་པོ་ཡིན།།","KT":"མི་ཡི་རང་གཤིས་བཟང་པོ་ཡིན།། ","CT":"མི་ཡི་རང་གཤིས་བཟང་པོ་ཡིན།།"}}],[{"phrase":{"AT":"ཀས་བསྐལ་བ་མ་ཆགས་ཡར་སྔོན་ན།།","KT":"ཀ ས་བསྐལ་བ་མ་ཆགས་ཡར་སྔོན་ན།། ","CT":"ཀས་བསྐལ་བ་མ་ཆགས་ཡར་སྔོན་ན།།"}}],[{"phrase":{"AT":"ཁྱོད་ནི་མེད་ལ་ང་ཡང་མེད།།","KT":"ཁྱོད་ནི་མེད་ལ་ང་ཡང་མེད།། ","CT":"ཁྱེད་ནི་མེད་ལ་ང་ཡང་མེད།།"}}],[{"phrase":{"AT":"ཕོ་མོའི་དབྱེ་བ་ཇི་ལྟར་བྱུང༌།།","KT":"ཕོ་མོའི་དབྱེ་བ་ཇི་ལྟར་བྱུང༌།། ","CT":"ཕོ་མོའི་དབྱེ་བ་ཇི་ལྟར་བྱུང༌།།"}}],[{"phrase":{"AT":"མི་ཡི་ལས་ཀ་ཅི་ཡིན་ཤོད།།","KT":"མི་ཡི་ལས་ཀ་ཅི་ཡིན་ཤོད།། ","CT":"མི་ཡི་ལས་ཀ་ཅི་ཡིན་ཤོད།།"}}],[{"phrase":{"AT":"བཀའ་ལུང་དང་པོ་ཅི་ཞིག་ཡིན།།","KT":"བཀའ་ལུང་དང་པོ་ཅི་ཞིག་ཡིན།། ","CT":"བཀའ་ལུང་དང་བོ་ཅི་ཞིག་ཡིན།།"}}],[{"phrase":{"AT":"ངས་མ་ཤེས་གླུ་བར་དྲིས་ནི་ཡིན།།","KT":"ངས་མ་ཤེས་གླུ་བར་དྲིས་ནི་ཡིན།། ","CT":"ངས་མ་ཤེས་གླུ་བར་དྲིས་ནི་ཡིན།།"}}],[{"phrase":{"AT":"ཁས་བསྐལ་བ་མ་ཆགས་ཡར་སྔོན་ན།།","KT":"ཁ ས་བསྐལ་བ་མ་ཆགས་ཡར་སྔོན་ན།། ","CT":"ཁས་བསྐལ་བ་མ་ཆགས་ཡར་སྔོན་ན།།"}}],[{"phrase":{"AT":"ཁྱོད་ནི་མེད་ལ་ང་ཡང་མེད།།","KT":"ཁྱོད་ནི་མེད་ལ་ང་ཡང་མེད།། ","CT":"ཁྱེད་ནི་མེད་ལ་ང་ཡང་མེད།།"}}],[{"phrase":{"AT":"ཁོང་གིས་སྔོན་ལ་ཕོ་ཞིག་མཛད།།","KT":"ཁོང་གིས་སྔོན་ལ་ཕོ་ཞིག་མཛད།། ","CT":"ཁོང་གིས་སྔོན་ལ་ཕོ་ཞིག་མཛད།།"}}],[{"phrase":{"AT":"ཕོ་ཡིས་རྩིབ་རུས་གཅིག་བླངས་ནས།།","KT":"ཕོ་ཡིས་རྩིབ་རུས་གཅིག་བླངས་ནས།། ","CT":"    ཕོ་ཡིས་རྩིབས་རུས་གཅིག་བླངས་ནས།།"}}],[{"phrase":{"AT":"སྐྱེས་པ་དེ་ལ་ཆུང་མ་མཛད།།","KT":"སྐྱེས་པ་དེ་ལ་ཆུང་མ་མཛད།། ","CT":"སྐྱེས་པ་དེ་ལ་ཆུང་མ་མཛད།།"}}],[{"phrase":{"AT":"ཕོ་མོ་གཉིས་ཀྱི་ལས་ཀ་དེ།།","KT":"ཕོ་མོ་གཉིས་ཀྱི་ལས་ཀ་དེ།། ","CT":"ཕོ་མོ་གཉིས་ཀྱི་ལས་ཀ་དེ།།"}}],[{"phrase":{"AT":"འཇིག་རྟེན་ཁམས་འདི་སྐྱོང་བ་ཡིན།།","KT":"འཇིག་རྟེན་ཁམས་འདི་སྐྱོང་བ་ཡིན།། ","CT":"འཇིག་རྟེན་ཁམས་འདི་སྐྱོང་བ་ཡིན།།"}}],[{"phrase":{"AT":"བཟང་ངན་ཤེས་བའི་ཤིང་ཏོག་མི་བཟའ།།","KT":"བཟང་ངན་ཤེས་བའི་ཤིང་ཏོག་མི་བཟའ།། ","CT":"བཟང་ངན་ཤེས་བའི་ཤིང་ཏོག་མི་བཟའ།།"}}],[{"phrase":{"AT":"ཁོང་གི་བཀའ་ལུང་དང་པོ་ཡིན།།","KT":"ཁོང་གི་བཀའ་ལུང་དང་པོ་ཡིན།། ","CT":"ཁོང་གིས་བཀའ་ལུང་དང་བོ་ཡིན།།"}}],[{"phrase":{"AT":"ཀས་བསྐལ་བ་མ་ཆགས་ཡར་སྔོན་ན།།","KT":"undefinedཀ ས་བསྐལ་བ་མ་ཆགས་ཡར་སྔོན་ན།། ","CT":"ཀས་བསྐལ་བ་མ་ཆགས་ཡར་སྔོན་ན།།"}}],[{"phrase":{"AT":"སྡིག་པ་མེད་ལ་འཆི་བ་མེད།།","KT":"སྡིག་པ་མེད་ལ་འཆི་བ་མེད།། ","CT":"སྡིག་པ་མེད་ལ་འཆི་བ་མེད།།"}}],[{"phrase":{"AT":"སྡིག་པའི་ཐོག་མ་གང་ནས་བྱུང༌།།","KT":"སྡིག་པའི་ཐོག་མ་གང་ནས་བྱུང༌།། ","CT":"སྡིག་པའི་ཐོག་མ་གང་ནས་བྱུང༌།།"}}],[{"phrase":{"AT":"སྡིག་པའི་འབྲས་བུ་ཅི་ཡིན་ཤོད།།","KT":"སྡིག་པའི་འབྲས་བུ་ཅི་ཡིན་ཤོད།། ","CT":"སྡིག་པའི་འབྲས་བུ་ཅི་ཡིན་ཤོད།།"}}],[{"phrase":{"AT":"ངས་མ་ཤེས་གླུ་བར་དྲིས་ནི་ཡིན།།","KT":"ངས་མ་ཤེས་གླུ་བར་དྲིས་ནི་ཡིན།། ","CT":"ངས་མ་ཤེས་གླུ་བར་དྲིས་ནི་ཡིན།།"}}],[{"phrase":{"AT":"ཁས་བསྐལ་བ་མ་ཆགས་ཡར་སྔོན་ན།།","KT":"ཁ ས་བསྐལ་བ་མ་ཆགས་ཡར་སྔོན་ན།། ","CT":"ཁས་བསྐལ་བ་མ་ཆགས་ཡར་སྔོན་ན།།"}}],[{"phrase":{"AT":"སྡིག་པ་མེད་ལ་འཆི་བ་མེད།།","KT":"སྡིག་པ་མེད་ལ་འཆི་བ་མེད།། ","CT":"སྡིག་པ་མེད་ལ་འཆི་བ་མེད།།"}}],[{"phrase":{"AT":"བཀའ་དང་འགལ་ནས་ཤིང་ཏོག་ཟོས།།","KT":"བཀའ་དང་འགལ་ནས་ཤིང་ཏོག་ཟོས།། ","CT":"བཀའ་དང་འགལ་ནས་ཤིང་ཏོག་ཟོས།།"}}],[{"phrase":{"AT":"སྡིག་པའི་ཐོག་མ་དེ་ནས་བྱུང༌།།","KT":"སྡིག་པའི་ཐོག་མ་དེ་ནས་བྱུང༌།། ","CT":"སྡིག་པའི་ཐོག་མ་དེ་ནས་བྱུང༌།།"}}],[{"phrase":{"AT":"སྡིག་པའི་འབྲས་བུ་འཆི་བ་ཡིན།།","KT":"སྡིག་པའི་འབྲས་བུ་འཆི་བ་ཡིན།། ","CT":"སྡིག་པའི་འབྲས་བུ་འཆི་བ་ཡིན།།"}}],[{"phrase":{"AT":"ཀས་བསྐལ་བ་མ་ཆགས་ཡར་སྔོན་ན།།","KT":"ཀ ས་བསྐལ་བ་མ་ཆགས་ཡར་སྔོན་ན།། ","CT":"ཀས་བསྐལ་བ་མ་ཆགས་ཡར་སྔོན་ན།།"}}],[{"phrase":{"AT":"མི་ལ་ཐར་བ་ཡོད་དམ་མེད།།","KT":"མི་ལ་ཐར་བ་ཡོད་དམ་མེད།། ","CT":"མི་ལ་ཐར་བ་ཡོད་དམ་མེད།།"}}],[{"phrase":{"AT":"སྡིག་པ་སེལ་མཁན་ཡོད་དམ་མེད།།","KT":"སྡིག་པ་སེལ་མཁན་ཡོད་དམ་མེད།། ","CT":"སྡིག་པ་སེལ་མཁན་ཡོད་དམ་མེད།།"}}],[{"phrase":{"AT":"ཐར་ལམ་སྟོན་མཁན་སུ་ཡིན་ཤོད།།","KT":"ཐར་ལམ་སྟོན་མཁན་སུ་ཡིན་ཤོད།། ","CT":"ཐར་ལམ་སྟོན་མཁན་སུ་ཡིན་ཤོད།།"}}],[{"phrase":{"AT":"ངས་མ་ཤེས་གླུ་བར་དྲིས་ནི་ཡིན།།","KT":"ངས་མ་ཤེས་གླུ་བར་དྲིས་ནི་ཡིན།། ","CT":"ངས་མ་ཤེས་གླུ་བར་དྲིས་ནི་ཡིན།།"}}],[{"phrase":{"AT":"ཁས་བསྐལ་བ་མ་ཆགས་ཡར་སྔོན་ན།།","KT":"ཁ ས་བསྐལ་བ་མ་ཆགས་ཡར་སྔོན་ན།། ","CT":"ཁས་བསྐལ་བ་མ་ཆགས་ཡར་སྔོན་ན།།"}}],[{"phrase":{"AT":"འཇིག་རྟེན་མི་ལ་ཐར་བ་མེད།།","KT":"འཇིག་རྟེན་མི་ལ་ཐར་བ་མེད།། ","CT":"འཇིག་རྟེན་མི་ལ་ཐར་བ་མེད།།"}}],[{"phrase":{"AT":"དཀོན་མཆོག་ཐུགས་རྗེ་ཆེན་པོ་ལས།།","KT":"དཀོན་མཆོག་ཐུགས་རྗེ་ཆེན་པོ་ལས།། ","CT":"དཀོན་མཆོག་ཐུགས་རྗེ་ཆེན་པོ་ལས།།"}}],[{"phrase":{"AT":"ལུང་སྟོན་བཞིན་དུ་སྐྱབས་མགོན་ཞིག།","KT":"ལུང་སྟོན་བཞིན་དུ་སྐྱབས་མགོན་ཞིག། ","CT":"ལུང་སྟོན་བཞིན་དུ་སྐྱབས་མགོན་ཞིག།"}}],[{"phrase":{"AT":"མི་ཡི་རིགས་རྒྱུད་བརྒྱུད་ནས་བྱུང༌།།","KT":"མི་ཡི་རིགས་རྒྱུད་བརྒྱུད་ནས་བྱུང༌།། ","CT":"མི་ཡི་རིགས་རྒྱུད་བརྒྱུད་ནས་བྱུང༌།།"}}],[{"phrase":{"AT":"ཁོང་གི་མཚན་ནི་ཡེ་ཤུ་ཡིན།།","KT":"ཁོང་གི་མཚན་ནི་ཡེ་ཤུ་ཡིན།། ","CT":"ཁོང་གི་མཚན་ནི་ཡེ་ཤུ་ཡིན།།"}}],[{"phrase":{"AT":"undefinedཁོང་ནི་ཐར་ལམ་སྟོན་མཁན་ཡིན།།","KT":"undefinedཁོང་ནི་ཐར་ལམ་སྟོན་མཁན་ཡིན།། ","CT":"ཁོང་ནི་ཐར་ལམ་སྟོན་མཁན་ཡིན།།"}}],[{"phrase":{"AT":"སྡིག་པ་ཐམས་ཅད་སེལ་མཁན་ཡིན།།","KT":"སྡིག་པ་ཐམས་ཅད་སེལ་མཁན་ཡིན།། ","CT":"སྡིག་པ་ཐམས་ཅད་སེལ་མཁན་ཡིན།།"}}],[{"phrase":{"AT":"གླུ་ཤེས་ནི་མིན་འདྲ་བདེན་པ་རེད།།","KT":"གླུ་ཤེས་ནི་མིན་འདྲ་བདེན་པ་རེད།། ","CT":"གླུ་དེ་བརྒྱུད་མི་འདྲ་བདེན་པ་རེད།།"}}]],"label":"verse 1","id":1}]},"metadata":[{"AT":"(ཨ་མདོའི་བསྐལ་བ་ཆགས་གླུ།) AT08 158","KT":"undefined(ཨ་མདོའི་བསྐལ་བ་ཆགས་གླུ།) AT08 158 ","CT":"(ཨ་མདོའི་བསྐལ་བ་ཆགས་གླུ།) AT08 158"}]}