{"title":{"AT":"27.ང་ཚོའི་སྙིང་ནས་བརྩེ་བའི།","KT":"27. ང་ཚོའི་སྙིང་ནས་བརྩེ་བའི། ","CT":"27.ང་ཚོའི་སྙིང་ནས་བརྩེ་བའི།"},"author":"*","key":"*","lyrics":{"Verse":[{"line":[[{"phrase":{"AT":"ང་ཚོའི་སྙིང་ནས་བརྩེ་བའི།། ","KT":" ང་ཚོའི་སྙིང་ནས་བརྩེ་བའི། ","CT":"ང་ཚོའི་སྙིང་ནས་བརྩེ་བའི། "}}],[{"phrase":{"AT":"འདྲེན་མཛད་སྐྱབས་མགོན་ཡེ་ཤུ།།","KT":"འདྲེན་པའི་སྐྱབས་མགོན་ཡེ་ཤུ། ","CT":"འདྲེན་པའི་སྐྱབས་མགོན་ཡེ་ཤུ།"}}],[{"phrase":{"AT":"བློ་སེམས་གཅིག་ཏུ་གཏད་ནས།། ","KT":"བློ་སེམས་གཅིག་ཏུ་གཏད་ནས། ","CT":"བློ་སེམས་གཅིག་ཏུ་གཏད་ནས། "}}],[{"phrase":{"AT":"རེ་བའི་འབྲས་བུ་སྨིན་སོང་།།","KT":"རེ་བའི་འབྲས་བུ་སྨིན་སོང་། ","CT":"རེ་བའི་འབྲས་བུ་སྨིན་སོང་།"}}]],"label":"verse 1","id":1},{"line":[[{"phrase":{"AT":"ོང་ལ་དད་མོས་ཞུས་ནས།།","KT":"ཁོང་ལ་དད་མོས་ཞུས་ནས། ","CT":"ོང་ལ་དད་མོས་ཞུས་ནས།"}}],[{"phrase":{"AT":"སྡིག་ཅན་མི་རིགས་ཀུན་གྱི།། ","KT":"སྡིག་ཅན་མི་རིགས་ཀུན་གྱི། ","CT":"སྡིག་ཅན་མི་རིགས་ཀུན་གྱི། "}}],[{"phrase":{"AT":"མེས་པོའི་རྒྱུད་ནས་བསགས་པའི།།","KT":"མེས་པོའི་རྒྱུད་ནས་བསགས་པའི། ","CT":"མེས་པོའི་བརྒྱུད་ནས་བསགས་པའི།"}}],[{"phrase":{"AT":"སྡིག་སྒྲིབ་ཚང་མ་དག་སོང་།།  ","KT":"སྡིག་སྒྲིབ་ཚང་མ་བསལ་སོང་། ","CT":"ལུས་ངག་སྡིག་སྒྲིབ་བསལ་སོང་།  "}}],[{"phrase":{"AT":"འཛམ་གླིང་མི་རིགས་ཐམས་ཅད།། ","KT":"འཛམ་གླིང་མི་རིགས་ཐམས་ཅད། ","CT":"འཛམ་གླིང་མི་རིགས་ཐམས་ཅད། "}}],[{"phrase":{"AT":"སྡིག་པའི་གཡུལ་ལས་རྒྱལ་ཕྱིར།།","KT":"སྡིག་པའི་གཡུལ་ལས་རྒྱལ་ཕྱིར། ","CT":"སྡིག་པའི་གཡུལ་ལས་རྒྱལ་ཕྱིར།"}}],[{"phrase":{"AT":"རང་གཤིས་རྙིང་བའི་སྡིག་པ།།","KT":"རང་གཤིས་རྙིང་པའི་སྡིག་པ། ","CT":"རང་གཤིས་རྙིང་པའི་སྡིག་པ།"}}],[{"phrase":{"AT":"སྤངས་ནས་གཙོ་བོའི་དྲུང་དུ་འགྲོ་ཆོག། ༢ ","KT":"སྤངས་ནས་གཙོ་བོའི་དྲུང་དུ་འགྲོ་ཆོག ༢ ","CT":"སྤངས་ནས་གཙོ་བོའི་དྲུང་དུ་འགྲོ་ཆོག ༢ "}}]],"label":"verse 2","id":2},{"line":[[{"phrase":{"AT":"ཡེ་ཤུར་འགྱོད་བཤགས་འབུལ་ན།།","KT":" ཡེ་ཤུར་འགྱོད་བཤགས་འབུལ་ན། ","CT":"ཡེ་ཤུར་འགྱོད་བཤགས་ཕུལ་ན།"}}],[{"phrase":{"AT":"ཁོང་གིས་མི་བཞེས་མི་འདུག།","KT":"ཁོང་གིས་སྲུང་སྐྱོབས་བྱེད་ངེས། ","CT":"ཁོང་གིས་མི་བཞེས་མི་འདུག"}}],[{"phrase":{"AT":"ཡིད་འོང་ཅན་གྱི་ཞིང་ལ།།","KT":"ཡིད་འོང་ཅན་གྱི་ཞིང་ལ། ","CT":"ཡིད་འོང་ཅན་གྱི་ཞིང་ལ།"}}],[{"phrase":{"AT":"འགྲོ་ན་མི་བསླེབས་མི་འདུག།","KT":"འགྲོ་ན་བཀག་འགོག་མི་འདུག ","CT":"འགྲོ་ན་བཀག་འགོག་མི་འདུག"}}]],"label":"verse 3","id":3},{"line":[[{"phrase":{"AT":"དགའ་དགའ་སྤྲོ་སྤྲོ་གནོངས་དང་།།","KT":" དགའ་དགའ་སྤྲོ་སྤྲོ་གནང་དང་། ","CT":"དགའ་དགའ་སྤྲོ་སྤྲོ་གནང་དང་།"}}],[{"phrase":{"AT":"ཐར་བའི་ལམ་དུ་འགྲོ་ཆོག།","KT":"ཐར་བའི་ལམ་ལ་འགྲོ་ཆོག ","CT":"ཐར་པའི་ལམ་ལ་འགྲོ་ཆོག"}}],[{"phrase":{"AT":"ཚེ་འདིར་སྣང་བ་སྐྱིད་ཅིང་།། ","KT":"ཚེ་འདིར་སྣང་བ་སྐྱིད་པ། ","CT":"ཚེ་འདིར་སྣང་བ་སྐྱིད་པ། "}}],[{"phrase":{"AT":"ཕྱི་མ་ཡབ་ཀྱི་དྲུང་དུ།།","KT":"ཕྱི་མ་ཡབ་ཀྱི་དྲུང་དུ། ","CT":"ཕྱི་མ་ཡབ་ཀྱི་དྲུང་དུ།"}}],[{"phrase":{"AT":"དགའ་དགའ་སྤྲོ་སྤྲོ་ངང་ནས།།","KT":"དགའ་དགའ་སྤྲོ་སྤྲོ་ངང་ནས། ","CT":"དགའ་དགའ་སྤྲོ་སྤྲོ་ངང་ནས།"}}]],"label":"verse 4","id":4},{"line":[[{"phrase":{"AT":"ཡབ་ཆེན་དཀོན་མཆོག་མཇལ་ཡོང་།།","KT":"བ་ཆེན་དཀོན་མཆོག་མཇལ་ཡོང་། ","CT":"བ་ཆེན་དཀོན་མཆོག་མཇལ་ཡོང་།"}}],[{"phrase":{"AT":"ཡེ་ཤུར་དད་མོས་ཞུས་པས།།","KT":"ཡེ་ཤུར་དད་མོས་ཞུས་པས། ","CT":"ཡེ་ཤུར་དད་མོས་ཞུས་པས།"}}],[{"phrase":{"AT":"སྐྱེ་བ་གསར་བ་ཐོབ་བྱུང་།། ༢","KT":"སྐྱེ་བ་གསར་པ་ཐོབ་བྱུང་། ༢ ","CT":"སྐྱེ་བ་གསར་པ་ཐོབ་བྱུང་།། ༢"}}]],"label":"verse 5","id":5}]},"metadata":[{"AT":"(བོད་པའི་བསྟོད་དབྱངས།)","KT":"(བོད་པའི་བསྟོད་དབྱངས།) ","CT":"(བོད་པའི་བསྟོད་དབྱངས།)"}]}