{"title":{"AT":"270.གསུང་མགུར51།","KT":"270. གསུང་མགུར 51། ","CT":"270.གསུང་མགུར་51།"},"author":"*","key":"*","lyrics":{"Verse":[{"line":[[{"phrase":{"AT":"ཀྱེ་ཀྱེ་བླ་མེད་དཀོན་མཆོག","KT":"ཀྱེ་ཀྱེ་བླ་མེད་དཀོན་མཆོག ","CT":"ཀྱེ་ཀྱེ་བླ་མེད་དཀོན་མཆོག"}}],[{"phrase":{"AT":"བདག་ལ་ཡིད་སེམས་གཙང་མ།","KT":"བདག་ལ་ཡིད་སེམས་གཙང་མ། ","CT":"བདག་ལ་ཡིད་སེམས་གཙང་མ།"}}],[{"phrase":{"AT":"ངེས་པར་མཛོད་ཅིག་དཀོན་མཆོག","KT":"ངེས་པར་མཛོད་ཅིག་དཀོན་མཆོག ","CT":"ངེས་པར་མཛོད་ཅིག་དཀོན་མཆོག"}}],[{"phrase":{"AT":"ཨོ། ཡིད་སེམས་བརྟན་པོར་གནང་རོགས། ","KT":"ཨོ། ཡིད་སེམས་བརྟན་པོར་གནང་རོགས། ","CT":"ཨོ། ཡིད་སེམས་བརྟན་པོར་གནང་རོགས། "}}],[{"phrase":{"AT":"ཡིད་སེམས་བརྟན་པོར་གནང་རོགས།","KT":"ཡིད་སེམས་བརྟན་པོར་གནང་རོགས། ","CT":"ཡིད་སེམས་བརྟན་པོར་གནང་རོགས།"}}],[{"phrase":{"AT":"བདག་ནི་སྐྲོད་པར་མི་མཛོད།","KT":"བདག་ནི་སྐྲོད་པར་མི་མཛོད། ","CT":"བདག་ནི་སྐྲོད་པར་མི་མཛོད།"}}],[{"phrase":{"AT":"ཁྱེད་དང་འབྲལ་བར་མི་མཛོད།","KT":"ཁྱེད་དང་འབྲལ་བར་མི་མཛོད། ","CT":"ཁྱེད་དང་འབྲལ་བར་མི་མཛོད།"}}],[{"phrase":{"AT":"ཨོ། བདག་གི་སེམས་ལས་ཐུགས་ཉིད།","KT":"ཨོ། བདག་གི་སེམས་ལས་ཐུགས་ཉིད། ","CT":"ཨོ། བདག་གི་སེམས་ལས་ཐུགས་ཉིད།"}}],[{"phrase":{"AT":"ཨོ། སླར་ཡང་ལེན་པར་མི་མཛོད། ","KT":"ཨོ། སླར་ཡང་ལེན་པར་མི་མཛོད། ","CT":"ཨོ། སླར་ཡང་ལེན་པར་མི་མཛོད། "}}],[{"phrase":{"AT":"སླར་ཡང་ལེན་པར་མི་མཛོད།","KT":"སླར་ཡང་ལེན་པར་མི་མཛོད། ","CT":"སླར་ཡང་ལེན་པར་མི་མཛོད།"}}],[{"phrase":{"AT":"བདག་ལ་ཐར་བའི་དགའ་སྤྲོ།","KT":"བདག་ལ་ཐར་བའི་དགའ་སྤྲོ། ","CT":"བདག་ལ་ཐར་བའི་དགའ་སྤྲོ།"}}],[{"phrase":{"AT":"ཐུགས་ཉིད་སླར་ཡང་གནང་རོགས།","KT":"ཐུགས་ཉིད་སླར་ཡང་གནང་རོགས། ","CT":"ཐུགས་ཉིད་སླར་ཡང་གནང་རོགས།"}}],[{"phrase":{"AT":"ཐར་བའི་ཆོས་ལ་བརྟེན་ཕྱིར།","KT":"ཐར་བའི་ཆོས་ལ་བརྟེན་ཕྱིར། ","CT":"ཐར་བའི་ཆོས་ལ་བརྟེན་ཕྱིར།"}}],[{"phrase":{"AT":"ཨོ། སྡིག་ཅན་བསླབ་བྱ་བསྟན་ནས།","KT":"ཨོ། སྡིག་ཅན་བསླབ་བྱ་བསྟན་ནས། ","CT":"ཨོ། སྡིག་ཅན་བསླབ་བྱ་བསྟན་ནས།"}}],[{"phrase":{"AT":"ཉེས་ཅན་ཁྱེད་ཕྱོགས་འཁོར་ཡོང༌།","KT":"ཉེས་ཅན་ཁྱེད་ཕྱོགས་འཁོར་ཡོང༌། ","CT":"ཉེས་ཅན་ཁྱེད་ཕྱོགས་འཁོར་ཡོང༌།།"}}]],"label":"verse 1","id":1}]},"metadata":[{"AT":"(ཨ་མདོའི་སྐྱོ་གླུ།) AT08 153","KT":"undefined(ཨ་མདོའི་སྐྱོ་གླུ།) AT08 153 ","CT":"(ཨ་མདོའི་སྐྱོ་གླུ།) AT08 153"}]}