{"title":{"AT":"271.གསུང་མགུར67། ","KT":"undefined271. གསུང་མགུར 67། ","CT":"271.གསུང་མགུར་67། "},"author":"*","key":"*","lyrics":{"Verse":[{"line":[[{"phrase":{"AT":"ྱེད་ལས་མཐོ་བའི་དཀོན་མཆོག་མེད།","KT":"ཁྱེད་ལས་མཐོ་བའི་དཀོན་མཆོག་མེད། ","CT":"ྱེད་ལས་མཐོ་བའི་དཀོན་མཆོག་མེད།"}}],[{"phrase":{"AT":"ཁྱེད་ནི་བྱམས་པ་ཆེན་པོ་ཡིན།","KT":"ཁྱེད་ནི་བྱམས་པ་ཆེན་པོ་ཡིན། ","CT":"ཁྱེད་ནི་བྱམས་པ་ཆེན་པོ་ཡིན།"}}],[{"phrase":{"AT":"ང་ཚོར་བྱིན་གྱིས་རླབས་རོགས་གནང་།","KT":"ང་ཚོར་བྱིན་གྱིས་རླབས་རོགས་གནང་། ","CT":"ང་ཚོར་བྱིན་གྱིས་རླབས་རོགས་གནང་།"}}],[{"phrase":{"AT":"ཁྱེད་ཀྱི་ཞལ་མཇལ་གསུང་ཐོས་ཤོག","KT":"ཁྱེད་ཀྱི་ཞལ་མཇལ་གསུང་ཐོས་ཤོག ","CT":"ཁྱེད་ཀྱི་ཞལ་མཇལ་གསུང་ཐོས་ཤོག"}}],[{"phrase":{"AT":"འཇིག་རྟེན་མི་རིགས་ཐམས་ཅད་ཀྱིས།","KT":"འཇིག་རྟེན་མི་རིགས་ཐམས་ཅད་ཀྱིས། ","CT":"འཇིག་རྟེན་མི་རིགས་ཐམས་ཅད་ཀྱིས།"}}],[{"phrase":{"AT":"ཁྱེད་ལ་བསྟོད་པ་འབུལ་བར་ཤོག ༢","KT":"ཁྱེད་ལ་བསྟོད་པ་འབུལ་བར་ཤོག ༢ ","CT":"ཁྱེད་ལ་བསྟོད་པ་འབུལ་བར་ཤོག ༢"}}]],"label":"verse 1","id":1},{"line":[[{"phrase":{"AT":"ྱེད་ལས་མཐོ་བའི་དཀོན་མཆོག་མེད།","KT":"ཁྱེད་ལས་མཐོ་བའི་དཀོན་མཆོག་མེད། ","CT":"ྱེད་ལས་མཐོ་བའི་དཀོན་མཆོག་མེད།"}}],[{"phrase":{"AT":"མི་རིགས་ཡོངས་ལ་བྱིན་གྱིས་རློབས།","KT":"མི་རིགས་ཡོངས་ལ་བྱིན་གྱིས་རློབས། ","CT":"མི་རིགས་ཡོངས་ལ་བྱིན་གྱིས་རློབས།"}}],[{"phrase":{"AT":"ཁྱེད་ཀྱི་ཐར་ལམ་སྟོན་རོགས་གནང་།","KT":"ཁྱེད་ཀྱི་ཐར་ལམ་སྟོན་རོགས་གནང་། ","CT":"ཁྱེད་ཀྱི་ཐར་ལམ་སྟོན་རོགས་གནང་།"}}],[{"phrase":{"AT":"ཁྱེད་ཀྱི་རྒྱལ་སྲིད་ཡོང་བར་ཤོག","KT":"ཁྱེད་ཀྱི་རྒྱལ་སྲིད་ཡོང་བར་ཤོག ","CT":"ཁྱེད་ཀྱི་རྒྱལ་སྲིད་ཡོང་བར་ཤོག"}}],[{"phrase":{"AT":"འཇིག་རྟེན་མི་རིགས་ཐམས་ཅད་ཀྱིས།","KT":"འཇིག་རྟེན་མི་རིགས་ཐམས་ཅད་ཀྱིས། ","CT":"འཇིག་རྟེན་མི་རིགས་ཐམས་ཅད་ཀྱིས།"}}],[{"phrase":{"AT":"ཁྱེད་ལ་བསྟོད་པ་འབུལ་བར་ཤོག ༢","KT":"ཁྱེད་ལ་བསྟོད་པ་འབུལ་བར་ཤོག ༢ ","CT":"ཁྱེད་ལ་བསྟོད་པ་འབུལ་བར་ཤོག ༢"}}]],"label":"verse 2","id":2},{"line":[[{"phrase":{"AT":"ྱེད་ལས་མཐོ་བའི་དཀོན་མཆོག་མེད།","KT":"ཁྱེད་ལས་མཐོ་བའི་དཀོན་མཆོག་མེད། ","CT":"ྱེད་ལས་མཐོ་བའི་དཀོན་མཆོག་མེད།"}}],[{"phrase":{"AT":"མི་རིགས་ཡོངས་ལ་ལམ་སྟོན་གནང་།","KT":"མི་རིགས་ཡོངས་ལ་ལམ་སྟོན་གནང་། ","CT":"མི་རིགས་ཡོངས་ལ་ལམ་སྟོན་གནང་།"}}],[{"phrase":{"AT":"ཁྱེད་ལ་བསྟོད་པའི་གླུ་དབྱངས་འབུལ།","KT":"ཁྱེད་ལ་བསྟོད་པའི་གླུ་དབྱངས་འབུལ། ","CT":"ཁྱེད་ལ་བསྟོད་པའི་གླུ་དབྱངས་ཕུལ།"}}],[{"phrase":{"AT":"རབ་ཏུ་དགའ་བའི་བསྟོད་དབྱངས་འབུལ།","KT":"རབ་ཏུ་དགའ་བའི་བསྟོད་དབྱངས་འབུལ། ","CT":"རབ་ཏུ་དགའ་བའི་བསྟོད་དབྱངས་ཕུལ།"}}],[{"phrase":{"AT":"འཇིག་རྟེན་མི་རིགས་ཐམས་ཅད་ཀྱིས།","KT":"འཇིག་རྟེན་མི་རིགས་ཐམས་ཅད་ཀྱིས། ","CT":"འཇིག་རྟེན་མི་རིགས་ཐམས་ཅད་ཀྱིས།"}}],[{"phrase":{"AT":"ཁྱེད་ལ་བསྟོད་པ་འབུལ་བར་ཤོག  ༢","KT":"ཁྱེད་ལ་བསྟོད་པ་འབུལ་བར་ཤོག ༢ ","CT":"ཁྱེད་ལ་བསྟོད་པ་འབུལ་བར་ཤོག ། ༢"}}]],"label":"verse 3","id":3}]},"metadata":[{"AT":"(དབུས་གཙང་གི་བསྟོད་དབྱངས།)","KT":"undefined(དབུས་གཙང་གི་བསྟོད་དབྱངས།) ","CT":"(དབུས་གཙང་གི་བསྟོད་དབྱངས།)"}]}