{"title":{"AT":"272.གསུང་མགུར95།","KT":"undefined272. གསུང་མགུར 95། ","CT":"272.གསུང་མགུར་95།"},"author":"*","key":"*","lyrics":{"Verse":[{"line":[[{"phrase":{"AT":"ཤོག་ཤོག་ཤོག་ཤོག  སྤུན་ཟླ་ཚོ། ","KT":" ཤོག་ཤོག་ཤོག་ཤོག སྤུན་ཟླ་ཚོ། ","CT":"ཤོག་ཤོག་ཤོག་ཤོག  སྤུན་ཟླ་ཚོ། "}}],[{"phrase":{"AT":"ཡ་ཧོ་ཝཱ་ལ་བསྟོད་དབྱངས་ཕུལ། བསྟོད་དབྱངས་ཕུལ།","KT":"ཡ་ཧོ་ཝ་ལ་བསྟོད་དབྱངས་ཕུལ། བསྟོད་དབྱངས་ཕུལ། ","CT":"ཡ་ཧོ་ཝཱ་ལ་བསྟོད་དབྱངས་ཕུལ། བསྟོད་དབྱངས་ཕུལ།"}}],[{"phrase":{"AT":"རང་ཅག་སྐྱོབ་པའི་བྲག་རི་ཆེན་པོ་ལ་ཡེ།","KT":"རང་ཅག་སྐྱོབ་པའི་བྲག་རི་ཆེན་པོ་ལ་ཡེ། ","CT":"རང་ཅག་སྐྱོབ་པའི་བྲག་རི་ཆེན་པོ་ལ་ཡེ།"}}],[{"phrase":{"AT":"དགའ་ཞིང་སྤྲོ་བའི་ཀི་སྒྲ་ཡང་ཡང་སྒྲོགས། ཡང་ཡང་སྒྲོགས།","KT":"དགའ་ཞིང་སྤྲོ་བའི་ཀི་སྒྲ་ཡང་ཡང་སྒྲོགས། ཡང་ཡང་སྒྲོགས། ","CT":"དགའ་ཞིང་སྤྲོ་བའི་ཀི་སྒྲ་ཡང་ཡང་སྒྲོགས། ཡང་ཡང་སྒྲོགས།"}}],[{"phrase":{"AT":"རང་ཅག་རྣམས་ཀྱིས་ཁོང་ལ་དྲིན་ལན་འཇལ། སྤུན་ཟླ་ཚོ།","KT":"རང་ཅག་རྣམས་ཀྱིས་ཁོང་ལ་དྲིན་ལན་འཇལ། སྤུན་ཟླ་ཚོ། ","CT":"རང་ཅག་རྣམས་ཀྱིས་ཁོང་ལ་དྲིན་ལན་མཇལ། སྤུན་ཟླ་ཚོ།"}}],[{"phrase":{"AT":"སྙན་ཚིག་ལམ་ནས་ཁོང་ལ་བསྟོད་བསྔགས་བརྗོད། ","KT":"སྙན་ཚིག་ལམ་ནས་ཁོང་ལ་བསྟོད་བསྔགས་བརྗོད། ","CT":"སྙན་ཚིག་ལམ་ནས་ཁོང་ལ་བསྟོད་བསྔགས་བརྗོད། "}}],[{"phrase":{"AT":"བསྟོད་བསྔགས་བརྗོད།","KT":"བསྟོད་བསྔགས་བརྗོད། ","CT":"བསྟོད་བསྔགས་བརྗོད།"}}]],"label":"verse 1","id":1},{"line":[[{"phrase":{"AT":"ལྟོས་ལྟོས་ལྟོས་ལྟོས། སྤུན་ཟླ་ཚོ། ","KT":" ལྟོས་ལྟོས་ལྟོས་ལྟོས། སྤུན་ཟླ་ཚོ། ","CT":"ལྟོས་ལྟོས་ལྟོས་ལྟོས། སྤུན་ཟླ་ཚོ། "}}],[{"phrase":{"AT":"ཡ་ཧོ་ཝཱ་ནི་དཀོན་མཆོག་ཆེན་པོ་རེད། ཆེན་པོ་རེད།","KT":"ཡ་ཧོ་ཝ་ནི་དཀོན་མཆོག་ཆེན་པོ་རེད། ཆེན་པོ་རེད། ","CT":"ཡ་ཧོ་ཝཱ་ནི་དཀོན་མཆོག་ཆེན་པོ་རེད། ཆེན་པོ་རེད།"}}],[{"phrase":{"AT":"ལྷ་ཚོགས་ཀུན་ལས་མཆོག་གྱུར་རྒྱལ་པོ་ཡིན། ","KT":"ལྷ་ཚོགས་ཀུན་ལས་མཆོག་གྱུར་རྒྱལ་པོ་ཡིན། ","CT":"ལྷ་ཚོགས་ཀུན་ལས་མཆོག་གྱུར་རྒྱལ་པོ་ཡིན། "}}],[{"phrase":{"AT":"བླ་ན་འཕགས་ཤིང་ངོ་མཚར་ཆེ་བའི་ཕྱིར། ཆེ་བའི་ཕྱིར།","KT":"བླ་ན་འཕགས་ཤིང་ངོ་མཚར་ཆེ་བའི་ཕྱིར། ཆེ་བའི་ཕྱིར། ","CT":"བླ་ན་འཕགས་ཤིང་ངོ་མཚར་ཆེ་བའི་ཕྱིར། ཆེ་བའི་ཕྱིར།"}}],[{"phrase":{"AT":"ས་གཞིའི་ནང་སྙིང་ཁོང་གི་ཕྱག་ཏུ་མཆིས། སྤུན་ཟླ་ཚོ།","KT":"ས་གཞིའི་ནང་སྙིང་ཁོང་གི་ཕྱག་ཏུ་མཆིས། སྤུན་ཟླ་ཚོ། ","CT":"ས་གཞིའི་ནང་སྙིང་ཁོང་གི་ཕྱག་ཏུ་མཆིས། སྤུན་ཟླ་ཚོ།"}}],[{"phrase":{"AT":"རི་རྩེ་མཐོན་པོ་དག་ཀྱང་ཁོང་ལ་དབང༌། ཁོང་ལ་དབང༌།","KT":"རི་རྩེ་མཐོན་པོ་དག་ཀྱང་ཁོང་ལ་དབང༌། ཁོང་ལ་དབང༌། ","CT":"རི་རྩེ་མཐོན་པོ་དག་ཀྱང་ཁོང་ལ་དབང༌། ཁོང་ལ་དབང༌།"}}]],"label":"verse 2","id":2},{"line":[[{"phrase":{"AT":"ལྟོས་ལྟོས་ལྟོས་ལྟོས། ཡུལ་མི་ཚོ། ","KT":" ལྟོས་ལྟོས་ལྟོས་ལྟོས། ཡུལ་མི་ཚོ། ","CT":"ལྟོས་ལྟོས་ལྟོས་ལྟོས། ཡུལ་མི་ཚོ། "}}],[{"phrase":{"AT":"རྒྱ་མཚོ་ཆེན་པོ་ཁོང་ལ་དབང་བ་སྟེ། དབང་བ་སྟེ།","KT":"རྒྱ་མཚོ་ཆེན་པོ་ཁོང་ལ་དབང་བ་སྟེ། དབང་བ་སྟེ། ","CT":"རྒྱ་མཚོ་ཆེན་པོ་ཁོང་ལ་དབང་བ་སྟེ། དབང་བ་སྟེ།"}}],[{"phrase":{"AT":"ཁོང་གིས་དངོས་སུ་བསྐྲུན་པའི་རྒྱ་མཚོ་ལགས།","KT":"ཁོང་གིས་དངོས་སུ་བསྐྲུན་པའི་རྒྱ་མཚོ་ལགས། ","CT":"ཁོང་གིས་དངོས་སུ་བཀོད་པའི་རྒྱ་མཚོ་ལགས།"}}],[{"phrase":{"AT":"སྐམ་ས་ཆེན་པོ་སོགས་ཀྱང་ཁོང་གིས་བསྐྲུན། ","KT":"སྐམ་ས་ཆེན་པོ་སོགས་ཀྱང་ཁོང་གིས་བསྐྲུན། ","CT":"སྐམ་ས་ཆེན་པོ་སོགས་ཀྱང་ཁོང་གིས་བཀོད། "}}],[{"phrase":{"AT":"ཁོང་གིས་བསྐྲུན།","KT":"ཁོང་གིས་བསྐྲུན། ","CT":"ཁོང་གིས་བཀོད།"}}],[{"phrase":{"AT":"ང་ཚོ་ཚང་མ་ཁོང་གིས་བསྐྲུན་པ་རེད། ཡུལ་མི་ཚོ།","KT":"ང་ཚོ་ཚང་མ་ཁོང་གིས་བསྐྲུན་པ་རེད། ཡུལ་མི་ཚོ། ","CT":"ང་ཚོ་ཚང་མ་ཁོང་གིས་བཀོད་པ་རེད། ཡུལ་མི་ཚོ།"}}],[{"phrase":{"AT":"ང་ཚོ་ཚང་མས་ཁོང་ལ་བསྟོད་པ་འབུལ། བསྟོད་པ་འབུལ།","KT":"ང་ཚོ་ཚང་མས་ཁོང་ལ་བསྟོད་པ་འབུལ། བསྟོད་པ་འབུལ། ","CT":"ང་ཚོ་ཚང་མས་ཁོང་ལ་བསྟོད་པ་འབུལ། བསྟོད་པ་འབུལ།།"}}]],"label":"verse 3","id":3}]},"metadata":[{"AT":"(ཨ་མདོའི་བསྟོད་དབྱངས།) AT08 154","KT":"undefined(ཨ་མདོའི་བསྟོད་དབྱངས།) AT08 154 ","CT":"(ཨ་མདོའི་བསྟོད་དབྱངས།) AT08 154"}]}