{"title":{"AT":"273.གསུང་མགུར103།","KT":"undefined273. གསུང་མགུར 103། ","CT":"273.གསུང་མགུར་103།"},"author":"*","key":"*","lyrics":{"Verse":[{"line":[[{"phrase":{"AT":"ང་ཡི་སེམས་ཀྱིས་ཡ་ཧོ་ཝཱ་ལ་བསྟོད།","KT":" ང་ཡི་སེམས་ཀྱིས་ཡ་ཧོ་ཝ་ལ་བསྟོད། ","CT":"ང་ཡི་སེམས་ཀྱིས་ཡ་ཧོ་ཝཱ་ལ་བསྟོད།"}}],[{"phrase":{"AT":"ཁོང་གི་བཀའ་དྲིན་གཏན་ནས་བརྗེད་མི་རུང་།","KT":"ཁོང་གི་བཀའ་དྲིན་གཏན་ནས་བརྗེད་མི་རུང་། ","CT":"ཁོང་གི་བཀའ་དྲིན་གཏན་ནས་བརྗེད་མི་རུང་།"}}],[{"phrase":{"AT":"ཁོང་གིས་ང་ཡི་སྡིག་པ་ཐམས་ཅད་བསལ་ཞིང་།","KT":"ཁོང་གིས་ང་ཡི་སྡིག་པ་ཐམས་ཅད་བསལ་ཞིང་། ","CT":"ཁོང་གིས་ང་ཡི་སྡིག་པ་ཐམས་ཅད་སེལ་ཞིང་།"}}],[{"phrase":{"AT":"ང་རང་ན་ཚ་ཀུན་ལས་ཡོངས་སུ་དྲག་པར་མཛད།","KT":"ང་རང་ན་ཚ་ཀུན་ལས་ཡོངས་སུ་དྲག་པར་མཛད། ","CT":"ང་རང་ནད་གཞི་ཀུན་ལས་ཡོངས་སུ་དྲག་པར་མཛད།"}}],[{"phrase":{"AT":"ཨོ་་་་་་་་ཨོ།  དཀོན་མཆོག་ཡ་ཝཱེ།","KT":"ཨོ་་་་་་་་ཨོ། དཀོན་མཆོག་ཡ་ཝཱེ། ","CT":"ཨོ་་་་་་་་ཨོ།  དཀོན་མཆོག་ཡ་ཝེ།"}}],[{"phrase":{"AT":"ང་ཡི་སེམས་ཀྱིས་དཀོན་མཆོག་ལ་བསྟོད།","KT":"ང་ཡི་སེམས་ཀྱིས་དཀོན་མཆོག་ལ་བསྟོད། ","CT":"ང་ཡི་སེམས་ཀྱིས་དཀོན་མཆོག་ལ་བསྟོད།"}}],[{"phrase":{"AT":"ཁོང་གི་བཀའ་དྲིན་བརྗེད་མི་རུང་།  ","KT":"ཁོང་གི་བཀའ་དྲིན་བརྗེད་མི་རུང་། ","CT":"ཁོང་གི་བཀའ་དྲིན་བརྗེད་མི་རུང་།  "}}],[{"phrase":{"AT":"གཏན་ནས་བརྗེད་མི་རུང་།","KT":"གཏན་ནས་བརྗེད་མི་རུང་། ","CT":"གཏན་ནས་བརྗེད་མི་རུང་།"}}],[{"phrase":{"AT":"ཁོང་གིས་ང་རང་འཆི་བ་ནས་བསྐྱབས།","KT":"ཁོང་གིས་ང་རང་འཆི་བ་ནས་བསྐྱབས། ","CT":"ཁོང་གིས་ང་རང་འཆི་བ་ནས་བསྐྱབས།"}}],[{"phrase":{"AT":"བྱམས་དང་སྙིང་རྗེ་ང་ཡི་ཅོད་པན་དུ་གནང་།","KT":"བྱམས་དང་སྙིང་རྗེ་ང་ཡི་ཅོད་པན་དུ་གནང་། ","CT":"བྱམས་དང་སྙིང་རྗེ་ང་ཡི་ཅོད་པན་དུ་གནང་།"}}]],"label":"verse 1","id":1},{"line":[[{"phrase":{"AT":"ོང་གིས་ང་ལ་བཅངས་པའི་བྱམས་བརྩེ་དེ་ནི།","KT":"ཁོང་གིས་ང་ལ་བཅངས་པའི་བྱམས་བརྩེ་དེ་ནི། ","CT":"ོང་གིས་ང་ལ་བཅངས་པའི་བྱམས་བརྩེ་དེ་ནི།"}}],[{"phrase":{"AT":"ནམ་མཁའི་དབྱིངས་ལས་ཤིན་ཏུ་མཐོ་བ་ཡིན།","KT":"ནམ་མཁའི་དབྱིངས་ལས་ཤིན་ཏུ་མཐོ་བ་ཡིན། ","CT":"ནམ་མཁའི་དབྱིངས་ལས་ཤིན་ཏུ་མཐོ་བ་ཡིན།"}}],[{"phrase":{"AT":"ཁོང་གིས་ང་ཡི་སྡིག་པ་ང་དང་གྱེས་པར་མཛད།","KT":"ཁོང་གིས་ང་ཡི་སྡིག་པ་ང་དང་གྱེས་པར་མཛད། ","CT":"ཁོང་གིས་ང་ཡི་སྡིག་པ་ང་དང་གྱེས་པར་མཛད།"}}],[{"phrase":{"AT":"ཤར་ནུབ་གཉིས་ཀྱི་བར་ཐག་བཞིན་ཏུ་གྱེས་པར་མཛད།","KT":"ཤར་ནུབ་གཉིས་ཀྱི་བར་ཐག་བཞིན་ཏུ་གྱེས་པར་མཛད། ","CT":"ཤར་ནུབ་གཉིས་ཀྱི་བར་ཐག་བཞིན་ཏུ་གྱེས་པར་མཛད།"}}],[{"phrase":{"AT":"ཨོ་་་་་ཨོ།  དཀོན་མཆོག་ཡ་ཝཱེ།","KT":"ཨོ་་་་་ཨོ། དཀོན་མཆོག་ཡ་ཝཱེ། ","CT":"ཨོ་་་་་ཨོ།  དཀོན་མཆོག་ཡ་ཝེ།"}}],[{"phrase":{"AT":"ཁྱེད་ནི་སྙིང་རྗེའི་བྱམས་པ་དང་ལྡན།","KT":"ཁྱེད་ནི་སྙིང་རྗེའི་བྱམས་པ་དང་ལྡན། ","CT":"ཁྱེད་ནི་སྙིང་རྗེའི་བྱམས་པ་དང་ལྡན།"}}],[{"phrase":{"AT":"ཕུན་སུམ་ཚོགས་པའི་ཐུགས་རྗེ་ཡོད།  ","KT":"ཕུན་སུམ་ཚོགས་པའི་ཐུགས་རྗེ་ཡོད། ","CT":"ཕུན་སུམ་ཚོགས་པའི་ཐུགས་རྗེ་ཡོད།  "}}],[{"phrase":{"AT":"ཐུགས་རྗེ་ཆེན་པོ་ཡོད།","KT":"ཐུགས་རྗེ་ཆེན་པོ་ཡོད། ","CT":"ཐུགས་རྗེ་ཆེན་པོ་ཡོད།"}}],[{"phrase":{"AT":"ཡ་ཧོ་ཝཱ་ནི་ཇི་སྲིད་བར་དུ་ང་ཡི་དཀོན་མཆོག","KT":"ཡ་ཧོ་ཝ་ནི་ཇི་སྲིད་བར་དུ་ང་ཡི་དཀོན་མཆོག ","CT":"ཡ་ཧོ་ཝཱ་ནི་ཇི་སྲིད་བར་དུ་ང་ཡི་དཀོན་མཆོག"}}],[{"phrase":{"AT":"ང་ཡི་དཀོན་མཆོག་ཡིན། ༢","KT":"ང་ཡི་དཀོན་མཆོག་ཡིན། ༢ ","CT":"ང་ཡི་དཀོན་མཆོག་ཡིན།། ༢"}}]],"label":"verse 2","id":2}]},"metadata":[{"AT":"(ཨ་མདོའི་བསྟོད་དབྱངས།) AT08 155; KT06 165","KT":"undefined(ཨ་མདོའི་བསྟོད་དབྱངས།) AT08 155; KT06 165 ","CT":"(ཨ་མདོའི་བསྟོད་དབྱངས།) AT08 155; KT06 165"}]}