{"title":{"AT":"274.གསུང་མགུར113།","KT":"undefined274. གསུང་མགུར 113། ","CT":"274.གསུང་མགུར་113།"},"author":"*","key":"*","lyrics":{"Verse":[{"line":[[{"phrase":{"AT":"ཡ་ཧོ་ཝཱ་ལ་ཀུན་གྱིས་བསྟོད་པར་ཤོག","KT":"ཡ་ཧོ་ཝ་ལ་ཀུན་གྱིས་བསྟོད་པར་ཤོག ","CT":"(ཨ་རྩེད།) ཡ་ཧོ་ཝཱ་ལ་ཀུན་གྱིས་བསྟོད་པར་ཤོག (ཡ།) "}}],[{"phrase":{"AT":"ཁོང་གི་མཚན་ལ་བསྟོད་པར་ཤོག ","KT":"ཁོང་གི་མཚན་ལ་བསྟོད་པར་ཤོག ","CT":"(ཨ་འགོ་ནས་ས་ལ་ལ)"}}],[{"phrase":{"AT":"ཡ་ཧོ་ཝཱ་ཡི་ཞབས་ཕྱི་ཁྱོད་རྣམས་ཀྱིས།","KT":"ཡ་ཧོ་ཝ་ཡི་ཞབས་ཕྱི་ཁྱོད་རྣམས་ཀྱིས། ","CT":"(ཡེད།) ཁོང་གི་མཚན་ལ་བསྟོད་པར་ཤོག "}}],[{"phrase":{"AT":"ཁོང་གི་མཚན་ལ་བསྟོད་པར་ཤོག ","KT":"ཁོང་གི་མཚན་ལ་བསྟོད་པར་ཤོག ","CT":"ཡ་ཧོ་ཝཱ་ལ་ཡི་ཞབས་ཕྱི་ཁྱེད་རྣམས་ཀྱིས། (ཡ།)"}}],[{"phrase":{"AT":"ཡ་ཧོ་ཝཱ་ཡི་མཚན་ལ་བསྟོད་འོས་ཏེ།","KT":"ཡ་ཧོ་ཝ་ཡི་མཚན་ལ་བསྟོད་འོས་ཏེ། ","CT":"(ཨ་འགོ་ནས་ས་ལ་ལ)"}}],[{"phrase":{"AT":"ཁོང་གི་མཚན་ལ་བསྟོད་པར་ཤོག","KT":"ཁོང་གི་མཚན་ལ་བསྟོད་པར་ཤོག ","CT":"(ཡེད།) ཁོང་གི་མཚན་ལ་བསྟོད་པར་ཤོག "}}],[{"phrase":{"AT":"དེ་རིང་དུས་ནས་རྟག་ཏུ་བསྟོད་འོས་སོ།།","KT":"དེ་རིང་དུས་ནས་རྟག་ཏུ་བསྟོད་འོས་སོ།། ","CT":"ཡ་ཧོ་ཝཱ་ཡི་མཚན་ལ་བསྟོད་འོས་ཏེ། (ཡ།)"}}],[{"phrase":{"AT":"ཁོང་གི་མཚན་ལ་བསྟོད་པར་ཤོག ","KT":"ཁོང་གི་མཚན་ལ་བསྟོད་པར་ཤོག ","CT":"(ཨ་འགོ་ནས་ས་ལ་ལ)"}}]],"label":"verse 1","id":1},{"line":[[{"phrase":{"AT":"ཉི་མ་ཤར་ནས་ནུབ་ལ་བཞུད་པའི་བར།","KT":" ཉི་མ་ཤར་ནས་ནུབ་ལ་བཞུད་པའི་བར། ","CT":"ཡེད།) ཁོང་གི་མཚན་ལ་བསྟོད་པར་ཤོག"}}],[{"phrase":{"AT":"ཁོང་གི་མཚན་ལ་བསྟོད་པར་ཤོག","KT":"ཁོང་གི་མཚན་ལ་བསྟོད་པར་ཤོག ","CT":"དེ་རིང་དུས་ནས་རྟག་ཏུ་བསྟོད་འོས་སོ།། (ཡ།)"}}],[{"phrase":{"AT":"ཡ་ཧོ་ཝཱ་ཡི་མཚན་ལ་བསྟོད་འོས་སོ།།","KT":"ཡ་ཧོ་ཝ་ཡི་མཚན་ལ་བསྟོད་འོས་སོ།། ","CT":"(ཨ་འགོ་ནས་ས་ལ་ལ)"}}],[{"phrase":{"AT":"ཁོང་གི་མཚན་ལ་བསྟོད་པར་ཤོག","KT":"ཁོང་གི་མཚན་ལ་བསྟོད་པར་ཤོག ","CT":"(ཡེད།) ཁོང་གི་མཚན་ལ་བསྟོད་པར་ཤོག "}}],[{"phrase":{"AT":"ཁོང་ནི་སྐྱེ་བོ་ཀུན་ལས་བླ་ན་མཐོ།","KT":"ཁོང་ནི་སྐྱེ་བོ་ཀུན་ལས་བླ་ན་མཐོ། ","CT":"༢(ཨ་རྩེད།) ཉི་མ་ཤར་ནས་ནུབ་ལ་བཞུད་པའི་བར། (ཡ།)"}}],[{"phrase":{"AT":"ཁོང་གི་མཚན་ལ་བསྟོད་པར་ཤོག","KT":"ཁོང་གི་མཚན་ལ་བསྟོད་པར་ཤོག ","CT":"(ཨ་འགོ་ནས་ས་ལ་ལ)"}}],[{"phrase":{"AT":"ཁོང་གི་གཟི་བརྗིད་ནམ་མཁའ་ལས་ཀྱང་མཐོ།","KT":"ཁོང་གི་གཟི་བརྗིད་ནམ་མཁའ་ལས་ཀྱང་མཐོ། ","CT":"(ཡེད།) ཁོང་གི་མཚན་ལ་བསྟོད་པར་ཤོག"}}],[{"phrase":{"AT":"ཁོང་གི་མཚན་ལ་བསྟོད་པར་ཤོག","KT":"ཁོང་གི་མཚན་ལ་བསྟོད་པར་ཤོག ","CT":"ཡ་ཧོ་ཝཱ་ཡི་མཚན་ལ་བསྟོད་འོས་སོ།། (ཡ།)"}}]],"label":"verse 2","id":2},{"line":[[{"phrase":{"AT":"སུ་ཞིག་རང་ཅག་དཀོན་མཆོག་བཞིན་དང་མཚུངས།","KT":"ndefined༣ སུ་ཞིག་རང་ཅག་དཀོན་མཆོག་བཞིན་དང་མཚུངས། ","CT":"ཨ་འགོ་ནས་ས་ལ་ལ)"}}],[{"phrase":{"AT":"ཁོང་གི་མཚན་ལ་བསྟོད་པར་ཤོག","KT":"ཁོང་གི་མཚན་ལ་བསྟོད་པར་ཤོག ","CT":"(ཡེད།) ཁོང་གི་མཚན་ལ་བསྟོད་པར་ཤོག"}}],[{"phrase":{"AT":"བླ་ན་མེད་པའི་གནས་སུ་དཀོན་མཆོག་བཞུགས།","KT":"བླ་ན་མེད་པའི་གནས་སུ་དཀོན་མཆོག་བཞུགས། ","CT":"ཁོང་ནི་སྐྱེ་བོ་ཀུན་ལས་བླ་ན་མཐོ། (ཡ།)"}}],[{"phrase":{"AT":"ཁོང་གི་མཚན་ལ་བསྟོད་པར་ཤོག","KT":"ཁོང་གི་མཚན་ལ་བསྟོད་པར་ཤོག ","CT":"(ཨ་འགོ་ནས་ས་ལ་ལ)"}}],[{"phrase":{"AT":"གནམ་ས་ཡོངས་ཀྱི་དོན་ལ་གཟིགས་པའི་ཕྱིར།","KT":"གནམ་ས་ཡོངས་ཀྱི་དོན་ལ་གཟིགས་པའི་ཕྱིར། ","CT":"(ཡེད།) ཁོང་གི་མཚན་ལ་བསྟོད་པར་ཤོག"}}],[{"phrase":{"AT":"ཁོང་གི་མཚན་ལ་བསྟོད་པར་ཤོག","KT":"ཁོང་གི་མཚན་ལ་བསྟོད་པར་ཤོག ","CT":"ཁོང་གི་གཟི་བརྗིད་ནམ་མཁའ་ལས་ཀྱང་མཐོ། (ཡ།)"}}],[{"phrase":{"AT":"ཁོང་གིས་རང་ཉིད་ལ་ནི་དམའ་བར་འཛིན།","KT":"ཁོང་གིས་རང་ཉིད་ལ་ནི་དམའ་བར་འཛིན། ","CT":"(ཨ་འགོ་ནས་ས་ལ་ལ)"}}],[{"phrase":{"AT":"ཁོང་གི་མཚན་ལ་བསྟོད་པར་ཤོག","KT":"ཁོང་གི་མཚན་ལ་བསྟོད་པར་ཤོག ","CT":"(ཡེད།) ཁོང་གི་མཚན་ལ་བསྟོད་པར་ཤོག"}}]],"label":"verse 3","id":3},{"line":[[{"phrase":{"AT":"ོང་གིས་སྙིགས་རྡུལ་ཚོགས་ལས་དབུལ་པོ་སྐྱོབ།","KT":"ཁོང་གིས་སྙིགས་རྡུལ་ཚོགས་ལས་དབུལ་པོ་སྐྱོབ། ","CT":"ཨ་རྩེད།) སུ་ཞིག་ང་ཚོའོ་དཀོན་མཆོག་བཞིན།"}}],[{"phrase":{"AT":"ཁོང་གི་མཚན་ལ་བསྟོད་པར་ཤོག","KT":"ཁོང་གི་མཚན་ལ་བསྟོད་པར་ཤོག ","CT":"དང་མཚུངས།(ཡ།)"}}],[{"phrase":{"AT":"ཁོང་གིས་གད་སྙིགས་ཚོགས་ལས་སྤྲང་པོ་སྐྱོང༌།","KT":"ཁོང་གིས་གད་སྙིགས་ཚོགས་ལས་སྤྲང་པོ་སྐྱོང༌། ","CT":"(ཨ་འགོ་ནས་ས་ལ་ལ)"}}],[{"phrase":{"AT":"ཁོང་གི་མཚན་ལ་བསྟོད་པར་ཤོག","KT":"ཁོང་གི་མཚན་ལ་བསྟོད་པར་ཤོག ","CT":"(ཡེད།) ཁོང་གི་མཚན་ལ་བསྟོད་པར་ཤོག"}}],[{"phrase":{"AT":"རྒྱལ་སྲས་དང་ནི་མཉམ་དུ་སྡོད་པ་སྟེ།","KT":"རྒྱལ་སྲས་དང་ནི་མཉམ་དུ་སྡོད་པ་སྟེ། ","CT":"བླ་ན་མེད་པའི་གནས་སུ་དཀོན་མཆོག་བཞུགས། (ཡ།)"}}],[{"phrase":{"AT":"ཁོང་གི་མཚན་ལ་བསྟོད་པར་ཤོག","KT":"ཁོང་གི་མཚན་ལ་བསྟོད་པར་ཤོག ","CT":"(ཨ་འགོ་ནས་ས་ལ་ལ)"}}],[{"phrase":{"AT":"ས་གནས་རྒྱལ་པོའི་སྲས་དང་སྡོད་པའི་ཕྱིར།","KT":"ས་གནས་རྒྱལ་པོའི་སྲས་དང་སྡོད་པའི་ཕྱིར། ","CT":"(ཡེད།) ཁོང་གི་མཚན་ལ་བསྟོད་པར་ཤོག"}}],[{"phrase":{"AT":"ཁོང་གི་མཚན་ལ་བསྟོད་པར་ཤོག","KT":"ཁོང་གི་མཚན་ལ་བསྟོད་པར་ཤོག ","CT":"གནམ་ས་ཡོངས་ཀྱི་དོན་ལ་གཟིགས་པའི་ཕྱིར།  (ཡ།)"}}]],"label":"verse 4","id":4},{"line":[[{"phrase":{"AT":"ཕྲུ་གུ་མེད་པ་ལ་ནི་ཁྱིམ་གཞི་དང༌།","KT":"ndefined༥ ཕྲུ་གུ་མེད་པ་ལ་ནི་ཁྱིམ་གཞི་དང༌། ","CT":"ཨ་འགོ་ནས་ས་ལ་ལ)"}}],[{"phrase":{"AT":"ཁོང་གི་མཚན་ལ་བསྟོད་པར་ཤོག","KT":"ཁོང་གི་མཚན་ལ་བསྟོད་པར་ཤོག ","CT":"(ཡེད།) ཁོང་གི་མཚན་ལ་བསྟོད་པར་ཤོག"}}],[{"phrase":{"AT":"ཕྲུ་གུ་མང་བའི་བདེ་སྐྱིད་གནང་བ་ཡིན།","KT":"ཕྲུ་གུ་མང་བའི་བདེ་སྐྱིད་གནང་བ་ཡིན། ","CT":"ཁོང་གིས་རང་ཉིད་ལ་ནི་དམའ་བར་འཛིན།  (ཡ།)"}}],[{"phrase":{"AT":"ཁོང་གི་མཚན་ལ་བསྟོད་པར་ཤོག","KT":"ཁོང་གི་མཚན་ལ་བསྟོད་པར་ཤོག ","CT":"(ཨ་འགོ་ནས་ས་ལ་ལ)"}}],[{"phrase":{"AT":"ཡ་ཧོ་ཝཱ་ལ་ཀུན་གྱིས་བསྟོད་པར་ཤོག","KT":"ཡ་ཧོ་ཝ་ལ་ཀུན་གྱིས་བསྟོད་པར་ཤོག ","CT":"(ཡེད།) ཁོང་གི་མཚན་ལ་བསྟོད་པར་ཤོག"}}],[{"phrase":{"AT":"ཁོང་གི་མཚན་ལ་བསྟོད་པར་ཤོག","KT":"ཁོང་གི་མཚན་ལ་བསྟོད་པར་ཤོག ","CT":"༤(ཨ་རྩེད།) ཁོང་གིས་སྙིགས་རྡུལ་ཚོགས་ལས"}}],[{"phrase":{"AT":"ཡ་ཧོ་ཝཱ་ལ་ཀུན་གྱིས་བསྟོད་པར་ཤོག","KT":"ཡ་ཧོ་ཝ་ལ་ཀུན་གྱིས་བསྟོད་པར་ཤོག ","CT":"དབུལ་པོ་སྐྱོབ།  (ཡ།)"}}],[{"phrase":{"AT":"ཁོང་གི་མཚན་ལ་བསྟོད་པར་ཤོག ","KT":"ཁོང་གི་མཚན་ལ་བསྟོད་པར་ཤོག ","CT":"(ཨ་འགོ་ནས་ས་ལ་ལ)"}}],[{"phrase":{"AT":"གལ་ཆེ་བའི་བཀའ་རྣམས།","KT":"undefinedགལ་ཆེ་བའི་བཀའ་རྣམས། ","CT":"(ཡེད།) ཁོང་གི་མཚན་ལ་བསྟོད་པར་ཤོག"}}],[{"phrase":{"AT":"*","KT":"*","CT":"ཁོང་གིས་གད་སྙིགས་ཚོགས་ལས་སྤྲང་པོ་སྐྱོང༌།  (ཡ།)"}}],[{"phrase":{"AT":"*","KT":"*","CT":"(ཨ་འགོ་ནས་ས་ལ་ལ)"}}],[{"phrase":{"AT":"*","KT":"*","CT":"(ཡེད།) ཁོང་གི་མཚན་ལ་བསྟོད་པར་ཤོག"}}],[{"phrase":{"AT":"*","KT":"*","CT":"རྒྱལ་སྲས་དང་ནི་མཉམ་དུ་སྡོད་པ་སྟེ།  (ཡ།)"}}],[{"phrase":{"AT":"*","KT":"*","CT":"(ཨ་འགོ་ནས་ས་ལ་ལ)"}}],[{"phrase":{"AT":"*","KT":"*","CT":"(ཡེད།) ཁོང་གི་མཚན་ལ་བསྟོད་པར་ཤོག"}}],[{"phrase":{"AT":"*","KT":"*","CT":"ས་གནས་རྒྱལ་པོའི་སྲས་དང་སྡོད་པའི་ཕྱིར།  (ཡ།)"}}],[{"phrase":{"AT":"*","KT":"*","CT":"(ཨ་འགོ་ནས་ས་ལ་ལ)"}}],[{"phrase":{"AT":"*","KT":"*","CT":"(ཡེད།) ཁོང་གི་མཚན་ལ་བསྟོད་པར་ཤོག"}}],[{"phrase":{"AT":"*","KT":"*","CT":"༥(ཨ་རྩེད།) ཕྲུ་གུ་མེད་པ་ལ་ནི་ཁྱིམ་གཞི་དང༌།  (ཡ།)"}}],[{"phrase":{"AT":"*","KT":"*","CT":"(ཨ་འགོ་ནས་ས་ལ་ལ)"}}],[{"phrase":{"AT":"*","KT":"*","CT":"(ཡེད།) ཁོང་གི་མཚན་ལ་བསྟོད་པར་ཤོག"}}],[{"phrase":{"AT":"*","KT":"*","CT":"ཕྲུ་གུ་མང་བའི་བདེ་སྐྱིད་གནང་བ་ཡིན།  (ཡ།)"}}],[{"phrase":{"AT":"*","KT":"*","CT":"(ཨ་འགོ་ནས་ས་ལ་ལ)"}}],[{"phrase":{"AT":"*","KT":"*","CT":"(ཡེད།) ཁོང་གི་མཚན་ལ་བསྟོད་པར་ཤོག"}}],[{"phrase":{"AT":"*","KT":"*","CT":"ཡ་ཧོ་ཝཱ་ལ་ཀུན་གྱིས་བསྟོད་པར་ཤོག (ཡ།)"}}],[{"phrase":{"AT":"*","KT":"*","CT":"(ཨ་འགོ་ནས་ས་ལ་ལ)"}}],[{"phrase":{"AT":"*","KT":"*","CT":"(ཡེད།) ཁོང་གི་མཚན་ལ་བསྟོད་པར་ཤོག"}}],[{"phrase":{"AT":"*","KT":"*","CT":"ཡ་ཧོ་ཝཱ་ལ་ཀུན་གྱིས་བསྟོད་པར་ཤོག (ཡ།)"}}],[{"phrase":{"AT":"*","KT":"*","CT":"(ཨ་འགོ་ནས་ས་ལ་ལ)"}}],[{"phrase":{"AT":"*","KT":"*","CT":"(ཡེད།) ཁོང་གི་མཚན་ལ་བསྟོད་པར་ཤོག །"}}]],"label":"verse 5","id":5}]},"metadata":[{"AT":"(ཨ་མདོའི་བསྟོད་དབྱངས།) AT08 156","KT":"undefined(ཨ་མདོའི་བསྟོད་དབྱངས།) AT08 156 ","CT":"(ཨ་མདོའི་བསྟོད་དབྱངས།) AT08 156"}]}