{"title":{"AT":"28.ང་ཚོའི་མི་རིགས་སྤུན་ཟླ་རྣམ་པ་ཚོ།","KT":"28. ང་ཚོའི་མི་རིགས་སྤུན་ཟླ་རྣམ་པ་ཚོ། ","CT":"28.ང་ཚོའི་མི་རིགས་སྤུན་ཟླ་རྣམ་པ་ཚོ།"},"author":"*","key":"*","lyrics":{"Verse":[{"line":[[{"phrase":{"AT":"ང་ཚོའི་མི་རིགས་སྤུན་ཟླ་རྣམ་པ་ཚོ། ","KT":" ང་ཚོའི་མི་རིགས་སྤུན་ཟླ་རྣམ་པ་ཚོ། ","CT":"ང་ཚོའི་མི་རིགས་སྤུན་ཟླ་རྣམ་པ་ཚོ། "}}],[{"phrase":{"AT":"འཛམ་གླིང་བཟོ་བའི་དྲིན་ཆེན་དཀོན་མཆོག་ལ།","KT":"འཛམ་གླིང་བཟོ་བའི་དྲིན་ཆེན་དཀོན་མཆོག་ལ། ","CT":"འཛམ་གླིང་བཟོ་བའི་དྲིན་ཆེན་དཀོན་མཆོག་ལ།"}}],[{"phrase":{"AT":"བློ་སེམས་གཅིག་ཏུ་བསྒྲིལ་ནས་གསོལ་བ་འདེབས།","KT":"བློ་སེམས་གཅིག་ཏུ་བསྒྲིལ་ནས་གསོལ་བ་འདེབས། ","CT":"བློ་སེམས་གཅིག་ཏུ་བསྒྲིལ་ནས་སྨོན་ལམ་འདེབས།"}}]],"label":"verse 1","id":1},{"line":[[{"phrase":{"AT":"ཐམས་ཅད་ཁོང་གི་ལམ་ལ་འགྲོ་བའི་ཕྱིར།","KT":" ཐམས་ཅད་ཁོང་གི་ལམ་ལ་འགྲོ་བའི་དོན། ","CT":"ཐམས་ཅད་ཁོང་གི་ལམ་ལ་སྐྱོད་པའི་དོན།"}}],[{"phrase":{"AT":"ང་ཚོའི་མགོན་གཅིག་དཀོན་མཆོག་གི་སྲས་ཡེ་ཤུར།","KT":"ང་ཚོའི་མགོན་གཅིག་དཀོན་མཆོག་གི་སྲས་ཡེ་ཤུར། ","CT":"ང་ཚོའི་མགོན་གཅིག་དཀོན་མཆོག་གི་སྲས་ཡེ་ཤུར།"}}],[{"phrase":{"AT":"དུས་གསུམ་ཀུན་ལ་སྙིང་ནས་གསོལ་བ་འདེབས།","KT":"དུས་གསུམ་ཀུན་ལ་སྙིང་ནས་གསོལ་བ་འདེབས། ","CT":"དུས་གསུམ་ཀུན་ལ་སྙིང་ནས་གསོལ་བ་འདེབས།"}}]],"label":"verse 2","id":2},{"line":[[{"phrase":{"AT":"སྐྱབས་མགོན་གཙོ་བོ་ཡེ་ཤུ།","KT":"ྐྱབས་མགོན་གཙོ་བོ་ཡེ་ཤུ། ","CT":"ྐྱབས་མགོན་གཙོ་བོ་ཡེ་ཤུ།"}}],[{"phrase":{"AT":"འཛམ་བུ་གླིང་ལ་འཁྲུངས་སོང་། ༢","KT":"འཛམ་བུ་གླིང་ལ་འཁྲུངས་སོང་། ༢ ","CT":"འཛམ་བུ་གླིང་ལ་འཁྲུངས་སོང་། ༢"}}],[{"phrase":{"AT":"ང་ཚོའི་སྡིག་སྒྲིབ་ཚང་མ།","KT":"ང་ཚོའི་སྡིག་སྒྲིབ་ཚང་མ། ","CT":"ང་ཚོའི་སྡིག་སྒྲིབ་ཚང་མ།"}}],[{"phrase":{"AT":"ཐམས་ཅད་ཁོང་གིས་བསལ་སོང་། ༢ ","KT":"ཐམས་ཅད་ཁོང་གིས་བསལ་སོང་། ༢ ","CT":"ཐམས་ཅད་ཁོང་གིས་བསལ་སོང་།། ༢ "}}]],"label":"verse 3","id":3}]},"metadata":[{"AT":"(བོད་པའི་བསྟོད་དབྱངས།)","KT":"(བོད་པའི་བསྟོད་དབྱངས།) ","CT":"(བོད་པའི་བསྟོད་དབྱངས།)"}]}