{"title":{"AT":"29.ང་ཚོའི་གཙོ་བོ་ཡེ་ཤུ།","KT":"29. ང་ཚོའི་གཙོ་བོ་ཡེ་ཤུ། ","CT":"29.ང་ཚོའི་གཙོ་བོ་ཡེ་ཤུ།"},"author":"*","key":"*","lyrics":{"Verse":[{"line":[[{"phrase":{"AT":"ང་ཚོའི་གཙོ་བོ་ཡེ་ཤུ་རིན་ཆེན་པོ་རེད། ༢","KT":" ང་ཚོའི་གཙོ་བོ་ཡེ་ཤུ་རིན་ཆེན་པོ་རེད། ༢ ","CT":"ང་ཚོའི་གཙོ་བོ་ཡེ་ཤུ་རིན་ཆེན་པོ་རེད། ༢"}}],[{"phrase":{"AT":"ཁྱེད་ང་ཚོ་ལ་བྱམས་སོང་། ༢","KT":"ཁྱེད་ང་ཚོ་ལ་བྱམས་སོང་། ༢ ","CT":"ཁྱེད་ང་ཚོ་ལ་བྱམས་སོང་། ༢"}}],[{"phrase":{"AT":"ང་ཁྱེད་རང་ལ་དགའ་སོང་།","KT":"ང་ཁྱེད་རང་ལ་དགའ་སོང་། ","CT":"ང་ཁྱེད་རང་ལ་དགའ་སོང་།"}}]],"label":"verse 1","id":1},{"line":[[{"phrase":{"AT":"ང་ཚོའི་གཙོ་བོ་ཡེ་ཤུ་བཀའ་དྲིན་ཆེན་པོ་རེད།༢","KT":" ང་ཚོའི་གཙོ་བོ་ཡེ་ཤུ་བཀའ་དྲིན་ཆེན་པོ་རེད། ༢ ","CT":"ང་ཚོའི་གཙོ་བོ་ཡེ་ཤུ་བཀའ་དྲིན་ཆེན་པོ་རེད་་་།༢"}}]],"label":"verse 2","id":2},{"line":[[{"phrase":{"AT":"ང་ཚོའི་གཙོ་བོ་ཡེ་ཤུ་གཟི་བརྗིད་ཆེན་པོ་རེད། ༢","KT":" ང་ཚོའི་གཙོ་བོ་ཡེ་ཤུ་གཟི་བརྗིད་ཆེན་པོ་རེད། ༢ ","CT":"ང་ཆོའི་གཙོ་བོ་ཡེ་ཤུ་གཟི་བརྗིད་ཆེན་པོ་རེད་་་། ༢"}}]],"label":"verse 3","id":3},{"line":[[{"phrase":{"AT":"ང་ཚོའི་གཙོ་བོ་ཡེ་ཤུ་སྙིང་རྗེ་ཆེན་པོ་རེད། ༢","KT":" ང་ཚོའི་གཙོ་བོ་ཡེ་ཤུ་སྙིང་རྗེ་ཆེན་པོ་རེད། ༢ ","CT":"ང་ཚོའི་གཙོ་བོ་ཡེ་ཤུ་སྙིང་རྗེ་ཆེན་པོ་རེད་་་། ༢"}}]],"label":"verse 4","id":4},{"line":[[{"phrase":{"AT":"ང་ཚོའི་གཙོ་བོ་ཡེ་ཤུ་ཐམས་ཅད་མཁྱེན་པ་རེད། ༢","KT":" ང་ཚོའི་གཙོ་བོ་ཡེ་ཤུ་ཐམས་ཅད་མཁྱེན་པ་རེད། ༢ ","CT":"ང་ཚོའི་གཙོ་བོ་ཡེ་ཤུ་ཐམས་ཅད་མཁྱེན་པ་རེད་་་།། ༢"}}]],"label":"verse 5","id":5}]},"metadata":[{"AT":"(Lord, You are so precious to me ཞེས་པའི་དབྱིན་ཇིའི་བསྟོད་དབྱངས།) ","KT":"(Lord, You are so precious to me ཞེས་པའི་དབྱིན་ཇིའི་བསྟོད་དབྱངས།)7 Graham Kendrick, Copyright © 1986 Kingsway’s Thankyou Music, Lottbridge Drove, Eastbourne, E.Sussex, UK, BN23 6NT. ","CT":"(Lord, You are so precious to me ཞེས་པའི་དབྱིན་ཇིའི་བསྟོད་དབྱངས།) "}]}