{"title":{"AT":"3.དཀོན་མཆོག་བཀའ་དྲིན་ཆེན་པོ།","KT":"3. དཀོན་མཆོག་བཀའ་དྲིན་ཆེན་པོ། ","CT":"3.དཀོན་མཆོག་བཀའ་དྲིན་ཆེན་པོ།"},"author":"*","key":"*","lyrics":{"Verse":[{"line":[[{"phrase":{"AT":"དཀོན་མཆོག་བཀའ་དྲིན་ཆེན་པོ། ༣","KT":" དཀོན་མཆོག་བཀའ་དྲིན་ཆེན་པོ། ༣ ","CT":"དཀོན་མཆོག་བཀའ་དྲིན་ཆེན་པོ། ༣"}}],[{"phrase":{"AT":"བཀའ་དྲིན་ཆེན་པོ་རེད།","KT":"བཀའ་དྲིན་ཆེན་པོ་རེད། ","CT":"བཀའ་དྲིན་ཆེན་པོ་རེད།"}}]],"label":"verse 1","id":1},{"line":[[{"phrase":{"AT":"ང་ཡི་སྡིག་པ་བསལ་སོང་། ༣","KT":" ང་ཡི་སྡིག་པ་བསལ་སོང་། ༣ ","CT":"ང་ཡི་སྡིག་པ་བསལ་སོང་། ༣"}}],[{"phrase":{"AT":"བཀའ་དྲིན་ཆེན་པོ་རེད།","KT":"བཀའ་དྲིན་ཆེན་པོ་རེད། ","CT":"བཀའ་དྲིན་ཆེན་པོ་རེད།"}}]],"label":"verse 2","id":2},{"line":[[{"phrase":{"AT":"ང་ལ་རང་དབང་ཐོབ་བྱུང་། ༣","KT":" ང་ལ་རང་དབང་ཐོབ་བྱུང་། ༣ ","CT":"ང་ལ་རང་དབང་ཐོབ་བྱུང་། ༣"}}],[{"phrase":{"AT":"བཀའ་དྲིན་ཆེན་པོ་རེད།","KT":"བཀའ་དྲིན་ཆེན་པོ་རེད། ","CT":"བཀའ་དྲིན་ཆེན་པོ་རེད།"}}]],"label":"verse 3","id":3},{"line":[[{"phrase":{"AT":"དཀོན་མཆོག་བཀའ་དྲིན་ཆེན་པོ།","KT":" དཀོན་མཆོག་བཀའ་དྲིན་ཆེན་པོ། ","CT":"དཀོན་མཆོག་བཀའ་དྲིན་ཆེན་པོ།"}}],[{"phrase":{"AT":"ང་ཡི་སྡིག་པ་བསལ་སོང་།","KT":"ང་ཡི་སྡིག་པ་བསལ་སོང་། ","CT":"ང་ཡི་སྡིག་པ་བསལ་སོང་།"}}],[{"phrase":{"AT":"ང་ལ་རང་དབང་ཐོབ་བྱུང་།","KT":"ང་ལ་རང་དབང་ཐོབ་བྱུང་། ","CT":"ང་ལ་རང་དབང་ཐོབ་བྱུང་།"}}],[{"phrase":{"AT":"བཀའ་དྲིན་ཆེན་པོ་རེད།","KT":"བཀའ་དྲིན་ཆེན་པོ་རེད། ","CT":"བཀའ་དྲིན་ཆེན་པོ་རེད།།"}}]],"label":"verse 4","id":4}]},"metadata":[{"AT":"(God is so good ཞེས་པའི་དབྱིན་ཇིའི་བསྟོད་དབྱངས།)","KT":"(God is so good ཞེས་པའི་དབྱིན་ཇིའི་བསྟོད་དབྱངས།) ","CT":"(God is so good ཞེས་པའི་དབྱིན་ཇིའི་བསྟོད་དབྱངས།)"}]}