{"title":{"AT":"30.ང་ཚོའི་ཡབ་ཆེན་དཀོན་མཆོག","KT":"30. ང་ཚོའི་ཡབ་ཆེན་དཀོན་མཆོག ","CT":"30.ང་ཚོའི་ཡབ་ཆེན་དཀོན་མཆོག"},"author":"*","key":"*","lyrics":{"Verse":[{"line":[[{"phrase":{"AT":"ང་ཚོའི་ཡབ་ཆེན་དཀོན་མཆོག","KT":" ང་ཚོའི་ཡབ་ཆེན་དཀོན་མཆོག ","CT":"ང་ཚོའི་ཡབ་ཆེན་དཀོན་མཆོག"}}],[{"phrase":{"AT":"གང་འདྲའི་བྱམས་པ་གནང་སོང་།","KT":"གང་འདྲའི་བྱམས་པ་གནང་སོང་། ","CT":"གང་འདྲའི་བྱམས་པ་གནང་སོང་།"}}],[{"phrase":{"AT":"ཁོང་གིས་སྲས་གཅིག་ཡེ་ཤུ།","KT":"ཁོང་གིས་སྲས་གཅིག་ཡེ་ཤུ། ","CT":"ཁོང་གིས་སྲས་གཅིག་ཡེ་ཤུ།"}}],[{"phrase":{"AT":"འཇིག་རྟེན་འདི་ལ་གནང་སོང་།","KT":"འཇིག་རྟེན་འདི་ལ་གནང་སོང་། ","CT":"འཇིག་རྟེན་འདི་ལ་གནང་སོང་།"}}],[{"phrase":{"AT":"གང་འདྲའི་བྱམས་པ་ང་ལ་གནང་སོང་།","KT":"གང་འདྲའི་བྱམས་པ་ང་ལ་གནང་སོང་། ","CT":"གང་འདྲའི་བྱམས་པ་ང་ལ་གནང་སོང་།"}}],[{"phrase":{"AT":"གང་འདྲའི་བྱམས་པ་ཁྱོད་ལ་གནང་སོང་།","KT":"གང་འདྲའི་བྱམས་པ་ཁྱོད་ལ་གནང་སོང་། ","CT":"གང་འདྲའི་བྱམས་པ་ཁྱེད་ལ་གནང་སོང་།"}}],[{"phrase":{"AT":"ང་ལ་གནང་སོང་། ཁྱོད་ལ་གནང་སོང་།","KT":"ང་ལ་གནང་སོང་། ཁྱོད་ལ་གནང་སོང་། ","CT":"ང་ལ་གནང་སོང་། ཁྱེད་ལ་གནང་སོང་།"}}]],"label":"verse 1","id":1},{"line":[[{"phrase":{"AT":"ང་ཚོའི་སྐྱབས་མགོན་ཡེ་ཤུ།","KT":" ང་ཚོའི་སྐྱབས་མགོན་ཡེ་ཤུ། ","CT":"ང་ཚོའི་སྐྱབས་མགོན་ཡེ་ཤུ།"}}],[{"phrase":{"AT":"ང་རང་འཚོལ་དུ་ཕེབས་བྱུང་།","KT":"ང་རང་འཚོལ་ལ་ཕེབས་བྱུང་། ","CT":"ང་ལ་འཚོལ་ཁ་ཕེབས་བྱུང་།"}}],[{"phrase":{"AT":"ང་རང་གཅིག་པོ་མ་རེད།","KT":"ང་རང་གཅིག་པོ་མ་རེད། ","CT":"ང་རང་གཅིག་པོ་མ་རེད།"}}],[{"phrase":{"AT":"ཁྱོད་ཀྱང་འཚོལ་དུ་ཕེབས་བྱུང་།","KT":"ཁྱོད་ཀྱང་འཚོལ་ལ་ཕེབས་བྱུང་། ","CT":"ཁྱེད་ཡང་འཚོལ་ཁ་ཕེབས་བྱུང་།"}}],[{"phrase":{"AT":"གང་འདྲའི་བྱམས་པས་ང་རང་བཙལ་བྱུང་།","KT":"གང་འདྲའི་བྱམས་པས་ང་རང་བཙལ་བྱུང་། ","CT":"གང་འདྲའི་བྱམས་པས་ང་ལ་བཙལ་བྱུང་།"}}],[{"phrase":{"AT":"གང་འདྲའི་བྱམས་པས་ཁྱོད་རང་བཙལ་བྱུང་།","KT":"གང་འདྲའི་བྱམས་པས་ཁྱོད་རང་བཙལ་བྱུང་། ","CT":"གང་འདྲའི་བྱམས་པས་ཁྱེད་ལ་བཙལ་བྱུང་།"}}],[{"phrase":{"AT":"ང་རང་བཙལ་བྱུང་། ཁྱོད་རང་བཙལ་བྱུང་།","KT":"ང་རང་བཙལ་བྱུང་། ཁྱོད་རང་བཙལ་བྱུང་། ","CT":"ང་ལ་བཙལ་བྱུང་། ཁྱེད་ལ་བཙལ་བྱུང་།"}}]],"label":"verse 2","id":2},{"line":[[{"phrase":{"AT":"ོང་གིས་རང་གི་སྐུ་སྲོག","KT":"ཁོང་གིས་རང་གི་སྐུ་སྲོག ","CT":"ོང་གིས་རང་གི་སྐུ་སྲོག"}}],[{"phrase":{"AT":"ང་ཡི་དོན་ལ་གནང་སོང་།","KT":"ང་ཡི་དོན་ལ་གནང་སོང་། ","CT":"ང་ཡི་དོན་ལ་གནང་སོང་།"}}],[{"phrase":{"AT":"ང་རང་གཅིག་པོ་མ་རེད།","KT":"ང་རང་གཅིག་པོ་མ་རེད། ","CT":"ང་རང་གཅིག་པོ་མ་རེད།"}}],[{"phrase":{"AT":"ཚང་མའི་དོན་ལ་གནང་སོང་།","KT":"ཚང་མའི་དོན་ལ་གནང་སོང་། ","CT":"ཚང་མའི་དོན་ལ་གནང་སོང་།"}}],[{"phrase":{"AT":"གང་འདྲའི་བྱམས་པ་ང་ལ་གནང་སོང་།","KT":"གང་འདྲའི་བྱམས་པ་ང་ལ་གནང་སོང་། ","CT":"གང་འདྲའི་བྱམས་པ་ང་ལ་གནང་སོང་།"}}],[{"phrase":{"AT":"གང་འདྲའི་བྱམས་པ་ཁྱོད་ལ་གནང་སོང་།","KT":"གང་འདྲའི་བྱམས་པ་ཁྱོད་ལ་གནང་སོང་། ","CT":"གང་འདྲའི་བྱམས་པ་ཁྱེད་ལ་གནང་སོང་།"}}],[{"phrase":{"AT":"ང་ལ་གནང་སོང་། ཁྱོད་ལ་གནང་སོང་།","KT":"ང་ལ་གནང་སོང་། ཁྱོད་ལ་གནང་སོང་། ","CT":"ང་ལ་གནང་སོང་། ཁྱེད་ལ་གནང་སོང་།"}}]],"label":"verse 3","id":3},{"line":[[{"phrase":{"AT":"ང་ཡིས་དད་པ་བྱས་པས།","KT":" ང་ཡིས་དད་པ་བྱས་པས། ","CT":"ང་ཡིས་དད་པ་བྱས་པས།"}}],[{"phrase":{"AT":"ང་ལ་ཐར་བ་གནང་སོང་།","KT":"ང་ལ་ཐར་བ་གནང་སོང་། ","CT":"ང་ལ་ཐར་པ་གནང་སོང་།"}}],[{"phrase":{"AT":"ཁྱོད་ཀྱིས་དད་པ་བྱེད་ན།","KT":"ཁྱོད་ཀྱིས་དད་པ་བྱེད་ན། ","CT":"ཁྱེད་ཡང་དད་པ་བྱེད་ན།"}}],[{"phrase":{"AT":"ཁྱོད་ཀྱང་ཐར་བ་གནང་ཡོང་།","KT":"ཁྱོད་ཀྱང་ཐར་བ་གནང་ཡོང་། ","CT":"ཁྱེད་ཡང་ཐར་པ་གནང་ཡོང་།"}}],[{"phrase":{"AT":"དད་པ་བྱེད་ན། ཐར་བ་གནང་ཡོང་།","KT":"དད་པ་བྱེད་ན། ཐར་བ་གནང་ཡོང་། ","CT":"དད་པ་བྱེད་ན། ཐར་པ་གནང་ཡོང་།"}}],[{"phrase":{"AT":"དད་པ་བྱེད་ན། ཐར་བ་གནང་ཡོང་།","KT":"དད་པ་བྱེད་ན། ཐར་བ་གནང་ཡོང་། ","CT":"དད་པ་བྱེད་ན། ཐར་པ་གནང་ཡོང་།"}}],[{"phrase":{"AT":"དད་པ་བྱེད་ན། ཐར་བ་གནང་ཡོང་།","KT":"དད་པ་བྱེད་ན། ཐར་བ་གནང་ཡོང་། ","CT":"དད་པ་བྱེད་ན། ཐར་པ་གནང་ཡོང་།"}}],[{"phrase":{"AT":"དད་པ་བྱེད་ན། ཐར་བ་གནང་ཡོང་།","KT":"དད་པ་བྱེད་ན། ཐར་བ་གནང་ཡོང་། ","CT":"དད་པ་བྱེད་ན། ཐར་པ་གནང་ཡོང་།།"}}]],"label":"verse 4","id":4}]},"metadata":[{"AT":"(བོད་པའི་བསྟོད་དབྱངས།)","KT":"(བོད་པའི་བསྟོད་དབྱངས།) ","CT":"(བོད་པའི་བསྟོད་དབྱངས།)"}]}