{"title":{"AT":"31.ང་ཚོས་དགའ་བའི་ལོན་ཞིག་ཐོས།","KT":"31. ང་ཚོས་དགའ་བའི་འཕྲིན་བཟང་ཐོས། ","CT":"31.ང་ཚོས་དགའ་བའི་འཕྲིན་བཟང་ཐོས།"},"author":"*","key":"*","lyrics":{"Verse":[{"line":[[{"phrase":{"AT":"ང་ཚོས་དགའ་བའི་ལོན་ཞིག་ཐོས།","KT":" ང་ཚོས་དགའ་བའི་འཕྲིན་བཟང་ཐོས། ","CT":"ང་ཚོས་དགའ་བའི་ལོན་ཞིག་ཐོས།"}}],[{"phrase":{"AT":"ཡེ་ཤུ་ནི་སྐྱབས་མགོན་ཡིན།","KT":"ཡེ་ཤུ་ནི་སྐྱབས་མགོན་ཡིན། ","CT":"ཡེ་ཤུ་ནི་སྐྱབས་མགོན་ཡིན།"}}],[{"phrase":{"AT":"ལོན་འདི་མི་ཐམས་ཅད་ལ་ཤོད།","KT":"འཕྲིན་འདི་མི་ཐམས་ཅད་ལ་ཤོད། ","CT":"ལོན་འདི་མི་ཐམས་ཅད་ལ་ཤོད།"}}],[{"phrase":{"AT":"ཡེ་ཤུ་ནི་སྐྱབས་མགོན་ཡིན།","KT":"ཡེ་ཤུ་ནི་སྐྱབས་མགོན་ཡིན། ","CT":"ཡེ་ཤུ་ནི་སྐྱབས་མགོན་ཡིན།"}}]],"label":"verse 1","id":1},{"line":[[{"phrase":{"AT":"ལོན་འདི་ཡུལ་ཐམས་ཅད་ལ་ཤོད།","KT":" འཕྲིན་འདི་ཡུལ་ཐམས་ཅད་ལ་ཤོད། ","CT":"ལོན་འདི་ཡུལ་ཚང་མ་ལ་ཤོད།"}}],[{"phrase":{"AT":"རི་རྣམས་འཛེགས་ནས་ཆུ་རྣམས་རྒོལ།","KT":"རི་རྣམས་འཛེགས་ནས་ཆུ་རྣམས་རྒོལ། ","CT":"རི་རྣམས་འཛེགས་ནས་ཆུ་རྣམས་བརྒལ།"}}],[{"phrase":{"AT":"ད་འགྲོ་གཙོ་བོས་འབོད་ཀྱིན་འདུག","KT":"ད་འགྲོ་གཙོ་བོས་འབོད་བཞིན་འདུག ","CT":"ད་འགྲོ་གཙོ་བོས་འབོད་ཀྱིན་འདུག"}}],[{"phrase":{"AT":"ཡེ་ཤུ་ནི་སྐྱབས་མགོན་ཡིན།","KT":"ཡེ་ཤུ་ནི་སྐྱབས་མགོན་ཡིན། ","CT":"ཡེ་ཤུ་ནི་སྐྱབས་མགོན་ཡིན།"}}]],"label":"verse 2","id":2},{"line":[[{"phrase":{"AT":"དགའ་བའི་ལོན་འདི་རླུང་ལ་འཕྱར།","KT":" འཕྲིན་བཟང་འདི་རླུང་ནང་ལ་བསྐུར། ","CT":"དགའ་བའི་ལོན་འདི་རླུང་ལ་འཕྱར།"}}],[{"phrase":{"AT":"ཡེ་ཤུ་ནི་སྐྱབས་མགོན་ཡིན།","KT":"ཡེ་ཤུ་ནི་སྐྱབས་མགོན་ཡིན། ","CT":"ཡེ་ཤུ་ནི་སྐྱབས་མགོན་ཡིན།"}}],[{"phrase":{"AT":"ལོན་འདི་སྡིག་ཅན་ཀུན་ལ་ཤོད།","KT":"འཕྲིན་འདི་སྡིག་ཅན་ཀུན་ལ་ཤོད། ","CT":"ལོན་འདི་སྡིག་ཅན་ཀུན་ལ་ཤོད།"}}],[{"phrase":{"AT":"ཡེ་ཤུ་ནི་སྐྱབས་མགོན་ཡིན།","KT":"ཡེ་ཤུ་ནི་སྐྱབས་མགོན་ཡིན། ","CT":"ཡེ་ཤུ་ནི་སྐྱབས་མགོན་ཡིན།"}}]],"label":"verse 3","id":3},{"line":[[{"phrase":{"AT":"མཚོ་ཡི་གླིང་རྣམས་གླུ་འདི་ལོངས།","KT":" མཚོ་ཡི་གླིང་རྣམས་གླུ་འདི་ལོངས། ","CT":"མཚོ་ཡི་གླིང་རྣམས་གླུ་འདི་ལོངས།"}}],[{"phrase":{"AT":"རྒྱ་མཚོའི་བྲག་ནས་བྲག་ཅ་འཁོར།","KT":"རྒྱ་མཚོའི་བྲག་ནས་བྲག་ཅ་འཁོར། ","CT":"རྒྱ་མཚོའི་བྲག་ནས་བྲག་ཅ་འཁོར།"}}],[{"phrase":{"AT":"འཇིག་རྟེན་འདི་བཀྲ་ཤིས་པར་འགྱུར།","KT":"འཇིག་རྟེན་འདི་བཀྲ་ཤིས་པར་འགྱུར། ","CT":"འཇིག་རྟེན་འདི་བཀྲ་ཤིས་པར་འགྱུར།"}}],[{"phrase":{"AT":"ཡེ་ཤུ་ནི་སྐྱབས་མགོན་ཡིན།","KT":"ཡེ་ཤུ་ནི་སྐྱབས་མགོན་ཡིན། ","CT":"ཡེ་ཤུ་ནི་སྐྱབས་མགོན་ཡིན།"}}]],"label":"verse 4","id":4},{"line":[[{"phrase":{"AT":"ལས་ཀ་བྱེད་བཞིན་གླུ་འདི་ལོངས།","KT":" ལས་ཀ་བྱེད་བཞིན་གླུ་འདི་ལོངས། ","CT":"ལས་ཀ་བྱེད་ཀྱི་གླུ་འདི་ལེན།"}}],[{"phrase":{"AT":"ཡེ་ཤུ་ནི་སྐྱབས་མགོན་ཡིན།","KT":"ཡེ་ཤུ་ནི་སྐྱབས་མགོན་ཡིན། ","CT":"ཡེ་ཤུ་ནི་སྐྱབས་མགོན་ཡིན།"}}],[{"phrase":{"AT":"ཡེ་ཤུ་གྲོངས་ནས་སྡིག་ཉེས་བསལ།","KT":"ཡེ་ཤུ་གྲོངས་ནས་སྡིག་ཉེས་བསལ། ","CT":"ཡེ་ཤུ་གྲོངས་ནས་སྡིག་སེལ་གནང་།"}}],[{"phrase":{"AT":"ཡེ་ཤུ་ནི་སྐྱབས་མགོན་ཡིན།","KT":"ཡེ་ཤུ་ནི་སྐྱབས་མགོན་ཡིན། ","CT":"ཡེ་ཤུ་ནི་སྐྱབས་མགོན་ཡིན།"}}]],"label":"verse 5","id":5},{"line":[[{"phrase":{"AT":"སྙིང་ལ་ཐུགས་རྗེ་ཐོབ་པའི་ཕྱིར།","KT":" སྙིང་ལ་ཐུགས་རྗེ་ཐོབ་པའི་དོན། ","CT":"སྙིང་ལ་ཐུགས་རྗེ་ཐོབ་པའི་ཕྱིར།"}}],[{"phrase":{"AT":"མཚན་གྱི་དུས་ཀྱང་གླུ་འདི་ལོངས།","KT":"མཚན་མོའི་དུས་ཀྱང་གླུ་འདི་ལོངས། ","CT":"མཚན་མོའི་དུས་ཀྱང་གླུ་འདི་ལོངས།"}}],[{"phrase":{"AT":"དུར་ནས་རྒྱལ་བའི་གླུ་འདི་ལོངས།  ","KT":"དུར་ནས་རྒྱལ་བའི་གླུ་འདི་ལོངས། ","CT":"དུར་ནས་རྒྱལ་བའི་གླུ་འདི་བློངས།  "}}],[{"phrase":{"AT":"ཡེ་ཤུ་ནི་སྐྱབས་མགོན་ཡིན།","KT":"ཡེ་ཤུ་ནི་སྐྱབས་མགོན་ཡིན། ","CT":"ཡེ་ཤུ་ནི་སྐྱབས་མགོན་ཡིན།"}}]],"label":"verse 6","id":6},{"line":[[{"phrase":{"AT":"རླུང་གིས་ཀྱང་སྒྲ་ཆེན་པོ་སྒྲོགས།","KT":" རླུང་གིས་ཀྱང་སྒྲ་ཆེན་པོ་སྒྲོགས། ","CT":"རླུང་གིས་ཀྱང་སྒྲ་ཆེན་པོ་སྒྲགས།"}}],[{"phrase":{"AT":"ཡེ་ཤུ་ནི་སྐྱབས་མགོན་ཡིན།","KT":"ཡེ་ཤུ་ནི་སྐྱབས་མགོན་ཡིན། ","CT":"ཡེ་ཤུ་ནི་སྐྱབས་མགོན་ཡིན།"}}],[{"phrase":{"AT":"མི་རྒྱུད་ཐམས་ཅད་དགའ་སྤྲོ་སྐྱེད།","KT":"མི་རྒྱུད་ཀུན་ལ་དགའ་སྤྲོ་སྐྱེད། ","CT":"མི་རྒྱུད་ཐམས་ཅད་དགའ་སྤྲོ་སྐྱེད།"}}],[{"phrase":{"AT":"ཡེ་ཤུ་ནི་སྐྱབས་མགོན་ཡིན།","KT":"ཡེ་ཤུ་ནི་སྐྱབས་མགོན་ཡིན། ","CT":"ཡེ་ཤུ་ནི་སྐྱབས་མགོན་ཡིན།།"}}]],"label":"verse 7","id":7}]},"metadata":[{"AT":"(We Have Heard the Joyful Sound ཞེས་པའི་དབྱིན་ཇིའི་བསྟོད་དབྱངས།)  DG 56","KT":"(We Have Heard the Joyful Sound ཞེས་པའི་དབྱིན་ཇིའི་བསྟོད་དབྱངས།)8 DG 568 Priscilla J Owens (1882) ","CT":"(We Have Heard the Joyful Sound ཞེས་པའི་དབྱིན་ཇིའི་བསྟོད་དབྱངས།)  DG 56"}]}