{"title":{"AT":"32.ངས་ཡེ་ཤུ་ལ་དད་པ་བྱེད་བཞིན་ཡོད།","KT":"32. ངས་ཡེ་ཤུ་ལ་དད་པ་བྱེད་བཞིན་ཡོད། ","CT":"32.ང་ཡེ་ཤུ་ལ་དད་པ་བྱེད་ཀྱི་ཡོད།"},"author":"*","key":"*","lyrics":{"Verse":[{"line":[[{"phrase":{"AT":"ངས་ཡེ་ཤུ་ལ་དད་པ་བྱེད་བཞིན་ཡོད།","KT":" ངས་ཡེ་ཤུ་ལ་དད་པ་བྱེད་བཞིན་ཡོད། ","CT":"ང་ཡེ་ཤུ་ལ་དད་པ་བྱེད་ཀྱི་ཡོད།"}}],[{"phrase":{"AT":"ཁོང་ནི་དཀོན་མཆོག་གི་སྲས་དེ་ཡིན།","KT":"ཁོང་ནི་དཀོན་མཆོག་གི་སྲས་དེ་ཡིན། ","CT":"ཁོང་ནི་དཀོན་མཆོག་གི་སྲས་དེ་ཡིན།"}}],[{"phrase":{"AT":"ཁོང་གྲོངས་པ་ནས་སླར་ཡང་གསོན་པ་རེད།","KT":"ཁོང་གྲོངས་པ་ནས་སླར་ཡང་གསོན་པ་རེད། ","CT":"ཁོང་གྲོངས་པ་ནས་གསོན་པོ་བཞེངས་བ་རེད།"}}],[{"phrase":{"AT":"ཁོང་གིས་ང་ལ་ཐར་བ་གནང་བ་རེད།","KT":"ཁོང་གིས་ང་ལ་ཐར་པ་གནང་བ་རེད། ","CT":"ཁོང་གིས་ང་ལ་ཐར་པ་གནང་བ་རེད།"}}]],"label":"verse 1","id":1},{"line":[[{"phrase":{"AT":"ོང་ང་ཚོའི་དཀྱིལ་ལ་བཞུགས་ཡོད།","KT":"ང་ང་ཚོའི་དཀྱིལ་ལ་བཞུགས་ཡོད། ","CT":"ང་ང་ཚོའི་དཀྱིལ་ལ་བཞུགས་ཡོད།"}}],[{"phrase":{"AT":"ཚང་མའི་དཀྱིལ་ལ་ཡོད།","KT":"ཚང་མའི་དཀྱིལ་ལ་ཡོད། ","CT":"ཚང་མའི་དཀྱིལ་ལ་ཡོད།"}}],[{"phrase":{"AT":"ནད་སངས་པའི་དབང་ནུས་ཁྱེད་ལ་ཡོད།","KT":"ནད་ནས་དྲག་པའི་དབང་ཁོང་ལ་ཡོད། ","CT":"དྲག་བཟོ་བའི་དབང་ཁོང་མཉམ་དུ་ཡོད།"}}],[{"phrase":{"AT":"སྡིག་ཉེས་བསལ་བའི་དབང་ཡང་ཡོད།","KT":"སྡིག་ཉེས་བསལ་བའི་དབང་ཡང་ཡོད། ","CT":"སྡིག་སེལ་གནང་བའི་དབང་ཡང་ཡོད།"}}]],"label":"verse 2","id":2},{"line":[[{"phrase":{"AT":"ངས་ཁྱེད་རང་ལ་དད་པ་བྱེད་བཞིན་ཡོད།","KT":" ངས་ཁྱེད་རང་ལ་དད་པ་བྱེད་བཞིན་ཡོད། ","CT":"ང་ཁྱེད་རང་ལ་དད་པ་བྱེད་ཀྱི་ཡོད།"}}],[{"phrase":{"AT":"ཁྱེད་ནི་དཀོན་མཆོག་གི་སྲས་དེ་ཡིན།","KT":"ཁྱེད་ནི་དཀོན་མཆོག་གི་སྲས་དེ་ཡིན། ","CT":"ཁྱེད་ནི་དཀོན་མཆོག་གི་སྲས་དེ་ཡིན།"}}],[{"phrase":{"AT":"ཁྱེད་གྲོངས་ནས་སླར་ཡང་གསོན་པ་རེད།","KT":"ཁྱེད་གྲོངས་ནས་སླར་ཡང་གསོན་པ་རེད། ","CT":"ཁྱེད་གྲོངས་ནས་གསོན་པོ་བཞེངས་བ་རེད།"}}],[{"phrase":{"AT":"ཁྱེད་ཀྱིས་ང་ལ་ཐར་བ་གནང་བ་རེད།","KT":"ཁྱེད་ཀྱིས་ང་ལ་ཐར་པ་གནང་བ་རེད། ","CT":"ཁྱེད་ཀྱིས་ང་ལ་ཐར་པ་གནང་བ་རེད།"}}]],"label":"verse 3","id":3},{"line":[[{"phrase":{"AT":"ྱེད་ང་ཚོའི་དཀྱིལ་ལ་བཞུགས་ཡོད།","KT":"ེད་ང་ཚོའི་དཀྱིལ་ལ་བཞུགས་ཡོད། ","CT":"ེད་ང་ཚོའི་དཀྱིལ་ལ་བཞུགས་ཡོད།"}}],[{"phrase":{"AT":"ཚང་མའི་དཀྱིལ་ལ་ཡོད།","KT":"ཚང་མའི་དཀྱིལ་ལ་ཡོད། ","CT":"ཚང་མའི་དཀྱིལ་ལ་ཡོད།"}}],[{"phrase":{"AT":"ནད་སངས་པའི་དབང་ནུས་ཁྱེད་ལ་ཡོད།","KT":"ནད་ ནས་དྲག་པའི་དབང་ཁྱེད་ལ་ཡོད། ","CT":"དྲག་བཟོ་བའི་དབང་ཁྱེད་མཉམ་དུ་ཡོད།"}}],[{"phrase":{"AT":"སྡིག་ཉེས་བསལ་བའི་དབང་ཡང་ཡོད།","KT":"སྡིག་ཉེས་བསལ་བའི་དབང་ཡང་ཡོད། ","CT":"སྡིག་སེལ་གནང་བའི་དབང་ཡང་ཡོད།།"}}]],"label":"verse 4","id":4}]},"metadata":[{"AT":"(I believe in Jesus ཞེས་པའི་དབྱིན་ཇིའི་བསྟོད་དབྱངས།) ","KT":"(I believe in Jesus ཞེས་པའི་དབྱིན་ཇིའི་བསྟོད་དབྱངས།)Marc Nelson, Copyright © 1987 Mercy/Vineyard Publishing, 2209 Chapelwood Drive, Franklin, TN37069, USA. Used by Permission.. ","CT":"(I believe in Jesus ཞེས་པའི་དབྱིན་ཇིའི་བསྟོད་དབྱངས།) "}]}