{"title":{"AT":"33.ངའི་སེམས་ལ་བསྟོད་པ་ཡོད།","KT":"33. ངའི་སེམས་ལ་བསྟོད་པ་ཡོད། ","CT":"33.ངའི་སེམས་ལ་བསྟོད་པ་ཡོད།"},"author":"*","key":"*","lyrics":{"Verse":[{"line":[[{"phrase":{"AT":"ངའི་སེམས་ལ་བསྟོད་པ་ཡོད།","KT":" ངའི་སེམས་ལ་བསྟོད་པ་ཡོད། ","CT":"ངའི་སེམས་ལ་བསྟོད་པ་ཡོད།"}}],[{"phrase":{"AT":"ལག་པ་ཡར་བརྐྱངས་པ་ཡིན།","KT":"ལག་པ་ཡར་བཀྱག་རྒྱུ་ཡིན། ","CT":"ལག་པ་ཡར་བརྐྱང་གི་ཡིན།"}}],[{"phrase":{"AT":"ཡེ་ཤུ་ངས་ཁྱེད་རང་ལ་ཐུགས་རྗེ་ཆེ་ཞུ་བཞིན་ཡོད།","KT":"ཡེ་ཤུ་ངས་ཁྱེད་རང་ལ་ཐུགས་རྗེ་ཆེ་ཞུ་བཞིན་ཡོད། ","CT":"ཡེ་ཤུ་ངས་ཁྱེད་རང་ལ་ཐུགས་རྗེ་ཆེ་ཞུ་གི་ཡོད།"}}],[{"phrase":{"AT":"ཐུགས་རྗེ་ཆེ་ཞུ་བཞིན་ཡོད། ཐུགས་རྗེ་ཆེ་ཞུ་བཞིན་ཡོད།","KT":"ཐུགས་རྗེ་ཆེ་ཞུ་བཞིན་ཡོད། ཐུགས་རྗེ་ཆེ་ཞུ་བཞིན་ཡོད། ","CT":"ཐུགས་རྗེ་ཆེ་ཞུ་ཀྱི་ཡོད། ཐུགས་རྗེ་ཆེ་ཞུ་གི་ཡོད།"}}],[{"phrase":{"AT":"ཡེ་ཤུ་ངས་ཁྱེད་རང་ལ་ཐུགས་རྗེ་ཆེ་ཞུ་བཞིན་ཡོད།","KT":"ཡེ་ཤུ་ངས་ཁྱེད་རང་ལ་ཐུགས་རྗེ་ཆེ་ཞུ་བཞིན་ཡོད། ","CT":"ཡེ་ཤུ་ངས་ཁྱེད་རང་ལ་ཐུགས་རྗེ་ཆེ་ཞུ་གི་ཡོད།"}}]],"label":"verse 1","id":1},{"line":[[{"phrase":{"AT":"ཧ་ལེ་ལོའུ་ཡཱ་གཙོ་བོ། ༢","KT":" ཧ་ལེ་ལོའུ་ཡཱ་གཙོ་བོ། ༢ ","CT":"ཧཱ་ལེ་ལུ་ཡཱ་གཙོ་བོ། ༢"}}],[{"phrase":{"AT":"ཡེ་ཤུ་ངས་ཁྱེད་རང་ལ་ཐུགས་རྗེ་ཆེ་ཞུ་བཞིན་ཡོད།","KT":"ཡེ་ཤུ་ངས་ཁྱེད་རང་ལ་ཐུགས་རྗེ་ཆེ་ཞུ་བཞིན་ཡོད། ","CT":"ཡེ་ཤུ་ངས་ཁྱེད་རང་ལ་ཐུགས་རྗེ་ཆེ་ཞུ་གི་ཡོད།།"}}]],"label":"verse 2","id":2}]},"metadata":[{"AT":"(With My Hands Lifted Up ཞེས་པའི་དབྱིན་ཇིའི་བསྟོད་དབྱངས།)","KT":"(With My Hands Lifted Up ཞེས་པའི་དབྱིན་ཇིའི་བསྟོད་དབྱངས།) ","CT":"(With My Hands Lifted Up ཞེས་པའི་དབྱིན་ཇིའི་བསྟོད་དབྱངས།)"}]}