{"title":{"AT":"34.རྗེས་ལ་རྗེས་ལ་གཙོ་བོ་ཡེ་ཤུའི་རྗེས་ལ།","KT":"34. རྗེས་ལ་རྗེས་ལ་གཙོ་བོ་ཡེ་ཤུའི་རྗེས་ལ། ","CT":"34.རྗེས་ལ་རྗེས་ལ་གཙོ་བོ་ཡེ་ཤུའི་རྗེས་ལ།"},"author":"*","key":"*","lyrics":{"Verse":[{"line":[[{"phrase":{"AT":"རྗེས་ལ་རྗེས་ལ་གཙོ་བོ་ཡེ་ཤུའི་རྗེས་ལ།","KT":"རྗེས་ལ་རྗེས་ལ་གཙོ་བོ་ཡེ་ཤུའི་རྗེས་ལ། ","CT":"རྗེས་ལ་རྗེས་ལ་གཙོ་བོ་ཡེ་ཤུའི་རྗེས་ལ།"}}],[{"phrase":{"AT":"ག་རུ་ཡང་གང་དུ་ཡང་ང་ནི་འགྲོ་རྒྱུ་ཡིན།","KT":"ག་ན་ཡང་ག་ན་ཡང་ང་ནི་འགྲོ་རྒྱུ་ཡིན། ","CT":"ག་རུ་ཡང་གང་དུ་ཡང་ང་ནི་འགྲོ་གི་ཡིན།"}}],[{"phrase":{"AT":"རྗེས་ལ་རྗེས་ལ་གཙོ་བོ་ཡེ་ཤུའི་རྗེས་ལ།","KT":"རྗེས་ལ་རྗེས་ལ་གཙོ་བོ་ཡེ་ཤུའི་རྗེས་ལ། ","CT":"རྗེས་ལ་རྗེས་ལ་གཙོ་བོ་ཡེ་ཤུའི་རྗེས་ལ།"}}],[{"phrase":{"AT":"ཁོང་གིས་གང་དུ་ཁྲིད་ན་ཡང་ང་འགྲོ་རྒྱུ་ཡིན།","KT":"ཁོང་གིས་གང་ན་ཁྲིད་ན་ཡང་ང་འགྲོ་རྒྱུ་ཡིན། ","CT":"ཁོང་གིས་ག་རུ་ཁྲིད་ན་ཡང་ང་འགྲོ་གི་ཡིན།།"}}]],"label":"verse 1","id":1}]},"metadata":[{"AT":"(Follow On ཞེས་པའི་དབྱིན་ཇིའི་བསྟོད་དབྱངས།)  DG Chorus 24","KT":"(Follow On ཞེས་པའི་དབྱིན་ཇིའི་བསྟོད་དབྱངས།)10 DG Chorus 24 10 W.O. Cushing (1878) ","CT":"(Follow On ཞེས་པའི་དབྱིན་ཇིའི་བསྟོད་དབྱངས།)  DG Chorus 24"}]}