{"title":{"AT":"35.ཉིན་གཅིག་མི་གཅིག་སོང་ནས།","KT":"35. ཉིན་གཅིག་མི་གཅིག་སོང་ནས། ","CT":"35.ཉིན་གཅིག་མི་གཅིག་སོང་ནས།"},"author":"*","key":"*","lyrics":{"Verse":[{"line":[[{"phrase":{"AT":"ཉིན་གཅིག་མི་གཅིག་སོང་ནས། ཡ་ལ་སོ།","KT":" ཉིན་གཅིག་མི་གཅིག་སོང་ནས། ཡ་ལ་སོ། ","CT":"ཉིན་གཅིག་མི་གཅིག་སོང་ནས། ཡ་ལ་སོ།"}}],[{"phrase":{"AT":"ཞིང་ལ་ནོར་བུ་མཐོང་སོང་། ཡ་ལ་སོ།","KT":"ཞིང་ལ་ནོར་བུ་མཐོང་སོང་། ཡ་ལ་སོ། ","CT":"ཞིང་ལ་ནོར་བུ་མཐོང་སོང་། ཡ་ལ་སོ།"}}],[{"phrase":{"AT":"ཚང་མ་བཙོངས་པ་ཡིན་པས།","KT":"ཚང་མ་བཙོངས་པ་ཡིན་པས། ","CT":"ཚང་མ་བཙོངས་པ་ཡིན་པས།"}}],[{"phrase":{"AT":"ཞིང་ཉོས་ནོར་བུ་ཐོབ་སོང་། ༢","KT":"ཞིང་ཉོས་ནོར་བུ་ཐོབ་སོང་། ༢ ","CT":"ཞིང་ཉོས་ནོར་བུ་ཐོབ་སོང་། ༢"}}]],"label":"verse 1","id":1},{"line":[[{"phrase":{"AT":"མཛེས་པའི་འཛམ་བུ་གླིང་དུ། ཡ་ལ་སོ།","KT":" མཛེས་པའི་འཛམ་བུ་གླིང་དུ། ཡ་ལ་སོ། ","CT":"མཛེས་པའི་འཛམ་བུ་གླིང་དུ། ཡ་ལ་སོ།"}}],[{"phrase":{"AT":"ནོར་བུ་མི་འདུག་མ་ཟེར། ཡ་ལ་སོ།","KT":"ནོར་བུ་མི་འདུག་མ་ཟེར། ཡ་ལ་སོ། ","CT":"ནོར་བུ་མི་འདུག་མ་གསུངས། ཡ་ལ་སོ།"}}],[{"phrase":{"AT":"སྐྱབས་མགོན་གཙོ་བོ་ཡེ་ཤུ།","KT":"སྐྱབས་མགོན་གཙོ་བོ་ཡེ་ཤུ། ","CT":"སྐྱབས་མགོན་གཙོ་བོ་ཡེ་ཤུ།"}}],[{"phrase":{"AT":"ནོར་བུ་མིན་ན་གང་རེད། ༢","KT":"ནོར་བུ་མིན་ན་ཅི་རེད། ༢ ","CT":"ནོར་བུ་མིན་ན་གང་རེད། ༢"}}]],"label":"verse 2","id":2},{"line":[[{"phrase":{"AT":"ནོར་བུ་འདིའི་སྐོར་གོ་ན། ཡ་ལ་སོ།","KT":" ནོར་བུ་འདིའི་སྐོར་གོ་ན། ཡ་ལ་སོ། ","CT":"ནོར་བུ་འདིའི་སྐོར་གོ་ན། ཡ་ལ་སོ།"}}],[{"phrase":{"AT":"གཟབ་གཟབ་བྱས་ནས་ཉོན་དང་། ཡ་ལ་སོ།","KT":"གཟབ་གཟབ་བྱས་ནས་ཉོན་དང་། ཡ་ལ་སོ། ","CT":"གཟབ་གཟབ་བྱས་ནས་གསན་དང་། ཡ་ལ་སོ།"}}],[{"phrase":{"AT":"འཛམ་གླིང་ཡོངས་ཀུན་རྫོགས་ཀྱང་།","KT":"འཛམ་གླིང་ཆ་ཚང་རྫོགས་ཀྱང་། ","CT":"འཛམ་གླིང་ཆ་ཚང་རྫོགས་ཀྱང་།"}}],[{"phrase":{"AT":"ནོར་བུ་འདི་ནི་གནས་ཡོང་། ༢","KT":"ནོར་བུ་འདི་ནི་གནས་ཡོང་། ༢ ","CT":"ནོར་བུ་འདི་ནི་གནས་ཡོང་། ༢"}}]],"label":"verse 3","id":3},{"line":[[{"phrase":{"AT":"ྱོད་ཀྱི་ཡིད་སེམས་ནང་ལ། ཡ་ལ་སོ།","KT":"ཁྱོད་ཀྱི་ཡིད་སེམས་ནང་ལ། ཡ་ལ་སོ། ","CT":"ྱེད་ཀྱི་ཐུགས་སེམས་ནང་ལ། ཡ་ལ་སོ།"}}],[{"phrase":{"AT":"ནོར་བུ་འདི་ནི་བཞུགས་ན། ཡ་ལ་སོ།","KT":"ནོར་བུ་འདི་ནི་བཞུགས་ན། ཡ་ལ་སོ། ","CT":"ནོར་བུ་འདི་ནི་བཞུགས་ན། ཡ་ལ་སོ།"}}],[{"phrase":{"AT":"འཛམ་གླིང་ཡོངས་ཀུན་རྫོགས་ཀྱང་།","KT":"འཛམ་གླིང་ཡོངས་ཀུན་རྫོགས་ཀྱང་། ","CT":"འཛམ་གླིང་ཆ་ཚང་རྫོགས་ཀྱང་།"}}],[{"phrase":{"AT":"ནོར་བུ་ཁྱོད་ནང་གནས་ཡོང་། ༢","KT":"ནོར་བུ་ཁྱོད་ནང་གནས་ཡོང་། ༢ ","CT":"ནོར་བུ་ཁྱེད་ནང་གནས་ཡོང་།། ༢"}}]],"label":"verse 4","id":4}]},"metadata":[{"AT":"(ཚིག་བློ་རྣམ་གྱིས་བརྩམས་པ། ལྷོ་ཁ་ཡུལ་གྱི་གདངས།)","KT":"(ཚིག་བློ་རྣམ་གྱིས་བརྩམས་པ། ལྷོ་ཁ་ཡུལ་གྱི་གདངས།) ","CT":"(ཚིག་བློ་རྣམ་གྱིས་བརྩམས་པ། ལྷོ་ཁ་ཡུལ་གྱི་གདངས།)"}]}