{"title":{"AT":"36.སྙིང་རྗེ་དང་བྱམས་ལྡན།","KT":"36. སྙིང་རྗེ་དང་བྱམས་ལྡན། ","CT":"36.སྙིང་རྗེ་དང་ཉམ་ཆུང་།"},"author":"*","key":"*","lyrics":{"Verse":[{"line":[[{"phrase":{"AT":"སྙིང་རྗེ་དང་བྱམས་ལྡན་གྱི་སྐྱབས་མགོན་ལགས།","KT":" སྙིང་རྗེ་དང་བྱམས་ལྡན་གྱི་སྐྱབས་མགོན་ལགས། ","CT":"སྙིང་རྗེ་དང་ཉམ་ཆུང་གི་སྐྱབས་མགོན་ལགས།"}}],[{"phrase":{"AT":"ང་ཁྱེད་ཀྱི་རྗེས་ལ་ཡོང་བཞིན་ཡོད།","KT":"ང་ཁྱེད་ཀྱི་རྗེས་ལ་ཡོང་བཞིན་ཡོད། ","CT":"ང་ཁྱེད་ཀྱི་རྗེས་ལ་ཡོང་གི་ཡོད།"}}],[{"phrase":{"AT":"ཐམས་ཅད་སྤངས་ནས་ཡོང་བཞིན་ཡོད།","KT":"ཐམས་ཅད་སྤངས་ནས་ཡོང་བཞིན་ཡོད། ","CT":"ཐམས་ཅད་སྤངས་ནས་ཡོང་གི་ཡོད།"}}],[{"phrase":{"AT":"ཁྱེད་ཀྱིས་ང་ལ་ཁྲུས་གསོལ་གནང་བར་མཛོད།","KT":"ཁྱེད་ཀྱིས་ང་ལ་ཁྲུས་གསོལ་གནང་རོགས་ཞུ། ","CT":"ཁྱེད་ཀྱིས་ང་ལ་ཁྲུས་གསོལ་གནང་རོགས་ཞུ།"}}]],"label":"verse 1","id":1},{"line":[[{"phrase":{"AT":"ངས་ཚེ་འདིའི་གང་ཡོད་ཚང་མ་ཁྱེད་ལ་འབུལ།","KT":" ངས་ཚེ་འདིའི་གང་ཡོད་ཚང་མ་ཁྱེད་ལ་འབུལ། ","CT":"ངས་ཚེ་འདིའི་གང་ཡོད་ཚང་མ་ཁྱེད་ལ་ཕུལ།"}}],[{"phrase":{"AT":"ད་ནས་ང་ཡི་ལུས་ངག་ཡིད་གསུམ་འདི།","KT":"ད་ནས་ང་ཡི་ལུས་ངག་ཡིད་གསུམ་འདི། ","CT":"ད་ནས་ང་ཡི་ལུས་ངག་ཡིད་གསུམ་འདི།"}}],[{"phrase":{"AT":"སྐྱབས་མགོན་ཁྱེད་ཀྱིས་ལས་རོགས་གནང་།","KT":"སྐྱབས་མགོན་ཁྱེད་ཀྱིས་ལེན་རོགས་གནང་། ","CT":"སྐྱབས་མགོན་ཁྱེད་ཀྱིས་ལེན་རོགས་གནང་།"}}],[{"phrase":{"AT":"ཁྱེད་ཀྱིས་ཐར་ལམ་ང་ལ་གནང་བར་མཛོད།","KT":"ཁྱེད་ཀྱིས་ཐར་ལམ་ང་ལ་གནང་རོགས་ཞུ། ","CT":"ཁྱེད་ཀྱིས་ཐར་ལམ་ང་ལ་གནང་རོགས་ཞུ།"}}],[{"phrase":{"AT":"ཀྱེ། གཙོ་བོ་སྐྱབས་མགོན་ཡེ་ཤུ་ཁྱེད།","KT":"ཀྱེ། གཙོ་བོ་སྐྱབས་མགོན་ཡེ་ཤུ་ཁྱེད། ","CT":"ཀྱེ། གཙོ་བོ་སྐྱབས་མགོན་ཡེ་ཤུ་ཁྱེད།"}}],[{"phrase":{"AT":"ཀྱེ། བྱིན་རླབས་ང་ལ་གནང་བར་མཛོད།","KT":"ཀྱེ། བྱིན་རླབས་ང་ལ་གནང་རོགས་ཞུ། ","CT":"ཀྱེ། བྱིན་རླབས་ང་ལ་གནང་རོགས་ཞུ།"}}],[{"phrase":{"AT":"ཁྱེད་ནི་ཐམས་ཅད་མཁྱེན་པ་དང་།","KT":"ཁྱེད་ནི་ཐམས་ཅད་མཁྱེན་པ་དང་། ","CT":"ཁྱེད་ནི་ཐམས་ཅད་མཁྱེན་པ་དང་།"}}],[{"phrase":{"AT":"སྡུག་བསྔལ་ལས་སྐྱོབ་པའི་དྲིན་ཆེན།","KT":"སྡུག་བསྔལ་ལས་སྐྱོབ་པའི་དྲིན་ཆེན། ","CT":"སྡུག་བསྔལ་ལས་སྐྱོབ་པའི་དྲིན་ཆེན།"}}],[{"phrase":{"AT":"སྐྱབས་མགོན་ཡེ་ཤུ་རེད།","KT":"སྐྱབས་མགོན་ཡེ་ཤུ་རེད། ","CT":"སྐྱབས་མགོན་ཡེ་ཤུ་རེད།།"}}]],"label":"verse 2","id":2}]},"metadata":[{"AT":"(བོད་པའི་བསྟོད་དབྱངས།)","KT":"(བོད་པའི་བསྟོད་དབྱངས།) ","CT":"(བོད་པའི་བསྟོད་དབྱངས།)"}]}