{"title":{"AT":"37.སྟོད་གངས་རི་སྟེང་ནས་ཉི་མ་ཤར།","KT":"37. སྟོད་གངས་རི་སྟེང་ནས་ཉི་མ་ཤར། ","CT":"37.སྟོད་གངས་རི་སྟེང་ནས་ཉི་མ་ཤར།"},"author":"*","key":"*","lyrics":{"Verse":[{"line":[[{"phrase":{"AT":"སྟོད་གངས་རི་སྟེང་ནས་ཉི་མ་ཤར།","KT":" སྟོད་གངས་རི་སྟེང་ནས་ཉི་མ་ཤར། ","CT":"སྟོད་གངས་རི་སྟེང་ནས་ཉི་མ་ཤར།"}}],[{"phrase":{"AT":"བོད་ཁ་བ་ཅན་ལ་སྐྱབས་ཞིག་འཁྲུངས།","KT":"བོད་ཁ་བ་ཅན་ལ་སྐྱབས་ཞིག་འཁྲུངས། ","CT":"བོད་ཁ་བ་ཅན་ལ་སྐྱབས་ཞིག་འཁྲུངས།"}}]],"label":"verse 1","id":1},{"line":[[{"phrase":{"AT":"བོད་གངས་ཅན་ཡུལ་གྱི་གཞོན་ནུ་ཚོས།","KT":" བོད་གངས་ཅན་ཡུལ་གྱི་གཞོན་ནུ་ཚོས། ","CT":"བོད་གངས་ཅན་ཡུལ་གྱི་གཞོན་ནུ་ཚོས།"}}],[{"phrase":{"AT":"གླུ་གར་རྩེད་བསྟོད་དབྱངས་ཁོང་ལ་འབུལ།","KT":"གླུ་གར་རྩེད་བསྟོད་དབྱངས་ཁོང་ལ་འབུལ། ","CT":"གླུ་གར་རྩེད་བསྟོད་དབྱངས་ཁོང་ལ་ཕུལ།"}}]],"label":"verse 2","id":2},{"line":[[{"phrase":{"AT":"ཡུལ་ཞིང་མཆོག་ཡབ་ཆེན་སྐུ་མདུན་ལ།","KT":" ཡུལ་ཞིང་མཆོག་ཡབ་ཆེན་སྐུ་མདུན་ལ། ","CT":"ཡུལ་ཞིང་མཆོག་ཡབ་ཆེན་སྐུ་མདུན་ལ།"}}],[{"phrase":{"AT":"དུས་མྱུར་དུ་འགྲོ་བའི་སྨོན་འདུན་ཞུ།","KT":"དུས་མྱུར་དུ་འགྲོ་བའི་སྨོན་འདུན་ཞུ། ","CT":"དུས་མྱུར་དུ་འགྲོ་བའི་སྨོན་འདུན་ཞུ།"}}]],"label":"verse 3","id":3},{"line":[[{"phrase":{"AT":"B (བོད་པའི་བསྟོད་དབྱངས།)","KT":" (བོད་པའི་བསྟོད་དབྱངས།) ","CT":" (བོད་པའི་བསྟོད་དབྱངས།)"}}]],"label":"verse 4","id":4},{"line":[[{"phrase":{"AT":"ཡ་རེ། སྟོད་ལ་གངས་རི་སྟེང་ནས་ཉི་མ་ཤར་བྱུང་ལ།","KT":" ཡ་རེ། སྟོད་ལ་གངས་རི་སྟེང་ནས་ཉི་མ་ཤར་བྱུང་ལ། ","CT":"ཡ་རེ། སྟོད་ལ་གངས་རི་སྟེང་ནས་ཉི་མ་ཤར་བྱུང་ལ།"}}],[{"phrase":{"AT":"ཡ་རེ། བོད་ལ་ཁ་བ་ཅན་དུ་སྐྱབས་ཞིག་འཁྲུངས་སོང་ལ།","KT":"ཡ་རེ། བོད་ལ་ཁ་བ་ཅན་དུ་སྐྱབས་ཞིག་འཁྲུངས་སོང་ལ། ","CT":"ཡ་རེ། བོད་ལ་ཁ་བ་ཅན་དུ་སྐྱབས་ཞིག་འཁྲུངས་སོང་ལ།"}}],[{"phrase":{"AT":"ཡ་རེ། བོད་ལ་ཁ་བ་ཅན་དུ་སྐྱབས་ཞིག་འཁྲུངས་སོང་།","KT":"ཡ་རེ། བོད་ལ་ཁ་བ་ཅན་དུ་སྐྱབས་ཞིག་འཁྲུངས་སོང་། ","CT":"ཡ་རེ། བོད་ལ་ཁ་བ་ཅན་དུ་སྐྱབས་ཞིག་འཁྲུངས་སོང་།"}}],[{"phrase":{"AT":"ཨ་ལ་བཀྲ་ཤིས་ཤོག ","KT":"ཨ་ལ་བཀྲ་ཤིས་ཤོག ","CT":"ཨ་ལ་བཀྲ་ཤིས་ཤོག །"}}]],"label":"verse 5","id":5},{"line":[[{"phrase":{"AT":"ཡ་རེ། བོད་ལ་གངས་ཅན་ཡུལ་གྱི་གཞོན་ནུ་ཕོ་མོ་ཚོ།","KT":" ཡ་རེ། བོད་ལ་གངས་ཅན་ཡུལ་གྱི་གཞོན་ནུ་ཕོ་མོ་ཚོ། ","CT":"ཡ་རེ། བོད་ལ་གངས་ཅན་ཡུལ་གྱི་གཞོན་ནུ་ཕོ་མོ་ཚོ།"}}],[{"phrase":{"AT":"ཡ་རེ། གླུ་ལེན་གར་རྩེད་བསྟོད་དབྱངས།","KT":"ཡ་རེ། གླུ་ལེན་གར་རྩེད་བསྟོད་དབྱངས། ","CT":"ཡ་རེ། གླུ་ལེན་གར་རྩེད་བསྟོད་དབྱངས།"}}],[{"phrase":{"AT":"ཁོང་ལ་ཕུལ་ཞིག་དང་།","KT":"ཁོང་ལ་ཕུལ་ཞིག་དང་། ","CT":"ཁོང་ལ་ཕུལ་ཞིག་དང་།"}}],[{"phrase":{"AT":"ཡ་རེ། གླུ་ལེན་གར་རྩེད་བསྟོད་དབྱངས་ཁོང་ལ་ཕུལ་ཞིག","KT":"ཡ་རེ། གླུ་ལེན་གར་རྩེད་བསྟོད་དབྱངས་ཁོང་ལ་ཕུལ་ཞིག ","CT":"ཡ་རེ། གླུ་ལེན་གར་རྩེད་བསྟོད་དབྱངས་ཁོང་ལ་ཕུལ་ཞིག"}}],[{"phrase":{"AT":"ཨ་ལ་བཀྲ་ཤིས་ཤོག ","KT":"ཨ་ལ་བཀྲ་ཤིས་ཤོག ","CT":"ཨ་ལ་བཀྲ་ཤིས་ཤོག །"}}]],"label":"verse 6","id":6},{"line":[[{"phrase":{"AT":"ཡ་རེ། ཡུལ་ལ་ཞིང་མཆོག་ཡབ་ཆེན་དམ་པའི་སྐུ་མདུན་ལ།","KT":" ཡ་རེ། ཡུལ་ལ་ཞིང་མཆོག་ཡབ་ཆེན་དམ་པའི་སྐུ་མདུན་ལ། ","CT":"ཡ་རེ། ཡུལ་ལ་ཞིང་མཆོག་ཡབ་ཆེན་དམ་པའི་སྐུ་མདུན་ལ།"}}],[{"phrase":{"AT":"ཡ་རེ། དུས་ལ་མྱུར་དུ་བསླེབ་པའི་སྨོན་འདུན།","KT":"ཡ་རེ། དུས་ལ་མྱུར་དུ་བསླེབ་པའི་སྨོན་འདུན། ","CT":"ཡ་རེ། དུས་ལ་མྱུར་ཏུ་བསླེབས་པའི་སྨོན་འདུན།"}}],[{"phrase":{"AT":"ཡང་ཡང་ཞུ།","KT":"ཡང་ཡང་ཞུ། ","CT":"ཡང་ཡང་ཞུ།"}}],[{"phrase":{"AT":"ཡ་རེ། དུས་ལ་མྱུར་དུ་བསླེབ་པའི་སྨོན་འདུན།","KT":"ཡ་རེ། དུས་ལ་མྱུར་དུ་བསླེབ་པའི་སྨོན་འདུན། ","CT":"ཡ་ར། དུས་ལ་མྱུར་ཏུ་བསླེབས་པའི་སྨོན་འདུན།"}}],[{"phrase":{"AT":"ཡང་ཡང་ཞུ།","KT":"ཡང་ཡང་ཞུ། ","CT":"ཡང་ཡང་ཞུ།"}}],[{"phrase":{"AT":"ཨ་ལ་བཀྲ་ཤིས་ཤོག ","KT":"ཨ་ལ་བཀྲ་ཤིས་ཤོག ","CT":"ཨ་ལ་བཀྲ་ཤིས་ཤོག །"}}]],"label":"verse 7","id":7}]},"metadata":[{"AT":"1A (འབྲོག་གླུ།)","KT":"A (འབྲོག་གླུ།) ","CT":"A (འབྲོག་གླུ།)"}]}