{"title":{"AT":"38.སྟོབས་དང་གཟི་བརྗིད་ལྡན་པའི། ","KT":"38. སྟོབས་དང་གཟི་བརྗིད་ལྡན་པའི། ","CT":"38.སྟོབས་དང་གཟི་བརྗིད་ལྡན་པའི། "},"author":"*","key":"*","lyrics":{"Verse":[{"line":[[{"phrase":{"AT":"སྟོབས་དང་གཟི་བརྗིད་ལྡན་པའི།","KT":" སྟོབས་དང་གཟི་བརྗིད་ལྡན་པའི། ","CT":"སྟོབས་དང་གཟི་བརྗིད་ལྡན་པའི།"}}],[{"phrase":{"AT":"འཇིག་རྟེན་ཁམས་འདི་འགོད་མཁན། ༢","KT":"འཇིག་རྟེན་ཁམས་འདི་འགོད་མཁན། ༢ ","CT":"འཇིག་རྟེན་ཁམས་འདི་བཀོད་མཁན། ༢"}}],[{"phrase":{"AT":"གཙོ་བོ་ཡ་ཧོ་ཝཱ་ཡིན།","KT":"གཙོ་བོ་ཡ་ཧོ་ཝ་ཡིན།11ཡ་ཧོ་ཝ་ཞེས་པ་ནི་དཀོན་མཆོག་གི་མཚན་ཞིག་ཡིན་ཏེ། ཡ་ཝཱེ་ཞེས་ཀྱང་ཟེར། ","CT":"གཙོ་བོ་ཡ་ཧོ་ཝཱ་ཡིན།"}}],[{"phrase":{"AT":"འོད་ཟེར་ང་ཚོར་འཕྲོས་འདུག ༢","KT":"འོད་ཟེར་ང་ཚོར་ཤར་འདུག ༢ ","CT":"འོད་ཟེར་ང་ཚོར་ཤར་འདུག ༢"}}],[{"phrase":{"AT":"ཡ་ཧོ་ཝཱ་ཡི་མི་སྡེ།","KT":"ཡ་ཧོ་ཝ་ཡི་མི་སྡེ། ","CT":"ཡ་ཧོ་ཝཱ་ཡི་མི་སྡེ།"}}],[{"phrase":{"AT":"ཐམས་ཅད་བདེ་ལ་བཀོད་འདུག ༢","KT":"ཐམས་ཅད་བདེ་ལ་བཀོད་འདུག ༢ ","CT":"ཐམས་ཅད་བདེ་ལ་བཀོད་འདུག ༢"}}]],"label":"verse 1","id":1},{"line":[[{"phrase":{"AT":"བྱམས་དང་སྙིང་རྗེ་ཆེན་པོའི།","KT":" བྱམས་དང་སྙིང་རྗེ་ཆེན་པོའི། ","CT":"བྱམས་དང་སྙིང་རྗེ་ཆེ་བའི།"}}],[{"phrase":{"AT":"དྲིན་ཆེན་སྐྱབས་མགོན་ཡེ་ཤུ། ༢","KT":"དྲིན་ཆེན་སྐྱབས་མགོན་ཡེ་ཤུ། ༢ ","CT":"དྲིན་ཆེན་སྐྱབས་མགོན་ཡེ་ཤུ། ༢"}}],[{"phrase":{"AT":"རང་སྲོག་བླུ་ལ་བཏང་བས།","KT":"རང་སྲོག་བླུ་ལ་བཏང་བས། ","CT":"རང་སྲོག་བློས་ལ་བཏང་བས།"}}],[{"phrase":{"AT":"སྡིག་སྒྲིབ་ཚང་མ་དག་སོང་། ༢","KT":"སྡིག་སྒྲིབ་ཚང་མ་དག་སོང་། ༢ ","CT":"སྡིག་སྒྲིབ་ཚང་མ་དག་སོང་། ༢"}}],[{"phrase":{"AT":"སྐྱབས་མགོན་ཡེ་ཤུའི་མི་སྡེ།","KT":"སྐྱབས་མགོན་ཡེ་ཤུའི་མི་སྡེ། ","CT":"སྐྱབས་མགོན་ཡེ་ཤུའི་མི་སྡེ།"}}],[{"phrase":{"AT":"ཐར་བའི་ལམ་དུ་བཀོད་འདུག  ༢","KT":"ཐར་བའི་ལམ་དུ་བཀོད་འདུག ༢ ","CT":"ཐར་བའི་ལམ་དུ་བཀོད་འདུག ། ༢"}}]],"label":"verse 2","id":2}]},"metadata":[{"AT":"(ཡ་ཧོ་ཝཱའི་མི་སྡེ།)","KT":"(ཡ་ཧོ་ཝའི་མི་སྡེ།) ","CT":"(ཡ་ཧོ་ཝཱའི་མི་སྡེ།)"}]}