{"title":{"AT":"39.བསྟོད་དབྱངས་ཕུལ་ཞིག","KT":"39. བསྟོད་དབྱངས་ཕུལ་ཞིག ","CT":"39.བསྟོད་དབྱངས་ཕུལ་ཞིག"},"author":"*","key":"*","lyrics":{"Verse":[{"line":[[{"phrase":{"AT":"བསྟོད་དབྱངས་ཕུལ་ཞིག","KT":" བསྟོད་དབྱངས་ཕུལ་ཞིག ","CT":"བསྟོད་དབྱངས་ཕུལ་ཞིག"}}],[{"phrase":{"AT":"ཡ་ཝཱེ་ལ་མགུར་གླུ་གསར་བ་ཞིག་ཕུལ་ཞིག","KT":"ཡ་ཝཱེ་ལ་མགུར་གླུ་གསར་པ་ཞིག་ཕུལ་ཞིག ","CT":"ཡ་ཝེ་ལ་མགུར་གླུ་གསར་པ་ཞིག་ཕུལ་ཞིག"}}]],"label":"verse 1","id":1},{"line":[[{"phrase":{"AT":"དམ་པ་རྣམས་ཀྱི་ཚོགས་ནང་ཁོང་ལ།","KT":"མ་པ་རྣམས་ཀྱི་ཚོགས་ནང་ཁོང་ལ། ","CT":"མ་པ་རྣམས་ཀྱི་ཚོགས་ནང་ཁོང་ལ།"}}],[{"phrase":{"AT":"བསྟོད་པར་གྱིས། ༢","KT":"བསྟོད་པར་གྱིས། ༢ ","CT":"བསྟོད་པར་གྱིས། ༢"}}]],"label":"verse 2","id":2},{"line":[[{"phrase":{"AT":"བསྟོད་དབྱངས་ཕུལ་ཞིག","KT":" བསྟོད་དབྱངས་ཕུལ་ཞིག ","CT":"བསྟོད་དབྱངས་ཕུལ་ཞིག"}}],[{"phrase":{"AT":"ཡུག་ཐེའེ་བའི་མཛད་པོའི་ནང་དགའ་བར་གྱིས།","KT":"ཡུག་ཐེའེ་བའི་མཛད་པོའི་ནང་དགའ་བར་ཤོག ","CT":"ཡི་སི་རེལ་གྱི་མཛད་པོའི་ནང་དགའ་བར་ཤོག"}}]],"label":"verse 3","id":3},{"line":[[{"phrase":{"AT":"བོད་ཁ་བ་ཅན་རྣམས་རྒྱལ་པོའི་རྐྱེན་གྱིས།","KT":"ཀོན་མཆོག་གི་རྣམས་རྒྱལ་པོའི་རྐྱེན་གྱིས། ","CT":"ཀོན་མཆོག་གི་མི་རྣམས་རྒྱལ་པོའི་རྐྱེན་གྱིས།"}}],[{"phrase":{"AT":"སྐྱིད་པར་ཤོག ༢ ","KT":"སྐྱིད་པར་ཤོག ༢ ","CT":"སྐྱིད་པར་ཤོག ༢ "}}]],"label":"verse 4","id":4},{"line":[[{"phrase":{"AT":"བསྟོད་དབྱངས་ཕུལ་ཞིག","KT":" བསྟོད་དབྱངས་ཕུལ་ཞིག ","CT":"བསྟོད་དབྱངས་ཕུལ་ཞིག"}}],[{"phrase":{"AT":"གར་རྩེད་ཅིང་ཁོང་གི་མཚན་ལ་བསྟོད་པར་ཤོག","KT":"གར་རྩེད་ཅིང་ཁོང་གི་མཚན་ལ་བསྟོད་པར་ཤོག ","CT":"གར་རྩེད་ཅིང་ཁོང་གི་མཚན་ལ་བསྟོད་པར་ཤོག"}}]],"label":"verse 5","id":5},{"line":[[{"phrase":{"AT":"རྔ་དང་སྒྲ་སྙན་གྱིས་ཁོང་ལ།","KT":"ྔ་དང་སྒྲ་སྙན་གྱིས་ཁོང་ལ། ","CT":"ྔ་དང་སྒྲ་སྙན་གྱིས་ཁོང་ལ།"}}],[{"phrase":{"AT":"བསྟོད་དབྱངས་ཕུལ་ཞིག ༢","KT":"བསྟོད་དབྱངས་ཕུལ་ཞིག ༢ ","CT":"བསྟོད་དབྱངས་ཕུལ་ཞིག ། ༢"}}]],"label":"verse 6","id":6}]},"metadata":[{"AT":"(གསུང་མགུར༡༤༩ དལ་གཞས་དང་མགྱོགས་གཞས།)","KT":"(གསུང་མགུར༡༤༩ དལ་གཞས་དང་མགྱོགས་གཞས།) ","CT":"(གསུང་མགུར་༡༤༩ དལ་གཞས་དང་འཁྲུགས་གཞས།)"}]}