{"title":{"AT":"4.དཀོན་མཆོག་གི་དྲུང་དུ་ལོག","KT":"4. དཀོན་མཆོག་གི་དྲུང་དུ་ལོག ","CT":"4.དཀོན་མཆོག་གི་དྲུང་དུ་ལོག"},"author":"*","key":"*","lyrics":{"Verse":[{"line":[[{"phrase":{"AT":"དཀོན་མཆོག་གི་དྲུང་དུ་ལོག།","KT":" དཀོན་མཆོག་གི་དྲུང་དུ་ལོག ","CT":"དཀོན་མཆོག་གི་དྲུང་དུ་ལོག"}}],[{"phrase":{"AT":"དེ་ནས་ཁྱོད་རང་ཐར་ཡོང་།།","KT":"དེ་ནས་ཁྱོད་རང་ཐར་ཡོང་། ","CT":"དེ་ནས་ཁྱེད་རང་ཐར་ཡོང་།"}}],[{"phrase":{"AT":"འཕྲིན་བཟང་འདི་དཀོན་མཆོག་གིས།།","KT":"འཕྲིན་བཟང་འདི་དཀོན་མཆོག་གིས། ","CT":"འཕྲིན་བཟང་འདི་དཀོན་མཆོག་གིས།"}}],[{"phrase":{"AT":"མི་ཐམས་ཅད་ལ་བཏང་ངོ་།། ༢","KT":"མི་ཐམས་ཅད་ལ་བཏང་ངོ་།། ༢ ","CT":"མི་ཐམས་ཅད་ལ་བཏང་ངོ་། ༢"}}]],"label":"verse 1","id":1},{"line":[[{"phrase":{"AT":"ཇག་པ་དང་ཚུལ་ཆོས་མཁན།།","KT":" ཇག་པ་དང་ཁ་ཆོས་མཁན། ","CT":"ཇག་པ་དང་ཁ་ཆོས་མཁན།"}}],[{"phrase":{"AT":"སྡིག་ཅན་དང་དྲང་པོ་རྣམས།།","KT":"སྡིག་ཅན་དང་དྲང་པོ་རྣམས། ","CT":"སྡིག་ཅན་དང་དྲང་པོ་རྣམས།"}}],[{"phrase":{"AT":"ཡེ་ཤུའི་དྲུང་དུ་འོང་ན།།","KT":"ཡེ་ཤུའི་དྲུང་དུ་འོང་ན། ","CT":"ཡེ་ཤུའི་རྩ་ལ་འོང་ན།"}}],[{"phrase":{"AT":"ཁོང་གིས་ཐམས་ཅད་འདྲེན་ཡོང་།། ༢","KT":"ཁོང་གིས་ཐམས་ཅད་འདྲེན་ཡོང་།། ༢ ","CT":"ཁོང་གིས་ཐམས་ཅད་འདྲེན་ཡོང་། ༢"}}]],"label":"verse 2","id":2},{"line":[[{"phrase":{"AT":"ས་གཞི་ཡོངས་ཀྱི་ཕྱིར་དུ།།","KT":" ས་གཞི་ཡོངས་ཀྱི་ཕྱིར། ","CT":"ས་གཞི་ཐམས་ཅད་ཀྱི་ཕྱིར།"}}],[{"phrase":{"AT":"གསོལ་སྟོན་ཆེན་པོ་བཤམས་འདུག།","KT":"གསོལ་སྟོན་ཆེན་པོ་བཤམས་འདུག ","CT":"གསོལ་སྟོན་ཆེན་པོ་བཤམས་འདུག"}}],[{"phrase":{"AT":"སུ་ཡང་འོང་འདོད་པ་རྣམས།།","KT":"སུ་ཡང་འོང་འདོད་པ་རྣམས། ","CT":"སུ་ཡང་འོང་འདོད་པ་རྣམས།"}}],[{"phrase":{"AT":"ད་ལྟ་མགྱོགས་པོར་ཤོག་ཅིག། ༢","KT":"ད་ལྟ་མགྱོགས་པོར་ཤོག་ཅིག། ༢ ","CT":"ད་ལྟ་མགྱོགས་པོར་ཤོག་ཅིག ༢"}}]],"label":"verse 3","id":3},{"line":[[{"phrase":{"AT":"དཀོན་མཆོག་གི་སྲས་དེ་ལ།།","KT":" དཀོན་མཆོག་གི་སྲས་དེ་ལ། ","CT":"དཀོན་མཆོག་གི་སྲས་དེ་ལ།"}}],[{"phrase":{"AT":"ཁྱོད་ཀྱི་སྡིག་པ་མཐོལ་ན།།","KT":"ཁྱོད་ཀྱི་སྡིག་པ་བཤགས་ན། ","CT":"ཁྱེད་ཀྱི་སྡིག་པ་བཤགས་ན།"}}],[{"phrase":{"AT":"ཁོང་གིས་ཡོངས་སུ་བསལ་ཞིང་།།","KT":"ཁོང་གིས་ཡོངས་སུ་བསལ་ཞིང་། ","CT":"ཁོང་གིས་ཡོངས་སུ་བསལ་ཞིང་། "}}],[{"phrase":{"AT":"མཐའ་མེད་པའི་སྲོག་གནང་ཡོང་།། ༢","KT":"མཐའ་མེད་པའི་སྲོག་གནང་ཡོང་།། ༢ ","CT":"མཐའ་མེད་པའི་སྲོག་གནང་ཡོང་།། ༢"}}]],"label":"verse 4","id":4},{"line":[[{"phrase":{"AT":"ཡིད་སེམས་ང་ལ་བཅོལ་ན།།","KT":" ཁྱོད་ཀྱི་སེམས་ང་ལ་གནང་། ","CT":"ཁྱེད་ཀྱི་སེམས་ང་ལ་གནང་།"}}],[{"phrase":{"AT":"ངས་ཁྱོད་བདེ་སྐྱིད་གནང་ཡོང་།།","KT":"ངས་ཁྱོད་སྐྱིད་པོ་བྱེད་ཡོང་། ","CT":"ངས་ཁྱེད་སྐྱིད་པོ་བྱེད་ཡོང་།"}}],[{"phrase":{"AT":"ཁོང་གིས་བྱམས་པའི་སྐད་ཀྱིས།།","KT":"ཁོང་གིས་བྱམས་པའི་སྐད་ཀྱིས། ","CT":"ཁོང་གིས་བྱམས་པའི་སྐད་ལ།"}}],[{"phrase":{"AT":"ཁྱོད་ལ་འདི་ལྟར་བསྐུལ་ལོ།། ༢","KT":"ཁྱོད་ལ་འདི་ལྟར་བསྐུལ་ལོ།། ༢ ","CT":"ཁྱེད་ལ་བསྐུལ་མ་བཏང་ངོ་། ༢"}}]],"label":"verse 5","id":5},{"line":[[{"phrase":{"AT":"ྱོད་ཀྱི་ཡབ་ཀྱི་དྲུང་དུ།།","KT":"ཁྱོད་ཀྱི་ཡབ་ཀྱི་དྲུང་དུ། ","CT":"ྱེད་ཀྱི་ཡབ་ཀྱི་དྲུང་དུ།"}}],[{"phrase":{"AT":"ད་ལྟ་མགྱོགས་པོར་ཤོག་ཅིག།","KT":"ད་ལྟ་མགྱོགས་པོར་ཤོག་ཅིག ","CT":"ད་ལྟ་མགྱོགས་པོར་ལོག་ཤོག "}}],[{"phrase":{"AT":"ཁོང་ལ་ཁྱོད་འཇིགས་མི་དགོས།།","KT":"ཁོང་ལ་ཁྱོད་འཇིགས་མི་དགོས། ","CT":"ཁོང་ལ་ཁྱེད་འཇིགས་མི་དགོས།"}}],[{"phrase":{"AT":"ཁོང་གིས་ཁྱོད་ལ་གཅེས་སོ།། ༢","KT":"ཁོང་གིས་ཁྱོད་ལ་གཅེས་སོ།། ༢ ","CT":"ཁོང་གིས་ཁྱེད་ལ་བྱམས་སོ། ༢"}}]],"label":"verse 6","id":6},{"line":[[{"phrase":{"AT":"ཡེ་ཤུའི་དྲུང་དུ་འོང་མཁན།།","KT":" ཡེ་ཤུའི་དྲུང་དུ་འོང་མཁན། ","CT":"ཡེ་ཤུའི་རྩ་ལ་འོང་མཁན།"}}],[{"phrase":{"AT":"དེ་ཚོར་ཐར་བ་འཐོབ་ཡོང་།།","KT":"དེ་ཚོར་ཐར་པ་འཐོབ་ཡོང་། ","CT":"དེ་ཚོར་ཐར་པ་ཐོབ་ཡོང་།"}}],[{"phrase":{"AT":"ལོན་འདི་ནི་དཀོན་མཆོག་གིས།།","KT":"འཕྲིན་བཟང་འདི་དཀོན་མཆོག་གིས། ","CT":"འཕྲིན་བཟང་འདི་དཀོན་མཆོག་གིས།"}}],[{"phrase":{"AT":"ཡུལ་ཐམས་ཅད་ལ་བཏང་ངོ་།། ༢","KT":"ཡུལ་ཐམས་ཅད་ལ་བཏང་ངོ་།། ༢ ","CT":"ཡུལ་ཐམས་ཅད་ལ་བཏང་ངོ་།། ༢"}}]],"label":"verse 7","id":7}]},"metadata":[{"AT":"(བོད་པའི་བསྟོད་དབྱངས།) DG 01","KT":"(བོད་པའི་བསྟོད་དབྱངས།) DG 01 ","CT":"(བོད་པའི་བསྟོད་དབྱངས།) DG 01"}]}