{"title":{"AT":"4.མིག་རྒྱང་རིང་མོས།","KT":"64. མིག་བཏེག་ནས། ","CT":"64.མིག་བཏེག་ནས།"},"author":"*","key":"*","lyrics":{"Verse":[{"line":[[{"phrase":{"AT":"མིག་རྒྱང་རིང་མོས།","KT":" མིག་བཏེག་ནས། ","CT":"མིག་བཏེག་ནས།"}}],[{"phrase":{"AT":"ཞིང་ལ་ལྟོས་དང་།","KT":"ཞིང་ལ་ལྟོས་དང་། ","CT":"ཞིང་ལ་ལྟོས་དང་།"}}],[{"phrase":{"AT":"སྙེ་མ་དཀར་པོར་གྱུར་ནས། ","KT":"སྙེ་མ་དཀར་པོར་གྱུར་ནས། ","CT":"སྙེ་མ་དཀར་པོ་རེད་འདུག "}}],[{"phrase":{"AT":"བཙས་མ་བརྔ་རན་ནོ།།","KT":"བཙས་མ་བརྔ་རན་ནོ། ","CT":"བཙས་མ་བརྔ་རན་ནོ།"}}],[{"phrase":{"AT":"སོའོ་ཡ་ལ། སྙེ་མ་དཀར་པོར་གྱུར་ནས། ","KT":"སོའོ་ཡ་ལ། སྙེ་མ་དཀར་པོར་གྱུར་ནས། ","CT":"སོའོ་ཡ་ལ། སྙེ་མ་དཀར་པོ་རེད་འདུག "}}],[{"phrase":{"AT":"བཙས་མ་བརྔ་རན་ནོ།།འོ་ཉན་རོགས་གནང་།","KT":"བཙས་མ་བརྔ་རན་ནོ། འོ་ཉན་རོགས་གནང་། ","CT":"བཙས་མ་བརྔ་རན་ནོ།འོ་གསན་རོགས་གནང་།"}}]],"label":"verse 1","id":1},{"line":[[{"phrase":{"AT":"མིག་རྒྱང་རིང་མོས།","KT":" མིག་བཏེག་ནས། ","CT":"མིག་བཏེག་ནས།"}}],[{"phrase":{"AT":"སྟོན་ཐོག་དངོས་གནས།","KT":"སྟོན་ཐོག་དངོས་གནས། ","CT":"སྟོན་ཐོག་བདེན་པར།"}}],[{"phrase":{"AT":"མང་པོ་འདུག་ཀྱང་བཙས་མ་རྔ་མཁན་ཤིན་ཏུ་ཉུང་།","KT":"མང་པོ་འདུག་ཀྱང་བཙས་མ་རྔ་མཁན་ཤིན་ཏུ་ཉུང་། ","CT":"མང་པོ་འདུག་ཀྱང་བཙས་མ་རྔ་མཁན་ཉུང་བ་འདུག"}}],[{"phrase":{"AT":"སོའོ་ཡ་ལ། མང་པོ་འདུག་ཀྱང་བཙས་མ།","KT":"སོའོ་ཡ་ལ། མང་པོ་འདུག་ཀྱང་བཙས་མ། ","CT":"སོའོ་ཡ་ལ། མང་པོ་འདུག་ཀྱང་བཙས་མ།"}}],[{"phrase":{"AT":"རྔ་མཁན་ཤིན་ཏུ་ཉུང་།འོ་ཉན་རོགས་གནང་།","KT":"རྔ་མཁན་ཤིན་ཏུ་ཉུང་། འོ་ཉན་རོགས་གནང་། ","CT":"རྔ་མཁན་ཉུང་བ་འདུགའོ་གསན་རོགས་གནང་།"}}]],"label":"verse 2","id":2},{"line":[[{"phrase":{"AT":"མིག་རྒྱང་རིང་མོས།","KT":" མིག་བཏེག་ནས། ","CT":"མིག་བཏེག་ནས།"}}],[{"phrase":{"AT":"སྟོན་ཐོག་བདག་པོར།","KT":"སྟོན་ཐོག་བདག་པོར། ","CT":"སྟོན་ཐོག་བདག་པོར།"}}],[{"phrase":{"AT":"རྔ་མཁན་མང་པོ་གཏོང་རོགས།","KT":"རྔ་མཁན་མང་པོ་གཏོང་རོགས། ","CT":"རྔ་མཁན་མང་པོ་གཏོང་གནང་།"}}],[{"phrase":{"AT":"ཞུས་ནས་སྨོན་ལམ་འདེབས།","KT":"ཞུས་ནས་སྨོན་ལམ་འདེབས། ","CT":"ཞུས་ནས་སྨོན་ལམ་འདེབས།"}}],[{"phrase":{"AT":"སོའོ་ཡ་ལ། རྔ་མཁན་མང་པོ་གཏོང་རོགས།","KT":"སོའོ་ཡ་ལ། རྔ་མཁན་མང་པོ་གཏོང་རོགས། ","CT":"སོའོ་ཡ་ལ། རྔ་མཁན་མང་པོ་གཏོང་གནང་།"}}],[{"phrase":{"AT":"ཞུས་ནས་སྨོན་ལམ་འདེབས།འོ་ཉན་རོགས་གནང་།","KT":"ཞུས་ནས་སྨོན་ལམ་འདེབས། འོ་ཉན་རོགས་གནང་། ","CT":"ཞུས་ནས་སྨོན་ལམ་འདེབས།འོ་གསན་རོགས་གནང་།"}}]],"label":"verse 3","id":3},{"line":[[{"phrase":{"AT":"ཡེ་ཤུ་ལ་ཉན་རོགས་གནང་།","KT":" ཡེ་ཤུ་ལ་ཉན་རོགས་གནང་། ","CT":"ndefined༤ཡེ་ཤུ་ལ་གསན་རོགས་གནང་།"}}],[{"phrase":{"AT":"འཇིག་རྟེན་ཀུན་ཏུ།","KT":"འཇིག་རྟེན་ཀུན་ཏུ། ","CT":"འཇིག་རྟེན་ཀུན་ལ།"}}],[{"phrase":{"AT":"སོང་ནས་མི་རྒྱུད་ཐམས་ཅད་ལ།","KT":"སོང་ནས་མི་རྒྱུད་ཐམས་ཅད་ལ། ","CT":"སོང་ལ་མི་རྒྱུད་ཐམས་ཅད་ལ།"}}],[{"phrase":{"AT":"དགའ་བའི་ལོན་ཤོད་ཅིག","KT":"དགའ་བའི་འཕྲིན་ཤོད་ཅིག ","CT":"དགའ་བའི་ལོན་ཤོད་ཅིག"}}],[{"phrase":{"AT":"སོའོ་ཡ་ལ། སོང་ནས་མི་རྒྱུད་ཐམས་ཅད་ལ།","KT":"སོའོ་ཡ་ལ། སོང་ནས་མི་རྒྱུད་ཐམས་ཅད་ལ། ","CT":"སོའོ་ཡ་ལ། སོང་ལ་མི་རྒྱུད་ཐམས་ཅད་ལ།"}}],[{"phrase":{"AT":"དགའ་བའི་ལོན་ཤོད་ཅིག   འོ་ཉན་རོགས་གནང་།","KT":"དགའ་བའི་ལོན་ཤོད་ཅིག འོ་ཉན་རོགས་གནང་། ","CT":"དགའ་བའི་ལོན་ཤོད་ཅིག   འོ་གསན་རོགས་གནང་།།"}}]],"label":"verse 4","id":4}]},"metadata":[{"AT":"(ཚིག་བློ་རྣམ་གྱིས་བརྩམས་པ། ཀོང་པོ་ཡུལ་གྱི་གདངས།) ","KT":"(ཚིག་བློ་རྣམ་གྱིས་བརྩམས་པ། ཀོང་པོ་ཡུལགྱི་གདངས།) ","CT":"(ཚིག་བློ་རྣམ་གྱིས་བརྩམས་པ། ཀོང་པོ་ཡུལ་གྱི་གདངས།) "}]}