{"title":{"AT":"40.ཐར་བའི་ཉི་མ་ཤར་བྱུང་།","KT":"40. ཐར་བའི་ཉི་མ་ཤར་བྱུང་། ","CT":"40.ཐར་པའི་ཉི་མ་ཤར་སོང་།"},"author":"*","key":"*","lyrics":{"Verse":[{"line":[[{"phrase":{"AT":"ཐར་བའི་ཉི་མ་ཤར་བྱུང་། དགའ་བ་ལ།","KT":" ཐར་བའི་ཉི་མ་ཤར་བྱུང་། དགའ་བ་ལ། ","CT":"ཐར་པའི་ཉི་མ་ཤར་སོང་། དགའ་བ་ལ།"}}],[{"phrase":{"AT":"དེ་རིང་སེམས་པ་དགའ་སོང་། སྐྱིད་པ་ལ།","KT":"དེ་རིང་སེམས་པ་དགའ་སོང་། སྐྱིད་པ་ལ། ","CT":"དེ་རིང་སེམས་པ་དགའ་སོང་། སྐྱིད་པ་ལ།"}}],[{"phrase":{"AT":"དགའ་བ་ལ།  སྐྱིད་པ་ལ།","KT":"དགའ་བ་ལ། སྐྱིད་པ་ལ། ","CT":"དགའ་བ་ལ།  སྐྱིད་པ་ལ།"}}]],"label":"verse 1","id":1},{"line":[[{"phrase":{"AT":"སྐྱབས་མགོན་སྡིག་པ་མེད་པ། དགའ་བ་ལ།","KT":" སྐྱབས་མགོན་སྡིག་པ་མེད་པ། དགའ་བ་ལ། ","CT":"སྐྱབས་མགོན་སྡིག་པ་མེད་པ། དགའ་བ་ལ།"}}],[{"phrase":{"AT":"ང་ཚོའི་དོན་དུ་གྲོངས་སོང་། སྐྱོ་བ་ལ།","KT":"ང་ཚོའི་དོན་ལ་གྲོངས་སོང་། སྐྱོ་བ་ལ། ","CT":"ང་ཚོའི་ཚབ་ལ་གྲོངས་སོང་། སྐྱོ་བ་ལ།"}}],[{"phrase":{"AT":"སྐྱོ་བ་ལ།  སྐྱོ་བ་ལ།","KT":"སྐྱོ་བ་ལ། སྐྱོ་བ་ལ། ","CT":"སྐྱོ་བ་ལ།  སྐྱོ་བ་ལ།"}}]],"label":"verse 2","id":2},{"line":[[{"phrase":{"AT":"རྒྱ་གྲམ་སྡུག་བསྔལ་མྱངས་སོང་། སྡུག་པ་ལ།","KT":" རྒྱ་གྲམ་སྡུག་བསྔལ་མྱངས་སོང་། སྡུག་པ་ལ། ","CT":"རྒྱངས་ཤིང་སྡུག་བསྔལ་མྱངས་སོང་། སྡུག་པ་ལ།"}}],[{"phrase":{"AT":"སྡིག་པ་ཐམས་ཅད་བསལ་སོང་། སྐྱིད་པ་ལ། ","KT":"སྡིག་པ་ཐམས་ཅད་བསལ་སོང་། སྐྱིད་པ་ལ། ","CT":"སྡིག་པ་ཐམས་ཅད་བསལ་སོང་། སྐྱིད་པ་ལ། "}}],[{"phrase":{"AT":"དགའ་བ་ལ།  སྐྱིད་པ་ལ།","KT":"དགའ་བ་ལ། སྐྱིད་པ་ལ། ","CT":"དགའ་བ་ལ།  སྐྱིད་པ་ལ།"}}]],"label":"verse 3","id":3},{"line":[[{"phrase":{"AT":"གཙོ་བོ་ཡེ་ཤུ་གཤེགས་སོང་། སྡུག་པ་ལ། ","KT":" གཙོ་བོ་ཡེ་ཤུ་གཤེགས་སོང་། སྡུག་པ་ལ། ","CT":"གཙོ་བོ་ཡེ་ཤུ་གཤེགས་སོང་། སྡུག་པ་ལ། "}}],[{"phrase":{"AT":"ཞག་མ་གསུམ་པར་སླར་གསོན། སྐྱིད་པ་ལ།","KT":"ཞག་མ་གསུམ་པར་སླར་གསོན། སྐྱིད་པ་ལ། ","CT":"ཞག་མ་གསུམ་པར་བཞེངས་སོང་། སྐྱིད་པ་ལ།"}}],[{"phrase":{"AT":"དགའ་བ་ལ། སྐྱིད་པ་ལ།","KT":"དགའ་བ་ལ། སྐྱིད་པ་ལ། ","CT":"དགའ་བ་ལ། སྐྱིད་པ་ལ།"}}]],"label":"verse 4","id":4},{"line":[[{"phrase":{"AT":"ཡེ་ཤུའི་སྐུ་ཁྲག་རིན་ཆེན། དགའ་བ་ལ།","KT":" ཡེ་ཤུའི་སྐུ་ཁྲག་རིན་ཆེན། དགའ་བ་ལ། ","CT":"ཡེ་ཤུའི་སྐུ་ཁྲག་རིན་ཆེན། དགའ་བ་ལ།"}}],[{"phrase":{"AT":"ང་ཚོའི་བླུ་རིན་གནང་སོང་། སྐྱིད་པ་ལ།","KT":"ང་ཚོའི་བླུ་རིན་གནང་སོང་། སྐྱིད་པ་ལ། ","CT":"ང་ཚོའི་བླུ་རིན་གནང་སོང་། སྐྱིད་པ་ལ།"}}],[{"phrase":{"AT":"དགའ་བ་ལ། སྐྱིད་པ་ལ།","KT":"དགའ་བ་ལ། སྐྱིད་པ་ལ། ","CT":"དགའ་བ་ལ། སྐྱིད་པ་ལ།"}}]],"label":"verse 5","id":5},{"line":[[{"phrase":{"AT":"འཆི་བའི་དབང་ནས་རྒྱལ་སོང་། དགའ་བ་ལ།","KT":" འཆི་བའི་དབང་ནས་རྒྱལ་སོང་། དགའ་བ་ལ། ","CT":"འཆི་བའི་དབང་ནས་རྒྱལ་སོང་། དགའ་བ་ལ།"}}],[{"phrase":{"AT":"བདུད་ཀྱི་དབང་ལས་རྒྱལ་སོང་། སྐྱིད་པ་ལ།","KT":"བདུད་ཀྱི་དབང་ལས་རྒྱལ་སོང་། སྐྱིད་པ་ལ། ","CT":"བདུད་ཀྱི་དབང་ལས་རྒྱལ་སོང་། སྐྱིད་པ་ལ།"}}],[{"phrase":{"AT":"དགའ་བ་ལ། སྐྱིད་པ་ལ།","KT":"དགའ་བ་ལ། སྐྱིད་པ་ལ། ","CT":"དགའ་བ་ལ། སྐྱིད་པ་ལ།"}}]],"label":"verse 6","id":6},{"line":[[{"phrase":{"AT":"སྐྱབས་མགོན་གཙོ་བོ་ཡེ་ཤུ། དགའ་བ་ལ།","KT":" སྐྱབས་མགོན་གཙོ་བོ་ཡེ་ཤུ། དགའ་བ་ལ། ","CT":"སྐྱབས་མགོན་གཙོ་བོ་ཡེ་ཤུ། དགའ་བ་ལ།"}}],[{"phrase":{"AT":"ནམ་རྒྱུན་གསོན་པོར་བཞུགས་ཡོད། སྐྱིད་པ་ལ།","KT":"ནམ་རྒྱུན་གསོན་པོར་བཞུགས་ཡོད། སྐྱིད་པ་ལ། ","CT":"ནམ་རྒྱུན་གསོན་པོར་བཞུགས་ཡོད། སྐྱིད་པ་ལ།"}}],[{"phrase":{"AT":"དགའ་བ་ལ། སྐྱིད་པ་ལ།","KT":"དགའ་བ་ལ། སྐྱིད་པ་ལ། ","CT":"དགའ་བ་ལ། སྐྱིད་པ་ལ།"}}]],"label":"verse 7","id":7},{"line":[[{"phrase":{"AT":"སྐྱིད་པའི་ཉི་མ་ཤར་བྱུང་། དགའ་བ་ལ།","KT":" སྐྱིད་པའི་ཉི་མ་ཤར་བྱུང་། དགའ་བ་ལ། ","CT":"སྐྱིད་པའི་ཉི་མ་ཤར་སོང་། དགའ་བ་ལ།"}}],[{"phrase":{"AT":"དགའ་བའི་གླུ་གཞས་ལོངས་ཤིག  སྐྱིད་པ་ལ།","KT":"དགའ་བའི་གླུ་གཞས་ལོངས་ཤིག སྐྱིད་པ་ལ། ","CT":"དགའ་བའི་གླུ་གཞས་ལེན་ཞིག  སྐྱིད་པ་ལ།"}}],[{"phrase":{"AT":"དགའ་བ་ལ། སྐྱིད་པ་ལ།","KT":"དགའ་བ་ལ། སྐྱིད་པ་ལ། ","CT":"དགའ་བ་ལ། སྐྱིད་པ་ལ།།"}}]],"label":"verse 8","id":8}]},"metadata":[{"AT":"(བོད་པའི་བསྟོད་དབྱངས།)","KT":"(བོད་པའི་བསྟོད་དབྱངས།) ","CT":"(བོད་པའི་བསྟོད་དབྱངས།)"}]}