{"title":{"AT":"41.ཐུགས་རྗེ་ཆེ་ཡེ་ཤུ།","KT":"41. ཐུགས་རྗེ་ཆེ་ཡེ་ཤུ། ","CT":"41.ཐུགས་རྗེ་ཆེ་ཡེ་ཤུ།"},"author":"*","key":"*","lyrics":{"Verse":[{"line":[[{"phrase":{"AT":"ཐུགས་རྗེ་ཆེ་ཡེ་ཤུ། ཐུགས་རྗེ་ཆེ་ཡེ་ཤུ།","KT":" ཐུགས་རྗེ་ཆེ་ཡེ་ཤུ། ཐུགས་རྗེ་ཆེ་ཡེ་ཤུ། ","CT":"ཐུགས་རྗེ་ཆེ་ཡེ་ཤུ། ཐུགས་རྗེ་ཆེ་ཡེ་ཤུ།"}}],[{"phrase":{"AT":"ཐུགས་རྗེ་ཆེ་ཡེ་ཤུ་ང་ཡི་སེམས་ནང་ནས། ༢","KT":"ཐུགས་རྗེ་ཆེ་ཡེ་ཤུ་ང་ཡི་སེམས་ནང་ནས། ༢ ","CT":"ཐུགས་རྗེ་ཆེ་ཡེ་ཤུ་ང་ཡི་སེམས་ནང་ནས། ༢"}}]],"label":"verse 1","id":1},{"line":[[{"phrase":{"AT":"ཧ་ལེ་ལོའུ་ཡཱ་ཡེ་ཤུ། ཧ་ལེ་ལོའུ་ཡཱ་ཡེ་ཤུ།","KT":" ཧ་ལེ་ལོའུ་ཡཱ་ཡེ་ཤུ། ཧ་ལེ་ལོའུ་ཡཱ་ཡེ་ཤུ། ","CT":"ཧཱ་ལེ་ལུ་ཡཱ་ཡེ་ཤུ། ཧཱ་ལེ་ལུ་ཡཱ་ཡེ་ཤུ།"}}],[{"phrase":{"AT":"ཧ་ལེ་ལོའུ་ཡཱ་ཡེ་ཤུ་ང་ཡི་སེམས་ནང་ནས། ༢","KT":"ཧ་ལེ་ལོའུ་ཡཱ་ཡེ་ཤུ་ང་ཡི་སེམས་ནང་ནས། ༢ ","CT":"ཧཱ་ལེ་ལུ་ཡཱ་ཡེ་ཤུ་ང་ཡི་སེམས་ནང་ནས།། ༢"}}]],"label":"verse 2","id":2}]},"metadata":[{"AT":"(Thankyou, Thankyou, Jesus ཞེས་པའི་དབྱིན་ཇིའི་བསྟོད་དབྱངས།)","KT":"(Thankyou, Thankyou, Jesus ཞེས་པའི་དབྱིན་ཇིའི་བསྟོད་དབྱངས།) ","CT":"(Thankyou, Thankyou, Jesus ཞེས་པའི་དབྱིན་ཇིའི་བསྟོད་དབྱངས།)"}]}