{"title":{"AT":"42.དང་པོར་དཀོན་མཆོག་གི་རྒྱལ་སྲིད། ༡","KT":"42. དང་པོར་དཀོན་མཆོག་གི་རྒྱལ་སྲིད། ༡ ","CT":"42.དང་པོ་ལ་དཀོན་མཆོག་གི་རྒྱལ་སྲིད། ༡"},"author":"*","key":"*","lyrics":{"Verse":[{"line":[[{"phrase":{"AT":"དང་པོར་དཀོན་མཆོག་གི་རྒྱལ་སྲིད་དང་།","KT":" དང་པོར་དཀོན་མཆོག་གི་རྒྱལ་སྲིད་དང་། ","CT":"དང་པོ་ལ་དཀོན་མཆོག་གི་རྒྱལ་སྲིད་དང་།"}}],[{"phrase":{"AT":"རྣམ་དག་ཉིད་འཚོལ་ཞིག་དང་། ","KT":"རྣམ་དག་ཉིད་འཚོལ་ཞིག་དང་། ","CT":"ཁོང་གི་དྲང་བ་ཉིད་དེ་བཙལ་ན། "}}],[{"phrase":{"AT":"དེ་ཐམས་ཅད་ཁྱོད་རྣམས་ལ་གནང་བར་འགྱུར།","KT":"དེ་ཐམས་ཅད་ཁྱོད་རྣམས་ལ་གནང་བར་འགྱུར། ","CT":"དེ་ཐམས་ཅད་ཁྱེད་རྣམས་ལ་གནང་བར་འགྱུར།"}}],[{"phrase":{"AT":"ཧ་ལེ་ལོའུ། ཧ་ལེ་ལོའུ་ཡཱ།","KT":"ཧ་ལེ་ལོའུ། ཧ་ལེ་ལོའུ་ཡཱ།། ","CT":"ཧཱ་ལེ་ལུ། ཧཱ་ལེ་ལུ་ཡཱ།"}}]],"label":"verse 1","id":1},{"line":[[{"phrase":{"AT":"མི་ནི་ཁ་ཟས་ཁོ་ནར་བརྟེན་ནས་འཚོ་བ་མིན།","KT":" མི་ནི་ཁ་ཟས་ཁོ་ནར་བརྟེན་ནས་འཚོ་བ་མིན། ","CT":"མི་ནི་བག་ལེབ་གཅིག་པོར་འཚོ་བ་མིན།"}}],[{"phrase":{"AT":"དཀོན་མཆོག་གི་ཞལ་ནས་འབྱུང་བའི།","KT":"དཀོན་མཆོག་གི་ཞལ་ནས་འབྱུང་བའི། ","CT":"དཀོན་མཆོག་གི་ཞལ་ནས་འབྱུང་བའི།"}}],[{"phrase":{"AT":"བཀའ་ཐམས་ཅད་ལ་བརྟེན་ནས་འཚོ་བ་ཡིན།","KT":"བཀའ་ཐམས་ཅད་ལ་བརྟེན་ནས་འཚོ་བ་ཡིན། ","CT":"བཀའ་ཐམས་ཅད་ལ་བརྟེན་ནས་འཚོ་བ་ཡིན།"}}],[{"phrase":{"AT":"ཧ་ལེ་ལོའུ། ཧ་ལེ་ལོའུ་ཡཱ།","KT":"ཧ་ལེ་ལོའུ། ཧ་ལེ་ལོའུ་ཡཱ།། ","CT":"ཧཱ་ལེ་ལུ། ཧཱ་ལེ་ལུ་ཡཱ།"}}]],"label":"verse 2","id":2},{"line":[[{"phrase":{"AT":"གསོལ་བ་ཡང་ཡང་ཐོབས་དང་འཐོབ་པར་འགྱུར།","KT":" གསོལ་བ་ཡང་ཡང་ཐོབས་དང་འཐོབ་པར་འགྱུར། ","CT":"སྨོན་ལམ་ཞུས་ན་ཁྱེད་ལ་འཐོབ་པར་འགྱུར།"}}],[{"phrase":{"AT":"ཚོལ་ཞིག་དང་རྙེད་པར་འགྱུར་ངེས།","KT":"ཚོལ་ཞིག་དང་རྙེད་པར་འགྱུར་ངེས། ","CT":"ཚོལ་ཞིག་ན་རྙེད་པར་འགྱུར་ངེས།"}}],[{"phrase":{"AT":"སྒོ་རྡུངས་ན་སྒོ་དེ་ཕྱེ་བར་འགྱུར།","KT":"སྒོ་རྡུངས་ན་སྒོ་དེ་ཕྱེ་བར་འགྱུར། ","CT":"སྒོ་རྡུངས་ན་སྒོ་དེ་ཕྱེད་པར་འགྱུར།"}}],[{"phrase":{"AT":"ཧ་ལེ་ལོའུ། ཧ་ལེ་ལོའུ་ཡཱ།","KT":"ཧ་ལེ་ལོའུ། ཧ་ལེ་ལོའུ་ཡཱ།། ","CT":"ཧཱ་ལེ་ལུ། ཧཱ་ལེ་ལུ་ཡཱ།"}}]],"label":"verse 3","id":3},{"line":[[{"phrase":{"AT":"ྱོད་རྣམས་ཀྱི་འོད་དེ་མི་རྣམས་ཀྱི་མདུན་ལ། ","KT":"ཁྱོད་རྣམས་ཀྱི་འོད་དེ་མི་རྣམས་ཀྱི་མདུན་ལ། ","CT":"ྱེད་རྣམས་ཀྱི་འོད་དེ་མི་རྣམས་ཀྱི་མདུན་ལ། "}}],[{"phrase":{"AT":"འཕྲོ་རུ་ཆུགས་དང་དེ་དག་གིས།","KT":"ཤར་དུ་བཅུག་དང་དེ་དག་གིས། ","CT":"ཤར་དུ་བཅུག་ཅིག་དང་།"}}],[{"phrase":{"AT":"ཁྱོད་ཚོས་བྱེད་པའི་ལས་བཟང་པོ་རྣམས་མཐོང་སྟེ། ","KT":"ཁྱོད་ཚོས་བྱེད་པའི་ལས་བཟང་པོ་རྣམས་མཐོང་སྟེ། ","CT":"དེ་ཚོས་ཁྱེད་ཀྱི་ལས་བཟང་པོ་རྣམས་མཐོང་སྟེ། "}}],[{"phrase":{"AT":"ཡབ་ཆེན་ལ་བསྟོད་པར་འགྱུར་རོ།།","KT":"ཡབ་ཆེན་ལ་བསྟོད་པར་འགྱུར་རོ།། ","CT":"ཡབ་ཆེན་ལ་བསྟོད་པར་འགྱུར་རོ།"}}]],"label":"verse 4","id":4},{"line":[[{"phrase":{"AT":"ཧ་ལེ་ལོའུ་ཡཱ། ཧ་ལེ་ལོའུ་ཡཱ།","KT":" ཧ་ལེ་ལོའུ་ཡཱ། ཧ་ལེ་ལོའུ་ཡཱ། ","CT":"ཧཱ་ལེ་ལུ་ཡཱ། ཧཱ་ལེ་ལུ་ཡཱ།"}}],[{"phrase":{"AT":"ཧ་ལེ་ལོའུ་ཡཱ། ཧ་ལེ་ལོའུ། ཧ་ལེ་ལོའུ་ཡཱ།","KT":"ཧ་ལེ་ལོའུ་ཡཱ། ཧ་ལེ་ལོའུ། ཧ་ལེ་ལོའུ་ཡཱ། ","CT":"ཧཱ་ལེ་ལུ་ཡཱ། ཧཱ་ལེ་ལུ། ཧཱ་ལེ་ལུ་ཡཱ།།"}}]],"label":"verse 5","id":5}]},"metadata":[{"AT":"(Seek Ye First The Kingdom Of God ཞེས་པའི་དབྱིན་ཇིའི་བསྟོད་དབྱངས།) ","KT":"(Seek Ye First The Kingdom Of God ཞེས་པའི་དབྱིན་ཇིའི་བསྟོད་དབྱངས།)12 Music by Karen Lafferty, Copyright 1972 © Maranatha! Music (Admin. CopyCare), PO Box 77, Hailsham, BN27 3EF, UK.Used by permission. )","CT":"(Seek Ye First The Kingdom Of God ཞེས་པའི་དབྱིན་ཇིའི་བསྟོད་དབྱངས།) "}]}