{"title":{"AT":"43.དང་པོར་དཀོན་མཆོག་གི་རྒྱལ་སྲིད། ༢","KT":"43. དང་པོར་དཀོན་མཆོག་གི་རྒྱལ་སྲིད། ༢ ","CT":"43.དང་པོ་ལ་དཀོན་མཆོག་གི་རྒྱལ་སྲིད། ༢"},"author":"*","key":"*","lyrics":{"Verse":[{"line":[[{"phrase":{"AT":"དཀོན་མཆོག་གིས་སྲས་གཅིག་པོ་གནང་བ་ཙམ་དུ།","KT":" དཀོན་མཆོག་གིས་སྲས་གཅིག་པོ་གནང་བ་ཙམ་དུ། ","CT":"དཀོན་མཆོག་གིས་སྲས་གཅིག་པོ་གནང་བ་ཙམ་དུ།"}}],[{"phrase":{"AT":"འཇིག་རྟེན་ལ་བྱམས་པར་མཛད་པས།","KT":"འཇིག་རྟེན་ལ་བྱམས་པར་མཛད་པས། ","CT":"འཇིག་རྟེན་ལ་བྱམས་པར་མཛད་པས།"}}],[{"phrase":{"AT":"སུས་ཀྱང་དེ་ལ་དད་པ་བྱེད་ན།","KT":"སུས་ཀྱང་དེ་ལ་དད་པ་བྱེད་ན། ","CT":"སུ་ཀྱང་དེ་ལ་དད་པ་བྱེད་ན།"}}],[{"phrase":{"AT":"མཐའ་མེད་པའི་སྲོག་དེ་ཐོབ་ཡོང་།","KT":"མཐའ་མེད་པའི་སྲོག་དེ་ཐོབ་ཡོང་།། ","CT":"མཐའ་མེད་པའི་སྲོག་དེ་ཐོབ་ཡོང་།"}}]],"label":"verse 1","id":1},{"line":[[{"phrase":{"AT":"བདེན་པ་ཉིད་ཅི་ཡིན་ཤེས་ནས་བདེན་པ་ཉིད་དེས།","KT":" བདེན་པ་ཉིད་ཅི་ཡིན་ཤེས་ནས་བདེན་པ་ཉིད་དེས། ","CT":"བདེན་པ་ཉིད་ཅི་ཡིན་ཤེས་ནས་བདེན་པ་ཉིད་དེས།"}}],[{"phrase":{"AT":"ཁྱོད་རང་ནི་ཐར་བར་འགྱུར་རོ།།","KT":"ཁྱོད་རང་ནི་ཐར་བར་འགྱུར་རོ།། ","CT":"ཁྱེད་རང་ནི་ཐར་བར་འགྱུར་རོ།"}}],[{"phrase":{"AT":"དཀོན་མཆོག་གི་སྲས་ཀྱིས་ཁྱོད་ཐར་བར་བྱེད་ན།","KT":"དཀོན་མཆོག་གི་སྲས་ཀྱིས་ཁྱོད་ཐར་བར་བྱེད་ན། ","CT":"དཀོན་མཆོག་གི་སྲས་ཀྱིས་ཁྱེད་ཐར་བར་བྱེད་ན།"}}],[{"phrase":{"AT":"དངོས་ནས་ཐར་བར་འགྱུར་རོ།།","KT":"དངོས་ནས་ཐར་བར་འགྱུར་རོ།། ","CT":"དངོས་ནས་ཐར་བར་འགྱུར་རོ།"}}]],"label":"verse 2","id":2},{"line":[[{"phrase":{"AT":"མ་ཤི་ཀ་དང་མཉམ་དུ་ཤིང་རྒྱ་གྲམ་ལ།","KT":" མཱ་ཤི་ཀ་དང་མཉམ་དུ་ཤིང་རྒྱ་གྲམ་ཐོག ","CT":"མཱ་ཤི་ཀ་དང་མཉམ་དུ་རྒྱངས་ཤིང་ལ།"}}],[{"phrase":{"AT":"ང་ནི་བརྐྱངས་པ་ཡིན་ན།","KT":"ང་ནི་བརྐྱངས་པ་ཡིན་ན། ","CT":"ང་ནི་བརྐྱངས་པ་ཡིན་ན།"}}],[{"phrase":{"AT":"ང་འཚོ་ཡང་ང་རང་མི་འཚོ་ཡི། ","KT":"ད་ལྟར་གནས་པ་དེ་ང་རང་མིན། ","CT":"ད་ལྟར་གནས་པ་དེ་ང་རང་མིན། "}}],[{"phrase":{"AT":"མ་ཤི་ཀ་ངའི་ནང་འཚོ་ཡོད།","KT":"མཱ་ཤི་ཀ་ངའི་སེམས་ལ་གནས་ཡོད།། ","CT":"མཱ་ཤི་ཀ་ངའི་སེམས་ལ་གནས་ཡོད།"}}]],"label":"verse 3","id":3},{"line":[[{"phrase":{"AT":"མི་སུ་ཡང་སྐོམ་པ་དེ་ངའི་མདུན་དུ།","KT":" མི་སུ་ཡང་སྐོམ་པ་དེ་ངའི་མདུན་དུ། ","CT":"མི་སུ་ཡང་སྐོམ་པ་དེ་ངའི་མདུན་དུ།"}}],[{"phrase":{"AT":"ཚུར་ཤོག་ལ་འཐུང་ཞིག་དང་།","KT":"ཚུར་ཤོག་ལ་འཐུང་ཞིག་དང་། ","CT":"ཚུར་ཤོག་ལ་འཐུང་ཞིག་དང་།"}}],[{"phrase":{"AT":"སུས་ཀྱང་ང་ལ་དད་ན་ཁོང་ནས།","KT":"སུས་ཀྱང་ང་ལ་དད་ན་ཁོང་ནས། ","CT":"སུས་ཀྱང་ང་ལ་དད་ན་ཁོང་ནས།"}}],[{"phrase":{"AT":"དམ་པའི་ཐུགས་ཉིད་དེ་འབབ་ཡོང་།","KT":"དམ་པའི་ཐུགས་ཉིད་དེ་འབབ་ཡོང་།། ","CT":"དམ་པའི་ཐུགས་ཉིད་དེ་འབབ་ཡོང་།"}}]],"label":"verse 4","id":4},{"line":[[{"phrase":{"AT":"རྟག་ཏུ་གཙོ་བོ་ལ་དགའ་བར་གྱུར་ཅིག","KT":" རྟག་ཏུ་གཙོ་བོ་ལ་དགའ་བར་གྱུར་ཅིག ","CT":"རྟག་ཏུ་གཙོ་བོ་ལ་དགའ་བར་གྱུར་ཅིག"}}],[{"phrase":{"AT":"ཡང་བསྐྱར་དགའ་བར་གྱུར་ཅིག","KT":"ཡང་བསྐྱར་དགའ་བར་གྱུར་ཅིག ","CT":"ཡང་བསྐྱར་དགའ་བར་གྱུར་ཅིག"}}],[{"phrase":{"AT":"ཡ་ཧོ་ཝཱར་དགའ་བ་ནི་ཁྱོད་ཀྱི་སྟོབས་ཡིན་ནོ།།","KT":"ཡ་ཝཱེ་ལ་དགའ་བ་ནི་ཁྱོད་ཀྱི་སྟོབས་ཡིན་ནོ། ","CT":"ཡ་ཝེ་ལ་དགའ་བ་ནི་ཁྱེད་ཀྱི་སྟོབས་ཡིན་ནོ།"}}],[{"phrase":{"AT":"ཧ་ལེ་ལོའུ། ཧ་ལེ་ལོའུ་ཡཱ།","KT":"ཧ་ལེ་ལོའུ། ཧ་ལེ་ལོའུ་ཡཱ།། ","CT":"ཧཱ་ལེ་ལུ། ཧཱ་ལེ་ལུ་ཡཱ།།"}}]],"label":"verse 5","id":5}]},"metadata":[{"AT":"(Seek Ye First The Kingdom Of God ཞེས་པའི་དབྱིན་ཇིའི་བསྟོད་དབྱངས།)","KT":"(Seek Ye First The Kingdom Of God ཞེས་པའི་དབྱིན་ཇིའི་བསྟོད་དབྱངས།) ","CT":"(Seek Ye First The Kingdom Of God ཞེས་པའི་དབྱིན་ཇིའི་བསྟོད་དབྱངས།)"}]}