{"title":{"AT":"44.ཐོག་མར་འཇིག་རྟེན་འདི་ལ་བསླེབས་དུས།","KT":"44. དང་པོ་ལ་འཇིག་རྟེན་འདི་ལ་སླེབས་དུས། ","CT":"44.དང་པོ་ལ་འཇིག་རྟེན་འདི་ལ་བསླེབས་དུས།"},"author":"*","key":"*","lyrics":{"Verse":[{"line":[[{"phrase":{"AT":"ཐོག་མར་འཇིག་རྟེན་འདི་ལ་བསླེབས་དུས།","KT":" དང་པོ་ལ་འཇིག་རྟེན་འདི་ལ་སླེབས་དུས། ","CT":"དང་པོ་ལ་འཇིག་རྟེན་འདི་ལ་བསླེབས་དུས།"}}],[{"phrase":{"AT":"ལ་ནི་སེམས་སུ་སྡུག་བསྔལ་གྱིས་གང་ཡོད།","KT":"ལ་ནི་སེམས་ནང་ལ་སྡུག་བསྔལ་གང་ཡོད། ","CT":"ལ་ནི་སེམས་ནང་ལ་སྡུག་བསྔལ་གང་ཡོད།"}}],[{"phrase":{"AT":"ཕྱིས་སུ་སྐྱབས་མགོན་ཡེ་ཤུར་མཇལ་དུས།","KT":"གཉིས་པར་སྐྱབས་མགོན་ཡེ་ཤུར་མཇལ་དུས། ","CT":"གཉིས་པར་སྐྱབས་མགོན་ཡེ་ཤུར་མཇལ་དུས།"}}],[{"phrase":{"AT":"ལ་ནི་སེམས་ནང་གི་སྡུག་བསྔལ་བསལ་སོང་། ","KT":"ལ་ནི་སེམས་ནང་གི་སྡུག་བསྔལ་བསལ་སོང་། ","CT":"ལ་ནི་སེམས་ནང་གི་སྡུག་བསྔལ་བསལ་སོང་། "}}],[{"phrase":{"AT":"ཕྱིས་སུ་སྐྱབས་མགོན་ཡེ་ཤུར་མཇལ་དུས།","KT":"གཉིས་པར་སྐྱབས་མགོན་ཡེ་ཤུར་མཇལ་དུས། ","CT":"གཉིས་པར་སྐྱབས་མགོན་ཡེ་ཤུར་མཇལ་དུས།"}}],[{"phrase":{"AT":"ལ་ནི་སེམས་ནང་གི་སྡུག་བསྔལ་བསལ་སོང་། ","KT":"ལ་ནི་སེམས་ནང་གི་སྡུག་བསྔལ་བསལ་སོང་། ","CT":"ལ་ནི་སེམས་ནང་གི་སྡུག་བསྔལ་བསལ་སོང་། "}}]],"label":"verse 1","id":1},{"line":[[{"phrase":{"AT":"གཙོ་བོ་ལ་དད་པ་བྱེད་ན། ","KT":" གཙོ་བོ་ལ་དད་པ་བྱེད་ན། ","CT":"གཙོ་བོ་ལ་དད་པ་བྱེད་ནས། "}}],[{"phrase":{"AT":"ལ་ནི་ཐར་བ་ཚུར་ལ་གནང་ཡོང་།","KT":"ལ་ནི་ཐར་བ་ཚུར་ལ་གནང་ཡོང་། ","CT":"ལ་ནི་ཐར་པ་ཚུར་ལ་གནང་དང་།"}}],[{"phrase":{"AT":"བླ་ན་མེད་པའི་དཀོན་མཆོག་ཁྱེད་ཀྱིས།","KT":"བླ་ན་མེད་པའི་དཀོན་མཆོག་ཁྱེད་ཀྱིས། ","CT":"བླ་ན་མེད་པའི་དཀོན་མཆོག་ཁྱེད་རང་།"}}],[{"phrase":{"AT":"ལ་ནི་ཁྱེད་ཀྱི་ལམ་བཟང་ང་ལ་སྟོན་རོགས། ","KT":"ལ་ནི་ཁྱེད་ཀྱི་ལམ་བཟང་ང་ལ་སྟོན་རོགས། ","CT":"ལ་ནི་ཁྱེད་ཀྱི་ལམ་བཟང་ང་ལ་སྟོན་དང་། "}}],[{"phrase":{"AT":"བླ་ན་མེད་པའི་དཀོན་མཆོག་ཁྱེད་ཀྱིས།","KT":"བླ་ན་མེད་པའི་དཀོན་མཆོག་ཁྱེད་ཀྱིས། ","CT":"བླ་ན་མེད་པའི་དཀོན་མཆོག་ཁྱེད་རང་།"}}],[{"phrase":{"AT":"ལ་ནི་ཁྱེད་ཀྱི་ལམ་བཟང་ང་ལ་སྟོན་རོགས།","KT":"ལ་ནི་ཁྱེད་ཀྱི་ལམ་བཟང་ང་ལ་སྟོན་རོགས། ","CT":"ལ་ནི་ཁྱེད་ཀྱི་ལམ་བཟང་ང་ལ་སྟོན་དང་།"}}]],"label":"verse 2","id":2},{"line":[[{"phrase":{"AT":"ང་ཡིས་ཁྱེད་ལ་རེ་བ་བྱེད།","KT":"ཙོ་བོ་ལ་དད་པ་བྱེད་ན། ","CT":"་ཡིས་ཁྱེད་ལ་རེ་བ་བྱེད།"}}],[{"phrase":{"AT":"ཁྱེད་ཀྱིས་ང་ལ་རོགས་རམ་གནང་།","KT":"ལ་ནི་ཐར་བ་ཚུར་ལ་གནང་ཡོང་། ","CT":"ཁྱེད་ཀྱིས་ང་ལ་ཕྱག་རོགས་ཞུ།"}}],[{"phrase":{"AT":"བླ་ན་མེད་པའི་དཀོན་མཆོག་ཁྱེད་ཀྱིས།","KT":"བླ་ན་མེད་པའི་དཀོན་མཆོག་ཁྱེད་ཀྱིས། ","CT":"བླ་ན་མེད་པའི་དཀོན་མཆོག་ཁྱེད་རང་།"}}],[{"phrase":{"AT":"ལ་ནི་ཁྱེད་ཀྱི་ལམ་བཟང་ང་ལ་སྟོན་རོགས།","KT":"ལ་ནི་ཁྱེད་ཀྱི་ལམ་བཟང་ང་ལ་སྟོན་རོགས། ","CT":"ལ་ནི་ཁྱེད་ཀྱི་ལམ་བཟང་ང་ལ་སྟོན་དང་།"}}],[{"phrase":{"AT":"བླ་ན་མེད་པའི་དཀོན་མཆོག་ཁྱེད་ཀྱིས།","KT":"བླ་ན་མེད་པའི་དཀོན་མཆོག་ཁྱེད་ཀྱིས། ","CT":"བླ་ན་མེད་པའི་དཀོན་མཆོག་ཁྱེད་རང་།"}}],[{"phrase":{"AT":"ལ་ནི་ཁྱེད་ཀྱི་ལམ་བཟང་ང་ལ་སྟོན་རོགས།","KT":"ལ་ནི་ཁྱེད་ཀྱི་ལམ་བཟང་ང་ལ་སྟོན་རོགས། ","CT":"ལ་ནི་ཁྱེད་ཀྱི་ལམ་བཟང་ང་ལ་སྟོན་དང་།"}}]],"label":"verse 3","id":3},{"line":[[{"phrase":{"AT":"བྱ་དེ་ལ་ཁྲུང་ཁྲུང་དཀར་པོ།","KT":" བྱ་དེ་ལ་ཁྲུང་ཁྲུང་དཀར་པོ། ","CT":"བྱ་དེ་ལ་ཁྲུང་ཁྲུང་དཀར་པོ།"}}],[{"phrase":{"AT":"ལ་ནི་གཤོག་རྩལ་ང་ལ་གཡོར་དང་།","KT":"ལ་ནི་གཤོག་རྩལ་ང་ལ་གཡོར་དང་། ","CT":"ལ་ནི་གཤོག་རྩལ་ང་ལ་གཡར་དང་།"}}],[{"phrase":{"AT":"གཤོག་རྩལ་ངོམ་བཞིན་ངོམ་བཞིན།","KT":"གཤོག་རྩལ་ངོམ་བཞིན་ངོམ་བཞིན། ","CT":"གཤོག་རྩལ་ངོམ་བཞིན་ངོམ་བཞིན།"}}],[{"phrase":{"AT":"ལ་ནི་འཕྲིན་བཟང་བཤད་དུ་འགྲོ་ཆོག ","KT":"ལ་ནི་འཕྲིན་བཟང་བཤད་དུ་འགྲོ་ཆོག ","CT":"ལ་ནི་དགའ་བའི་ལོན་བཤད་དུ་འགྲོ་ཆོག "}}],[{"phrase":{"AT":"གཤོག་རྩལ་ངོམ་བཞིན་ངོམ་བཞིན།","KT":"གཤོག་རྩལ་ངོམ་བཞིན་ངོམ་བཞིན། ","CT":"གཤོག་རྩལ་ངོམ་བཞིན་ངོམ་བཞིན།"}}],[{"phrase":{"AT":"ལ་ནི་ཡབ་ཆེན་དཀོན་མཆོག་དྲུང་དུ་འགྲོ་ཆོག ","KT":"ལ་ནི་ཡབ་ཆེན་དཀོན་མཆོག་དྲུང་དུ་འགྲོ་ཆོག ","CT":"ལ་ནི་ཡབ་ཆེན་དཀོན་མཆོག་སྐུ་མདུན་འགྲོ་ཆོག "}}]],"label":"verse 4","id":4},{"line":[[{"phrase":{"AT":"ང་ཡིས་ཁྱེད་ལ་རེ་བ་བྱེད།","KT":"ཙོ་བོ་ལ་དད་པ་བྱེད་ན། ","CT":"་ཡིས་ཁྱེད་ལ་རེ་བ་བྱེད།"}}],[{"phrase":{"AT":"ཁྱེད་ཀྱིས་ང་ལ་རོགས་རམ་གནང་།","KT":"ལ་ནི་ཐར་བ་ཚུར་ལ་གནང་ཡོང་། ","CT":"ཁྱེད་ཀྱིས་ང་ལ་ཕྱག་རོགས་ཞུ།"}}],[{"phrase":{"AT":"བླ་ན་མེད་པའི་དཀོན་མཆོག་ཁྱེད་ཀྱིས།","KT":"བླ་ན་མེད་པའི་དཀོན་མཆོག་ཁྱེད་ཀྱིས། ","CT":"བླ་ན་མེད་པའི་དཀོན་མཆོག་ཁྱེད་རང་།"}}],[{"phrase":{"AT":"ལ་ནི་ཁྱེད་ཀྱི་ལམ་བཟང་ང་ལ་སྟོན་རོགས།","KT":"ལ་ནི་ཁྱེད་ཀྱི་ལམ་བཟང་ང་ལ་སྟོན་རོགས། ","CT":"ལ་ནི་ཁྱེད་ཀྱི་ལམ་བཟང་ང་ལ་སྟོན་དང་།"}}],[{"phrase":{"AT":"བླ་ན་མེད་པའི་དཀོན་མཆོག་ཁྱེད་ཀྱིས།","KT":"བླ་ན་མེད་པའི་དཀོན་མཆོག་ཁྱེད་ཀྱིས། ","CT":"བླ་ན་མེད་པའི་དཀོན་མཆོག་ཁྱེད་རང་།"}}],[{"phrase":{"AT":"ལ་ནི་ཁྱེད་ཀྱི་ལམ་བཟང་ང་ལ་སྟོན་རོགས།","KT":"ལ་ནི་ཁྱེད་ཀྱི་ལམ་བཟང་ང་ལ་སྟོན་རོགས། ","CT":"ལ་ནི་ཁྱེད་ཀྱི་ལམ་བཟང་ང་ལ་སྟོན་དང་།།"}}]],"label":"verse 5","id":5}]},"metadata":[{"AT":"(བོད་པའི་བསྟོད་དབྱངས།)","KT":"(བོད་པའི་བསྟོད་དབྱངས།) ","CT":"(བོད་པའི་བསྟོད་དབྱངས།)"}]}