{"title":{"AT":"45.དམ་པ་དམ་པ་དམ་པ། ༡","KT":"45. དམ་པ་དམ་པ་དམ་པ། ༡ ","CT":"45.དམ་པ་དམ་པ་དམ་པ། ༡"},"author":"*","key":"*","lyrics":{"Verse":[{"line":[[{"phrase":{"AT":"དམ་པ་དམ་པ་དམ་པ་ཀུན་དབང་གི་དཀོན་མཆོག","KT":" དམ་པ་དམ་པ་དམ་པ་ཀུན་དབང་གི་དཀོན་མཆོག ","CT":"དམ་པ་དམ་པ་དམ་པ་ཀུན་དབང་གི་དཀོན་མཆོག"}}],[{"phrase":{"AT":"ཐོ་རངས་སྔ་མོ་ང་ཚོས་ཁྱེད་ལ།","KT":"ཐོ་རངས་སྔ་མོར་ང་ཚོས་ཁྱེད་ལ། ","CT":"ཐོ་རངས་སྔ་པོར་ང་ཚོས་ཁྱེད་ལ།"}}],[{"phrase":{"AT":"བསྟོད་དབྱངས་འབུལ།","KT":"བསྟོད་དབྱངས་འབུལ། ","CT":"བསྟོད་དབྱངས་ཕུལ་ལོ།"}}],[{"phrase":{"AT":"དམ་པ་དམ་པ་དམ་པ་ཀུན་དབང་ཐུགས་རྗེའི་བདག་ཉིད།","KT":"དམ་པ་དམ་པ་དམ་པ་ཀུན་དབང་ཐུགས་རྗེའི་བདག་ཉིད། ","CT":"དམ་པ་དམ་པ་དམ་པ་ཀུན་དབང་ཐུགས་རྗེའི་བདག་ཉིད།"}}],[{"phrase":{"AT":"ཡབ་སྲས་ཐུགས་ཉིད་བྱིན་ལྡན་རྣམ་གསུམ་གཅིག་འདུས།","KT":"ཡབ་སྲས་ཐུགས་ཉིད་བྱིན་ལྡན་རྣམ་གསུམ་གཅིག་འདུས། ","CT":"ཡབ་སྲས་ཐུགས་ཉིད་བྱིན་ལྡན་རྣམ་གསུམ་གཅིག་འདུས།"}}]],"label":"verse 1","id":1},{"line":[[{"phrase":{"AT":"དམ་པ་དམ་པ་དམ་པ་དམ་ཚོགས་རྣམས་ཀྱིས་ཁྱེད་ལ།","KT":" དམ་པ་དམ་པ་དམ་པ་དམ་ཚོགས་རྣམས་ཀྱིས་ཁྱེད་ལ། ","CT":"དམ་པ་དམ་པ་དམ་པ་དམ་ཚོགས་རྣམས་ཀྱིས་ཁྱེད་ལ།"}}],[{"phrase":{"AT":"གསེར་གྱི་ཅོད་པན་བཞུགས་ཁྲིའི་དྲུང་དུ།","KT":"གསེར་གྱི་ཅོད་པན་བཞུགས་ཁྲིའི་དྲུང་དུ། ","CT":"གསེར་གྱི་ཅོད་པན་བཞུགས་ཁྲིའི་དྲུང་དུ།"}}],[{"phrase":{"AT":"བཞག་ནས་རྟག་ཏུ།","KT":"བཞག་ནས་རྟག་ཏུ། ","CT":"བཞག་ནས་རྟག་ཏུ།"}}],[{"phrase":{"AT":"ཀེ་རུ་བིམ་དང་སེ་ར་ཕིམ་ཁྱེད་ལ་ཕྱག་འཚལ་ལོ།། ","KT":"ཀེ་རུ་བིམ་དང་སེ་ར་ཕིམ་ཁྱེད་ལ་ཕྱག་འཚལ་ལོ།14 ","CT":"ཀེ་རུ་བིམ་དང་སེ་ར་ཕིམ་ཁྱེད་ལ་ཕྱག་འཚལ་ལོ། "}}],[{"phrase":{"AT":"སྔར་ཡོད་ད་ལྟ་ཡོད་འབྱོར་བར་འགྱུར་བ་ལགས།","KT":"སྔར་ཡོད་ད་ལྟ་ཡོད་འབྱོར་བར་འགྱུར་བ་ལགས། ","CT":"སྔར་ཡོད་ད་ལྟ་ཡོད་འབྱོར་བར་འགྱུར་བ་ལགས།"}}]],"label":"verse 2","id":2},{"line":[[{"phrase":{"AT":"དམ་པ་དམ་པ་དམ་པ་མུན་པས་ཁྱེད་བསྒྲིབས་ཤིང་།","KT":" དམ་པ་དམ་པ་དམ་པ་མུན་པས་ཁྱེད་བསྒྲིབས་ཤིང་། ","CT":"དམ་པ་དམ་པ་དམ་པ་མུན་པས་ཁྱེད་བསྒྲིབས་ཤིང་།"}}],[{"phrase":{"AT":"ཁྱེད་ཀྱི་གཟི་བརྗིད་སྡིག་ཅན་མིག་གིས་མཐོང་མི་ཐུབ་ཀྱང་།","KT":"ཁྱེད་ཀྱི་གཟི་བརྗིད་སྡིག་ཅན་མིག་གིས་མཐོང་མི་ཐུབ་ཀྱང་། ","CT":"ཁྱེད་ཀྱི་གཟི་བརྗིད་སྡིག་ཅན་མིག་གིས་མཐོང་མི་ཐུབ་ཀྱང་།"}}],[{"phrase":{"AT":"ཁྱེད་ལྟར་གཟི་བརྗིད་ཅན་དང་དམ་པ་གཞན་སུ་ཡང་མེད།","KT":"ཁྱེད་འདྲ་གཟི་བརྗིད་ཅན་དང་དམ་པ་གཞན་སུ་ཡང་མེད། ","CT":"ཁྱེད་ལྟར་གཟི་བརྗིད་ཅན་དང་དམ་པ་གཞན་སུ་ཡང་མེད།"}}],[{"phrase":{"AT":"བྱམས་བརྩེ་མཐུ་སྟོབས་དམ་པ་ཀུན་གྱི་མཆོག་གྱུར་ལགས།","KT":"བྱམས་བརྩེ་མཐུ་སྟོབས་དམ་པ་ཀུན་གྱི་མཆོག་གྱུར་ལགས། ","CT":"བྱམས་བརྩེ་མཐུ་སྟོབས་དམ་པ་ཀུན་གྱི་མཆོག་གྱུར་ལགས།"}}]],"label":"verse 3","id":3},{"line":[[{"phrase":{"AT":"དམ་པ་དམ་པ་དམ་པ་ཀུན་དབང་གི་དཀོན་མཆོག","KT":" དམ་པ་དམ་པ་དམ་པ་ཀུན་དབང་གི་དཀོན་མཆོག ","CT":"དམ་པ་དམ་པ་དམ་པ་ཀུན་དབང་གི་དཀོན་མཆོག"}}],[{"phrase":{"AT":"རི་ཀླུང་འགྲོ་བ་ཚང་མས་ཁྱེད་ཀྱི་མཚན་ལ་བསྟོད་པར་ཤོག","KT":"རི་ཀླུང་འགྲོ་བ་ཚང་མས་ཁྱེད་ཀྱི་མཚན་ལ་བསྟོད་པར་ཤོག ","CT":"རི་ཀླུང་འགྲོ་བ་ཚང་མས་ཁྱེད་ཀྱི་མཚན་ལ་བསྟོད་པར་ཤོག"}}],[{"phrase":{"AT":"དམ་པ་དམ་པ་དམ་པ་ཀུན་དབང་ཐུགས་རྗེའི་བདག་ཉིད།","KT":"དམ་པ་དམ་པ་དམ་པ་ཀུན་དབང་ཐུགས་རྗེའི་བདག་ཉིད། ","CT":"དམ་པ་དམ་པ་དམ་པ་ཀུན་དབང་ཐུགས་རྗེའི་བདག་ཉིད།"}}],[{"phrase":{"AT":"ཡབ་སྲས་ཐུགས་ཉིད་བྱིན་ལྡན་རྣམ་གསུམ་གཅིག་འདུས།","KT":"ཡབ་སྲས་ཐུགས་ཉིད་བྱིན་ལྡན་རྣམ་གསུམ་གཅིག་འདུས། ","CT":"ཡབ་སྲས་ཐུགས་ཉིད་བྱིན་ལྡན་རྣམ་གསུམ་གཅིག་འདུས།།"}}]],"label":"verse 4","id":4}]},"metadata":[{"AT":"(Holy, Holy, Holy ཞེས་པའི་དབྱིན་ཇིའི་མགུར་གླུ།)  DG 39","KT":"(Holy, Holy, Holy ཞེས་པའི་དབྱིན་ཇིའི་མགུར་གླུ།)13 DG 39 13 Reginald Heber (1826) 14 ཀེ་རུ་བིམ་དང་སེ་ར་ཕིམ་ཞེས་པ་དེ་ཚོ་ནི་ནམ་མཁའི་རྒྱལ་སྲིད་ལ་བཞུགས་ཤིང་མིའི་མིག་གིས་མཐོང་མ་ཐུབ་པའི་དཀོན་མཆོག་ལ་ཞབས་ཕྱི་ཞུ་མཁན་གྱི་གོགནས་གཉིས་ཡིན། ","CT":"(Holy, Holy, Holy ཞེས་པའི་དབྱིན་ཇིའི་མགུར་གླུ།)  DG 39"}]}