{"title":{"AT":"46.དམ་པ་དམ་པ་དམ་པ། ༢ (ཧོ་ཟན་ནཱ།)","KT":"46. དམ་པ་དམ་པ་དམ་པ། ༢ (ཧོ་ཟན་ནཱ།)","CT":"46.དམ་པ་དམ་པ་དམ་པ། ༢ (ཧོ་ཟན་ནཱ།)"},"author":"*","key":"*","lyrics":{"Verse":[{"line":[[{"phrase":{"AT":"དམ་པ་དམ་པ་དམ་པ།","KT":"དམ་པ་དམ་པ་དམ་པ། ","CT":"དམ་པ་དམ་པ་དམ་པ།"}}],[{"phrase":{"AT":"དབང་ཤུགས་ལྡན་པའི་དཀོན་མཆོག","KT":"དབང་ཤུགས་ལྡན་པའི་དཀོན་མཆོག ","CT":"དབང་ཤུགས་ལྡན་པའི་དཀོན་མཆོག"}}],[{"phrase":{"AT":"ཁྱེད་ཀྱི་གཟི་བརྗིད་ས་དང་ནམ་མཁར་ཁེངས་སོང་། ༢","KT":"ཁྱེད་ཀྱི་གཟི་བརྗིད་ས་དང་ནམ་མཁར་ཁེངས་སོང་། ༢ ","CT":"ཁྱེད་ཀྱི་གཟི་བརྗིད་ས་དང་ནམ་མཁར་ཁེངས་སོང་། ༢"}}],[{"phrase":{"AT":"ཧོ་ཟན་ནཱ། ཧོ་ཟན་ནཱ།","KT":"ཧོ་ཟན་ནཱ། ཧོ་ཟན་ནཱ། ","CT":"ཧོ་ཟན་ནཱ། ཧོ་ཟན་ནཱ།"}}],[{"phrase":{"AT":"བླ་མེད་དཀོན་མཆོག་ལ་འབུལ། ༢","KT":"བླ་མེད་དཀོན་མཆོག་ལ་འབུལ། ༢ ","CT":"བླ་མེད་དཀོན་མཆོག་ལ་ཕུལ།། ༢"}}]],"label":"verse 1","id":1}]},"metadata":[{"AT":"(Holy, Holy, Holy Lord - Hosanna ཞེས་པའི་དབྱིན་ཇིའི་བསྟོད་དབྱངས།)","KT":"(Holy, Holy, Holy Lord - Hosanna ཞེས་པའི་དབྱིན་ཇིའི་བསྟོད་དབྱངས།) ","CT":"(Holy, Holy, Holy Lord - Hosanna ཞེས་པའི་དབྱིན་ཇིའི་བསྟོད་དབྱངས།)"}]}