{"title":{"AT":"47.དམ་པའི་དམ་པ་མཁའ་ཁྱབ་འཇིག་རྟེན་མགོན།","KT":"47. དམ་པའི་དམ་པ་མཁའ་ཁྱབ་འཇིག་རྟེན་མགོན། ","CT":"47.དམ་པའི་དམ་པ་མཁའ་ཁྱབ་འཇིག་རྟེན་མགོན།"},"author":"*","key":"*","lyrics":{"Verse":[{"line":[[{"phrase":{"AT":"དམ་པའི་དམ་པ་མཁའ་ཁྱབ་འཇིག་རྟེན་མགོན།","KT":" དམ་པའི་དམ་པ་མཁའ་ཁྱབ་འཇིག་རྟེན་མགོན། ","CT":"དམ་པའི་དམ་པ་མཁའ་ཁྱབ་འཇིག་རྟེན་མགོན།"}}],[{"phrase":{"AT":"བདེ་བའི་ལམ་བཟང་གནང་བ་བདག་གིས་ཐོས།","KT":"བདེ་བའི་ལམ་བཟང་གནང་བ་བདག་གིས་ཐོས། ","CT":"བདེ་བའི་ལམ་བཟང་གནང་བ་བདག་གིས་ཐོས།"}}],[{"phrase":{"AT":"རང་གཤིས་རྙིང་བར་འདོད་བློ་མ་བྱུང་ཞིང་།  ","KT":"རང་གཤིས་རྙིང་པར་འདོད་བློ་མ་བྱུང་ཞིང་། ","CT":"རང་གཤིས་རྙིང་པར་འདོད་བློ་མ་བྱུང་ཞིང་།  "}}],[{"phrase":{"AT":"སྣང་སེམས་བདེ་བ་གསར་འཚོལ་ཕྱོགས་སུ་གཡོ། ","KT":"སྣང་སེམས་བདེ་བ་གསར་འཚོལ་ཕྱོགས་སུ་གཡོ། ","CT":"སྣང་སེམས་བདེ་བ་གསར་འཚོལ་ཕྱོགས་སུ་གཡོ། "}}]],"label":"verse 1","id":1},{"line":[[{"phrase":{"AT":"གྲོག་མ་མིག་མེད་བདེ་བའི་དོན་དུ་རྒྱུག","KT":" གྲོག་མ་མིག་མེད་བདེ་བའི་དོན་དུ་རྒྱུག ","CT":"གྲོག་མ་མིག་མེད་བདེ་བའི་དོན་དུ་རྒྱུག"}}],[{"phrase":{"AT":"ས་འབུ་རྐང་མེད་བདེ་བའི་ཆེད་དུ་རྒྱུག","KT":"ས་འབུ་རྐང་མེད་བདེ་བའི་ཆེད་དུ་རྒྱུག ","CT":"ས་འབུ་རྐང་མེད་བདེ་བའི་ཆེད་དུ་རྒྱུག"}}],[{"phrase":{"AT":"མདོར་ན་འཇིག་རྟེན་ཐམས་ཅད་བང་འགྲན་ནས།","KT":"མདོར་ན་འཇིག་རྟེན་ཐམས་ཅད་བང་འགྲན་ནས། ","CT":"མདོར་ན་འཇིག་རྟེན་ཐམས་ཅད་བང་འགྲན་ནས།"}}],[{"phrase":{"AT":"གཅིག་ལས་གཅིག་མགྱོགས་བདེ་བའི་ཕྱོགས་སུ་རྒྱུག","KT":"གཅིག་ལས་གཅིག་མགྱོགས་བདེ་བའི་ཕྱོགས་སུ་རྒྱུག ","CT":"གཅིག་ལས་གཅིག་མགྱོགས་བདེ་བའི་ཕྱོགས་སུ་རྒྱུག"}}]],"label":"verse 2","id":2},{"line":[[{"phrase":{"AT":"སྟོང་གསུམ་དཔལ་འབྱོར་ཐོབ་ཀྱང་མ་ཚིམས་པས།","KT":" སྟོང་གསུམ་དཔལ་འབྱོར་ཐོབ་ཀྱང་མ་ཚིམས་པས། ","CT":"སྟོང་གསུམ་དཔལ་འབྱོར་ཐོབ་ཀྱང་མ་ཚིམས་པས།"}}],[{"phrase":{"AT":"རྔམས་ཆེན་གཏོགས་འདོད་འབར་བའི་གྲགས་པ་ཅན། ","KT":"རྔམས་ཆེན་གཏོགས་འདོད་འབར་བའི་གྲགས་པ་ཅན། ","CT":"རྔམས་ཆེན་གཏོགས་འདོད་འབར་བའི་གྲགས་པ་ཅན། "}}],[{"phrase":{"AT":"ཅང་ཤེས་སེམས་ཀྱི་བུ་ཆུང་ལྐུག་པ་འདིས། ","KT":"ཅང་ཤེས་སེམས་ཀྱི་བུ་ཆུང་ལྐུག་པ་འདིས། ","CT":"ཅང་ཤེས་སེམས་ཀྱི་བུ་ཆུང་ལྐུག་པ་འདིས། "}}],[{"phrase":{"AT":"ཞི་བདེ་ཁྱབ་པའི་ནམ་མཁའི་རྒྱལ་སྲིད་འཚོལ།  ","KT":"ཞི་བདེ་ཁྱབ་པའི་ནམ་མཁའི་རྒྱལ་སྲིད་འཚོལ། ༢ ","CT":"ཞི་བདེ་ཁྱབ་པའི་ནམ་མཁའི་རྒྱལ་སྲིད་འཚོལ།  "}}]],"label":"verse 3","id":3},{"line":[[{"phrase":{"AT":"ཞི་བདེའི་རྒྱལ་པོ་ཨིམ་མ་ནུ་ཨེལ་པ། ","KT":" ཞི་བདེའི་རྒྱལ་པོ་ཨིམ་མཱ་ནུ་ཨེལ་པ། ","CT":"ཞི་བདེའི་རྒྱལ་པོ་ཨིམ་མ་ནུ་ཨེལ་པ། "}}],[{"phrase":{"AT":"བདེན་མཆོག་དངོས་གཞི་དམ་པའི་ཐུགས་ཉིད་དོ།།","KT":"བདེན་མཆོག་དངོས་གཞི་དམ་པའི་ཐུགས་ཉིད་དོ། ","CT":"ཁྱེད་ཀྱི་དམ་པའི་ཐུགས་ཉིད་གནང་རོགས་གནང་། "}}],[{"phrase":{"AT":"དམ་པའི་ཐུགས་ཉིད་མྱུར་དུ་སྩལ་དུ་གསོལ། ","KT":"དམ་པའི་ཐུགས་ཉིད་མྱུར་དུ་སྩལ་དུ་གསོལ། ","CT":"དམ་པའི་ཐུགས་ཉིད་མྱུར་དུ་སྩལ་དུ་གསོལ། "}}],[{"phrase":{"AT":"བདག་གིས་ཁྱེད་ལ་རེ་བའི་བསྟོད་དབྱངས་འབུལ།  ","KT":"བདག་གིས་ཁྱེད་ལ་རེ་བའི་བསྟོད་དབྱངས་འབུལ། ༢ ","CT":"བདག་གིས་ཁྱེད་ལ་རེ་བའི་བསྟོད་དབྱངས་ཕུལ།།  "}}]],"label":"verse 4","id":4}]},"metadata":[{"AT":"(བོད་པའི་བསྟོད་དབྱངས།)","KT":"(བོད་པའི་བསྟོད་དབྱངས།) ","CT":"(བོད་པའི་བསྟོད་དབྱངས།)"}]}