{"title":{"AT":"48.དུས་ཆེན་གྱི་མཆོག","KT":"48. དུས་ཆེན་གྱི་མཆོག ","CT":"48.དུས་ཆེན་གྱི་མཆོག"},"author":"*","key":"*","lyrics":{"Verse":[{"line":[[{"phrase":{"AT":"དུས་ཆེན་གྱི་མཆོག  དགའ་སྤྲོ་ཡི་མཚན།","KT":" དུས་ཆེན་གྱི་མཆོག དགའ་སྤྲོ་ཡི་མཚན། ","CT":"དུས་ཆེན་གྱི་མཆོག  དགའ་སྤྲོ་ཡི་མཚན།"}}],[{"phrase":{"AT":"ནམ་མཁའ་ནས།  ཕོ་ཉ་ཞིག་གིས།","KT":"ནམ་མཁའ་ནས། ཕོ་ཉ་ཞིག་གིས། ","CT":"ནམ་མཁའ་ནས།  ཕོ་ཉ་ཞིག་གིས།"}}],[{"phrase":{"AT":"ལུག་རྫི་རྣམས་ལ་ད་ཁྱོད་རྣམས་མ་འཇིགས།","KT":"ལུག་རྫི་རྣམས་ལ་ད་ཁྱོད་རྣམས་མ་སྐྲག ","CT":"ལུག་རྫི་རྣམས་ལ་ད་ཁྱེད་རྣམས་མ་འཇིགས།"}}],[{"phrase":{"AT":"ངས་དགའ་བ་ཆེན་པོའི་འཕྲིན་བཟང་ཞིག་བཤད། ","KT":"ངས་དགའ་བ་ཆེན་པོའི་འཕྲིན་བཟང་ཞིག་བཤད། ","CT":"ངས་དགའ་བ་ཆེན་པོའི་འཕྲིན་བཟང་ཞིག་བཤད། "}}],[{"phrase":{"AT":"ཁྱོད་རྣམས་ལ་སྐྱབས་མགོན་ཞིག་འཁྲུངས། ༢","KT":"ཁྱོད་རྣམས་ལ་སྐྱབས་མགོན་ཞིག་འཁྲུངས། ༢ ","CT":"ཁྱེད་རྣམས་ལ་སྐྱབས་མགོན་ཞིག་འཁྲུངས། ༢"}}]],"label":"verse 1","id":1},{"line":[[{"phrase":{"AT":"དུས་ཆེན་གྱི་མཆོག  དགའ་སྤྲོ་ཡི་མཚན།","KT":" དུས་ཆེན་གྱི་མཆོག དགའ་སྤྲོ་ཡི་མཚན། ","CT":"དུས་ཆེན་གྱི་མཆོག  དགའ་སྤྲོ་ཡི་མཚན།"}}],[{"phrase":{"AT":"ཕོ་ཉ་ཚོས།  འདི་སྐད་དུ།","KT":"ཕོ་ཉ་ཚོས། འདི་སྐད་དུ། ","CT":"ཕོ་ཉ་ཚོས།  འདི་སྐད་དུ།"}}],[{"phrase":{"AT":"སྟེང་གི་ནམ་མཁའི་དཀོན་མཆོག་ལ་བསྙེན་བཀུར། ","KT":"སྟེང་གི་ནམ་མཁའི་དཀོན་མཆོག་ལ་བསྙེན་བཀུར། ","CT":"སྟེང་གི་ནམ་མཁའི་དཀོན་མཆོག་ལ་བསྙེན་བཀུར། "}}],[{"phrase":{"AT":"ས་གཞི་ཚང་མ་ལ་དུས་བདེ་བ་དང་།","KT":"ས་གཞི་ཚང་མ་ལ་དུས་བདེ་བ་དང་། ","CT":"ས་གཞི་ཚང་མ་ལ་དུས་བདེ་བ་དང་།"}}],[{"phrase":{"AT":"མི་རྣམས་ལ་ཐུགས་དགྱེས་པ་བྱུང་། ༢","KT":"མི་རྣམས་ལ་ཐུགས་དགྱེས་པ་བྱུང་། ༢ ","CT":"མི་རྣམས་ལ་ཐུགས་དགྱེས་པ་བྱུང་། ༢"}}]],"label":"verse 2","id":2},{"line":[[{"phrase":{"AT":"དུས་ཆེན་གྱི་མཆོག  དགའ་སྤྲོ་ཡི་མཚན།","KT":" དུས་ཆེན་གྱི་མཆོག དགའ་སྤྲོ་ཡི་མཚན། ","CT":"དུས་ཆེན་གྱི་མཆོག  དགའ་སྤྲོ་ཡི་མཚན།"}}],[{"phrase":{"AT":"ང་ཚོ་ཡང་།  དགའ་སྤྲོ་སྐྱེས།","KT":"ང་ཚོ་ཡང་། དགའ་སྤྲོ་སྐྱེས། ","CT":"ང་ཚོ་ཡང་།  དགའ་སྤྲོ་སྐྱེས།"}}],[{"phrase":{"AT":"ངེད་ཀྱི་དོན་ལ་ཡང་འོད་ཟེར་དེ་བྱུང་།","KT":"ངེད་ཀྱི་དོན་ལ་ཡང་འོད་ཟེར་དེ་བྱུང་། ","CT":"ངེད་ཀྱི་དོན་ལ་ཡང་འོད་ཟེར་དེ་བྱུང་།"}}],[{"phrase":{"AT":"དེས་འོད་ཀྱིས་ངེད་ཀྱི་སེམས་ཁྱབ་པར་མཛད། ","KT":"དེས་འོད་ཀྱིས་ངེད་ཀྱི་སེམས་ཁྱབ་པར་མཛད། ","CT":"དེས་ངེད་ཀྱི་སེམས་འོད་ཀྱིས་ཁྱབ་པར་མཛད། "}}],[{"phrase":{"AT":"ངེད་ཀྱི་ཕྱིར་སྐྱབས་མགོན་དེ་འཁྲུངས། ༢","KT":"ངེད་ཀྱི་ཕྱིར་སྐྱབས་མགོན་དེ་འཁྲུངས། ༢ ","CT":"ངེད་ཀྱི་ཕྱིར་སྐྱབས་མགོན་དེ་འཁྲུངས།། ༢"}}]],"label":"verse 3","id":3}]},"metadata":[{"AT":"(Silent Night ཞེས་པའི་དབྱིན་ཇིའི་ཡེ་ཤུའི་འཁྲུངས་སྐར་མགུར་གླུ། Joseph Mohr 1818) DG 115","KT":"(Silent Night ཞེས་པའི་དབྱིན་ཇིའི་ཡེ་ཤུའི་འཁྲུངས་སྐར་མགུར་གླུ། Joseph Mohr 1818) DG 115 ","CT":"(Silent Night ཞེས་པའི་དབྱིན་ཇིའི་ཡེ་ཤུའི་འཁྲུངས་སྐར་མགུར་གླུ། Joseph Mohr 1818) DG 115"}]}