{"title":{"AT":"49.དེ་རིང་སྐྱབས་མགོན་འཁྲུངས་སོང་།","KT":"49. དེ་རིང་སྐྱབས་མགོན་འཁྲུངས་སོང་། ","CT":"49.དེ་རིང་སྐྱབས་མགོན་འཁྲུངས་སོང་།"},"author":"*","key":"*","lyrics":{"Verse":[{"line":[[{"phrase":{"AT":"དེ་རིང་སྐྱབས་མགོན་འཁྲུངས་སོང་། དགའ་བ་ལ།","KT":" དེ་རིང་སྐྱབས་མགོན་འཁྲུངས་སོང་། དགའ་བ་ལ། ","CT":"དེ་རིང་སྐྱབས་མགོན་འཁྲུངས་སོང་། དགའ་བ་ལ།"}}],[{"phrase":{"AT":"སྐྱབས་མགོན་ཡེ་ཤུ་འཁྲུངས་སོང་། སྐྱིད་པ་ལ།","KT":"སྐྱབས་མགོན་ཡེ་ཤུ་འཁྲུངས་སོང་། སྐྱིད་པ་ལ། ","CT":"སྐྱབས་མགོན་ཡེ་ཤུ་འཁྲུངས་སོང་། སྐྱིད་པ་ལ།"}}],[{"phrase":{"AT":"དགའ་བ་ལ། སྐྱིད་པ་ལ།","KT":"དགའ་བ་ལ། སྐྱིད་པ་ལ། ","CT":"དགའ་བ་ལ། སྐྱིད་པ་ལ།"}}]],"label":"verse 1","id":1},{"line":[[{"phrase":{"AT":"པེད་ལེ་ཧེམ་དུ་འཁྲུངས་སོང་། དགའ་བ་ལ།","KT":" པེད་ལེ་ཧེམ་དུ་འཁྲུངས་སོང་། དགའ་བ་ལ། ","CT":"བེད་ལེ་ཧེམ་དུ་འཁྲུངས་སོང་། དགའ་བ་ལ།"}}],[{"phrase":{"AT":"རྟ་རའི་ནང་ལ་བཞུགས་འདུག  སྐྱིད་པ་ལ།","KT":"རྟ་རའི་ནང་ལ་བཞུགས་འདུག སྐྱིད་པ་ལ། ","CT":"རྟ་རའི་ནང་ལ་བཞུགས་འདུག  སྐྱིད་པ་ལ།"}}],[{"phrase":{"AT":"དགའ་བ་ལ། སྐྱིད་པ་ལ།","KT":"དགའ་བ་ལ། སྐྱིད་པ་ལ། ","CT":"དགའ་བ་ལ། སྐྱིད་པ་ལ།"}}]],"label":"verse 2","id":2},{"line":[[{"phrase":{"AT":"ལུག་རྫིས་ཕོ་ཉ་མཐོང་སོང་། དགའ་བ་ལ།","KT":" ལུག་རྫིས་ཕོ་ཉ་མཐོང་སོང་། དགའ་བ་ལ། ","CT":"ལུག་རྫིས་ཕོ་ཉ་མཐོང་སོང་། དགའ་བ་ལ།"}}],[{"phrase":{"AT":"དགའ་བའི་གནས་ཚུལ་བཤད་སོང་། སྐྱིད་པ་ལ།","KT":"དགའ་བའི་གནས་ཚུལ་བཤད་སོང་། སྐྱིད་པ་ལ། ","CT":"དགའ་བའི་གནས་ཚུལ་བཤད་སོང་། སྐྱིད་པ་ལ།"}}],[{"phrase":{"AT":"དགའ་བ་ལ། སྐྱིད་པ་ལ།","KT":"དགའ་བ་ལ། སྐྱིད་པ་ལ། ","CT":"དགའ་བ་ལ། སྐྱིད་པ་ལ།"}}]],"label":"verse 3","id":3},{"line":[[{"phrase":{"AT":"ཤར་ནས་སྐར་མ་ཤར་སོང་། དགའ་བ་ལ།","KT":" ཤར་ནས་སྐར་མ་ཤར་སོང་། དགའ་བ་ལ། ","CT":"ཤར་ནས་སྐར་མ་ཤར་སོང་། དགའ་བ་ལ།"}}],[{"phrase":{"AT":"སྐར་མས་ལམ་ཁ་བསྟན་སོང་། སྐྱིད་པ་ལ།","KT":"སྐར་མས་ལམ་ཁ་བསྟན་སོང་། སྐྱིད་པ་ལ། ","CT":"སྐར་མས་ལམ་ཁ་བསྟན་སོང་། སྐྱིད་པ་ལ།"}}],[{"phrase":{"AT":"དགའ་བ་ལ། སྐྱིད་པ་ལ།","KT":"དགའ་བ་ལ། སྐྱིད་པ་ལ། ","CT":"དགའ་བ་ལ། སྐྱིད་པ་ལ།"}}]],"label":"verse 4","id":4},{"line":[[{"phrase":{"AT":"ཐང་ནས་ལུག་རྫི་བསླེབས་བྱུང་། དགའ་བ་ལ། ","KT":" ཐང་ནས་ལུག་རྫི་བསླེབས་བྱུང་། དགའ་བ་ལ། ","CT":"ཐང་ནས་ལུག་རྫི་བསླེབས་བྱུང་། དགའ་བ་ལ། "}}],[{"phrase":{"AT":"ལུག་རྫིས་བསྟོད་དབྱངས་ཕུལ་སོང་། སྐྱིད་པ་ལ།","KT":"ལུག་རྫིས་བསྟོད་དབྱངས་ཕུལ་སོང་། སྐྱིད་པ་ལ། ","CT":"ལུག་རྫིས་བསྟོད་དབྱངས་ཕུལ་སོང་། སྐྱིད་པ་ལ།"}}],[{"phrase":{"AT":"དགའ་བ་ལ། སྐྱིད་པ་ལ།","KT":"དགའ་བ་ལ། སྐྱིད་པ་ལ། ","CT":"དགའ་བ་ལ། སྐྱིད་པ་ལ།"}}]],"label":"verse 5","id":5},{"line":[[{"phrase":{"AT":"ཤར་ནས་མཁས་པ་བསླེབས་བྱུང་། དགའ་བ་ལ།","KT":" ཤར་ནས་མཁས་པ་བསླེབས་བྱུང་། དགའ་བ་ལ། ","CT":"ཤར་ནས་མཁས་པ་ཕེབས་བྱུང་། དགའ་བ་ལ།"}}],[{"phrase":{"AT":"མཁས་པས་གསེར་དངུལ་ཕུལ་སོང་། སྐྱིད་པ་ལ།","KT":"མཁས་པས་གསེར་དངུལ་ཕུལ་སོང་། སྐྱིད་པ་ལ། ","CT":"མཁས་པས་གསེར་དངུལ་ཕུལ་སོང་། སྐྱིད་པ་ལ།"}}],[{"phrase":{"AT":"དགའ་བ་ལ། སྐྱིད་པ་ལ།","KT":"དགའ་བ་ལ། སྐྱིད་པ་ལ། ","CT":"དགའ་བ་ལ། སྐྱིད་པ་ལ།"}}]],"label":"verse 6","id":6},{"line":[[{"phrase":{"AT":"ནམ་མཁའ་ཕོ་ཉས་ཁེངས་སོང་། དགའ་བ་ལ།","KT":" ནམ་མཁའ་ཕོ་ཉས་ཁེངས་སོང་། དགའ་བ་ལ། ","CT":"ནམ་མཁའ་ཕོ་ཉས་ཁེངས་སོང་། དགའ་བ་ལ།"}}],[{"phrase":{"AT":"ཕོ་ཉས་སྐྱིད་གླུ་བླངས་སོང་། སྐྱིད་པ་ལ། ","KT":"ཕོ་ཉས་སྐྱིད་གླུ་བླངས་སོང་། སྐྱིད་པ་ལ། ","CT":"ཕོ་ཉས་སྐྱིད་གླུ་བླངས་སོང་། སྐྱིད་པ་ལ། "}}],[{"phrase":{"AT":"དགའ་བ་ལ། སྐྱིད་པ་ལ།","KT":"དགའ་བ་ལ། སྐྱིད་པ་ལ། ","CT":"དགའ་བ་ལ། སྐྱིད་པ་ལ།"}}]],"label":"verse 7","id":7},{"line":[[{"phrase":{"AT":"སྐྱིད་པའི་ཉི་མ་ཤར་བྱུང་། དགའ་བ་ལ།","KT":" སྐྱིད་པའི་ཉི་མ་ཤར་བྱུང་། དགའ་བ་ལ། ","CT":"སྐྱིད་པའི་ཉི་མ་ཤར་སོང་། དགའ་བ་ལ།"}}],[{"phrase":{"AT":"སྙན་པའི་གླུ་དབྱངས་བླངས་སོང་། སྐྱིད་པ་ལ། ","KT":"སྙན་པའི་གླུ་དབྱངས་བླངས་སོང་། སྐྱིད་པ་ལ། ","CT":"སྙན་པའི་གླུ་དབྱངས་བླངས་སོང་། སྐྱིད་པ་ལ། "}}],[{"phrase":{"AT":"དགའ་བ་ལ། སྐྱིད་པ་ལ། ༢","KT":"དགའ་བ་ལ། སྐྱིད་པ་ལ། ༢ ","CT":"དགའ་བ་ལ། སྐྱིད་པ་ལ།། ༢"}}]],"label":"verse 8","id":8}]},"metadata":[{"AT":"(བོད་པའི་བསྟོད་དབྱངས།)","KT":"(བོད་པའི་བསྟོད་དབྱངས།) ","CT":"(བོད་པའི་བསྟོད་དབྱངས།)"}]}