{"title":{"AT":"5.དཀོན་མཆོག་གིས་ཉིད་ཀྱི་སྲས་གནང་།","KT":"5. དཀོན་མཆོག་གིས་ཉིད་ཀྱི་སྲས་གནང་། ","CT":"5.དཀོན་མཆོག་གིས་ཉིད་ཀྱི་སྲས་གནང་།"},"author":"*","key":"*","lyrics":{"Verse":[{"line":[[{"phrase":{"AT":"དཀོན་མཆོག་གིས་ཉིད་ཀྱི་སྲས་གནང་ནས།","KT":" དཀོན་མཆོག་གིས་ཉིད་ཀྱི་སྲས་གནང་ནས། ","CT":"དཀོན་མཆོག་གིས་ཉིད་ཀྱི་སྲས་གནང་ནས།"}}],[{"phrase":{"AT":"འཇིག་རྟེན་འདི་ལ་བྱམས་པར་མཛད་དོ།།","KT":"འཇིག་རྟེན་འདི་ལ་བྱམས་པར་མཛད་དོ། ","CT":"འཇིག་རྟེན་འདི་ལ་བྱམས་པར་མཛད་དོ།"}}],[{"phrase":{"AT":"ཁོང་ལ་དད་པ་བྱེད་མཁན་རྣམས་ལ།","KT":"ཁོང་ལ་དད་པ་བྱེད་མཁན་རྣམས་ལ། ","CT":"ཁོང་ལ་དད་པ་བྱེད་མཁན་རྣམས་ལ།"}}],[{"phrase":{"AT":"མཐའ་མེད་པའི་སྲོག་འཐོབ་ཡོང་།","KT":"མཐའ་མེད་པའི་སྲོག་འཐོབ་ཡོང་། ","CT":"མཐའ་མེད་པའི་སྲོག་འཐོབ་ཡོང་།"}}],[{"phrase":{"AT":"བྱམས་པ་དངོས་དེ་གང་ཡིན་ཟེར་ན།","KT":"བྱམས་པ་ངོ་ཐོག་དེ་ཅི་ཡིན་ཟེར་ན། ","CT":"བྱམས་པ་ངོ་ཐོག་དེ་གང་ཡིན་ཟེར་ན།"}}],[{"phrase":{"AT":"ངེད་དཀོན་མཆོག་ལ་བྱམས་པ་མ་ཡིན།","KT":"ངེད་དཀོན་མཆོག་ལ་བྱམས་པ་མ་ཡིན། ","CT":"ངེད་དཀོན་མཆོག་ལ་བྱམས་པ་མ་ཡིན།"}}],[{"phrase":{"AT":"ཁོང་གིས་ངེད་ལ་བྱམས་པར་མཛད་ཅིང་།","KT":"ཁོང་གིས་ངེད་ལ་བྱམས་པར་མཛད་ཅིང་། ","CT":"ཁོང་གིས་ངེད་ལ་བྱམས་པར་མཛད་ཅིང་།"}}],[{"phrase":{"AT":"སྐྱབས་མགོན་ཡེ་ཤུ་གནང་ངོ་།།","KT":"སྐྱབས་མགོན་ཡེ་ཤུ་གནང་བ་ཡིན། ","CT":"སྐྱབས་མགོན་ཡེ་ཤུ་གནང་བ་ཡིན།"}}]],"label":"verse 1","id":1},{"line":[[{"phrase":{"AT":"ཡེ་ཤུ་ནི་དཀོན་མཆོག་གི་སྲས་ཡིན།","KT":" ཡེ་ཤུ་ནི་དཀོན་མཆོག་གི་སྲས་ཡིན། ","CT":"ཡེ་ཤུ་ནི་དཀོན་མཆོག་གི་སྲས་ཡིན།"}}],[{"phrase":{"AT":"ཁོང་གིས་ངེད་ལ་བྱམས་པ་གནང་བས།","KT":"ཁོང་གིས་ངེད་ལ་བྱམས་པ་གནང་བས། ","CT":"ཁོང་གིས་ངེད་ལ་བྱམས་པ་གནང་བས།"}}],[{"phrase":{"AT":"ང་ཚོ་སྡིག་པ་ནས་ཐར་བར་མཛད།","KT":"ང་ཚོ་སྡིག་པ་ནས་ཐར་བར་མཛད། ","CT":"ང་ཚོ་སྡིག་པ་ནས་ཐར་བར་མཛད།"}}],[{"phrase":{"AT":"ནམ་མཁའ་ནས་འདིར་ཕེབས་སོ།།","KT":"ནམ་མཁའ་ནས་འདིར་ཕེབས་སོ། ","CT":"ནམ་མཁའ་ནས་འདིར་ཕེབས་སོ།"}}],[{"phrase":{"AT":"ཁོང་མ་གཏོགས་སྐྱབས་མགོན་གཞན་ཞིག་མེད།","KT":"ཁོང་མ་གཏོགས་སྐྱབས་མགོན་གཞན་ཞིག་མེད། ","CT":"ཁོང་མ་གཏོགས་སྐྱབས་མགོན་གཞན་ཞིག་མེད།"}}],[{"phrase":{"AT":"ཁོང་གིས་ཁྱོད་ཆེད་དུ་སྡུག་བསྔལ་མྱངས་སོ།། ","KT":"ཁོང་ཁྱོད་ཀྱི་དོན་དུ་སྡུག་བསྔལ་མྱོང་སོང་། ","CT":"ཁོང་ཁྱེད་ཀྱི་ཕྱིར་སྡུག་བསྔལ་མྱོང་སོང་། "}}],[{"phrase":{"AT":"ད་ཁོང་གིས་བྱམས་པས་འབོད་ཀྱིན་འདུག","KT":"ད་ཁོང་གིས་བྱམས་པས་འབོད་བཞིན་འདུག ","CT":"ད་ཁོང་གིས་བྱམས་པས་འབོད་ཀྱི་འདུག"}}],[{"phrase":{"AT":"སྡིག་ཅན་རྣམས་ངའི་རྩར་ཤོག ","KT":"སྡིག་ཅན་རྣམས་ངའི་རྩར་ཤོག ","CT":"སྡིག་ཅན་རྣམས་ངའི་རྩར་ཤོག །"}}]],"label":"verse 2","id":2}]},"metadata":[{"AT":"(བོད་པའི་བསྟོད་དབྱངས།) DG 47","KT":"(བོད་པའི་བསྟོད་དབྱངས།) DG 47 ","CT":"(བོད་པའི་བསྟོད་དབྱངས།) DG 47"}]}