{"title":{"AT":"50.དེ་རིང་ང་ཚོ་འཛོམས་འཛོམས།","KT":"50. དེ་རིང་ང་ཚོ་འཛོམས་འཛོམས། ","CT":"50.དེ་རིང་ང་ཚོ་འཛོམས་འཛོམས།"},"author":"*","key":"*","lyrics":{"Verse":[{"line":[[{"phrase":{"AT":"དེ་རིང་ང་ཚོ་འཛོམས་འཛོམས།སྐལ་བ་བཟང་།","KT":" དེ་རིང་ང་ཚོ་འཛོམས་འཛོམས། སྐལ་བ་བཟང་། ","CT":"དེ་རིང་ང་ཚོ་འཛོམས་འཛོམས།སྐལ་བ་བཟང་།"}}],[{"phrase":{"AT":"གཙོ་བོ་ཡ་ཝཱེའི་བཀའ་དྲིན་རེད།སྐལ་བ་བཟང་།","KT":"གཙོ་བོ་ཡ་ཝཱེའི་བཀའ་དྲིན་རེད། སྐལ་བ་བཟང་། ","CT":"གཙོ་བོ་ཡ་ཝེའི་བཀའ་དྲིན་རེད།སྐལ་བ་བཟང་།"}}],[{"phrase":{"AT":"ཚང་མ་ཡར་ལ་ལངས་ནས།      སྐལ་བ་བཟང་།","KT":"ཚང་མ་ཡར་ལ་ལངས་ནས། སྐལ་བ་བཟང་། ","CT":"ཚང་མ་ཡར་ལ་བཞེངས་ནས།སྐལ་བ་བཟང་།"}}],[{"phrase":{"AT":"དགོས་པའི་འདོད་པ་ཁོང་ལ་ཞུ།སྐལ་བ་བཟང་།","KT":"དགོས་པའི་འདོད་པ་ཁོང་ལ་ཞུ། སྐལ་བ་བཟང་། ","CT":"དགོས་པའི་འདོད་པ་ཁོང་ལ་ཞུ།སྐལ་བ་བཟང་།"}}]],"label":"verse 1","id":1},{"line":[[{"phrase":{"AT":"དེ་རིང་ང་ཚོ་འཛོམས་འཛོམས།སྐལ་བ་བཟང་།","KT":" དེ་རིང་ང་ཚོ་འཛོམས་འཛོམས། སྐལ་བ་བཟང་། ","CT":"དེ་རིང་ང་ཚོ་འཛོམས་འཛོམས།སྐལ་བ་བཟང་།"}}],[{"phrase":{"AT":"སྐྱབས་མགོན་ཡེ་ཤུའི་ཐུགས་རྗེ་རེད།      སྐལ་བ་བཟང་།","KT":"སྐྱབས་མགོན་ཡེ་ཤུའི་ཐུགས་རྗེ་རེད། སྐལ་བ་བཟང་། ","CT":"སྐྱབས་མགོན་ཡེ་ཤུའི་ཐུགས་རྗེ་རེད།སྐལ་བ་བཟང་།"}}],[{"phrase":{"AT":"ཚང་མ་ཡར་ལ་ལངས་ནས།      སྐལ་བ་བཟང་།","KT":"ཚང་མ་ཡར་ལ་ལངས་ནས། སྐལ་བ་བཟང་། ","CT":"ཚང་མ་ཡར་ལ་བཞེངས་ནས།སྐལ་བ་བཟང་།"}}],[{"phrase":{"AT":"འདོད་པ་ཐམས་ཅད་ཁོང་ནས་ལེན།      སྐལ་བ་བཟང་།","KT":"འདོད་པ་ཐམས་ཅད་ཁོང་ནས་ལེན། སྐལ་བ་བཟང་། ","CT":"འདོད་པ་ཐམས་ཅད་ཁོང་ནས་ལེན།སྐལ་བ་བཟང་།"}}]],"label":"verse 2","id":2},{"line":[[{"phrase":{"AT":"དེ་རིང་ང་ཚོ་འཛོམས་འཛོམས།སྐལ་བ་བཟང་།","KT":" དེ་རིང་ང་ཚོ་འཛོམས་འཛོམས། སྐལ་བ་བཟང་། ","CT":"དེ་རིང་ང་ཚོ་འཛོམས་འཛོམས།སྐལ་བ་བཟང་།"}}],[{"phrase":{"AT":"དམ་པའི་ཐུགས་ཉིད་ཀྱི་དབང་རེད།      སྐལ་བ་བཟང་།","KT":"དམ་པའི་ཐུགས་ཉིད་ཀྱི་དབང་རེད། སྐལ་བ་བཟང་། ","CT":"དམ་པའི་ཐུགས་ཉིད་ཀྱི་དབང་རེད།སྐལ་བ་བཟང་།"}}],[{"phrase":{"AT":"ཚང་མ་ཡར་ལ་ལངས་ནས།      སྐལ་བ་བཟང་།","KT":"ཚང་མ་ཡར་ལ་ལངས་ནས། སྐལ་བ་བཟང་། ","CT":"ཚང་མ་ཡར་ལ་བཞེངས་ནས།སྐལ་བ་བཟང་།"}}],[{"phrase":{"AT":"དགའ་སྤྲོའི་བསྟོད་དབྱངས་ཁོང་ལ་འབུལ།  སྐལ་བ་བཟང་།","KT":"དགའ་སྤྲོའི་བསྟོད་དབྱངས་ཁོང་ལ་འབུལ། སྐལ་བ་བཟང་། ","CT":"དགའ་སྤྲོའི་བསྟོད་དབྱངས་ཁོང་ལ་ཕུལ།སྐལ་བ་བཟང་།།"}}]],"label":"verse 3","id":3}]},"metadata":[{"AT":"(སྐལ་བ་བཟང་།)","KT":"(སྐལ་བ་བཟང་།) ","CT":"(སྐལ་བ་བཟང་།)"},{"AT":"(བོད་པའི་བསྟོད་དབྱངས།)","KT":"(བོད་པའི་བསྟོད་དབྱངས།) ","CT":"(བོད་པའི་བསྟོད་དབྱངས།)"}]}