{"title":{"AT":"51.དེ་རིང་ཉི་མ་འདི། ","KT":"51. དེ་རིང་ཉི་མ་འདི། ","CT":"51.དེ་རིང་ཉི་མ་འདི། "},"author":"*","key":"*","lyrics":{"Verse":[{"line":[[{"phrase":{"AT":"དེ་རིང་ཉི་མ་འདི། དེ་རིང་ཉི་མ་འདི།","KT":"དེ་རིང་ཉི་མ་འདི། དེ་རིང་ཉི་མ་འདི། ","CT":"དེ་རིང་ཉི་མ་འདི། དེ་རིང་ཉི་མ་འདི།"}}],[{"phrase":{"AT":"གཙོ་བོས་བཀོད་པ་ཡིན། གཙོ་བོས་བཀོད་པ་ཡིན།","KT":"གཙོ་བོས་བཀོད་པ་རེད། གཙོ་བོས་བཀོད་པ་རེད། ","CT":"གཙོ་བོས་བཀོད་པ་ཡིན། གཙོ་བོས་བཀོད་པ་ཡིན།"}}],[{"phrase":{"AT":"ཉིན་མོ་འདི་ལ། ཉིན་མོ་འདི་ལ།","KT":"ཉིན་མོ་འདི་ལ། ཉིན་མོ་འདི་ལ། ","CT":"ཉིན་མོ་འདི་ལ། ཉིན་མོ་འདི་ལ།"}}],[{"phrase":{"AT":"ང་ཚོ་དགའ་ཞིང་། ང་ཚོ་སྐྱིད་པར་བྱེད།","KT":"ང་ཚོ་དགའ་ཞིང་། ང་ཚོ་སྐྱིད་པོ་བྱེད། ","CT":"ང་ཚོ་དགའ་ཞིང་། ང་ཚོ་སྐྱིད་པོ་བྱེད།"}}],[{"phrase":{"AT":"དེ་རིང་ཉི་མ་འདི་གཙོ་བོས་བཀོད་པ་ཡིན།","KT":"དེ་རིང་ཉི་མ་འདི་གཙོ་བོས་བཀོད་པ་རེད། ","CT":"དེ་རིང་ཉི་མ་འདི་གཙོ་བོས་བཀོད་པ་ཡིན།"}}],[{"phrase":{"AT":"འདི་ལ་ང་ཚོ་དགའ་ཞིང་སྐྱིད་པར་བྱེད།","KT":"འདི་ལ་ང་ཚོ་དགའ་ཞིང་སྐྱིད་པོ་བྱེད། ","CT":"འདི་ལ་ང་ཚོ་དགའ་ཞིང་སྐྱིད་པོ་བྱེད།"}}],[{"phrase":{"AT":"དེ་རིང་ཉི་མ་འདི། དེ་རིང་ཉི་མ་འདི།","KT":"དེ་རིང་ཉི་མ་འདི། དེ་རིང་ཉི་མ་འདི། ","CT":"དེ་རིང་ཉི་མ་འདི། དེ་རིང་ཉི་མ་འདི།"}}],[{"phrase":{"AT":"གཙོ་བོས་བཀོད་པ་ཡིན།","KT":"གཙོ་བོས་བཀོད་པ་རེད། ","CT":"གཙོ་བོས་བཀོད་པ་ཡིན།།"}}]],"label":"verse 1","id":1}]},"metadata":[{"AT":"(གསུང་མགུར118 ཨང24 - This is the Day ཞེས་པའི་དབྱིན་ཇིའི་བསྟོད་དབྱངས།) ","KT":"(གསུང་མགུར118 ཨང24 - This is the Day ཞེས་པའི་དབྱིན་ཇིའི་བསྟོད་དབྱངས།)15 15 Les Garrett, Copyright © 1967 Integrity Music, PO Box 851622, Mobile, Alabama 36685, USA. Used by permission. ","CT":"(གསུང་མགུར་118 ཨང་24 - This is the Day ཞེས་པའི་དབྱིན་ཇིའི་བསྟོད་དབྱངས།) "}]}