{"title":{"AT":"52.དེ་རིང་ནི་ཁྱེད་ཀྱི་འཁྲུངས་སྐར་རེད། ","KT":"52. དེ་རིང་ནི་ཁྱེད་ཀྱི་འཁྲུངས་སྐར་རེད། ","CT":"52.དེ་རིང་ནི་ཁྱེད་ཀྱི་འཁྲུངས་སྐར་རེད། "},"author":"*","key":"*","lyrics":{"Verse":[{"line":[[{"phrase":{"AT":"དེ་རིང་ནི་ཁྱེད་ཀྱི་འཁྲུངས་སྐར་རེད། ","KT":"དེ་རིང་ནི་ཁྱེད་ཀྱི་འཁྲུངས་སྐར་རེད། ","CT":"དེ་རིང་ནི་ཁྱེད་ཀྱི་འཁྲུངས་སྐར་རེད། "}}],[{"phrase":{"AT":"ང་ཚོའི་ཡེ་ཤུ།","KT":"ང་ཚོའི་ཡེ་ཤུ། ","CT":"ང་ཚོའི་ཡེ་ཤུ།"}}],[{"phrase":{"AT":"འཛམ་བུ་གླིང་ལ་སྐྱིད་པའི་ཉི་མ་ཤར།","KT":"འཛམ་བུ་གླིང་ལ་སྐྱིད་པའི་ཉི་མ་ཤར། ","CT":"འཛམ་བུ་གླིང་ལ་སྐྱིད་པའི་ཉི་མ་ཤར།"}}],[{"phrase":{"AT":"ཡ་མཚན་དཀོན་མཆོག་སྲས་གཅིག ","KT":"ཡ་མཚན་དཀོན་མཆོག་སྲས་གཅིག ","CT":"ཡ་མཚན་དཀོན་མཆོག་གི་སྲས་གཅིག "}}],[{"phrase":{"AT":"མིའི་ཡུལ་ལ་འཁྲུངས།","KT":"མིའི་ཡུལ་ལ་འཁྲུངས། ","CT":"མིའི་ཡུལ་ལ་འཁྲུངས།"}}],[{"phrase":{"AT":"འཇིག་རྟེན་ཁམས་ཀྱི་སྐྱབས་གཅིག་ཡེ་ཤུ་གྲགས།","KT":"འཇིག་རྟེན་ཁམས་ཀྱི་སྐྱབས་གཅིག་ཡེ་ཤུ་གྲགས། ","CT":"འཇིག་རྟེན་ཁམས་ཀྱི་སྐྱབས་གཅིག་ཡེ་ཤུ་གྲགས།"}}],[{"phrase":{"AT":"འདྲེན་པའི་གཙོ་བོ་མ་ཤི་ཀ་ལ་བསྟོད། ","KT":" འདྲེན་པའི་གཙོ་བོ་མཱ་ཤི་ཀ་ལ་བསྟོད། ","CT":"འདྲེན་པའི་གཙོ་བོ་མཱ་ཤི་ཀ་ལ་བསྟོད། "}}],[{"phrase":{"AT":"ང་ཚོའི་སྐྱབས་མགོན།","KT":"ང་ཚོའི་སྐྱབས་མགོན། ","CT":"ང་ཚོའི་སྐྱབས་མགོན།"}}],[{"phrase":{"AT":"བྱམས་དང་སྙིང་རྗེ་བརྩེ་བ་ཆེན་པོ་ཡིས། ","KT":"བྱམས་དང་སྙིང་རྗེ་བརྩེ་བ་ཆེན་པོ་ཡིས། ","CT":"བྱམས་དང་སྙིང་རྗེ་བརྩེ་བ་ཆེན་པོ་ཡིས། "}}],[{"phrase":{"AT":"ང་ཚོའི་ཡེ་ཤུ།","KT":"ང་ཚོའི་ཡེ་ཤུ། ","CT":"ང་ཚོའི་ཡེ་ཤུ།"}}],[{"phrase":{"AT":"ཚང་མའི་ཆེད་དུ་རྒྱ་གྲམ་སྟེང་དུ་གྲོངས། ","KT":"ཚང་མའི་དོན་དུ་རྒྱ་གྲམ་ཐོག་ལ་གྲོངས། ","CT":"ཚང་མའི་ཆེད་དུ་རྒྱངས་ཤིང་ཐོག་ཀྲོངས་། "}}],[{"phrase":{"AT":"ང་ཚོའི་ཡེ་ཤུ།","KT":"ང་ཚོའི་ཡེ་ཤུ། ","CT":"ང་ཚོའི་ཡེ་ཤུ།"}}],[{"phrase":{"AT":"ཉིན་ཞག་གསུམ་གྱི་རྗེས་ནས་སླར་ཡང་གསོན། ","KT":"ཉིན་ཞག་གསུམ་གྱི་རྗེས་ནས་སླར་ཡང་གསོན། ","CT":"ཉིན་ཞག་གསུམ་ལ་གསོན་པོ་བཞེངས་སོང་། "}}],[{"phrase":{"AT":"ང་ཚོའི་ཡེ་ཤུ།","KT":"ང་ཚོའི་ཡེ་ཤུ། ","CT":"ང་ཚོའི་ཡེ་ཤུ།"}}],[{"phrase":{"AT":"འདི་ནས་དགའ་བའི་བསྟོད་དབྱངས་ཁོང་ལ་འབུལ།  ","KT":"འདི་ནས་དགའ་བའི་བསྟོད་དབྱངས་ཁོང་ལ་འབུལ། ","CT":"འདི་ནས་དགའ་བའི་བསྟོད་དབྱངས་ཁོང་ལ་ཕུལ།  "}}]],"label":"verse 1","id":1},{"line":[[{"phrase":{"AT":"ོང་གིས་མཛད་པའི་སྙན་གྲགས་འཛམ་གླིང་འདིར། ","KT":"ཁོང་གིས་མཛད་པའི་སྙན་གྲགས་འཛམ་གླིང་འདིར། ","CT":"ོང་གིས་མཛད་པའི་སྙན་གྲགས་འཛམ་གླིང་འདིར། "}}],[{"phrase":{"AT":"ང་ཚོའི་ཡེ་ཤུ།","KT":"ང་ཚོའི་ཡེ་ཤུ། ","CT":"ང་ཚོའི་ཡེ་ཤུ།"}}],[{"phrase":{"AT":"ཁོང་ནི་དཀོན་མཆོག་གཡས་སུ་བཞུགས་པའོ།། ","KT":"ཁོང་ནི་དཀོན་མཆོག་གཡས་སུ་བཞུགས་པའོ།། ","CT":"ཁོང་ནི་དཀོན་མཆོག་གཡས་སུ་བཞུགས་པའོ། "}}],[{"phrase":{"AT":"ང་ཚོའི་ཡེ་ཤུ།","KT":"ང་ཚོའི་ཡེ་ཤུ། ","CT":"ང་ཆོའི་ཡེ་ཤུ།"}}],[{"phrase":{"AT":"སླར་ཡང་འཛམ་གླིང་ཕེབས་རྒྱུའི་དམ་བཅའ་ཡོད། ","KT":"སླར་ཡང་འཛམ་གླིང་ཕེབས་རྒྱུའི་དམ་བཅའ་ཡོད། ","CT":"སླར་ཡང་འཛམ་གླིང་ཕེབས་རྒྱུའི་དམ་བཅའ་ཡོད། "}}],[{"phrase":{"AT":"ང་ཚོའི་ཡེ་ཤུ།","KT":"ང་ཚོའི་ཡེ་ཤུ། ","CT":"ང་ཚོའི་ཡེ་ཤུ།"}}],[{"phrase":{"AT":"ཐམས་ཅད་མ་ནོར་བདེན་པའི་ལམ་དུ་ཤོག ","KT":"ཐམས་ཅད་མ་ནོར་བདེན་པའི་ལམ་དུ་ཤོག ","CT":"ཐམས་ཅད་མ་ནོར་བདེན་པའི་ལམ་དུ་ཤོག །"}}]],"label":"verse 2","id":2}]},"metadata":[{"AT":"(སྐྱབས་མགོན་ཡེ་ཤུའི་འཁྲུངས་སྐར།) ","KT":"(སྐྱབས་མགོན་ཡེ་ཤུའི་འཁྲུངས་སྐར།) ","CT":"(སྐྱབས་མགོན་ཡེ་ཤུའི་འཁྲུངས་སྐར།) "}]}