{"title":{"AT":"53.སྡིག་པ་ནས་ཐར་བའི་ལམ་གཅིག་ཡོད།","KT":"53. སྡིག་པ་ནས་ཐར་བའི་ལམ་གཅིག་ཡོད། ","CT":"53.སྡིག་པ་ནས་ཐར་བའི་ལམ་གཅིག་ཡོད།"},"author":"*","key":"*","lyrics":{"Verse":[{"line":[[{"phrase":{"AT":"        (I Do Believe ཞེས་པའི་བོད་དབྱིན་གཉིས་ཀྱི་བསྟོད་དབྱངས།) DG31","KT":"(I Do Believe ཞེས་པའི་བོད་དབྱིན་གཉིས་ཀྱི་བསྟོད་དབྱངས།) DG31 ","CT":"(I Do Believe ཞེས་པའི་བོད་དབྱིན་གཉིས་ཀྱི་བསྟོད་དབྱངས།) DG31"}}],[{"phrase":{"AT":"སྡིག་པ་ནས་ཐར་བའི་ལམ་གཅིག་ཡོད།","KT":" སྡིག་པ་ནས་ཐར་བའི་ལམ་གཅིག་ཡོད། ","CT":"སྡིག་པ་ནས་ཐར་བའི་ལམ་གཅིག་ཡོད།"}}],[{"phrase":{"AT":"ལམ་དེ་ནི་ཡེ་ཤུ་ཡིན། ༢","KT":"ལམ་དེ་ནི་ཡེ་ཤུ་ཡིན། ༢ ","CT":"ལམ་དེ་ནི་ཡེ་ཤུ་ཡིན། ༢"}}],[{"phrase":{"AT":"ང་དགའ་ཞིང་ཁོང་གི་རྩར་འགྲོ་ན།","KT":"ང་དགའ་ཞིང་ཁོང་གི་རྩར་འགྲོ་ན། ","CT":"ང་མོས་ཞིང་ཁོང་གི་རྩར་འགྲོ་ན།"}}],[{"phrase":{"AT":"ངའི་སྡིག་པ་རྣམས་བསལ་ཡོང་། ༢","KT":"ངའི་སྡིག་པ་རྣམས་བསལ་ཡོང་། ༢ ","CT":"ངའི་སྡིག་པ་རྣམས་སེལ་ཡོང་། ༢"}}],[{"phrase":{"AT":"ངས་དད་པ་བྱེད། ངས་དད་པ་བྱེད།","KT":"ངས་དད་པ་བྱེད། ངས་དད་པ་བྱེད། ","CT":"ངས་དད་པ་བྱེད། ངས་དད་པ་བྱེད།"}}],[{"phrase":{"AT":"ཡེ་ཤུ་ངའི་དོན་ལ་གྲོངས། ༢ ","KT":"ཡེ་ཤུ་ངའི་དོན་ལ་གྲོངས། ༢ ","CT":"ཡེ་ཤུ་ངའི་དོན་ལ་གྲོངས། ༢ "}}],[{"phrase":{"AT":"ཁོང་གི་ཁྲག་གིས། རིན་ཆེན་ཁྲག་གིས།","KT":"ཁོང་གི་ཁྲག་གིས། རིན་ཆེན་ཁྲག་གིས། ","CT":"ཁོང་གི་ཁྲག་གིས། རིན་ཆེན་ཁྲག་གིས།"}}],[{"phrase":{"AT":"ང་སྡིག་པ་ནས་ཐར་བྱུང་། ༢","KT":"ང་སྡིག་པ་ནས་ཐར་བྱུང་། ༢ ","CT":"ང་སྡིག་པ་ནས་ཐར་བྱུང་། ༢"}}]],"label":"verse 1","id":1},{"line":[[{"phrase":{"AT":"ལམ་གཅིག་ནས་སེམས་གསར་བ་ཐོབ་ཡོང་།","KT":" ལམ་གཅིག་ནས་སེམས་གསར་པ་ཐོབ་ཡོང་། ","CT":"ལམ་གཅིག་ནས་སེམས་གསར་པ་ཐོབ་ཡོང་།"}}],[{"phrase":{"AT":"ལམ་དེ་ནི་ཡེ་ཤུ་ཡིན། ༢","KT":"ལམ་དེ་ནི་ཡེ་ཤུ་ཡིན། ༢ ","CT":"ལམ་དེ་ནི་ཡེ་ཤུ་ཡིན། ༢"}}],[{"phrase":{"AT":"ངའི་སེམས་སྡིག་པས་ནག་པོ་བྱུང་ཡང་།","KT":"ངའི་སེམས་སྡིག་པས་ནག་པོ་བྱུང་ཡང་། ","CT":"ངའི་སེམས་སྡིག་པས་ནག་པོ་བྱུང་ཡང་།"}}],[{"phrase":{"AT":"ཁོང་གིས་དཀར་པོ་མཛད་ཡོང་། ༢","KT":"ཁོང་གིས་དཀར་པོ་མཛད་ཡོང་། ༢ ","CT":"ཁོང་གིས་དཀར་པོ་མཛད་ཡོང་། ༢"}}]],"label":"verse 2","id":2},{"line":[[{"phrase":{"AT":"སྲོག་འཆི་བ་ནས་ཐར་ལམ་གཅིག་ཡོད།","KT":" སྲོག་འཆི་བ་ནས་ཐར་ལམ་གཅིག་ཡོད། ","CT":"སྲོག་འཆི་བ་ནས་ཐར་ལམ་གཅིག་ཡོད།"}}],[{"phrase":{"AT":"ལམ་དེ་ནི་ཡེ་ཤུ་ཡིན། ༢","KT":"ལམ་དེ་ནི་ཡེ་ཤུ་ཡིན། ༢ ","CT":"ལམ་དེ་ནི་ཡེ་ཤུ་ཡིན། ༢"}}],[{"phrase":{"AT":"ཁོང་གིས་མཚན་ལ་དད་མཁན་རྣམས་ལ།","KT":"ཁོང་གིས་མཚན་ལ་དད་མཁན་རྣམས་ལ། ","CT":"ཁོང་གིས་མཚན་ལ་དད་མཁན་རྣམས་ལ།"}}],[{"phrase":{"AT":"མཐའ་མེད་པའི་སྲོག་འཐོབ་ཡོང་། ༢","KT":"མཐའ་མེད་པའི་སྲོག་འཐོབ་ཡོང་། ༢ ","CT":"མཐའ་མེད་པའི་སྲོག་ཐོབ་ཡོང་། ༢"}}]],"label":"verse 3","id":3},{"line":[[{"phrase":{"AT":"ལམ་གཅིག་ནས་ནམ་མཁའ་ལ་བསླེབ་ཡོང་།","KT":" ལམ་གཅིག་ནས་ནམ་མཁའ་ལ་བསླེབ་ཡོང་། ","CT":"ལམ་གཅིག་ནས་ནམ་མཁའ་ལ་སླེབ་ཡོང་།"}}],[{"phrase":{"AT":"ལམ་དེ་ནི་ཡེ་ཤུ་ཡིན། ༢","KT":"ལམ་དེ་ནི་ཡེ་ཤུ་ཡིན། ༢ ","CT":"ལམ་དེ་ནི་ཡེ་ཤུ་ཡིན། ༢"}}],[{"phrase":{"AT":"སྙིང་ནས་ཁོང་ལ་དད་པ་བྱེད་ན།","KT":"སེམས་ནས་ཁོང་ལ་དད་པ་བྱེད་ན། ","CT":"སྙིང་ནས་ཁོང་ལ་དད་པ་བྱེད་ན།"}}],[{"phrase":{"AT":"ཁོང་གིས་ང་དེར་འདྲེན་ཡོང་། ༢","KT":"ཁོང་གིས་ང་དེར་འདྲེན་ཡོང་། ༢ ","CT":"ཁོང་གིས་ང་དེར་འདྲེན་ཡོང་། ༢"}}],[{"phrase":{"AT":"ངས་དད་པ་བྱེད། ངས་དད་པ་བྱེད།","KT":"ངས་དད་པ་བྱེད། ངས་དད་པ་བྱེད། ","CT":"ངས་དད་པ་བྱེད། ངས་དད་པ་བྱེད།"}}],[{"phrase":{"AT":"ཡེ་ཤུ་ངའི་དོན་ལ་གྲོངས། ༢ ","KT":"ཡེ་ཤུ་ངའི་དོན་ལ་གྲོངས། ༢ ","CT":"ཡེ་ཤུ་ངའི་དོན་ལ་གྲོངས། ༢ "}}],[{"phrase":{"AT":"ཁོང་གི་ཁྲག་གིས། རིན་ཆེན་ཁྲག་གིས།","KT":"ཁོང་གི་ཁྲག་གིས། རིན་ཆེན་ཁྲག་གིས། ","CT":"ཁོང་གི་ཁྲག་གིས། རིན་ཆེན་ཁྲག་གིས།"}}],[{"phrase":{"AT":"ང་སྡིག་པ་ནས་ཐར་བྱུང་། ༢","KT":"ང་སྡིག་པ་ནས་ཐར་བྱུང་། ༢ ","CT":"ང་སྡིག་པ་ནས་ཐར་བྱུང་།། ༢"}}]],"label":"verse 4","id":4}]},"metadata":[]}