{"title":{"AT":"54.སྡིག་སེལ་ཞུ་བར།","KT":"54. སྡིག་སེལ་ཞུ་བར། ","CT":"54.སྡིག་སེལ་ཞུ་བར།"},"author":"*","key":"*","lyrics":{"Verse":[{"line":[[{"phrase":{"AT":"        (Have you been to Jesus? ཞེས་པའི་དབྱིན་ཇིའི་མགུར་གླུ།)   DG 28","KT":"(Have you been to Jesus? ཞེས་པའི་དབྱིན་ཇིའི་མགུར་གླུ།)16 DG 28 16 E.A. Hoffmann (1878) 17 ཡེ་ཤུའི་སྐུ་ཁྲག་ནང་བཀྲུས་པ་ཡིན་ནམ་ཞེས་པའི་ནང་དོན་ནི་ཁྱེད་རང་གིས་སྐྱབས་མགོན་ཡེ་ཤུ་ལ་དད་པ་བྱེད་ཀྱིན་ཡོད་དམ་ཞེས་པ་ཡིན། གང་ཡིན་ཟེར་ན་སྐྱབས་མགོན་གཙོ་བོ་ཡེ་ཤུ་འགྲོ་བ་མིའི་རིགས་ཀྱི་སྡིག་ཉེས་རྣམས་བསལ་བའི་ཆེད་དུ་ཤིང་རྒྱ་གྲམ་སྟེང་བཀྲོངས་པ་ཡིན་པས་ཡེ་ཤུའི་སྐུ་ཁྲག་ནི་སྡིག་པ་ནས་ཐར་བའི་ལམ་དེའི་རྟགས་མཚན་རིན་ཆེ་ཤོས་དེ་ཡིན། ","CT":"(Have you been to Jesus? ཞེས་པའི་དབྱིན་ཇིའི་མགུར་གླུ།)   DG 28"}}],[{"phrase":{"AT":"སྡིག་སེལ་ཞུ་བར་ཡེ་ཤུའི་རྩར་ཕྱིན་པ་ཡིན་ནམ།","KT":" སྡིག་སེལ་ཞུ་བར་ཡེ་ཤུའི་རྩར་ཕྱིན་པ་ཡིན་ནམ། ","CT":"སྡིག་སེལ་ཞུ་བར་ཡེ་ཤུའི་རྩར་ཕྱིན་པ་ཡིན་ནམ།"}}],[{"phrase":{"AT":"ཡེ་ཤུའི་སྐུ་ཁྲག་ནང་བཀྲུས་པ་ཡིན་ནམ། ","KT":"ཡེ་ཤུའི་སྐུ་ཁྲག་ནང་བཀྲུས་པ་ཡིན་ནམ།17 ","CT":"ཡེ་ཤུའི་སྐུ་ཁྲག་ལ་བཀྲུས་པ་ཡིན་ནམ། "}}],[{"phrase":{"AT":"ད་ལྟ་ཁོང་གི་ཐུགས་རྗེ་ལ་རེ་བ་སྐྱེད་དམ།","KT":"ད་ལྟ་ཁོང་གི་ཐུགས་རྗེ་ལ་རེ་བ་སྐྱེད་དམ། ","CT":"ད་ལྟ་ཁོང་གི་ཐུགས་རྗེ་ལ་རེ་བ་སྐྱེད་དམ།"}}],[{"phrase":{"AT":"ཡེ་ཤུའི་སྐུ་ཁྲག་ནང་བཀྲུས་པ་ཡིན་ནམ།","KT":"ཡེ་ཤུའི་སྐུ་ཁྲག་ནང་བཀྲུས་པ་ཡིན་ནམ། ","CT":"ཡེ་ཤུའི་སྐུ་ཁྲག་ལ་བཀྲུས་པ་ཡིན་ནམ།"}}]],"label":"verse 1","id":1},{"line":[[{"phrase":{"AT":"ཡེ་ཤུའི་སྐུ་ཁྲག་གི་ནང་།","KT":"ེ་ཤུའི་སྐུ་ཁྲག་གི་ནང་། ","CT":"ེ་ཤུའི་སྐུ་ཁྲག་གི་ནང་།"}}],[{"phrase":{"AT":"ཁྱོད་ཀྱི་སྡིག་པའི་སེམས་བཀྲུས་པ་ཡིན་ནམ།","KT":"ཁྱོད་ཀྱི་སྡིག་པའི་སེམས་བཀྲུས་པ་ཡིན་ནམ། ","CT":"ཁྱེད་ཀྱི་སྡིག་པའི་སེམས་བཀྲུས་པ་ཡིན་ནམ།"}}],[{"phrase":{"AT":"ཁྱོད་ཀྱི་གོས་རྣམས་ཁ་བ་ལྟར་དཀར་པོ་ཡོད་དམ།","KT":"ཁྱོད་ཀྱི་གོས་རྣམས་ཁ་བ་ལྟར་དཀར་པོ་ཡོད་དམ། ","CT":"ཁྱེད་ཀྱི་གོས་རྣམས་ཁ་བ་ལྟར་དཀར་པོ་ཡོད་དམ།"}}],[{"phrase":{"AT":"ཡེ་ཤུའི་སྐུ་ཁྲག་ནང་བཀྲུས་པ་ཡིན་ནམ།","KT":"ཡེ་ཤུའི་སྐུ་ཁྲག་ནང་བཀྲུས་པ་ཡིན་ནམ། ","CT":"ཡེ་ཤུའི་སྐུ་ཁྲག་ལ་བཀྲུས་པ་ཡིན་ནམ།"}}]],"label":"verse 2","id":2},{"line":[[{"phrase":{"AT":"དུས་རྒྱུན་ནམ་ཡང་ཡེ་ཤུ་དང་མཉམ་དུ་འགྲོའམ།","KT":" དུས་རྒྱུན་ནམ་ཡང་ཡེ་ཤུ་དང་མཉམ་དུ་འགྲོའམ། ","CT":"ཉི་མ་རྟག་པར་ཡེ་ཤུ་དང་མཉམ་དུ་འགྲོའམ།"}}],[{"phrase":{"AT":"ཡེ་ཤུའི་སྐུ་ཁྲག་ནང་བཀྲུས་པ་ཡིན་ནམ།  ","KT":"ཡེ་ཤུའི་སྐུ་ཁྲག་ནང་བཀྲུས་པ་ཡིན་ནམ། ","CT":"ཡེ་ཤུའི་སྐུ་ཁྲག་ལ་བཀྲུས་པ་ཡིན་ནམ།  "}}],[{"phrase":{"AT":"ཁོང་ལ་དུས་རྒྱུན་དུ་རེ་བ་སྐྱེད་ཀྱིན་ཡོད་དམ།","KT":"ཁོང་ལ་དུས་རྒྱུན་དུ་རེ་བ་སྐྱེད་བཞིན་ཡོད་དམ། ","CT":"ཁོང་ལ་དུས་རྒྱུན་དུ་རེ་བ་སྐྱེད་ཀྱི་ཡོད་དམ།"}}],[{"phrase":{"AT":"ཡེ་ཤུའི་སྐུ་ཁྲག་ནང་བཀྲུས་པ་ཡིན་ནམ།","KT":"ཡེ་ཤུའི་སྐུ་ཁྲག་ནང་བཀྲུས་པ་ཡིན་ནམ། ","CT":"ཡེ་ཤུའི་སྐུ་ཁྲག་ལ་བཀྲུས་པ་ཡིན་ནམ།"}}]],"label":"verse 3","id":3},{"line":[[{"phrase":{"AT":"མག་པ་ཕེབས་དུས་ཁྱོད་ཀྱི་གོས་དཀར་པོ་ཡོད་དམ།","KT":" མག་པ་ཕེབས་དུས་ཁྱོད་ཀྱི་གོས་དཀར་པོ་ཡོད་དམ། ","CT":"མག་པ་ཕེབས་དུས་ཁྱེད་ཀྱི་གོས་དཀར་པོ་ཡོད་དམ།"}}],[{"phrase":{"AT":"ཡེ་ཤུའི་སྐུ་ཁྲག་ནང་བཀྲུས་པ་ཡིན་ནམ།","KT":"ཡེ་ཤུའི་སྐུ་ཁྲག་ནང་བཀྲུས་པ་ཡིན་ནམ། ","CT":"ཡེ་ཤུའི་སྐུ་ཁྲག་ལ་བཀྲུས་པ་ཡིན་ནམ།"}}],[{"phrase":{"AT":"ཁྱོད་ཀྱི་སེམས་ནམ་མཁའ་ལ་ཕྱིན་ཆོག་ཆོག་ཡིན་ནམ། ","KT":"ཁྱོད་ཀྱི་སེམས་ནམ་མཁའ་ལ་ཕྱིན་ཆོག་ཆོག་ཡིན་ནམ། ","CT":"ཁྱེད་ཀྱི་སེམས་ནམ་མཁའ་ལ་ཕྱིན་ཆོག་ཆོག་ཡིན་ནམ། "}}],[{"phrase":{"AT":"ཡེ་ཤུའི་སྐུ་ཁྲག་ནང་བཀྲུས་པ་ཡིན་ནམ། ","KT":"ཡེ་ཤུའི་སྐུ་ཁྲག་ནང་བཀྲུས་པ་ཡིན་ནམ། ","CT":"ཡེ་ཤུའི་སྐུ་ཁྲག་ལ་བཀྲུས་པ་ཡིན་ནམ། "}}]],"label":"verse 4","id":4},{"line":[[{"phrase":{"AT":"སྡིག་པའི་སྐྱོན་གྱིས་འགོས་པའི་གོས་དེ་དབྱུག་ཞོག་དང་།","KT":" སྡིག་པའི་སྐྱོན་གྱིས་འགོས་པའི་གོས་དེ་དབྱུག་ཞོག་དང་། ","CT":"སྡིག་པའི་སྐྱོན་གྱིས་གོན་པའི་གོས་དེ་དབྱུག་ཞོག་དང་།"}}],[{"phrase":{"AT":"ཡེ་ཤུའི་སྐུ་ཁྲག་ནང་ད་ལྟ་ཁྲུས་ཤིག","KT":"ཡེ་ཤུའི་སྐུ་ཁྲག་ནང་ད་ལྟ་ཁྲུས་ཤིག ","CT":"ཡེ་ཤུའི་སྐུ་ཁྲག་ལ་ད་ལྟ་ཁྲུས་ཤིག"}}],[{"phrase":{"AT":"དེའི་ནང་འཁྲུད་མཁན་རྣམས་སྡིག་པ་དང་བྲལ་ཡོང་།","KT":"དེའི་ནང་འཁྲུད་མཁན་རྣམས་སྡིག་པ་དང་བྲལ་ཡོང་། ","CT":"དེ་ཡི་ནང་འཁྲུད་མཁན་རྣམས་སྡིག་པ་དང་བྲལ་ཡོང་།"}}],[{"phrase":{"AT":"ཡེ་ཤུའི་སྐུ་ཁྲག་ནང་ཁྲུས་བྱེད་དུ་ཤོག ","KT":"ཡེ་ཤུའི་སྐུ་ཁྲག་ནང་ཁྲུས་བྱེད་པར་ཤོག ","CT":"ཡེ་ཤུའི་སྐུ་ཁྲག་ལ་འཁྲུད་བྱེད་པར་ཤོག །"}}]],"label":"verse 5","id":5}]},"metadata":[]}