{"title":{"AT":"55.ནམ་མཁའི་ཞིང་ཁམས་སུ་བཞུགས་པའི།","KT":"55. ནམ་མཁའི་ཞིང་ཁམས་སུ་བཞུགས་པའི། ","CT":"55.ནམ་མཁའི་ཞིང་ཁམས་སུ་བཞུགས་པའི་ཡེ་ཤུ།"},"author":"*","key":"*","lyrics":{"Verse":[{"line":[[{"phrase":{"AT":"ནམ་མཁའི་ཞིང་ཁམས་སུ་བཞུགས་པའི།","KT":" ནམ་མཁའི་ཞིང་ཁམས་སུ་བཞུགས་པའི། ","CT":"ནམ་མཁའི་ཞིང་ཁམས་སུ་བཞུགས་པའི།"}}],[{"phrase":{"AT":"ང་ཚོའི་སྐྱབས་མགོན་ཡེ་ཤུ།","KT":"ང་ཚོའི་སྐྱབས་མགོན་ཡེ་ཤུ། ","CT":"ང་ཚོའི་སྐྱབས་མགོན་ཡེ་ཤུ།"}}],[{"phrase":{"AT":"ཁྱེད་ལ་དད་པ་བྱེད་པས།","KT":"ཁྱེད་ལ་དད་པ་བྱེད་པས། ","CT":"ཁྱེད་ལ་དད་པ་བྱེད་པས།"}}],[{"phrase":{"AT":"སེམས་ཀྱི་སྡུག་བསྔལ་བསལ་སོང་།","KT":"སེམས་ཀྱི་སྡུག་བསྔལ་བསལ་སོང་། ","CT":"སེམས་ཀྱི་སྡུག་བསྔལ་བསལ་སོང་།"}}],[{"phrase":{"AT":"ཁྱེད་ཀྱིས་སྐུ་ཁྲག་རིན་ཆེན།","KT":"ཁྱེད་ཀྱིས་སྐུ་ཁྲག་རིན་ཆེན། ","CT":"ཁྱེད་ཀྱིས་སྐུ་ཁྲག་རིན་ཆེན།"}}],[{"phrase":{"AT":"ང་ཚོའི་དོན་ལ་གནང་སོང་།","KT":"ང་ཚོའི་དོན་ལ་གནང་སོང་། ","CT":"ང་ཚོའི་དོན་ལ་གནང་སོང་།"}}],[{"phrase":{"AT":"ཁྱེད་ཀྱིས་མཛད་པ་དྲན་ཞིང་།","KT":"ཁྱེད་ཀྱིས་མཛད་པ་དྲན་ཞིང་། ","CT":"ཁྱེད་ཀྱིས་མཛད་པ་དྲན་ཞིང་།"}}],[{"phrase":{"AT":"དད་པ་སྙིང་ནས་སྐྱེས་སོང་།","KT":"དད་པ་སྙིང་ནས་སྐྱེས་སོང་། ","CT":"དད་པ་སྙིང་ནས་སྐྱེས་སོང་།"}}],[{"phrase":{"AT":"ང་ཚོའི་བོད་རིགས་སྤུན་ཟླ།","KT":"ང་ཚོའི་བོད་རིགས་སྤུན་ཟླ། ","CT":"ང་ཚོའི་བོད་རིགས་སྤུན་ཟླ།"}}],[{"phrase":{"AT":"སོ་སོའི་སྡིག་པ་བསལ་བའི་ཕྱིར།","KT":"སོ་སོའི་སྡིག་པ་བསལ་བའི་དོན། ","CT":"སོ་སོའི་སྡིག་པ་སེལ་བའི་ཕྱིར།"}}],[{"phrase":{"AT":"སྐྱབས་མགོན་ཡེ་ཤུར་དད་ན།","KT":"སྐྱབས་མགོན་ཡེ་ཤུར་དད་ན། ","CT":"སྐྱབས་མགོན་ཡེ་ཤུར་དད་ན།"}}],[{"phrase":{"AT":"ང་ཚོའི་སྡིག་པ་བསལ་ཡོང་།","KT":"ང་ཚོའི་སྡིག་པ་བསལ་ཡོང་། ","CT":"ང་ཚོའི་སྡིག་པ་སེལ་ཡོང་།"}}]],"label":"verse 1","id":1},{"line":[[{"phrase":{"AT":"སྐྱིད་ཀྱང་ཡེ་ཤུ་སྐྱབས་མགོན།","KT":" སྐྱིད་ཀྱང་ཡེ་ཤུ་སྐྱབས་མགོན། ","CT":"སྐྱིད་ཀྱང་ཡེ་ཤུ་སྐྱབས་མགོན།"}}],[{"phrase":{"AT":"སྡུག་ཀྱང་ཡེ་ཤུ་སྐྱབས་མགོན།","KT":"སྡུག་ཀྱང་ཡེ་ཤུ་སྐྱབས་མགོན། ","CT":"སྡུག་ཀྱང་ཡེ་ཤུ་སྐྱབས་མགོན།"}}],[{"phrase":{"AT":"སྐྱིད་སྡུག་གང་འདྲ་བྱུང་ན་ཡང་།","KT":"སྐྱིད་སྡུག་ཅི་འདྲ་བྱུང་ན་ཡང་། ","CT":"སྐྱིད་སྡུག་གང་འདྲ་བྱུང་ན་ཡང་།"}}],[{"phrase":{"AT":"ཡེ་ཤུ་སྙིང་ནས་མ་བརྗེད།","KT":"ཡེ་ཤུ་སྙིང་ནས་མ་བརྗེད། ","CT":"ཡེ་ཤུ་སྙིང་ནས་མ་བརྗེད།"}}],[{"phrase":{"AT":"ཚེ་འདིའི་རིང་ལ་གང་དགོས།","KT":"ཚེ་འདིའི་རིང་ལ་ཅི་དགོས། ","CT":"ཚེ་འདིའི་རིང་ལ་གང་དགོས།"}}],[{"phrase":{"AT":"གཙོ་བོ་ཡེ་ཤུས་གནང་ཡོང་།","KT":"གཙོ་བོ་ཡེ་ཤུས་གནང་ཡོང་། ","CT":"གཙོ་བོ་ཡེ་ཤུས་གནང་ཡོང་།"}}],[{"phrase":{"AT":"ཕྱི་མ་ཐར་ལམ་ཐོབ་ཕྱིར།","KT":"ཕྱི་མ་ཐར་ལམ་ཐོབ་ཕྱིར། ","CT":"ཕྱི་མ་ཐར་ལམ་ཐོབ་ཕྱིར།"}}],[{"phrase":{"AT":"ཡེ་ཤུར་སྨོན་ལམ་ཐོབས་དང་།","KT":"ཡེ་ཤུར་སྨོན་ལམ་ཐོབས་དང་། ","CT":"ཡེ་ཤུར་སྨོན་ལམ་སྐྱོན་དང་།"}}],[{"phrase":{"AT":"ང་ཚོའི་སྐྱབས་མགོན་ཡེ་ཤུ།","KT":"ང་ཚོའི་སྐྱབས་མགོན་ཡེ་ཤུ། ","CT":"ང་ཚོའི་སྐྱབས་མགོན་ཡེ་ཤུ།"}}],[{"phrase":{"AT":"བླ་ན་མེད་པའི་དཀོན་མཆོག","KT":"བླ་ན་མེད་པའི་དཀོན་མཆོག ","CT":"བླ་ན་མེད་པའི་དཀོན་མཆོག"}}],[{"phrase":{"AT":"ལུས་སེམས་གཉིས་ལ་བདེ་བའི།","KT":"ལུས་སེམས་གཉིས་ལ་བདེ་བའི། ","CT":"ལུས་སེམས་གཉིས་ལ་བདེ་བའི།"}}],[{"phrase":{"AT":"བྱིན་རླབས་ཁོང་གིས་གནང་ཡོང་།","KT":"བྱིན་རླབས་ཁོང་གིས་གནང་ཡོང་། ","CT":"བྱིན་རླབས་ཁོང་གིས་གནང་ཡོང་།།"}}]],"label":"verse 2","id":2}]},"metadata":[{"AT":"(བོད་པའི་བསྟོད་དབྱངས།)","KT":"(བོད་པའི་བསྟོད་དབྱངས།) ","CT":"(བོད་པའི་བསྟོད་དབྱངས།)"}]}