{"title":{"AT":"56.དཔལ་ལྡན་རྒྱལ་སྲས་གྲོངས་པའི་ཤིང་རྒྱ་གྲམ།","KT":"56. དཔལ་ལྡན་རྒྱལ་སྲས་གྲོངས་པའི་ཤིང་རྒྱ་གྲམ། ","CT":"56.དཔལ་ལྡན་རྒྱལ་སྲས་གྲོངས་པའི་རྒྱངས་ཤིང་།"},"author":"*","key":"*","lyrics":{"Verse":[{"line":[[{"phrase":{"AT":"        (When I Survey ཞེས་པའི་དབྱིན་ཇིའི་མགུར་གླུ། Isaac Watts 1707)  DG 69","KT":"(When I Survey ཞེས་པའི་དབྱིན་ཇིའི་མགུར་གླུ། Isaac Watts 1707) DG 69 ","CT":"(When I Survey ཞེས་པའི་དབྱིན་ཇིའི་མགུར་གླུ། Isaac Watts 1707)  DG 69"}}],[{"phrase":{"AT":"དཔལ་ལྡན་རྒྱལ་སྲས་གྲོངས་པའི་ཤིང་རྒྱ་གྲམ།","KT":" དཔལ་ལྡན་རྒྱལ་སྲས་གྲོངས་པའི་ཤིང་རྒྱ་གྲམ། ","CT":"དཔལ་ལྡན་རྒྱལ་སྲས་གྲོངས་པའི་རྒྱངས་ཤིང་།"}}],[{"phrase":{"AT":"དད་པའི་སྒོ་ནས་མཐོང་བའི་དུས།","KT":"དད་པའི་སྒོ་ནས་མཐོང་བའི་དུས། ","CT":"དད་པའི་སྒོ་ནས་མཐོང་བའི་དུས།"}}],[{"phrase":{"AT":"ངའི་ཁེ་བཟང་ཐམས་ཅད་གྱོང་དུ་བརྩིས། ","KT":"ངའི་ཁེ་བཟང་ཐམས་ཅད་གྱོང་དུ་བརྩིས། ","CT":"ངའི་ཁེ་བཟང་ཐམས་ཅད་གྱོང་དུ་རྩི། "}}],[{"phrase":{"AT":"ང་རྒྱལ་ཀུན་ལ་སྨད་པ་བཏང་ངོ་།།","KT":"ང་རྒྱལ་ཀུན་ལ་སྨད་པ་བཏང་ངོ་།། ","CT":"ང་རྒྱལ་ཀུན་ལ་སྨད་པ་བཏང་ངོ་།"}}]],"label":"verse 1","id":1},{"line":[[{"phrase":{"AT":"གྲོངས་པའི་གཙོ་བོ་ཡེ་ཤུར་མ་གཏོགས།","KT":" གྲོངས་པའི་གཙོ་བོ་ཡེ་ཤུར་མ་གཏོགས། ","CT":"གཙོ་བོ་ཡེ་ཤུ་གྲོངས་པ་མ་གཏོགས།"}}],[{"phrase":{"AT":"གཞན་ལ་དཀོན་མཆོག་བསྟོད་པར་མ་བྱེད།","KT":"གཞན་ལ་དཀོན་མཆོག་བསྟོད་པར་མ་བྱེད། ","CT":"གཞན་ལ་དཀོན་མཆོག་བསྟོད་པར་མ་གནོང་།"}}],[{"phrase":{"AT":"ངའི་ཡིད་འཕྲོག་པའི་དངོས་པོ་ཚང་མ།","KT":"ངའི་ཡིད་འཕྲོག་པའི་དངོས་པོ་ཚང་མ། ","CT":"ངའི་ཡིད་འཕྲོག་པའི་དངོས་པོ་ཚང་མ།"}}],[{"phrase":{"AT":"ཁོང་གི་ཁྲག་ལ་མཆོད་པར་འབུལ་ལོ།།","KT":"ཁོང་གི་ཁྲག་ལ་མཆོད་པར་འབུལ་ལོ།། ","CT":"ཁོང་གི་ཁྲག་ལ་མཆོད་པར་ཕུལ་ལོ།"}}]],"label":"verse 2","id":2},{"line":[[{"phrase":{"AT":"ལྟོས་དང་ཁོང་གི་དབུ་ཞབས་དང་ཕྱག་ནས།","KT":" ལྟོས་དང་ཁོང་གི་དབུ་ཞབས་དང་ཕྱག་ནས། ","CT":"ལྟོས་ཁོང་གི་དབུ་ཞབས་དང་ཕྱག་ནས།"}}],[{"phrase":{"AT":"སྐྱོ་བ་དང་བྱམས་པ་མཉམ་དུ་འབབ།","KT":"སྐྱོ་བ་དང་བྱམས་པ་མཉམ་དུ་འབབ། ","CT":"སྐྱོ་བ་དང་བྱམས་པ་འདྲེན་ནས་འབབ།"}}],[{"phrase":{"AT":"བྱམས་པ་སྐྱོ་བ་དེ་འདྲ་ཐུག་གམ།","KT":"བྱམས་པ་སྐྱོ་བ་དེ་འདྲ་ཐུག་གམ། ","CT":"བྱམས་པ་སྐྱོ་བ་དེ་འདྲ་ཐུག་གམ།"}}],[{"phrase":{"AT":"དབུ་ལ་ཚེར་མའི་ཅོད་པན་གསོལ་ལམ།","KT":"དབུ་ལ་ཚེར་མའི་ཅོད་པན་གསོལ་ལམ།། ","CT":"དབུ་ལ་ཚེར་མའི་ཅོད་པན་གསོལ་ལམ།"}}]],"label":"verse 3","id":3},{"line":[[{"phrase":{"AT":"རྒྱལ་ཁམས་ཚང་མ་ང་ཡི་ཡིན་ཡང་།","KT":" རྒྱལ་ཁམས་ཚང་མ་ང་ཡི་ཡིན་ཡང་། ","CT":"རྒྱལ་ཁམས་ཚང་མ་ང་ཡི་ཡིན་ནའང་།"}}],[{"phrase":{"AT":"འབུལ་བ་དེ་ནི་ཤིན་ཏུ་ཉུང་སྟེ།","KT":"འབུལ་བ་དེ་ནི་ཤིན་ཏུ་ཉུང་སྟེ། ","CT":"ཕུལ་བ་དེ་ནི་ཤིན་ཏུ་ཉུང་སྟེ།"}}],[{"phrase":{"AT":"བྱམས་པ་ངོ་མཚར་གཙང་མ་དེ་ལ།","KT":"བྱམས་པ་ངོ་མཚར་གཙང་མ་དེ་ལ། ","CT":"ཁོང་གི་བྱམས་པ་ངོ་མཚར་ཅན་དེས།"}}],[{"phrase":{"AT":"ང་ཡི་ལུས་ངག་ཡིད་གསུམ་དགོས་སོ།།","KT":"ང་ཡི་ལུས་ངག་ཡིད་གསུམ་དགོས་སོ།། ","CT":"ང་ཡི་ལུས་ངག་ཡིད་གསུམ་དགོས་སོ།།"}}]],"label":"verse 4","id":4}]},"metadata":[]}