{"title":{"AT":"57.སྤྲིན་དཀར་པོའི་གཙོ་བོ་མ་ཤི་ཀ ","KT":"57. སྤྲིན་དཀར་པོའི་གཙོ་བོ་མཱ་ཤི་ཀ ","CT":"57.སྤྲིན་དཀར་པོའི་གཙོ་བོ་མཱ་ཤི་ཀ "},"author":"*","key":"*","lyrics":{"Verse":[{"line":[[{"phrase":{"AT":"སྤྲིན་དཀར་པོའི་གཙོ་བོ་མ་ཤི་ཀ","KT":" སྤྲིན་དཀར་པོའི་གཙོ་བོ་མཱ་ཤི་ཀ ","CT":"སྤྲིན་དཀར་པོའི་གཙོ་བོ་མཱ་ཤི་ཀ"}}],[{"phrase":{"AT":"སྟོད་གངས་རིའི་མགོ་ནག་བུ་འདི་ཚོར། ","KT":"སྟོད་གངས་རིའི་མགོ་ནག་བུ་འདི་ཚོར། ","CT":"ཡུལ་གངས་རིའི་མི་རྒྱུད་བུ་འདི་ཚོར། "}}],[{"phrase":{"AT":"དུས་མྱུར་དུ་ཤར་ཤོག་མ་ཤི་ཀ","KT":"དུས་མྱུར་དུ་ཤར་ཤོག་མཱ་ཤི་ཀ ","CT":"དུས་མྱུར་དུ་ཤར་ཤོག་མཱ་ཤི་ཀ"}}],[{"phrase":{"AT":"མི་རྣམས་ཀྱིས་ཁྱེད་ལ་བཀྲ་ཤིས་བརྗོད།","KT":"མི་རྣམས་ཀྱིས་ཁྱེད་ལ་བཀྲ་ཤིས་བརྗོད། ","CT":"མི་རྣམས་ཀྱིས་ཁྱེད་ལ་བཀྲ་ཤིས་ཞུས།"}}]],"label":"verse 1","id":1},{"line":[[{"phrase":{"AT":"ཐང་ཆེན་པོའི་གཙོ་བོ་མ་ཤི་ཀ","KT":" ཐང་ཆེན་པོའི་གཙོ་བོ་མཱ་ཤི་ཀ ","CT":"ཐང་ཆེན་པོའི་གཙོ་བོ་མཱ་ཤི་ཀ"}}],[{"phrase":{"AT":"ཡུལ་མཛེས་ལྗོངས་རྐང་དྲུག་གཞོན་ནུ་ཚོ།","KT":"ཡུལ་མཛེས་ལྗོངས་རྐང་དྲུག་གཞོན་ནུ་ཚོས། ","CT":"ཡུལ་མཛེས་ལྗོངས་རྐང་དྲུག་གཞོན་ནུ་ཚོས།"}}],[{"phrase":{"AT":"བྲོ་འཁྲབ་ཀྱིན་མེ་ཏོག་སྟུག་པོའི་ཁྲོད།","KT":"བྲོ་འཁྲབ་བཞིན་མེ་ཏོག་སྟུག་པོའི་ཁྲོད། ","CT":"གླུ་ལེན་བཞིན་མེ་ཏོག་སྟུག་པོའི་ཁྲོད།"}}],[{"phrase":{"AT":"དགའ་སྤྲོ་ཡི་གླུ་དབྱངས་ཁྱེད་ལ་འབུལ།","KT":"དགའ་སྤྲོ་ཡི་གླུ་དབྱངས་ཁྱེད་ལ་འབུལ། ","CT":"དགའ་སྤྲོ་ཡི་གླུ་དབྱངས་ཁྱེད་ལ་ཕུལ།"}}]],"label":"verse 2","id":2},{"line":[[{"phrase":{"AT":"དུས་ད་ལྟ་ཕེབས་ཤོག་མ་ཤི་ཀ","KT":" དུས་ད་ལྟ་ཕེབས་ཤོག་མཱ་ཤི་ཀ ","CT":"དུས་ད་ལྟ་ཕེབས་ཤོག་མཱ་ཤི་ཀ"}}],[{"phrase":{"AT":"ཡུལ་འཛམ་བུ་གླིང་གི་མི་རིགས་ཀྱིས།","KT":"ཡུལ་འཛམ་བུ་གླིང་གི་མི་རིགས་ཀྱིས། ","CT":"ཡུལ་འཛམ་བུ་གླིང་གི་མི་རིགས་ཀྱིས།"}}],[{"phrase":{"AT":"དྲིན་ཆེན་པོའི་ཡེ་ཤུ་མ་ཤི་ཀ","KT":"དྲིན་ཆེན་པོའི་ཡེ་ཤུ་མཱ་ཤི་ཀ ","CT":"དྲིན་ཆེན་པོའི་ཡེ་ཤུ་མཱ་ཤི་ཀ"}}],[{"phrase":{"AT":"མཉམ་གཅིག་ཏུ་ཁྱེད་ལ་བསྟོད་དབྱངས་འབུལ།","KT":"མཉམ་གཅིག་ཏུ་ཁྱེད་ལ་བསྟོད་དབྱངས་འབུལ། ","CT":"དུས་མཉམ་འཛོམས་ཁྱེད་ལ་བསྟོད་དབྱངས་ཕུལ།།"}}]],"label":"verse 3","id":3}]},"metadata":[{"AT":"(འབྲོག་གླུ།) ","KT":"(འབྲོག་གླུ།) ","CT":"(འབྲོག་གླུ།) "}]}