{"title":{"AT":"58.ཕེབས་ཤོག","KT":"58. ཕེབས་ཤོག ","CT":"58.ཕེབས་ཤོག"},"author":"*","key":"*","lyrics":{"Verse":[{"line":[[{"phrase":{"AT":"ཤོག  ཕེབས་ཤོག  ཡེ་ཤུ་མ་ཤི་ཀ་ཕེབས་ཤོག ༢","KT":"གཟི་བརྗིད་ཆེན་པོའི་སེང་གེ་ཞེས་པ་ནི་སྐྱབས་མགོན་ཡེ་ཤུའི་མཚན་ཞིག་ཡིན། ","CT":"ཤོག  ཕེབས་ཤོག  ཡེ་ཤུ་མཱ་ཤི་ཀ་ཕེབས་ཤོག ༢"}}],[{"phrase":{"AT":"ཉི་མ་ཤར་བ་འདྲ།  ཁོང་ཕེབས་ཡོང་།","KT":"ཤོག ཕེབས་ཤོག ཡེ་ཤུ་མཱ་ཤི་ཀ་ཕེབས་ཤོག ༢ ","CT":"ཉི་མ་ཤར་བ་འདྲ།  ཁོང་ཕེབས་ཡོང་།"}}],[{"phrase":{"AT":"ཐོག་བརྒྱབ་པ་འདྲ།  ཁོང་ཕེབས་ཡོང་།","KT":"ཉི་མ་ཤར་བ་འདྲ། ཁོང་ཕེབས་ཡོང་། ","CT":"ཐོག་བརྒྱབ་པ་འདྲ།  ཁོང་ཕེབས་ཡོང་།"}}],[{"phrase":{"AT":"གཟི་བརྗིད་ཆེན་པོའི་སེང་གེ  ཁོང་ཕེབས་ཡོང་།   ","KT":"ཐོག་བརྒྱབ་པ་འདྲ། ཁོང་ཕེབས་ཡོང་། ","CT":"གཟི་བརྗིད་ཆེན་པོའི་སེང་གེ  ཁོང་ཕེབས་ཡོང་།    "}}],[{"phrase":{"AT":"ཁོང་ཕེབས་ཡོང་དུས་ས་འགུལ་ཡོང་།  ","KT":"ཁོང་ཕེབས་ཡོང་དུས་ས་འགུལ་ཡོང་། ","CT":"ཁོང་ཕེབས་ཡོང་དུས་ས་འགུལ་བརྒྱབ།  "}}],[{"phrase":{"AT":"ཁོང་ཕེབས་ཡོང་དུས་གངས་རུད་འབྱུང་།","KT":"ཁོང་ཕེབས་ཡོང་དུས་གངས་རུད་རྒྱག ","CT":"ཁོང་ཕེབས་ཡོང་དུས་གངས་རུད་བརྒྱབ།"}}],[{"phrase":{"AT":"ཡེ་ཤུའི་ཆོས་ལུགས་པ་ཚང་མས་ཞུས་ནས།","KT":"ཡེ་ཤུའི་ཆོས་ལུགས་པ་ཚང་མས་ཞུས་ནས། ","CT":"ཡེ་ཤུའི་ཆོས་ལུགས་པ་ཚང་མས་ཞུས་ནས།"}}],[{"phrase":{"AT":"ཤོག  ཕེབས་ཤོག  ཡེ་ཤུ་མ་ཤི་ཀ་ཕེབས་ཤོག ༢","KT":"ཤོག ཕེབས་ཤོག ཡེ་ཤུ་མཱ་ཤི་ཀ་ཕེབས་ཤོག ༢ ","CT":"ཤོག  ཕེབས་ཤོག  ཡེ་ཤུ་མཱ་ཤི་ཀ་ཕེབས་ཤོག ། ༢"}}]],"label":"verse 1","id":1}]},"metadata":[{"AT":"(དོན་ཚེ་ཡིས་བརྩམས་པའི་བསྟོད་དབྱངས།)","KT":"(དོན་ཚེ་ཡིས་བརྩམས་པའི་བསྟོད་དབྱངས།) 19 Charles Wesley (1739). གཟི་བརྗིད་ཆེན་པོའི་སེང་གེ ཁོང་ཕེབས་ཡོང་།18 18 ","CT":"(དོན་ཚེ་ཡིས་བརྩམས་པའི་བསྟོད་དབྱངས།)"}]}