{"title":{"AT":"59.ཕོ་ཉ་རྣམས་སྐྱིད་གླུ་ལེན་གྱིས།","KT":"59. ཕོ་ཉ་རྣམས་སྐྱིད་གླུ་ལེན་གྱིས། ","CT":"59.ཕོ་ཉ་རྣམས་སྐྱིད་གླུ་ལེན་ཞིག"},"author":"*","key":"*","lyrics":{"Verse":[{"line":[[{"phrase":{"AT":"        (Hark! The Herald Angels Sing ཞེས་པའི་དབྱིན་ཇིའི་ཡེ་ཤུའི་འཁྲུངས་སྐར་མགུར་གླུ།) ","KT":"(Hark! The Herald Angels Sing ཞེས་པའི་དབྱིན་ཇིའི་ཡེ་ཤུའི་འཁྲུངས་སྐར་མགུར་གླུ།)19 ","CT":"(Hark! The Herald Angels Sing ཞེས་པའི་དབྱིན་ཇིའི་ཡེ་ཤུའི་འཁྲུངས་སྐར་མགུར་གླུ།) "}}],[{"phrase":{"AT":"ཕོ་ཉ་རྣམས་སྐྱིད་གླུ་ལེན་གྱིས།","KT":" ཕོ་ཉ་རྣམས་སྐྱིད་གླུ་ལེན་གྱིས། ","CT":"ཕོ་ཉ་རྣམས་སྐྱིད་གླུ་ལེན་ཞིག"}}],[{"phrase":{"AT":"རྒྱལ་སྲས་འཁྲུངས་པའི་བཀྲ་ཤིས་ཤོག","KT":"རྒྱལ་སྲས་འཁྲུངས་པར་བཀྲ་ཤིས་ཤོག ","CT":"རྒྱལ་སྲས་འཁྲུངས་པའི་བཀྲ་ཤིས་ཤོག"}}],[{"phrase":{"AT":"ས་གཞི་འདི་ལ་དུས་བདེ་བ་དང་།","KT":"ས་གཞི་འདི་ལ་དུས་བདེ་བ་དང་། ","CT":"ས་གཞི་འདི་ལ་དུས་བདེ་བ་དང་།"}}],[{"phrase":{"AT":"མི་རྣམས་ལ་ཐུགས་དགྱེས་པར་ཤོག","KT":"མི་རྣམས་ལ་ཐུགས་དགྱེས་པར་ཤོག ","CT":"མི་རྣམས་ལ་ཐུགས་དགྱེས་པར་ཤོག"}}],[{"phrase":{"AT":"ངེད་དཀོན་མཆོག་དང་འདུམ་པའི་ཕྱིར་དུ།","KT":"ངེད་དཀོན་མཆོག་དང་འདུམ་པའི་ཕྱིར་དུ། ","CT":"ངེད་དཀོན་མཆོག་དང་འདུམ་པའི་ཕྱིར་དུ།"}}],[{"phrase":{"AT":"ཁོང་པེད་ལེ་ཧེམ་དུ་འཁྲུངས་སོང་།","KT":"ཁོང་པེད་ལེ་ཧེམ་དུ་འཁྲུངས་སོང་། ","CT":"ཁོང་བེད་ལེ་ཧེམ་དུ་འཁྲུངས་སོང་།"}}],[{"phrase":{"AT":"དེའི་ཕྱིར་ཁོང་ལ་ཕྱག་འཚལ་གྱིས།","KT":"དེའི་ཕྱིར་ཁོང་ལ་ཕྱག་འཚལ་གྱིས། ","CT":"དེའི་ཕྱིར་ཁོང་ལ་ཕྱག་འཚལ་གྱིས།"}}],[{"phrase":{"AT":"མི་རྒྱུད་ཀུན་གྱིས་ཁོང་ལ་བསྟོད།","KT":"མི་རྒྱུད་ཀུན་གྱིས་ཁོང་ལ་བསྟོད། ","CT":"མི་རྒྱུད་ཀུན་གྱིས་ཁོང་ལ་བསྟོད།"}}],[{"phrase":{"AT":"ཕོ་ཉ་རྣམས་ཀྱི་ཚོགས་དང་བཅས།","KT":"ཕོ་ཉ་རྣམས་ཀྱི་ཚོགས་དང་བཅས། ","CT":"ཕོ་ཉ་རྣམས་ཀྱི་ཚོགས་དང་བཅས།"}}],[{"phrase":{"AT":"ཡེ་ཤུའི་མཚན་ལ་བཀྲ་ཤིས་ཤོག ","KT":"ཡེ་ཤུའི་མཚན་ལ་བཀྲ་ཤིས་ཤོག ","CT":"ཡེ་ཤུའི་མཚན་ལ་བཀྲ་ཤིས་ཤོག "}}]],"label":"verse 1","id":1},{"line":[[{"phrase":{"AT":"ངའི་སེམས་ད་ལྟ་དགའ་སྤྲོ་བྱུང་།","KT":" ངའི་སེམས་ད་ལྟ་དགའ་སྤྲོ་བྱུང་། ","CT":"ངའི་སེམས་ད་ལྟ་དགའ་སྤྲོ་བྱུང་།"}}],[{"phrase":{"AT":"དེ་རིང་ནི་ཕོ་ཉ་ཡི་ཚོགས།","KT":"དེ་རིང་ནི་ཕོ་ཉ་ཡི་ཚོགས། ","CT":"དེ་རིང་ནི་ཕོ་ཉ་ཡི་ཚོགས།"}}],[{"phrase":{"AT":"བསྟོད་པའི་བསྙེན་བཀུར་བྱེད་བཞིན་འདུག","KT":"བསྟོད་པའི་བརྩི་བཀུར་བྱེད་བཞིན་འདུག ","CT":"བསྟོད་པའི་མགུར་མ་ལེན་གྱི་འདུག"}}],[{"phrase":{"AT":"གནམ་གྱི་ཚོགས་དབྱངས་སྙན་བྱེད་ཅིང་།","KT":"གནམ་གྱི་ཚོགས་དབྱངས་སྙན་བྱེད་ཅིང་། ","CT":"གནམ་གྱི་ཚོགས་དབྱངས་སྙན་བྱེད་ཅིང་།"}}],[{"phrase":{"AT":"འདི་སྐད་དུ་བསྟོད་པ་འབུལ་བཞིན་འདུག","KT":"འདི་སྐད་དུ་བསྟོད་པ་འབུལ་བཞིན་འདུག ","CT":"འདི་སྐད་དུ་བསྟོད་པ་ཕུལ་གྱི་འདུག"}}],[{"phrase":{"AT":"མ་ཤི་ཀ་རྒྱལ་པོ་འཁྲུངས་སོང་། ","KT":"མཱ་ཤི་ཀ་རྒྱལ་པོ་འཁྲུངས་སོང་། ","CT":"མཱ་ཤི་ཀ་རྒྱལ་པོ་འཁྲུངས་སོང་། "}}],[{"phrase":{"AT":"ངེད་རྣམས་ལ་ཐར་བ་གནང་ཕྱིར།","KT":"ངེད་རྣམས་ལ་ཐར་པ་གནང་ཕྱིར། ","CT":"ངེད་རྣམས་ལ་ཐར་པ་གནང་ཕྱིར།"}}],[{"phrase":{"AT":"བདུད་ཀྱི་མགོ་བརྫི་བའི་ཕྱིར་དུ།","KT":"བདུད་ཀྱི་མགོ་བརྫི་བའི་ཕྱིར་དུ། ","CT":"བདུད་ཀྱི་མགོ་རྫི་བའི་ཕྱིར་དུ།"}}],[{"phrase":{"AT":"དེ་རིང་དཀོན་མཆོག་གི་དཔའ་བོ།","KT":"དེ་རིང་དཀོན་མཆོག་གི་དཔའ་བོ། ","CT":"དེ་རིང་དཀོན་མཆོག་གི་དཔའ་བོ།"}}],[{"phrase":{"AT":"མི་རུ་འཁྲུངས་པས་བཀྲ་ཤིས་ཤོག ","KT":"མི་རུ་འཁྲུངས་པས་བཀྲ་ཤིས་ཤོག ","CT":"མི་རུ་འཁྲུངས་པས་བཀྲ་ཤིས་ཤོག །"}}]],"label":"verse 2","id":2}]},"metadata":[]}