{"title":{"AT":"6.དཀོན་མཆོག་ལ་དགའ་བར་ཤོག","KT":"6. དཀོན་མཆོག་ལ་དགའ་བར་ཤོག ","CT":"6.དཀོན་མཆོག་ལ་དགའ་བར་ཤོག"},"author":"*","key":"*","lyrics":{"Verse":[{"line":[[{"phrase":{"AT":"        (Jubilate Deo ཞེས་པའི་བསྟོད་དབྱངས།)","KT":"(Jubilate Deo ཞེས་པའི་བསྟོད་དབྱངས།) ","CT":"(Jubilate Deo ཞེས་པའི་བསྟོད་དབྱངས།)"}}],[{"phrase":{"AT":"དཀོན་མཆོག་ལ་དགའ་བར་ཤོག","KT":"དཀོན་མཆོག་ལ་དགའ་བར་ཤོག ","CT":"དཀོན་མཆོག་ལ་དགའ་བར་ཤོག"}}],[{"phrase":{"AT":"ཁོང་ལ་བསྟོད་པ་ཕུལ་དང་། ཧ་ལེ་ལོའུ་ཡཱ།","KT":"ཁོང་ལ་བསྟོད་པ་ཕུལ་དང་། ཧ་ལེ་ལོའུ་ཡཱ། ","CT":"ཁོང་ལ་བསྟོད་པ་ཕུལ་དང་། ཧཱ་ལེ་ལུ་ཡཱ།།"}}]],"label":"verse 1","id":1}]},"metadata":[]}