{"title":{"AT":"60.བེད་ཐན་ཡ་དང་ཉེ་བར་ཕེབས་པའི་ཚེ།","KT":"60. བེད་ཐན་ཡ་དང་ཉེ་བར་ཕེབས་པའི་ཚེ། ","CT":"60.བེད་ཐན་ཡ་དང་ཉེ་བར་ཕེབས་པའི་ཚེ།"},"author":"*","key":"*","lyrics":{"Verse":[{"line":[[{"phrase":{"AT":"བེད་ཐན་ཡ་དང་ཉེ་བར་ཕེབས་པའི་ཚེ།","KT":" བེད་ཐན་ཡ་དང་ཉེ་བར་ཕེབས་པའི་ཚེ། ","CT":"བེད་ཐན་ཡ་དང་ཉེ་བར་ཕེབས་པའི་ཚེ།"}}],[{"phrase":{"AT":"རང་གི་ཐུགས་སྲས་གཉིས་ལ་བཀའ་གནང་ནས།","KT":"རང་གི་ཐུགས་སྲས་གཉིས་ལ་བཀའ་གནང་ནས། ","CT":"རང་གི་ཉེ་གནས་གཉིས་ལ་བཀའ་གནང་ནས།"}}],[{"phrase":{"AT":"ཁྱོད་ཅག་མདུན་དུ་ཡོད་པའི་སྡེ་བར་སོང་།","KT":"ཁྱོད་ཅག་མདུན་དུ་ཡོད་པའི་སྡེ་བར་སོང་། ","CT":"ཁྱེད་ཅག་མདུན་ལ་ཡོད་པའི་ཡུལ་ཚོར་སོང་།"}}],[{"phrase":{"AT":"བོང་ཕྲུག་བཏགས་པ་བཀྲོལ་ནས་འདིར་ཁྲིད་ཤོག","KT":"བོང་བུ་བཏགས་པ་བཀྲོལ་ནས་འདིར་ཁྲིད་ཤོག ","CT":"བོང་བུ་ཐུར་པུ་བཏགས་པ་བཀྲོལ་ཁྲིད་ཤོག"}}]],"label":"verse 1","id":1},{"line":[[{"phrase":{"AT":"དཱ་བིད་རིགས་ཀྱི་སྲས་ལ་ཧོ་ཟན་ནཱ། ","KT":"ཱ་བིད་རིགས་ཀྱི་སྲས་ལ་ཧོ་ཟན་ནཱ། ","CT":"ཱ་བིད་རིགས་ཀྱི་སྲས་ལ་ཧོ་ཟན་ནཱ། "}}],[{"phrase":{"AT":"གཙོ་བོའི་མཚན་ལ་བྱོན་པར་བཀྲ་ཤིས་ཤོག ༢ ","KT":"གཙོ་བོའི་མཚན་ལ་བྱོན་པར་བཀྲ་ཤིས་ཤོག ༢ ","CT":"གཙོ་བོའི་མཚན་ལ་བྱོན་པར་བཀྲ་ཤིས་ཤོག ༢ "}}]],"label":"verse 2","id":2},{"line":[[{"phrase":{"AT":"སུ་ཡིས་ཁྱོད་ལ་ཅིའི་ཕྱིར་འགྲོལ་ཟེར་ན།","KT":"སུ་ཡིས་ཁྱོད་ལ་ཅིའི་ཕྱིར་འགྲོལ་ཟེར་ན། ","CT":"སུ་ཡིས་ཁྱེད་ལ་ཅིའི་ཕྱིར་འགྲོལ་ཟེར་ན།"}}],[{"phrase":{"AT":"གཙོ་བོར་དགོས་སོ་སྨྲས་ན་ངེས་པར་གཏོང་།","KT":"གཙོ་བོར་དགོས་ཞེས་སྨྲས་ན་ངེས་པར་གཏོང་། ","CT":"གཙོ་བོར་དགོས་སོ་སྨྲས་ན་ངེས་པར་གཏོང་།"}}],[{"phrase":{"AT":"གསུངས་པ་བཞིན་དུ་ཐུགས་སྲས་གཉིས་པོས་ཀྱང་།  ","KT":"གསུངས་པ་བཞིན་དུ་ཐུགས་སྲས་གཉིས་པོས་ཀྱང་། ","CT":"གསུངས་པ་བཞིན་དུ་ཉེ་གནས་གཉིས་པོས་ཀྱང་།  "}}],[{"phrase":{"AT":"སྡེ་བ་དེ་རུ་སོང་ནས་བོང་ཕྲུག་རྙེད།","KT":"སྡེ་བ་དེ་ལ་སོང་ནས་བོང་བུ་རྙེད། ","CT":"ཡུལ་ཚོ་དེ་ལ་སོང་ནས་བོང་བུ་རྙེད།"}}]],"label":"verse 3","id":3},{"line":[[{"phrase":{"AT":"བཀྲོལ་ནས་དེ་ཚོས་གོས་རྣམས་བོང་བུར་བཀལ།","KT":" བཀྲོལ་ནས་དེ་ཚོས་གོས་རྣམས་བོང་བུར་བཀལ། ","CT":"བགྲོལ་ནས་དེ་ཚོས་གོས་རྣམས་བོང་བུར་བཀལ།"}}],[{"phrase":{"AT":"ཁྱེད་ཉིད་རྒྱལ་པོའི་ཚུལ་དུ་བོང་བུར་བཅིབས།","KT":"ཁྱེད་ཉིད་རྒྱལ་པོའི་ཚུལ་དུ་བོང་བུར་བཅིབས། ","CT":"ཁྱེད་ཉིད་རྒྱལ་པོའི་ཚུལ་དུ་བོང་བུར་བཅིབས།"}}],[{"phrase":{"AT":"ཐུགས་སྲས་རྣམས་ཀྱང་སྔ་ཕྱི་གཉིས་སུ་འབྲངས།","KT":"ཐུགས་སྲས་རྣམས་ཀྱང་སྔ་ཕྱི་གཉིས་སུ་འབྲངས། ","CT":"ཉེ་གནས་རྣམས་ཀྱང་སྔ་ཕྱི་གཉིས་སུ་འབྲངས།"}}],[{"phrase":{"AT":"ལག་ཏུ་ཁ་སུར་ཤིང་གི་ཡལ་ག་བཟུང་། ","KT":"ལག་ཏུ་ཁ་སུར་ཤིང་གི་ཡལ་ག་བཟུང་། ","CT":"ལག་ཏུ་ཁ་སུར་ཤིང་གི་ཡལ་ག་བཟུང་། "}}]],"label":"verse 4","id":4},{"line":[[{"phrase":{"AT":"སྔ་ཕྱི་གཉིས་སུ་ཡོད་པའི་མི་ཚོགས་ཀྱིས།","KT":" སྔ་ཕྱི་གཉིས་སུ་ཡོད་པའི་མི་ཚོགས་ཀྱིས། ","CT":"སྔ་ཕྱི་གཉིས་སུ་ཡོད་པའི་མི་ཚོགས་ཀྱིས།"}}],[{"phrase":{"AT":"རང་གི་གོས་དང་ཤིང་གི་ཡལ་ག་རྣམས།","KT":"རང་གི་གོས་དང་ཤིང་གི་ཡལ་ག་རྣམས། ","CT":"རང་གི་གོས་དང་ཤིང་གི་ཡལ་ག་རྣམས།"}}],[{"phrase":{"AT":"ལམ་དུ་བཀྲམས་ནས་སྐད་སྒྲ་ཆེན་པོ་ཡིས།","KT":"ལམ་དུ་བཀྲམ་ནས་སྐད་སྒྲ་ཆེན་པོ་ཡིས། ","CT":"ལམ་དུ་བཀྲམ་ནས་སྐད་སྒྲ་ཆེན་པོ་ཡིས།"}}],[{"phrase":{"AT":"ཧོ་ཟན་ནཱ་ཞེས་རྒྱུན་ཆད་མེད་པར་བསྒྲགས།","KT":"ཧོ་ཟན་ནཱ་ཞེས་རྒྱུན་མི་ཆད་པར་བསྒྲགས། ","CT":"ཧོ་ཟན་ནཱ་ཞེས་རྒྱུན་མི་ཆད་པར་བསྒྲགས།"}}]],"label":"verse 5","id":5},{"line":[[{"phrase":{"AT":"ྱེད་ཀྱིས་ཙི་ཡོན་ཡུལ་གྱི་བུ་མོ་ཚོར།","KT":"ཁྱེད་ཀྱིས་ཙི་ཡོན་ཡུལ་གྱི་བུ་མོ་ཚོར། ","CT":"ྱེད་ཀྱིས་ཙི་ཡོན་བུ་མོ་རྣམས་ལ་སྨྲོས།"}}],[{"phrase":{"AT":"ལྟོས་དང་ཁྱོད་ཀྱི་རྒྱལ་པོ་སེམས་དུལ་བས།","KT":"ལྟོས་དང་ཁྱོད་ཀྱི་རྒྱལ་པོ་སེམས་དུལ་བས། ","CT":"ལྟོས་དང་ཁྱེད་ཀྱི་རྒྱལ་པོ་སེམས་དུལ་བས།"}}],[{"phrase":{"AT":"བོང་ཕྲུག་འདི་ལ་བཅིབས་ནས་ཁྱོད་རྩར་ཕེབས།","KT":"བོང་བུ་འདི་ལ་བཅིབས་ནས་ཁྱོད་རྩར་ཕེབས། ","CT":"བོང་བུ་འདི་ལ་བཅིབས་ནས་ཁྱེད་རྩར་ཕེབས།"}}],[{"phrase":{"AT":"ལུང་བསྟན་བསྒྲུབ་ཕྱིར་དེ་ལྟར་བྱུང་ཞེས་གསུངས།","KT":"ལུང་བསྟན་བསྒྲུབ་ཕྱིར་དེ་ལྟར་བྱུང་ཞེས་གསུངས། ","CT":"ལུང་བསྟན་བཞིན་དུ་བསྒྲུབ་ཕྱིར་དེ་ལྟར་བྱུང་།།"}}]],"label":"verse 6","id":6}]},"metadata":[{"AT":"(བོད་པའི་བསྟོད་དབྱངས།)","KT":"(བོད་པའི་བསྟོད་དབྱངས།) ","CT":"(བོད་པའི་བསྟོད་དབྱངས།)"}]}