{"title":{"AT":"61.བྱིན་རླབས་ཀྱི་དཀོན་མཆོག་ལ་བསྟོད་པ།","KT":"61. བྱིན་རླབས་ཀྱི་དཀོན་མཆོག་ལ་བསྟོད་པ། ","CT":"61.བྱིན་རླབས་ཀྱི་དཀོན་མཆོག་ལ་བསྟོད་པ།"},"author":"*","key":"*","lyrics":{"Verse":[{"line":[[{"phrase":{"AT":"        (Praise God, From Whom All Blessings Flow ཞེས་པའི་དབྱིན་ཇིའི་བསྟོད་དབྱངས།)","KT":"(Praise God, From Whom All Blessings Flow ཞེས་པའི་དབྱིན་ཇིའི་བསྟོད་དབྱངས།) ","CT":"(Praise God, From Whom All Blessings Flow ཞེས་པའི་དབྱིན་ཇིའི་བསྟོད་དབྱངས།)"}}],[{"phrase":{"AT":"བྱིན་རླབས་ཀྱི་དཀོན་མཆོག་ལ་བསྟོད་སྔོགས།","KT":"བྱིན་རླབས་ཀྱི་དཀོན་མཆོག་ལ་བསྟོད་སྔོགས། ","CT":"བྱིན་རླབས་ཀྱི་དཀོན་མཆོག་ལ་བསྟོད་སྔོགས།"}}],[{"phrase":{"AT":"འགྲོ་བ་ཚང་མས་ཁོང་ལ་བསྟོད་སྔོགས།","KT":"འགྲོ་བ་ཚང་མས་ཁོང་ལ་བསྟོད་སྔོགས། ","CT":"འགྲོ་བ་ཚང་མས་ཁོང་ལ་བསྟོད་སྔོགས།"}}],[{"phrase":{"AT":"ནམ་མཁའི་ཚོགས་ཀྱང་ཁོང་ལ་བསྟོད་སྔོགས།","KT":"ནམ་མཁའི་ཚོགས་ཀྱང་ཁོང་ལ་བསྟོད་སྔོགས། ","CT":"ནམ་མཁའི་ཚོགས་ཀྱང་ཁོང་ལ་བསྟོད་སྔོགས།"}}],[{"phrase":{"AT":"ཡབ་སྲས་དང་ཐུགས་ཉིད་ལ་བསྟོད་སྔོགས།","KT":"ཡབ་སྲས་དང་ཐུགས་ཉིད་ལ་བསྟོད་སྔོགས། ","CT":"ཡབ་སྲས་དང་ཐུགས་ཉིད་ལ་བསྟོད་སྔོགས།།"}}]],"label":"verse 1","id":1}]},"metadata":[]}