{"title":{"AT":"62.བླ་མེད་དཀོན་མཆོག","KT":"62. བླ་མེད་དཀོན་མཆོག ","CT":"62.བླ་མེད་དཀོན་མཆོག"},"author":"*","key":"*","lyrics":{"Verse":[{"line":[[{"phrase":{"AT":"        (I Worship You, Almighty God ཞེས་པའི་དབྱིན་ཇིའི་བསྟོད་དབྱངས།) ","KT":"(I Worship You, Almighty God ཞེས་པའི་དབྱིན་ཇིའི་བསྟོད་དབྱངས།)20 20 Sondra Corbett Wood, Copyright © 1986 Integrity’s Hosanna! Music, PO Box 101, Eastbourne, E. Sussex, BN21 4SZ, UK. Used by permission ","CT":"(I Worship You, Almighty God ཞེས་པའི་དབྱིན་ཇིའི་བསྟོད་དབྱངས།) "}}],[{"phrase":{"AT":"བླ་མེད་དཀོན་མཆོག","KT":"བླ་མེད་དཀོན་མཆོག ","CT":"བླ་མེད་དཀོན་མཆོག"}}],[{"phrase":{"AT":"ཁྱེད་རང་ནང་བཞིན་སུ་ཡང་ཡོད་མ་ཡིན།","KT":"ཁྱེད་རང་ནང་བཞིན་སུ་ཡང་ཡོད་མ་རེད། ","CT":"ཁྱེད་རང་ནང་བཞིན་སུ་ཡང་ཡོད་མ་རེད།"}}],[{"phrase":{"AT":"ངས་ཁྱེད་རང་ལ་ཕྱག་འཚལ་བཞིན་ཡོད།","KT":"ངས་ཁྱེད་རང་ལ་ཕྱག་འཚལ་བཞིན་ཡོད། ","CT":"ངས་ཁྱེད་རང་ལ་ཕྱག་འཚལ་གྱི་ཡོད།"}}],[{"phrase":{"AT":"འདི་འདྲ་བྱས་ནས་དགའ་སྤྲོ་ཡོད།","KT":"འདི་འདྲས་བྱས་ནས་དགའ་སྤྲོ་ཡོད། ","CT":"འདི་འདྲ་བྱས་ནས་དགའ་སྤྲོ་ཡོད།"}}],[{"phrase":{"AT":"ཞི་བདེའི་རྒྱལ་སྲས།","KT":"ཞི་བདེའི་རྒྱལ་སྲས། ","CT":"ཞི་བདེའི་རྒྱལ་སྲས།"}}],[{"phrase":{"AT":"ཁྱེད་ནི་ང་ཡི་དྲང་བ་ཉིད།","KT":"ཁྱེད་ནི་ང་ཡི་དྲང་བ་ཉིད། ","CT":"ཁྱེད་ནི་ང་ཡི་དྲང་བ་ཉིད།"}}],[{"phrase":{"AT":"བླ་མེད་དཀོན་མཆོག","KT":"བླ་མེད་དཀོན་མཆོག ","CT":"བླ་མེད་དཀོན་མཆོག"}}],[{"phrase":{"AT":"ངས་ཁྱེད་རང་ལ་བསྟོད་པ་འབུལ་བཞིན་ཡོད། ","KT":"ངས་ཁྱེད་རང་ལ་བསྟོད་པ་འབུལ་བཞིན་ཡོད། ","CT":"ངས་ཁྱེད་རང་ལ་བསྟོད་པ་ཕུལ་གྱི་ཡོད།། "}}]],"label":"verse 1","id":1}]},"metadata":[]}