{"title":{"AT":"63.མ་འོངས་པའི་གཞོན་ནུ་རྣམ་པ།","KT":"63. མ་འོངས་པའི་གཞོན་ནུ་རྣམ་པ། ","CT":"63.མ་འོངས་པའི་གཞོན་ནུ་རྣམ་པ།"},"author":"*","key":"*","lyrics":{"Verse":[{"line":[[{"phrase":{"AT":"མ་འོངས་པའི་གཞོན་ནུ་རྣམ་པ།","KT":" མ་འོངས་པའི་གཞོན་ནུ་རྣམ་པ། ","CT":"མ་འོངས་པའི་གཞོན་ནུ་རྣམ་པ།"}}],[{"phrase":{"AT":"འདོད་ཁམས་ཀྱི་འཇིག་རྟེན་ཡུལ་དུ།","KT":"འདོད་ཁམས་ཀྱི་འཇིག་རྟེན་ཡུལ་དུ། ","CT":"འདོད་ཁམས་ཀྱི་འཇིག་རྟེན་ཡུལ་ལ།"}}],[{"phrase":{"AT":"མི་རྟག་པའི་ནོར་ལ་མ་ཆགས།","KT":"མི་རྟག་པའི་ནོར་ལ་མ་ཆགས། ","CT":"མི་རྟག་པའི་ནོར་ལ་མ་ཆགས།"}}],[{"phrase":{"AT":"སེམས་ཁམས་འདི་དགྲ་བོས་གནན་ཡོང་།","KT":"སེམས་ཁམས་འདི་དགྲ་བོས་གནན་ཡོང་། ","CT":"སེམས་ཁམས་འདི་དགྲ་བོས་གནན་ཡོང་།"}}]],"label":"verse 1","id":1},{"line":[[{"phrase":{"AT":"དུས་སྐབས་ཀྱི་སྤུན་ཟླ་རྣམ་པ།","KT":" དུས་སྐབས་ཀྱི་སྤུན་ཟླ་རྣམ་པ། ","CT":"དུས་སྐབས་ཀྱི་སྤུན་ཟླ་རྣམ་པ།"}}],[{"phrase":{"AT":"ཞི་བདེ་བའི་འཕྲིན་ཞིག་བཤད་དེ།","KT":"ཞི་བདེ་བའི་འཕྲིན་ཞིག་བཤད་དེ། ","CT":"ཞི་བདེ་བའི་འཕྲིན་ཞིག་བཤད་དེ།"}}],[{"phrase":{"AT":"གདོན་འདྲེ་ཡི་ལས་སྣ་ཚོགས་ནས། ","KT":"གདོན་འདྲེ་ཡི་ལས་སྣ་ཚོགས་ནས། ","CT":"གདོན་འདྲེ་ཡི་ལས་སྣ་ཚོགས་ནས། "}}],[{"phrase":{"AT":"ཤིང་རྒྱ་གྲམ་གྱི་དབང་གིས་རྒྱལ་སོང་།","KT":"ཤིང་རྒྱ་གྲམ་གྱི་དབང་གིས་རྒྱལ་སོང་། ","CT":"རྒྱངས་ཤིང་གི་དབང་གིས་རྒྱལ་སོང་།"}}],[{"phrase":{"AT":"ཨ་་་ཨ་་་གཙོ་བོ་ཡེ་ཤུ་ཁོང་ཉིད། ","KT":"ཨ་་་ཨ་་་གཙོ་བོ་ཡེ་ཤུ་ཁོང་ཉིད། ","CT":"ཨ་་་ཨ་་་གཙོ་བོ་ཡེ་ཤུ་ཁོང་ཉིད། "}}],[{"phrase":{"AT":"ཨ་་་ཨ་་་གདོན་འདྲེ་ཡི་དབང་ནས་རྒྱལ་སོང་།","KT":"ཨ་་་ཨ་་་གདོན་འདྲེ་ཡི་དབང་ནས་རྒྱལ་སོང་། ","CT":"ཨ་་་ཨ་་་གདོན་འདྲེ་ཡི་དབང་ནས་རྒྱལ་སོང་།"}}]],"label":"verse 2","id":2},{"line":[[{"phrase":{"AT":"འཛམ་གླིང་ཁམས་ཀྱི་རྒྱལ་པོ།","KT":" འཛམ་གླིང་ཁམས་ཀྱི་རྒྱལ་པོ། ","CT":"འཛམ་གླིང་ཁམས་ཀྱི་རྒྱལ་པོ།"}}],[{"phrase":{"AT":"མི་རིགས་ཚང་མའི་སྐྱབས་གནས།","KT":"མི་རིགས་ཚང་མའི་སྐྱབས་གནས། ","CT":"མི་རིགས་ཚང་མའི་སྐྱབས་གནས།"}}],[{"phrase":{"AT":"མཐའ་མེད་ཐར་བའི་ལམ་སྟོན།","KT":"མཐའ་མེད་ཐར་བའི་ལམ་སྟོན། ","CT":"མཐའ་མེད་ཐར་བའི་ལམ་སྟོན།"}}],[{"phrase":{"AT":"དྲིན་ཆེན་ཡེ་ཤུ་ཡིན་ནོ།།","KT":"དྲིན་ཆེན་ཡེ་ཤུ་ཡིན་ནོ། ","CT":"དྲིན་ཆེན་ཡེ་ཤུ་ཡིན་ནོ།"}}],[{"phrase":{"AT":"ཨ་་་ཨ་་་སྐྱབས་མགོན་མཐར་འདྲེན་ཡེ་ཤུ། ","KT":"ཨ་་་ཨ་་་སྐྱབས་མགོན་མཐར་འདྲེན་ཡེ་ཤུ། ","CT":"ཨ་་་ཨ་་་སྐྱབས་མགོན་མཐར་འདྲེན་ཡེ་ཤུ། "}}],[{"phrase":{"AT":"ཨ་་་ཨ་་་ནམ་རྒྱུན་གསོན་པོར་བཞུགས་ཡོད། ","KT":"ཨ་་་ཨ་་་ནམ་རྒྱུན་གསོན་པོར་བཞུགས་ཡོད། ","CT":"ཨ་་་ཨ་་་ནམ་རྒྱུན་གསོན་པོར་བཞུགས་ཡོད།། "}}]],"label":"verse 3","id":3}]},"metadata":[{"AT":"(བོད་པའི་བསྟོད་དབྱངས།)","KT":"(བོད་པའི་བསྟོད་དབྱངས།) ","CT":"(བོད་པའི་བསྟོད་དབྱངས།)"}]}