{"title":{"AT":"65.གཙོ་བོ་ང་ཡི་རྫི་བོ་ལགས།","KT":"65. གཙོ་བོ་ང་ཡི་རྫི་བོ་ལགས། ","CT":"65.གཙོ་བོ་ང་ཡི་རྫི་བོ་ལགས།"},"author":"*","key":"*","lyrics":{"Verse":[{"line":[[{"phrase":{"AT":"གཙོ་བོ་ང་ཡི་རྫི་བོ་ལགས།","KT":" གཙོ་བོ་ང་ཡི་རྫི་བོ་ལགས། ","CT":"གཙོ་བོ་ང་ཡི་རྫི་བོ་ལགས།"}}],[{"phrase":{"AT":"ང་ནི་ཅི་ནས་ཀྱང་མི་འཕོངས།","KT":"ང་ལ་དགོས་པ་ཅི་ཡང་མེད། ","CT":"ང་ལ་དགོས་པ་ཅི་ཡང་མེད།"}}],[{"phrase":{"AT":"སྔོ་ལྗང་སྤང་ལ་བསྙལ་བ་དང་། ","KT":"སྔོ་ལྗང་སྤང་ལ་བསྙལ་བ་དང་། ","CT":"རྩྭ་ཁ་ཞིམ་སར་བསྙལ་བར་མཛད། "}}],[{"phrase":{"AT":"ཆུ་མིག་གཙང་མོའི་འགྲམ་དུ་འཁྲིད།","KT":"ཆུ་མིག་གཙང་མོའི་འགྲམ་དུ་འཁྲིད། ","CT":"ཆུ་མིག་བཟང་སར་འཁྲིད་པར་མཛད།"}}]],"label":"verse 1","id":1},{"line":[[{"phrase":{"AT":"ངའི་སེམས་གསོ་ཞིང་ཁོང་ཉིད་ཀྱི།","KT":" ངའི་སེམས་གསོ་ཞིང་ཁོང་ཉིད་ཀྱི། ","CT":"ངའི་སེམས་གསོ་ཞིང་ཁོང་ཉིད་ཀྱི།"}}],[{"phrase":{"AT":"མཚན་གྱི་ཕྱིར་དུ་ལམ་འཕྲེང་སྟོན།","KT":"མཚན་གྱི་ཕྱིར་དུ་ལམ་འཕྲེང་སྟོན། ","CT":"མཚན་གྱི་ཕྱིར་དུ་ལམ་འཕྲེང་སྟོན།"}}],[{"phrase":{"AT":"འཆི་ཉེན་ཡོད་སར་འགྲོ་དགོས་ཀྱང་།","KT":"འཆི་ཉེན་ཡོད་སར་འགྲོ་དགོས་ཀྱང་། ","CT":"འཆི་ཉེན་ཡོད་སར་འགྲོ་དགོས་ཀྱང་།"}}],[{"phrase":{"AT":"ང་ལ་འཇིགས་པ་གང་ཡང་མེད།","KT":"ང་ལ་འཇིགས་པ་ཅི་ཡང་མེད། ","CT":"ང་ལ་འཇིགས་པ་གང་ཡང་མེད།"}}]],"label":"verse 2","id":2},{"line":[[{"phrase":{"AT":"དེ་ནི་ཅིའི་ཕྱིར་ཡིན་ཞེ་ན།","KT":" དེ་ནི་ཅིའི་ཕྱིར་ཡིན་ཟེར་ན། ","CT":"དེ་ནི་ཅིའི་ཕྱིར་ཡིན་ཟེར་ན།"}}],[{"phrase":{"AT":"ཁྱེད་ཉིད་ང་དང་མཉམ་དུ་བཞུགས།","KT":"ཁྱེད་ཉིད་ང་དང་མཉམ་དུ་བཞུགས། ","CT":"ཁྱེད་ཉིད་ང་དང་མཉམ་དུ་བཞུགས།"}}],[{"phrase":{"AT":"ཁྱེད་ཀྱི་ཕྱག་གི་ཕྱག་འཁར་དེ།","KT":"ཁྱེད་ཀྱི་ཕྱག་གི་ཕྱག་འཁར་དེ། ","CT":"ཁྱེད་ཀྱི་ཕྱག་གི་ཕྱག་འཁར་དེ།"}}],[{"phrase":{"AT":"ང་ཡི་སེམས་གསོ་ཡིན་པས་སོ།།","KT":"ང་ཡི་སེམས་གསོ་ཡིན་པས་སོ། ","CT":"ང་ཡི་སེམས་གསོ་ཡིན་པས་སོ།"}}]],"label":"verse 3","id":3},{"line":[[{"phrase":{"AT":"ངའི་དགྲའི་མདུན་དུ་ཁྱེད་ཉིད་ཀྱིས།","KT":" ངའི་དགྲའི་མདུན་དུ་ཁྱེད་ཉིད་ཀྱིས། ","CT":"ངའི་དགྲའི་མདུན་སར་ཁྱེད་ཉིད་ཀྱིས།"}}],[{"phrase":{"AT":"ང་ལ་གསོལ་སྟོན་ཞིག་བཤམས་ནས།","KT":"ང་ལ་གསོལ་སྟོན་ཞིག་བཤམས་ནས། ","CT":"ང་ལ་དགའ་སྟོན་ཞིག་བཤམས་ནས།"}}],[{"phrase":{"AT":"ངའི་མགོར་འབྲུ་ཡི་མར་གྱིས་བྱུགས།","KT":"ངའི་མགོར་འབྲུ་ཡི་མར་གྱིས་བྱུགས། ","CT":"ངའི་མགོར་བྱིན་རླབས་ཀྱི་སྣུམ་བྱུགས།"}}],[{"phrase":{"AT":"ང་ཡི་ཕོར་བ་བཀང་ནས་མེར།","KT":"ང་ཡི་ཕོར་བ་བཀང་ནས་མེར། ","CT":"ང་ཡི་ཕོར་པ་ལུས་ཙམ་བཀང་།"}}]],"label":"verse 4","id":4},{"line":[[{"phrase":{"AT":"ྱེད་ཀྱི་བྱམས་པ་དང་ཐུགས་རྗེ།","KT":"ཁྱེད་ཀྱི་བྱམས་པ་དང་ཐུགས་རྗེ། ","CT":"ྱེད་ཀྱི་བཀའ་དྲིན་དང་ཐུགས་རྗེ།"}}],[{"phrase":{"AT":"མི་ཚེ་གང་བོར་ང་ལ་ཡོད།","KT":"མི་ཚེ་གང་བར་ང་ལ་ཡོད། ","CT":"ང་ལ་ཚེ་གང་གནས་པར་འགྱུར།"}}],[{"phrase":{"AT":"ང་རང་གཙོ་བོའི་ཕོ་བྲང་ནང་།","KT":"ང་རང་གཙོ་བོའི་ཕོ་བྲང་ནང་། ","CT":"ང་རང་གཙོ་བོའི་ཕོ་བྲང་ནང་།"}}],[{"phrase":{"AT":"རྒྱུན་ནས་རྒྱུན་དུ་གནས་པར་འགྱུར།","KT":"རྒྱུན་ནས་རྒྱུན་དུ་གནས་པར་འགྱུར། ","CT":"རྒྱུན་ནས་རྒྱུན་དུ་གནས་པར་འགྱུར།།"}}]],"label":"verse 5","id":5}]},"metadata":[{"AT":"(གསུང་མགུར23 པ།)","KT":"(གསུང་མགུར23 པ།) ","CT":"(གསུང་མགུར23 པ།)"}]}