{"title":{"AT":"66.གཙོ་བོ་ཕེབས་བྱུང་འཇིག་རྟེན་དགའ་བར་གྱིས། ","KT":"66. གཙོ་བོ་ཕེབས་བྱུང་འཇིག་རྟེན་དགའ་བར་གྱིས། ","CT":"66.གཙོ་བོ་ཕེབས་བྱུང་འཇིག་རྟེན་དགའ་བར་ཤོག "},"author":"*","key":"*","lyrics":{"Verse":[{"line":[[{"phrase":{"AT":"        (Joy to the World ཞེས་པའི་དབྱིན་ཇིའི་ཡེ་ཤུའི་འཁྲུངས་སྐར་མགུར་གླུ། 1719) ","KT":"(Joy to the World ཞེས་པའི་དབྱིན་ཇིའི་ཡེ་ཤུའི་འཁྲུངས་སྐར་མགུར་གླུ། 1719)21 21 Isaac Watts (1719) ","CT":"(Joy to the World ཞེས་པའི་དབྱིན་ཇིའི་ཡེ་ཤུའི་འཁྲུངས་སྐར་མགུར་གླུ། 1719) "}}],[{"phrase":{"AT":"གཙོ་བོ་ཕེབས་བྱུང་འཇིག་རྟེན་དགའ་བར་གྱིས།","KT":" གཙོ་བོ་ཕེབས་བྱུང་འཇིག་རྟེན་དགའ་བར་གྱིས། ","CT":"གཙོ་བོ་ཕེབས་བྱུང་འཇིག་རྟེན་དགའ་བར་ཤོག"}}],[{"phrase":{"AT":"འཛམ་གླིང་རྒྱལ་མཆོག་སྤྱན་དྲོངས།","KT":"འཛམ་གླིང་རྒྱལ་མཆོག་སྤྱན་དྲོངས། ","CT":"འཛམ་གླིང་རྒྱལ་མཆོག་སྤྱན་དྲོངས།"}}],[{"phrase":{"AT":"ཀུན་གྱིས་ཡིད་སེམས་གྲ་སྒྲིག་བྱོས་ཤིག","KT":"ཀུན་གྱིས་ཡིད་སེམས་གྲ་སྒྲིག་གྱིས་ཤིག ","CT":"ཀུན་གྱིས་ཡིད་སེམས་གྲ་སྒྲིག་བྱེད་དང་།"}}],[{"phrase":{"AT":"ཕོ་ཉ་དང་མིས་མགུར་ལེན།","KT":"ཕོ་ཉ་དང་མིས་མགུར་ལེན། ","CT":"ཕོ་ཉ་དང་མིས་མགུར་ལེན།"}}],[{"phrase":{"AT":"ཕོ་ཉ་དང་མིས་མགུར་ལེན།","KT":"ཕོ་ཉ་དང་མིས་མགུར་ལེན། ","CT":"ཕོ་ཉ་དང་མིས་མགུར་ལེན།"}}],[{"phrase":{"AT":"ཕོ་ཉ་དང་མི་ཡིས་མགུར་གླུ་ལེན།","KT":"ཕོ་ཉ་དང་མི་ཡིས་མགུར་གླུ་ལེན། ","CT":"ཕོ་ཉ་དང་མི་ཡིས་མགུར་གླུ་ལེན།"}}]],"label":"verse 1","id":1},{"line":[[{"phrase":{"AT":"སྐྱབས་མགོན་དབང་མཛད་ཐམས་ཅད་དགའ་བར་གྱིས།","KT":" སྐྱབས་མགོན་དབང་མཛད་ཐམས་ཅད་དགའ་བར་གྱིས། ","CT":"སྐྱབས་མགོན་དབང་མཛད་ཐམས་ཅད་དགའ་བར་ཤོག"}}],[{"phrase":{"AT":"མི་རྣམས་ཀུན་གྱིས་གླུ་ལེན། ","KT":"མི་རྣམས་ཀུན་གྱིས་གླུ་ལེན། ","CT":"མི་རྣམས་ཐམས་ཅད་གླུ་ལེན། "}}],[{"phrase":{"AT":"དེ་དུས་རི་ཐང་ཆུ་བོ་དང་བྲག","KT":"དེ་དུས་རི་ཐང་ཆུ་བོ་དང་བྲག ","CT":"དེ་དུས་རི་ཐང་ཆུ་བོ་དང་བྲག"}}],[{"phrase":{"AT":"དགའ་མགུ་སྒྲ་ཡི་བྲག་ཆ།","KT":"དགའ་མགུ་སྒྲ་ཡི་བྲག་ཆ། ","CT":"དགའ་མགུ་སྒྲ་ཡི་བྲག་ཆ།"}}],[{"phrase":{"AT":" དགའ་མགུ་སྒྲ་ཡི་བྲག་ཆ།","KT":"དགའ་མགུ་སྒྲ་ཡི་བྲག་ཆ། ","CT":" དགའ་མགུ་སྒྲ་ཡི་བྲག་ཆ།"}}],[{"phrase":{"AT":"དགའ་མགུ་རང་བའི་སྒྲའི་བྲག་ཆ་འཁོར།","KT":"དགའ་མགུ་རང་བའི་སྒྲའི་བྲག་ཅ་འཁོར། ","CT":"དགའ་མགུ་རང་བའི་སྒྲའི་བྲག་ཆ་འཁོར།"}}]],"label":"verse 2","id":2},{"line":[[{"phrase":{"AT":"ོང་གི་དྲང་བདེན་གྱིས་དབང་སུ་མཛད།","KT":"ཁོང་གི་དྲང་བདེན་གྱིས་དབང་སུ་མཛད། ","CT":"ོང་གི་དྲང་བདེན་གྱིས་དབང་དུ་བྱེད།"}}],[{"phrase":{"AT":"མི་རིགས་ཀྱིས་ར་འཕྲོད་པས།","KT":"མི་རིགས་ཀྱིས་ར་འཕྲོད་པས། ","CT":"མི་རིགས་ཀྱིས་ར་འཕྲོད་པས།"}}],[{"phrase":{"AT":"ཁོང་གི་གཟི་བརྗིད་ལས་དྲང་པོ་གནང་།","KT":"ཁོང་གི་གཟི་བརྗིད་ལས་དྲང་པོ་གནང་། ","CT":"ཁོང་གི་གཟི་བརྗིད་ལས་དྲང་པོ་གནང་།"}}],[{"phrase":{"AT":"ཁོང་གི་བྱམས་པ་ཡ་མཚན་ཆེ།","KT":"ཁོང་གི་བྱམས་པ་ཡ་མཚན་ཆེ། ","CT":"ཁོང་གི་བྱམས་པ་ཡ་མཚན་ཆེ།"}}],[{"phrase":{"AT":"ཁོང་གི་བྱམས་པ་ཡ་མཚན་ཆེ།","KT":"ཁོང་གི་བྱམས་པ་ཡ་མཚན་ཆེ། ","CT":"ཁོང་གི་བྱམས་པ་ཡ་མཚན་ཆེ།"}}],[{"phrase":{"AT":"ཁོང་གི་བྱམས་པ་ཡ་མཚན་ཤིན་ཏུ་ཆེ།","KT":"ཁོང་གི་བྱམས་པ་ཡ་མཚན་ཤིན་ཏུ་ཆེ། ","CT":"ཁོང་གི་བྱམས་པ་ཡ་མཚན་ཤིན་ཏུ་ཆེ།།"}}]],"label":"verse 3","id":3}]},"metadata":[]}