{"title":{"AT":"67.གཙོ་བོ་ཡེ་ཤུ་མ་ཤི་ཀ་ལ།","KT":"67. གཙོ་བོ་ཡེ་ཤུ་མཱ་ཤི་ཀ་ལ། ","CT":"67.གཙོ་བོ་ཡེ་ཤུ་མཱ་ཤི་ཀ་ལ།"},"author":"*","key":"*","lyrics":{"Verse":[{"line":[[{"phrase":{"AT":"གཙོ་བོ་ཡེ་ཤུ་མ་ཤི་ཀ་ལ།","KT":" གཙོ་བོ་ཡེ་ཤུ་མཱ་ཤི་ཀ་ལ། ","CT":"གཙོ་བོ་ཡེ་ཤུ་མཱ་ཤི་ཀ་ལ།"}}],[{"phrase":{"AT":"ཁྱེད་ནས་ལ་ནི་ང་ལ་ཡ་འ་ལ་ཐར་བ་བྱུང་། ༢","KT":"ཁྱེད་ནས་ལ་ནི་ང་ལ་ཡ་འ་ལ་ཐར་བ་བྱུང་། ༢ ","CT":"ཁྱེད་ནས་ལ་ནི་ང་ལ་ཡ་འ་ལ་ཐར་པ་བྱུང་། ༢"}}]],"label":"verse 1","id":1},{"line":[[{"phrase":{"AT":"གཙོ་བོ་ཡེ་ཤུ་མ་ཤི་ཀ་ལ།","KT":" གཙོ་བོ་ཡེ་ཤུ་མཱ་ཤི་ཀ་ལ། ","CT":"གཙོ་བོ་ཡེ་ཤུ་མཱ་ཤི་ཀ་ལ།"}}],[{"phrase":{"AT":"ང་ཡིས་ལ་ནི་ཁྱེད་ལ་ཡ་འ་ལ་བསྟོད་པ་འབུལ། ༢   ","KT":"ང་ཡིས་ལ་ནི་ཁྱེད་ལ་ཡ་འ་ལ་བསྟོད་པ་འབུལ། ༢ ","CT":"ང་ཡིས་ལ་ནི་ཁྱེད་ལ་ཡ་འ་ལ་བསྟོད་པ་ཕུལ། ༢   "}}]],"label":"verse 2","id":2},{"line":[[{"phrase":{"AT":"ཧ་ལེ་ལོའུ་ཡཱ། ཡེ་ཤུ་མ་ཤི་ཀ་ལ།","KT":" ཧ་ལེ་ལོའུ་ཡཱ། ཡེ་ཤུ་མཱ་ཤི་ཀ་ལ། ","CT":"ཧཱ་ལེ་ལུ་ཡཱ། ཡེ་ཤུ་མཱ་ཤི་ཀ་ལ།"}}],[{"phrase":{"AT":"ཁྱེད་ནས་ལ་ནི་ང་ལ་ཡ་འ་ལ་ཐར་བ་བྱུང་། ༢","KT":"ཁྱེད་ནས་ལ་ནི་ང་ལ་ཡ་འ་ལ་ཐར་བ་བྱུང་། ༢ ","CT":"ཁྱེད་ནས་ལ་ནི་ང་ལ་ཡ་འ་ལ་ཐར་པ་བྱུང་། ༢"}}]],"label":"verse 3","id":3},{"line":[[{"phrase":{"AT":"ཧ་ལེ་ལོའུ་ཡཱ། ཡེ་ཤུ་མ་ཤི་ཀ་ལ།","KT":" ཧ་ལེ་ལོའུ་ཡཱ། ཡེ་ཤུ་མཱ་ཤི་ཀ་ལ། ","CT":"ཧཱ་ལེ་ལུ་ཡཱ། ཡེ་ཤུ་མཱ་ཤི་ཀ་ལ།"}}],[{"phrase":{"AT":"ང་ཡིས་ལ་ནི་ཁྱེད་ལ་ཡ་འ་ལ་བསྟོད་པ་འབུལ། ༢ ","KT":"ང་ཡིས་ལ་ནི་ཁྱེད་ལ་ཡ་འ་ལ་བསྟོད་པ་འབུལ། ༢ ","CT":"ང་ཡིས་ལ་ནི་ཁྱེད་ལ་ཡ་འ་ལ་བསྟོད་པ་ཕུལ།། ༢ "}}]],"label":"verse 4","id":4}]},"metadata":[{"AT":"(ཚིག་བློ་རྣམ་གྱིས་བརྩམས་པ། བོད་པའི་གདངས།)","KT":"(ཚིག་བློ་རྣམ་གྱིས་བརྩམས་པ། བོད་པའི་གདངས།) ","CT":"(ཚིག་བློ་རྣམ་གྱིས་བརྩམས་པ། བོད་པའི་གདངས།)"}]}