{"title":{"AT":"68.གཙོ་བོ་ཡེ་ཤུ་ལ་ཐུགས་རྗེ་ཆེ།","KT":"68. གཙོ་བོ་ཡེ་ཤུ་ལ་ཐུགས་རྗེ་ཆེ། ","CT":"68.གཙོ་བོ་ཡེ་ཤུ་ལ་ཐུགས་རྗེ་ཆེ།"},"author":"*","key":"*","lyrics":{"Verse":[{"line":[[{"phrase":{"AT":"གཙོ་བོ་ཡེ་ཤུ་ལ་ཐུགས་རྗེ་ཆེ།","KT":" གཙོ་བོ་ཡེ་ཤུ་ལ་ཐུགས་རྗེ་ཆེ། ","CT":"གཙོ་བོ་ཡེ་ཤུ་ལ་ཐུགས་རྗེ་ཆེ།"}}],[{"phrase":{"AT":"ཁོང་ངའི་ཆེད་ལ་རྒྱ་གྲམ་སྟེང་ནས་གྲོངས། ","KT":"ཁོང་ངའི་ཆེད་ལ་རྒྱ་གྲམ་སྟེང་ནས་གྲོངས། ","CT":"ངའི་དོན་རྒྱངས་ཤིང་ཁ་ལ་གྲོངས་པ་རེད། "}}],[{"phrase":{"AT":"ཧ་ལེ་ལོའུ་ཡཱ། ཧ་ལེ་ལོའུ་ཡཱ།  ཧ་ལེ་ལོའུ་ཡཱ། ཨ་མེན། ༢ ","KT":"ཧ་ལེ་ལོའུ་ཡཱ། ཧ་ལེ་ལོའུ་ཡཱ། ཧ་ལེ་ལོའུ་ཡཱ། ཨ་མེན། ༢ ","CT":"ཧཱ་ལེ་ལུ་ཡཱ། ཧཱ་ལེ་ལུ་ཡཱ།  ཧཱ་ལེ་ལུ་ཡཱ། ཨ་མེན། ༢ "}}]],"label":"verse 1","id":1},{"line":[[{"phrase":{"AT":"གཙོ་བོ་ཡེ་ཤུས་ང་ཡི་སྡིག་པ་བསལ་སོང་།","KT":" གཙོ་བོ་ཡེ་ཤུས་ང་ཡི་སྡིག་པ་བསལ་སོང་། ","CT":"གཙོ་བོ་ཡེ་ཤུས་ངའི་སྡིག་པ་སེལ་གནང་སོང་།"}}],[{"phrase":{"AT":"ངས་སེམས་གཏིང་ནས་ཁོང་ལ་བསྟོད་བསྔགས་འབུལ། ","KT":"ངས་སེམས་གཏིང་ནས་ཁོང་ལ་བསྟོད་བསྔགས་འབུལ། ","CT":"ངའི་སེམས་གཏིང་ནས་ཁོང་ལ་བསྟོད་པ་ཕུལ་བ། "}}],[{"phrase":{"AT":"ཧ་ལེ་ལོའུ་ཡཱ། ཧ་ལེ་ལོའུ་ཡཱ།  ཧ་ལེ་ལོའུ་ཡཱ། ཨ་མེན། ༢ ","KT":"ཧ་ལེ་ལོའུ་ཡཱ། ཧ་ལེ་ལོའུ་ཡཱ། ཧ་ལེ་ལོའུ་ཡཱ། ཨ་མེན། ༢ ","CT":"ཧཱ་ལེ་ལུ་ཡཱ། ཧཱ་ལེ་ལུ་ཡཱ།  ཧཱ་ལེ་ལུ་ཡཱ། ཨ་མེན།། ༢ "}}]],"label":"verse 2","id":2}]},"metadata":[]}