{"title":{"AT":"69.གཙོ་བོ་ཡེ་ཤུའི་མཚན།","KT":"69. གཙོ་བོ་ཡེ་ཤུའི་མཚན། ","CT":"69.གཙོ་བོ་ཡེ་ཤུའི་མཚན་ཆེ་ཤོས་ཡིན།"},"author":"*","key":"*","lyrics":{"Verse":[{"line":[[{"phrase":{"AT":"གཙོ་བོ་ཡེ་ཤུའི་མཚན་ཆེ་ཤོས་རེད། ༢","KT":" གཙོ་བོ་ཡེ་ཤུའི་མཚན་ཆེ་ཤོས་རེད། ༢ ","CT":"གཙོ་བོ་ཡེ་ཤུའི་མཚན་ཆེ་ཤོས་ཡིན། ༢"}}],[{"phrase":{"AT":"མཚན་ཐམས་ཅད་ཀྱི་དཀྱིལ་ལ།","KT":"མཚན་ཐམས་ཅད་ཀྱི་དཀྱིལ་ལ། ","CT":"མཚན་ཐམས་ཅད་ཀྱི་དཀྱིལ་ལ།"}}],[{"phrase":{"AT":"ནམ་མཁའ་ནས་དང་སའི་སྟེང་ནས།","KT":"ནམ་མཁའ་ནས་དང་སའི་སྟེང་ནས། ","CT":"ནམ་མཁའ་ལ་དང་སའི་སྟེང་ནས།"}}],[{"phrase":{"AT":"གཙོ་བོ་ཡེ་ཤུའི་མཚན་ཆེ་ཤོས་རེད། ༢ ","KT":"གཙོ་བོ་ཡེ་ཤུའི་མཚན་ཆེ་ཤོས་རེད། ༢ ","CT":"གཙོ་བོ་ཡེ་ཤུའི་མཚན་ཆེ་ཤོས་ཡིན། ༢ "}}]],"label":"verse 1","id":1},{"line":[[{"phrase":{"AT":"གཙོ་བོ་ཡེ་ཤུའི་མཚན་སྙན་ཤོས་རེད། ༢","KT":" གཙོ་བོ་ཡེ་ཤུའི་མཚན་སྙན་ཤོས་རེད། ༢ ","CT":"གཙོ་བོ་ཡེ་ཤུའི་མཚན་སྙན་ཤོས་ཡིན། ༢"}}],[{"phrase":{"AT":"མཚན་ཐམས་ཅད་ཀྱི་དཀྱིལ་ལ།","KT":"མཚན་ཐམས་ཅད་ཀྱི་དཀྱིལ་ལ། ","CT":"མཚན་ཐམས་ཅད་ཀྱི་དཀྱིལ་ལ།"}}],[{"phrase":{"AT":"ནམ་མཁའ་ནས་དང་སའི་སྟེང་ནས།","KT":"ནམ་མཁའ་ནས་དང་སའི་སྟེང་ནས། ","CT":"ནམ་མཁའ་ལ་དང་སའི་སྟེང་ནས།"}}],[{"phrase":{"AT":"གཙོ་བོ་ཡེ་ཤུའི་མཚན་སྙན་ཤོས་རེད། ༢","KT":"གཙོ་བོ་ཡེ་ཤུའི་མཚན་སྙན་ཤོས་རེད། ༢ ","CT":"གཙོ་བོ་ཡེ་ཤུའི་མཚན་སྙན་ཤོས་ཡིན། ༢"}}]],"label":"verse 2","id":2},{"line":[[{"phrase":{"AT":"གཙོ་བོ་ཡེ་ཤུའི་མཚན་མཐོ་ཤོས་རེད། ༢","KT":" གཙོ་བོ་ཡེ་ཤུའི་མཚན་མཐོ་ཤོས་རེད། ༢ ","CT":"གཙོ་བོ་ཡེ་ཤུའི་མཚན་མཐོ་ཤོས་ཡིན། ༢"}}],[{"phrase":{"AT":"མཚན་ཐམས་ཅད་ཀྱི་དཀྱིལ་ལ།","KT":"མཚན་ཐམས་ཅད་ཀྱི་དཀྱིལ་ལ། ","CT":"མཚན་ཐམས་ཅད་ཀྱི་དཀྱིལ་ལ།"}}],[{"phrase":{"AT":"ནམ་མཁའ་ནས་དང་སའི་སྟེང་ནས།","KT":"ནམ་མཁའ་ནས་དང་སའི་སྟེང་ནས། ","CT":"ནམ་མཁའ་ལ་དང་སའི་སྟེང་ནས།"}}],[{"phrase":{"AT":"གཙོ་བོ་ཡེ་ཤུའི་མཚན་མཐོ་ཤོས་རེད། ༢","KT":"གཙོ་བོ་ཡེ་ཤུའི་མཚན་མཐོ་ཤོས་རེད། ༢ ","CT":"གཙོ་བོ་ཡེ་ཤུའི་མཚན་མཐོ་ཤོས་ཡིན། ༢"}}]],"label":"verse 3","id":3},{"line":[[{"phrase":{"AT":"གཙོ་བོ་ཡེ་ཤུའི་མཚན་དབང་ཤོས་རེད། ༢","KT":" གཙོ་བོ་ཡེ་ཤུའི་མཚན་དབང་ཤོས་རེད། ༢ ","CT":"གཙོ་བོ་ཡེ་ཤུའི་མཚན་དབང་ཆེ་ཤོས་ཡིན། ༢"}}],[{"phrase":{"AT":"མཚན་ཐམས་ཅད་ཀྱི་དཀྱིལ་ལ།","KT":"མཚན་ཐམས་ཅད་ཀྱི་དཀྱིལ་ལ། ","CT":"མཚན་ཐམས་ཅད་ཀྱི་དཀྱིལ་ལ།"}}],[{"phrase":{"AT":"ནམ་མཁའ་ནས་དང་སའི་སྟེང་ནས།","KT":"ནམ་མཁའ་ནས་དང་སའི་སྟེང་ནས། ","CT":"ནམ་མཁའ་ལ་དང་སའི་སྟེང་ནས།"}}],[{"phrase":{"AT":"གཙོ་བོ་ཡེ་ཤུའི་མཚན་དབང་ཤོས་རེད། ༢","KT":"གཙོ་བོ་ཡེ་ཤུའི་མཚན་དབང་ཤོས་རེད། ༢ ","CT":"གཙོ་བོ་ཡེ་ཤུའི་མཚན་ཆེ་ཤོས་ཡིན།། ༢"}}]],"label":"verse 4","id":4}]},"metadata":[{"AT":"(བོད་པའི་བསྟོད་དབྱངས།) DG 198","KT":"(བོད་པའི་བསྟོད་དབྱངས།)DG 198","CT":"(བོད་པའི་བསྟོད་དབྱངས།) DG 198"}]}