{"title":{"AT":"7.དཀོན་མཆོག་ཡ་དཀོན་མཆོག","KT":"7. དཀོན་མཆོག་ཡ་དཀོན་མཆོག ","CT":"7.དཀོན་མཆོག་ཡ་དཀོན་མཆོག"},"author":"*","key":"*","lyrics":{"Verse":[{"line":[[{"phrase":{"AT":"དཀོན་མཆོག་ཡ་དཀོན་མཆོག་ང་ཡི་སྐྱབས་མགོན།","KT":" དཀོན་མཆོག་ཡ་དཀོན་མཆོག་ང་ཡི་སྐྱབས་མགོན། ","CT":"དཀོན་མཆོག་ཡ་དཀོན་མཆོག་ང་ཡི་སྐྱབས་མགོན།"}}],[{"phrase":{"AT":"ནམ་མཁའ་རུ་བཞུགས་པའི་དཀོན་མཆོག","KT":"ནམ་མཁའ་ལ་བཞུགས་པའི་དཀོན་མཆོག ","CT":"ནམ་མཁའ་རུ་བཞུགས་པའི་དཀོན་མཆོག"}}],[{"phrase":{"AT":"ཁྱེད་ནི་སྙིང་རྗེ་དང་བྱམས་པ་ཡི་བདག་པོ། ","KT":"ཁྱེད་ནི་སྙིང་རྗེ་དང་བྱམས་པ་ཡི་བདག་པོ། ","CT":"ཁྱེད་ནི་སྙིང་རྗེ་དང་བྱམས་པ་ཡི་བདག་པོ། "}}],[{"phrase":{"AT":"འཛམ་གླིང་འདི་ཁྱེད་ཀྱིས་བཀོད་དོ།། ","KT":"འཛམ་གླིང་འདི་ཁྱེད་ཀྱིས་བཀོད་དོ། ","CT":"འཛམ་གླིང་འདི་ཁྱེད་ཀྱིས་བཀོད་དོ། "}}],[{"phrase":{"AT":"ང་ཚོ་སྡིག་ཅན་རྣམས་ཀྱི་དོན་དུ།","KT":"ང་ཚོ་སྡིག་ཅན་རྣམས་ཀྱི་དོན་དུ། ","CT":"ང་ཚོ་སྡིག་ཅན་རྣམས་ཀྱི་དོན་དུ།"}}],[{"phrase":{"AT":"སྐུ་སྲོག་ནི་ཕངས་མེད་དུ་བཏང་སོང་།","KT":"སྐུ་སྲོག་ནི་ཕངས་མེད་དུ་བཏང་སོང་། ","CT":"སྐུ་སྲོག་ནི་ཕངས་མེད་དུ་བཏང་སོང་།"}}],[{"phrase":{"AT":"ང་ཚོའི་སྡིག་པ་རྣམས་ཁོང་གིས་བསལ་སོང་།","KT":"ང་ཚོའི་སྡིག་པ་ནི་ཁོང་གིས་བསལ་སོང་། ","CT":"ང་ཚོའི་སྡིག་པ་རྣམས་ཁོང་གིས་སེལ་སོང་།"}}],[{"phrase":{"AT":"ཨེ་མ་འདི་དེ་འདྲ་སྐྱིད་པ།","KT":"ཨེ་མ་འདི་དེ་འདྲ་སྐྱིད་པ། ","CT":"ཨེ་མ་འདི་དེ་འདྲ་སྐྱིད་པ།"}}]],"label":"verse 1","id":1},{"line":[[{"phrase":{"AT":"གྲོགས་པོ་ཡ་གྲོགས་མོ་བདག་གི་སྤུན་ཟླ།","KT":" གྲོགས་པོ་ཡ་གྲོགས་མོ་བདག་གི་སྤུན་ཟླ། ","CT":"གྲོགས་པོ་ཡ་གྲོགས་མོ་བདག་གི་སྤུན་ཟླ།"}}],[{"phrase":{"AT":"དཀོན་མཆོག་ལ་གསོལ་བ་ཐོབས་དང་།","KT":"དཀོན་མཆོག་ལ་གསོལ་བ་ཐོབས་དང་། ","CT":"དཀོན་མཆོག་ལ་སྨོན་ལམ་སྐྱོན་དང་།"}}],[{"phrase":{"AT":"ཁོང་གི་ཐར་བའི་ལམ་དེ་འཐོབ་ཡོང་། ","KT":"ཁོང་གི་ཐར་བའི་ལམ་དེ་འཐོབ་ཡོང་། ","CT":"ཁོང་གི་ཐར་བའི་ལམ་དེ་འཐོབ་ཡོང་། "}}],[{"phrase":{"AT":"ངའི་ཡིད་སེམས་དེ་འདྲ་དགའ་བ།","KT":"ངའི་ཡིད་སེམས་དེ་འདྲ་དགའ་བ། ","CT":"ངའི་ཡིད་སེམས་དེ་འདྲ་དགའ་བ།"}}],[{"phrase":{"AT":"ཁོང་གི་རིན་ཆེན་སྐུ་ཁྲག་དེ་ཡིས།","KT":"ཁོང་གི་རིན་ཆེན་སྐུ་ཁྲག་དེ་ཡིས། ","CT":"ཁོང་གི་རིན་ཆེན་སྐུ་ཁྲག་དེ་ཡིས།"}}],[{"phrase":{"AT":"ང་ཚོ་ཡི་སྡིག་པ་རྣམས་བསལ་སོང་།","KT":"ང་ཚོ་ཡི་སྡིག་པ་རྣམས་བསལ་སོང་། ","CT":"ང་ཚོ་ཡི་སྡིག་པ་རྣམས་སེལ་སོང་།"}}],[{"phrase":{"AT":"མཐའ་མེད་པའི་སྲོག་དེ་ཁྱོད་ལ་འཐོབ་ཡོང་། ","KT":"མཐའ་མེད་པའི་སྲོག་དེ་ཁྱོད་ལ་འཐོབ་ཡོང་། ","CT":"མཐའ་མེད་པའི་སྲོག་དེ་ཁྱེད་ལ་འཐོབ་ཡོང་། "}}],[{"phrase":{"AT":"ཨེ་མ་ང་དེ་འདྲ་སྐྱིད་པ།","KT":"ཨེ་མ་ང་དེ་འདྲ་སྐྱིད་པ། ༢  ","CT":"ཨེ་མ་ང་དེ་འདྲ་སྐྱིད་པ།།"}}]],"label":"verse 2","id":2}]},"metadata":[{"AT":"(བོད་པའི་བསྟོད་དབྱངས།)","KT":"(བོད་པའི་བསྟོད་དབྱངས།) ","CT":"(བོད་པའི་བསྟོད་དབྱངས།)"}]}