{"title":{"AT":"70.གཙོ་བོ་ཡེ་ཤུའི་མཚན་ནས།","KT":"70. གཙོ་བོ་ཡེ་ཤུའི་མཚན་ནས། ","CT":"70.གཙོ་བོ་ཡེ་ཤུའི་མཚན་ལ།"},"author":"*","key":"*","lyrics":{"Verse":[{"line":[[{"phrase":{"AT":"གཙོ་བོ་ཡེ་ཤུའི་མཚན་ནས། ༢","KT":"གཙོ་བོ་ཡེ་ཤུའི་མཚན་ནས། ༢ ","CT":"གཙོ་བོ་ཡེ་ཤུའི་མཚན་ལ། ༢"}}],[{"phrase":{"AT":"ང་ཚོར་རྒྱལ་ཁ་ཡོད།","KT":"ང་ཚོར་རྒྱལ་ཁ་ཡོད། ","CT":"ང་ཚོར་རྒྱལ་བ་ཡོད།"}}],[{"phrase":{"AT":"གཙོ་བོ་ཡེ་ཤུའི་མཚན་ནས། ༢","KT":"གཙོ་བོ་ཡེ་ཤུའི་མཚན་ནས། ༢ ","CT":"གཙོ་བོ་ཡེ་ཤུའི་མཚན་ལ། ༢"}}],[{"phrase":{"AT":"བདུད་ཕར་འགྲོ་དགོས་སོ།།","KT":"བདུད་ཕར་འགྲོ་བ་རེད། ","CT":"བདུད་ཕར་འགྲོ་གི་རེད།"}}],[{"phrase":{"AT":"ཡེ་ཤུའི་མཚན་ལ་བརྟེན་ནས་སྡོད་དུས། ","KT":"ཡེ་ཤུའི་མཚན་ལ་བརྟེན་ནས་སྡོད་དུས། ","CT":"ཡེ་ཤུའི་མཚན་ལ་བརྟན་པོར་བསྡད་དུས། "}}],[{"phrase":{"AT":"སུས་ང་ཚོ་དགག་ཐུབ་རྒྱུ་རེད། ","KT":"སུས་ང་ཚོ་དགག་ཐུབ་རྒྱུ་རེད། ","CT":"སུས་ང་ཚོ་བཀག་ཐུབ་ཀྱི་རེད། "}}],[{"phrase":{"AT":"ཡེ་ཤུའི་མཚན་དང་ཡེ་ཤུའི་དབང་ནས།","KT":"ཡེ་ཤུའི་མཚན་དང་ཡེ་ཤུའི་དབང་ནས། ","CT":"ཡེ་ཤུའི་མཚན་ལ་ཡེ་ཤུའི་དབང་ལ།"}}],[{"phrase":{"AT":"ང་ཚོར་རྒྱལ་ཁ་ཡོད།","KT":"ང་ཚོར་རྒྱལ་ཁ་ཡོད། ","CT":"ང་ཚོར་རྒྱལ་བ་ཡོད།།"}}]],"label":"verse 1","id":1}]},"metadata":[{"AT":"(In the Name of Jesus ཞེས་པའི་དབྱིན་ཇིའི་བསྟོད་དབྱངས།)","KT":"(In the Name of Jesus ཞེས་པའི་དབྱིན་ཇིའི་བསྟོད་དབྱངས།) ","CT":"(In the Name of Jesus ཞེས་པའི་དབྱིན་ཇིའི་བསྟོད་དབྱངས།)"}]}