{"title":{"AT":"71.གཙོ་བོ་ཡེ་ཤུར་ཐུགས་རྗེ་ཆེ་ཞུ།","KT":"71. གཙོ་བོ་ཡེ་ཤུར་ཐུགས་རྗེ་ཆེ་ཞུ། ","CT":"71.གཙོ་བོ་ཡེ་ཤུར་ཐུགས་རྗེ་ཆེ་ཞུ།"},"author":"*","key":"*","lyrics":{"Verse":[{"line":[[{"phrase":{"AT":"གཙོ་བོ་ཡེ་ཤུར་ཐུགས་རྗེ་ཆེ་ཞུ།","KT":"གཙོ་བོ་ཡེ་ཤུར་ཐུགས་རྗེ་ཆེ་ཞུ། ","CT":"གཙོ་བོ་ཡེ་ཤུར་ཐུགས་རྗེ་ཆེ་ཞུ།"}}],[{"phrase":{"AT":"ཁྱེད་རང་ང་ལ་བྱམས་སོང་། ","KT":"ཁྱེད་རང་ང་ལ་བྱམས་སོང་། ","CT":"ཁྱེད་རང་ང་ལ་བྱམས་སོང་། "}}],[{"phrase":{"AT":"གཙོ་བོ་ཡེ་ཤུར་ཐུགས་རྗེ་ཆེ་ཞུ།","KT":"གཙོ་བོ་ཡེ་ཤུར་ཐུགས་རྗེ་ཆེ་ཞུ། ","CT":"གཙོ་བོ་ཡེ་ཤུར་ཐུགས་རྗེ་ཆེ་ཞུ།"}}],[{"phrase":{"AT":"ཁྱེད་རང་ང་ལ་བྱམས་སོང་།","KT":"ཁྱེད་རང་ང་ལ་བྱམས་སོང་། ","CT":"ཁྱེད་རང་ང་ལ་བྱམས་སོང་།"}}],[{"phrase":{"AT":"ཤིང་རྒྱ་གྲམ་སྟེང་ཕེབས་ནས།","KT":" ཤིང་རྒྱ་གྲམ་ཐོག་ཕེབས་ནས། ","CT":"རྒྱངས་ཤིང་ལ་ཕེབས་ནས།"}}],[{"phrase":{"AT":"ངའི་དོན་ལ་གྲོངས་པ་རེད།","KT":"ངའི་དོན་ལ་གྲོངས་པ་རེད། ","CT":"ངའི་དོན་གྲོངས་པ་རེད།"}}],[{"phrase":{"AT":"ཁྱེད་རང་ང་ལ་བྱམས་སོང་། ༢","KT":"ཁྱེད་རང་ང་ལ་བྱམས་སོང་། ༢ ","CT":"ཁྱེད་རང་ང་ལ་བྱམས་སོང་། ༢"}}],[{"phrase":{"AT":"གཙོ་བོ་ཡེ་ཤུར་ཐུགས་རྗེ་ཆེ་ཞུ།","KT":"གཙོ་བོ་ཡེ་ཤུར་ཐུགས་རྗེ་ཆེ་ཞུ། ","CT":"གཙོ་བོ་ཡེ་ཤུར་ཐུགས་རྗེ་ཆེ་ཞུ།"}}],[{"phrase":{"AT":"ཁྱེད་རང་ང་ལ་བྱམས་སོང་། ༢","KT":"ཁྱེད་རང་ང་ལ་བྱམས་སོང་། ༢ ","CT":"ཁྱེད་རང་ང་ལ་བྱམས་སོང་། ༢"}}]],"label":"verse 1","id":1},{"line":[[{"phrase":{"AT":"དུར་ཁུང་ནས་སླར་ཡང་གསོན།","KT":" དུར་ཁུང་ནས་སླར་ཡང་གསོན། ","CT":"དུར་ཁང་ནས་ཡང་ལ་བཞེངས།"}}],[{"phrase":{"AT":"མི་ཚེ་གསར་བ་དེ།","KT":"མི་ཚེ་གསར་པ་དེ། ","CT":"མི་ཚེ་གསར་པ་དེ།"}}],[{"phrase":{"AT":"ཁྱེད་ཀྱིས་ང་ལ་གནང་སོང་། ༢","KT":"ཁྱེད་ཀྱིས་ང་ལ་གནང་སོང་། ༢ ","CT":"ཁྱེད་རང་ང་ལ་གནང་སོང་། ༢"}}],[{"phrase":{"AT":"གཙོ་བོ་ཡེ་ཤུར་ཐུགས་རྗེ་ཆེ་ཞུ།","KT":"གཙོ་བོ་ཡེ་ཤུར་ཐུགས་རྗེ་ཆེ་ཞུ། ","CT":"གཙོ་བོ་ཡེ་ཤུར་ཐུགས་རྗེ་ཆེ་ཞུ།"}}],[{"phrase":{"AT":"ཁྱེད་རང་ང་ལ་བྱམས་སོང་། ༢","KT":"ཁྱེད་རང་ང་ལ་བྱམས་སོང་། ༢ ","CT":"ཁྱེད་རང་ང་ལ་བྱམས་སོང་།། ༢"}}]],"label":"verse 2","id":2}]},"metadata":[{"AT":"(Thank You Jesus ཞེས་པའི་དབྱིན་ཇིའི་བསྟོད་དབྱངས།) ","KT":"(Thank You Jesus ཞེས་པའི་དབྱིན་ཇིའི་བསྟོད་དབྱངས།)22 22 Alison Revell, Copyright © 1978 Kingsway’s Thankyou Music, Lottbridge Drove, Eastbourne, E.Sussex, BN23 6NT, UK. ","CT":"(Thank You Jesus ཞེས་པའི་དབྱིན་ཇིའི་བསྟོད་དབྱངས།) "}]}