{"title":{"AT":"72.གཙོ་བོས་ཇི་ལྟར་གསུངས་པ།","KT":"72. གཙོ་བོས་ཅི་འདྲ་གསུངས་པ། ","CT":"72.གཙོ་བོས་ཇི་ལྟར་གསུངས་པ།"},"author":"*","key":"*","lyrics":{"Verse":[{"line":[[{"phrase":{"AT":"        (Let it be to me ཞེས་པའི་དབྱིན་ཇིའི་བསྟོད་དབྱངས།) ","KT":"(Let it be to me ཞེས་པའི་དབྱིན་ཇིའི་བསྟོད་དབྱངས།)23 23 Graham Kendrick, Copyright © 1988 Make Way Music, PO Box 263, Croydon, Surrey CR9 5AP, UK. Used by permission ","CT":"(Let it be to me ཞེས་པའི་དབྱིན་ཇིའི་བསྟོད་དབྱངས།) "}}],[{"phrase":{"AT":"གཙོ་བོས་ཇི་ལྟར་གསུངས་པ་བཞིན་དུ་མཛད་པར་ཤོག ༢ ","KT":" གཙོ་བོས་ཅི་འདྲ་གསུངས་པ་བཞིན་དུ་མཛད་པར་ཤོག ༢ ","CT":"གཙོ་བོས་ཇི་ལྟར་གསུངས་པ་བཞིན་དུ་མཛོད་ཅིག ༢ "}}],[{"phrase":{"AT":"ང་ནི་གཙོ་བོའི་འཁོར་གཡོག་ཡིན།","KT":"ང་ནི་གཙོ་བོའི་འཁོར་གཡོག་ཡིན། ","CT":"ང་ནི་གཙོ་བོའི་འཁོར་གཡོག་ཡིན།"}}],[{"phrase":{"AT":"ངས་རང་ཉིད་གཙོ་བོ་ལ་འབུལ། ","KT":"ངས་རང་ཉིད་གཙོ་བོ་ལ་འབུལ། ","CT":"ངས་ང་རང་གཙོ་བོ་ལ་ཕུལ། "}}],[{"phrase":{"AT":"གཙོ་བོས་ཇི་ལྟར་གསུངས། གཙོ་བོས་ཇི་ལྟར་གསུངས།","KT":"གཙོ་བོས་ཅི་འདྲ་གསུངས། གཙོ་བོས་ཅི་འདྲ་གསུངས། ","CT":"གཙོ་བོས་ཇི་ལྟར་གསུངས། གཙོ་བོས་ཇི་ལྟར་གསུངས།"}}],[{"phrase":{"AT":"གཙོ་བོས་ཇི་ལྟར་གསུངས་པ་བཞིན་དུ་མཛད་པར་ཤོག ","KT":"གཙོ་བོས་ཅི་འདྲ་གསུངས་པ་བཞིན་དུ་མཛད་པར་ཤོག ","CT":"གཙོ་བོས་ཇི་ལྟར་གསུངས་པ་བཞིན་དུ་མཛོད་ཅིག "}}]],"label":"verse 1","id":1},{"line":[[{"phrase":{"AT":"ང་ཡི་སེམས་ཀྱིས་གཙོ་བོར་བསྟོད་པ་འབུལ་བཞིན་ཡོད། ༢","KT":" ང་ཡི་སེམས་ཀྱིས་གཙོ་བོར་བསྟོད་པ་འབུལ་བཞིན་ཡོད། ༢ ","CT":"ང་ཡི་སེམས་ཀྱིས་གཙོ་བོར་བསྟོད་པ་ཕུལ་གྱི་ཡོད། ༢"}}],[{"phrase":{"AT":"ཁོང་ང་ཡི་སྐྱབས་མགོན་ཡིན།","KT":"ཁོང་ང་ཡི་སྐྱབས་མགོན་ཡིན། ","CT":"ཁོང་ང་ཡི་སྐྱབས་མགོན་ཡིན།"}}],[{"phrase":{"AT":"ངས་ཁོང་ལ་ཡི་རང་ཞུ།","KT":"ངས་ཁོང་ལ་ཡི་རང་ཞུ། ","CT":"ངས་ཁོང་ལ་ཡིད་རང་ཞུ།"}}],[{"phrase":{"AT":"ང་ཡི་སེམས་ཉིད་ཀྱིས། ང་ཡི་སེམས་ཉིད་ཀྱིས།","KT":"ང་ཡི་སེམས་ཉིད་ཀྱིས། ང་ཡི་སེམས་ཉིད་ཀྱིས། ","CT":"ང་ཡི་སེམས་ཉིད་ཀྱིས། ང་ཡི་སེམས་ཉིད་ཀྱིས།"}}],[{"phrase":{"AT":"ང་ཡི་སེམས་ཀྱིས་གཙོ་བོར་བསྟོད་པ་འབུལ་བཞིན་ཡོད།","KT":"ང་ཡི་སེམས་ཀྱིས་གཙོ་བོར་བསྟོད་པ་འབུལ་བཞིན་ཡོད། ","CT":"ང་ཡི་སེམས་ཀྱིས་གཙོ་བོར་བསྟོད་པ་ཕུལ་གྱི་ཡོད།"}}]],"label":"verse 2","id":2},{"line":[[{"phrase":{"AT":"བླ་མེད་དཀོན་མཆོག་ལ་དད་གུས་འབྱུང་བར་ཤོག ༢","KT":" བླ་མེད་དཀོན་མཆོག་ལ་དད་གུས་འབྱུང་བར་ཤོག ༢ ","CT":"བླ་མེད་དཀོན་མཆོག་ལ་བསྙེན་བཀུར་འབྱུང་བར་ཤོག ༢"}}],[{"phrase":{"AT":"ས་གཞིར་ཁོང་དགྱེས་པ་ཀུན་ལ།","KT":"ས་གཞིར་ཁོང་དགྱེས་པ་ཀུན་ལ། ","CT":"ས་གཞིར་ཁོང་དགྱེས་པ་རྣམས་ལ།"}}],[{"phrase":{"AT":"ཞི་བདེ་འོང་བར་ཤོག ","KT":"ཞི་བདེ་འོང་བར་ཤོག ","CT":"ཞི་བདེ་འོང་བར་ཤོག "}}],[{"phrase":{"AT":"བླ་མེད་དཀོན་མཆོག་ལ། བླ་མེད་དཀོན་མཆོག་ལ།","KT":"བླ་མེད་དཀོན་མཆོག་ལ། བླ་མེད་དཀོན་མཆོག་ལ། ","CT":"བླ་མེད་དཀོན་མཆོག་ལ། བླ་མེད་དཀོན་མཆོག་ལ།"}}],[{"phrase":{"AT":"བླ་མེད་དཀོན་མཆོག་ལ་དད་གུས་འབྱུང་བར་ཤོག ","KT":"བླ་མེད་དཀོན་མཆོག་ལ་དད་གུས་འབྱུང་བར་ཤོག ","CT":"བླ་མེད་དཀོན་མཆོག་ལ་བསྙེན་བཀུར་འབྱུང་བར་ཤོག །"}}]],"label":"verse 3","id":3}]},"metadata":[]}