{"title":{"AT":"73.འཛམ་བུ་གླིང་གི་ཕྲུ་གུ་ཀུན་ལ།","KT":"73. འཛམ་བུ་གླིང་གི་ཕྲུ་གུ་ཀུན་ལ། ","CT":"73.འཛམ་བུ་གླིང་གི་ཕྲུ་གུ་ཀུན་ལ།"},"author":"*","key":"*","lyrics":{"Verse":[{"line":[[{"phrase":{"AT":"          (Jesus loves the little children ཞེས་པའི་དབྱིན་ཇིའི་བསྟོད་དབྱངས། ) DG Chorus 25","KT":"(Jesus loves the little children ཞེས་པའི་དབྱིན་ཇིའི་བསྟོད་དབྱངས། ) DG Chorus 25 ","CT":"(Jesus loves the little children ཞེས་པའི་དབྱིན་ཇིའི་བསྟོད་དབྱངས། ) DG Chorus 25"}}],[{"phrase":{"AT":"འཛམ་བུ་གླིང་གི་ཕྲུ་གུ་ཀུན་ལ།","KT":"འཛམ་བུ་གླིང་གི་ཕྲུ་གུ་ཀུན་ལ། ","CT":"འཛམ་བུ་གླིང་གི་ཕྲུ་གུ་ཀུན་ལ།"}}],[{"phrase":{"AT":"ཡེ་ཤུས་བྱམས་པ་གནང་བཞིན་ཡོད།","KT":"ཡེ་ཤུས་བྱམས་པ་གནང་བཞིན་ཡོད། ","CT":"ཡེ་ཤུས་བྱམས་པ་གནང་གི་ཡོད།"}}],[{"phrase":{"AT":"དམར་པོ་སེར་པོ་ནག་པོ་དཀར་པོ།","KT":"དམར་པོ་སེར་པོ་ནག་པོ་དཀར་པོ། ","CT":"དམར་པོ་སེར་པོ་ནག་པོ་དཀར་པོ།"}}],[{"phrase":{"AT":"དེ་རྣམས་གང་དུ་ཡོད་ན་ཡང་།","KT":"དེ་ཚོ་ཅི་འདྲ་ཡིན་ན་ཡང་། ","CT":"དེ་ཚོ་ག་རུ་ཡིན་ན་ཡང་།"}}],[{"phrase":{"AT":"ཁོང་གིས་ཚང་མ་ལ་བྱམས་པ་གནང་བཞིན་ཡོད།","KT":"ཁོང་གིས་ཚང་མ་ལ་བྱམས་པ་གནང་བཞིན་ཡོད། ","CT":"ཁོང་གིས་ཚང་མ་ལ་བྱམས་པ་གནང་གྱི་ཡོད།།"}}]],"label":"verse 1","id":1}]},"metadata":[]}