{"title":{"AT":"74.ཡ་ཧོ་ཝཱ་ལ་བསྟོད་པར་ཤོག ","KT":"74. ཡ་ཧོ་ཝ་ལ་བསྟོད་པར་ཤོག ","CT":"74.ཡ་ཧོ་ཝཱ་ལ་བསྟོད་པར་ཤོག "},"author":"*","key":"*","lyrics":{"Verse":[{"line":[[{"phrase":{"AT":"དམ་པའི་ཡབ་ཆེན་མཚན་ལ་བསྟོད་པར་ཤོག","KT":" དམ་པའི་ཡབ་ཆེན་མཚན་ལ་བསྟོད་པར་ཤོག ","CT":"དམ་པའི་ཡབ་ཆེན་མཚན་ལ་བསྟོད་པར་ཤོག"}}],[{"phrase":{"AT":"ཉིན་མཚན་མེད་པར་ཁོང་ལ་ཕྱག་འཚལ་གྱིས།","KT":"ཉིན་མཚན་མེད་པར་ཁོང་ལ་ཕྱག་འཚལ་གྱིས། ","CT":"ཉིན་མཚན་མེད་པར་ཁོང་ལ་ཕྱག་འཚལ་གྱིས།"}}],[{"phrase":{"AT":"འོད་ཟེར་ཞིང་ཁམས་དཀྱིལ་དུ་བཞུགས་པ་ཡི།","KT":"འོད་ཟེར་ཞིང་ཁམས་དཀྱིལ་དུ་བཞུགས་པ་ཡི། ","CT":"འོད་ཟེར་ཞིང་ཁམས་དཀྱིལ་ལ་བཞུགས་པ་ཡི།"}}],[{"phrase":{"AT":"ངེད་ཀྱི་ཡབ་ཆེན་ཁོང་ལ་བསྟོད་བསྔགས་འབུལ།","KT":"ང་ཚོའི་ཡབ་ཆེན་ཁོང་ལ་བསྟོད་བསྔགས་འབུལ། ","CT":"ང་ཚོའི་ཡབ་ཆེན་ཁོང་ལ་བསྟོད་བསྔགས་ཕུལ།"}}]],"label":"verse 1","id":1},{"line":[[{"phrase":{"AT":"ཡ་ཧོ་ཝཱ་ལ་་་གཙོ་བོའི་མཚན་ལ་བསྟོད་པར་ཤོག","KT":"་ཧོ་ཝ་ལ་་་གཙོ་བོའི་མཚན་ལ་བསྟོད་པར་ཤོག ","CT":"་ཧོ་ཝཱ་ལ་་་གཙོ་བོའི་མཚན་ལ་བསྟོད་པར་ཤོག"}}],[{"phrase":{"AT":"ཡ་ཧོ་ཝཱ་ལ་་་ཡེ་ཤུའི་མཚན་ལ་བསྟོད་པར་ཤོག ","KT":"ཡ་ཧོ་ཝ་ལ་་་ཡེ་ཤུའི་མཚན་ལ་བསྟོད་པར་ཤོག ","CT":"ཡ་ཧོ་ཝཱ་ལ་་་ཡེ་ཤུའི་མཚན་ལ་བསྟོད་པར་ཤོག "}}]],"label":"verse 2","id":2},{"line":[[{"phrase":{"AT":"རིན་ཆེན་སྐྱབས་མགོན་ཡེ་ཤུར་བསྟོད་པར་ཤོག","KT":" རིན་ཆེན་སྐྱབས་མགོན་ཡེ་ཤུར་བསྟོད་པར་ཤོག ","CT":"རིན་ཆེན་སྐྱབས་མགོན་ཡེ་ཤུར་བསྟོད་པར་ཤོག"}}],[{"phrase":{"AT":"རྒྱུན་ཆད་མེད་པར་ཁོང་ལ་བསྟོད་དབྱངས་ལེན།","KT":"རྒྱུན་ཆད་མེད་པར་ཁོང་ལ་བསྟོད་དབྱངས་ལེན། ","CT":"རྒྱུན་ཆད་མེད་པར་ཁོང་ལ་གླུ་དབྱངས་ལེན།"}}],[{"phrase":{"AT":"ཡབ་ཀྱི་ཕྱག་གཡས་སུ་བཞུགས་མཁན་དེ་ལ།","KT":"ཡབ་ཀྱི་ཕྱག་གཡས་སུ་བཞུགས་མཁན་དེ་ལ། ","CT":"ཡབ་ཀྱི་ཕྱག་གཡས་སུ་བཞུགས་མཁན་དེ་ལ།"}}],[{"phrase":{"AT":"ཁྱོད་ཀྱིས་ལག་པ་བརྐྱངས་ནས་བསྟོད་དབྱངས་ཕུལ།","KT":"ཁྱོད་ཀྱིས་ལག་པ་བརྐྱངས་ནས་བསྟོད་དབྱངས་ཕུལ། ","CT":"ཁྱེད་ཀྱིས་ལག་པ་བརྐྱངས་ནས་བསྟོད་དབྱངས་ཕུལ།"}}]],"label":"verse 3","id":3},{"line":[[{"phrase":{"AT":"ཡབ་སྲས་ཐུགས་ཉིད་གསུམ་ལ་བསྟོད་པར་ཤོག","KT":" ཡབ་སྲས་ཐུགས་ཉིད་གསུམ་ལ་བསྟོད་པར་ཤོག ","CT":"ཡབ་སྲས་ཐུགས་ཉིད་གསུམ་ལ་བསྟོད་པར་ཤོག"}}],[{"phrase":{"AT":"སྐྱིད་གླུ་སྙན་འཇེབས་གཏིང་ནས་ཁོང་ལ་འབུལ།","KT":"སྐྱིད་གླུ་སྙན་འཇེབས་གཏིང་ནས་ཁོང་ལ་འབུལ། ","CT":"སྐྱིད་གླུ་སྙན་འཇེབས་གཏིང་ནས་ཁོང་ལ་ཕུལ།"}}],[{"phrase":{"AT":"བདེན་པའི་མཆོད་པ་ཡིན་པའི་གསོན་པོ་དང་།","KT":"བདེན་པའི་མཆོད་པ་ཡིན་པའི་གསོན་པོ་དང་། ","CT":"བདེན་པའི་མཆོད་པ་ཡིན་པའི་གསོན་པོ་དང་།"}}],[{"phrase":{"AT":"ཡ་ཝཱེ་ལ་ཐུགས་མཉེས་པའི་མཆོད་པ་ཕུལ།","KT":"ཡ་ཝཱེ་ལ་ཐུགས་མཉེས་པའི་མཆོད་པ་ཕུལ། ","CT":"ཡ་ཝེ་ལ་ཐུགས་མཉེས་པའི་མཆོད་པ་ཕུལ།"}}]],"label":"verse 4","id":4},{"line":[[{"phrase":{"AT":"ཡ་ཧོ་ཝཱ་ལ་་་གཙོ་བོའི་མཚན་ལ་བསྟོད་པར་ཤོག","KT":"་ཧོ་ཝ་ལ་་་གཙོ་བོའི་མཚན་ལ་བསྟོད་པར་ཤོག ","CT":"་ཧོ་ཝཱ་ལ་་་གཙོ་བོའི་མཚན་ལ་བསྟོད་པར་ཤོག"}}],[{"phrase":{"AT":"ཡ་ཧོ་ཝཱ་ལ་་་ཡེ་ཤུའི་མཚན་ལ་བསྟོད་པར་ཤོག","KT":"ཡ་ཧོ་ཝ་ལ་་་ཡེ་ཤུའི་མཚན་ལ་བསྟོད་པར་ཤོག ","CT":"ཡ་ཧོ་ཝཱ་ལ་་་ཡེ་ཤུའི་མཚན་ལ་བསྟོད་པར་ཤོག"}}],[{"phrase":{"AT":"ཡ་ཧོ་ཝཱ་ལ། ཡ་ཧོ་ཝཱ་ལ། ཡ་ཧོ་ཝཱ་ལ། ཡ་ཧོ་ཝཱ་ལ།","KT":"ཡ་ཧོ་ཝ་ལ། ཡ་ཧོ་ཝ་ལ། ཡ་ཧོ་ཝ་ལ། ཡ་ཧོ་ཝ་ལ། ","CT":"ཡ་ཧོ་ཝཱ་ལ། ཡ་ཧོ་ཝཱ་ལ། ཡ་ཧོ་ཝཱ་ལ། ཡ་ཧོ་ཝཱ་ལ།།"}}]],"label":"verse 5","id":5}]},"metadata":[{"AT":"(དམ་པའི་ཡབ་ཆེན།)","KT":"(དམ་པའི་ཡབ་ཆེན།)","CT":"(དམ་པའི་ཡབ་ཆེན།)"},{"AT":"(བློ་རྣམ་གྱིས་བརྩམས་པའི་བསྟོད་དབྱངས།)","KT":"(བློ་རྣམ་གྱིས་བརྩམས་པའི་བསྟོད་དབྱངས།) ","CT":"(བློ་རྣམ་གྱིས་བརྩམས་པའི་བསྟོད་དབྱངས།)"}]}