{"title":{"AT":"75.ཡེ་ཤུ་ངས་ཁྱེད་ལ་ཚང་མ་འབུལ་རྒྱུ་ཡིན།","KT":"75. ཡེ་ཤུ་ངས་ཁྱེད་ལ་ཚང་མ་འབུལ་རྒྱུ་ཡིན། ","CT":"75.ཡེ་ཤུ་ང་ཁྱེད་ལ་ཚང་མ་ཕུལ་གྱི་ཡིན།"},"author":"*","key":"*","lyrics":{"Verse":[{"line":[[{"phrase":{"AT":"ཡེ་ཤུ་ངས་ཁྱེད་ལ་ཚང་མ་འབུལ་རྒྱུ་ཡིན།  ","KT":"ཡེ་ཤུ་ངས་ཁྱེད་ལ་ཚང་མ་འབུལ་རྒྱུ་ཡིན། ","CT":"ཡེ་ཤུ་ང་ཁྱེད་ལ་ཚང་མ་ཕུལ་གྱི་ཡིན།  "}}],[{"phrase":{"AT":"ཡེ་ཤུ་དཀོན་མཆོག་དྲང་པོ་ནི་གཅིག་ལས་མེད།","KT":"ཡེ་ཤུ་དཀོན་མཆོག་དྲང་པོ་ནི་གཅིག་ལས་མེད། ","CT":"ཡེ་ཤུ་དཀོན་མཆོག་དྲང་པོ་ནི་གཅིག་ལས་མེད།"}}],[{"phrase":{"AT":"ཁྱེད་གྲོངས་ནས་ཐར་བ་གནང་།","KT":"ཁྱེད་གྲོངས་ནས་ཐར་པ་གནང་། ","CT":"ཁྱེད་གྲོངས་ནས་ཐར་པ་གནང་།"}}],[{"phrase":{"AT":"ཁྱེད་རང་སྐུ་སླར་ཡང་གསོན།","KT":"ཁྱེད་རང་སྐུ་སླར་ཡང་གསོན། ","CT":"ཁྱེད་རང་སྐུ་གསོན་པོ་བཞེངས།"}}],[{"phrase":{"AT":"ཁྱེད་ཀྱི་ཞབས་དྲུང་དུ་ངས་ཕྱག་འཚལ་རྒྱུ་ཡིན།","KT":"ཁྱེད་ཀྱི་ཞབས་དྲུང་དུ་ངས་ཕྱག་འཚལ་རྒྱུ་ཡིན། ","CT":"ཁྱེད་ཀྱི་ཞབས་དྲུང་དུ་ང་ཕྱག་འཚལ་གྱི་ཡིན།།"}}]],"label":"verse 1","id":1}]},"metadata":[]}