{"title":{"AT":"76.ཡེ་ཤུ་ང་རྒྱ་གྲམ་རྩར་འདྲེན་རོགས།","KT":"76. ཡེ་ཤུ་ང་རྒྱ་གྲམ་རྩར་འདྲེན་རོགས། ","CT":"76.ཡེ་ཤུ་ང་རྒྱངས་ཤིང་རྩར་ཞོག"},"author":"*","key":"*","lyrics":{"Verse":[{"line":[[{"phrase":{"AT":"          (Jesus, Keep Me Near The Cross ཞེས་པའི་དབྱིན་ཇིའི་མགུར་གླུ།)   DG 145","KT":"(Jesus, Keep Me Near The Cross ཞེས་པའི་དབྱིན་ཇིའི་མགུར་གླུ།)24 DG 145 24 Fanny Crosby (1869) ","CT":"(Jesus, Keep Me Near The Cross ཞེས་པའི་དབྱིན་ཇིའི་མགུར་གླུ།)   DG 145"}}],[{"phrase":{"AT":"ཡེ་ཤུ་ང་རྒྱ་གྲམ་རྩར་འདྲེན་རོགས།","KT":" ཡེ་ཤུ་ང་རྒྱ་གྲམ་རྩར་འདྲེན་རོགས། ","CT":"ཡེ་ཤུ་ང་རྒྱངས་ཤིང་རྩར་ཞོག"}}],[{"phrase":{"AT":"རིན་ཆེན་ཆུ་མིག་འབབ་བཞིན་འདུག","KT":"རིན་ཆེན་ཆུ་མིག་འབབ་བཞིན་འདུག ","CT":"རིན་ཆེན་ཆུ་མིག་འབབ་ཀྱིན་འདུག"}}],[{"phrase":{"AT":"རིན་མེད་གསོ་ཆུ་ཀུན་གྱི་ཕྱིར།","KT":"རིན་མེད་གསོ་ཆུ་ཀུན་གྱི་ཕྱིར། ","CT":"རིན་མེད་གསོ་ཆུ་ཀུན་གྱི་ཕྱིར།"}}],[{"phrase":{"AT":"ནམ་མཁའ་ནས་བཞུར་གྱིན་འདུག","KT":"ནམ་མཁའ་ནས་བཞུར་གྱིན་འདུག ","CT":"ནམ་མཁའ་ནས་ལུད་ཀྱིན་འདུག"}}]],"label":"verse 1","id":1},{"line":[[{"phrase":{"AT":"ཤིང་རྒྱ་གྲམ་ནང་། ཤིང་རྒྱ་གྲམ་ནང་།","KT":"ིང་རྒྱ་གྲམ་ནང་། ཤིང་རྒྱ་གྲམ་ནང་། ","CT":"ྒྱངས་ཤིང་ནང་། རྒྱངས་ཤིང་ནང་།"}}],[{"phrase":{"AT":"དགའ་སྤྲོ་རྒྱུན་ཆད་མེད་པ།","KT":"དགའ་སྤྲོ་རྒྱུན་ཆད་མེད་པ། ","CT":"དགའ་སྤྲོ་རྒྱུན་ཆད་མེད་པ།"}}],[{"phrase":{"AT":"ངའི་སེམས་ལ་ནམ་མཁའི་ཞི་བདེ།","KT":"ངའི་སེམས་ལ་ནམ་མཁའི་ཞི་བདེ། ","CT":"ངའི་སེམས་ལ་ནམ་མཁའི་ཞི་བདེ།"}}],[{"phrase":{"AT":"ཐོབ་རག་བར་ངས་སྒུག་ཡོང་།","KT":"ཐོབ་རག་བར་ངས་སྒུག་ཡོང་། ","CT":"མ་ཐོབ་པར་ང་བསྒུག་ཡོང་།"}}]],"label":"verse 2","id":2},{"line":[[{"phrase":{"AT":"ངའི་སེམས་འདར་ཞིང་དེར་བཅར་བས།","KT":" ངའི་སེམས་འདར་ཞིང་དེར་བཅར་བས། ","CT":"ངའི་སེམས་འདར་ཞིང་དེར་བཅར་བས།"}}],[{"phrase":{"AT":"ཐུགས་རྗེ་དང་བྱིན་རླབས་ཐོབ།","KT":"ཐུགས་རྗེ་དང་བྱིན་རླབས་ཐོབ། ","CT":"ཐུགས་རྗེ་དང་བྱིན་རླབས་ཐོབ།"}}],[{"phrase":{"AT":"ཐོ་རངས་སྐར་ཆེན་བཀྲག་ཅན་གྱི།","KT":"ཐོ་རངས་སྐར་ཆེན་བཀྲག་ཅན་གྱི། ","CT":"ཐོ་རངས་སྐར་ཆེན་བཀྲག་ཅན་གྱི།"}}],[{"phrase":{"AT":"འོད་ཟེར་གྱིས་ང་ཁྱབ་བོ།།","KT":"འོད་ཟེར་གྱིས་ང་ཁྱབ་བོ། ","CT":"འོད་ཟེར་གྱིས་ང་ཁྱབ་བོ།"}}]],"label":"verse 3","id":3},{"line":[[{"phrase":{"AT":"ྱེ་ལུ་གུའི་ཤིང་རྒྱ་གྲམ་རྩར།","KT":"ཀྱེ་ལུ་གུའི་ཤིང་རྒྱ་གྲམ་རྩར། ","CT":"ྱེ་ལུ་གུའི་རྒྱངས་ཤིང་གི་རྩར།"}}],[{"phrase":{"AT":"ང་ལ་ཞལ་གཟིགས་ཤིག་གནོངས།","KT":"ང་ལ་ཞལ་གཟིགས་ཤིག་གནོངས། ","CT":"ང་ལ་ཞལ་གཟིགས་ཤིག་གནོངས།"}}],[{"phrase":{"AT":"ང་ཉིན་རེ་བཞིན་དུ་དེ་ཡི།","KT":"ང་ཉིན་རེ་བཞིན་དུ་དེ་ཡི། ","CT":"ང་ཉིན་རེ་བཞིན་དུ་དེ་ཡི།"}}],[{"phrase":{"AT":"གྲིབ་འོག་འགྲོ་བར་རོགས་གནོངས།","KT":"གྲིབ་འོག་འགྲོ་བར་རོགས་གནོངས། ","CT":"གྲིབ་འོག་འགྲོ་བར་རོགས་གནོངས།"}}]],"label":"verse 4","id":4},{"line":[[{"phrase":{"AT":"གཙང་པོའི་ཕར་ཁའི་གསེར་འགྲམ་དེར།","KT":" གཙང་པོའི་ཕར་ཁའི་གསེར་འགྲམ་དེར། ","CT":"གཙང་པོའི་ཕར་ཁའི་གསེར་འགྲམ་དེར།"}}],[{"phrase":{"AT":"ང་རང་བསླེབ་རག་བར་དུ།","KT":"ང་རང་བསླེབ་རག་བར་དུ། ","CT":"ང་མ་བསླེབ་པའི་བར་དུ།"}}],[{"phrase":{"AT":"བློ་གདེང་བསྐྱེད་ནས་ཤིང་རྒྱ་གྲམ་རྩར།","KT":"བློ་གདེང་བསྐྱེད་ནས་ཤིང་རྒྱ་གྲམ་རྩར། ","CT":"བློ་གདེང་བསྐྱེད་ནས་རྒྱངས་ཤིང་རྩར།"}}],[{"phrase":{"AT":"ངས་སྒུག་ནས་སྡོད་རྒྱུ་ཡིན།","KT":"ངས་བསྒུགས་ནས་སྡོད་རྒྱུ་ཡིན། ","CT":"ངས་བསྒུགས་ནས་སྡོད་ཀྱི་ཡིན།།"}}]],"label":"verse 5","id":5}]},"metadata":[]}