{"title":{"AT":"77.ཡེ་ཤུས་སྡིག་ཅན་རྣམས་འདྲེན་ཡོང་།","KT":"77. ཡེ་ཤུས་སྡིག་ཅན་རྣམས་འདྲེན་ཡོང་། ","CT":"77.ཡེ་ཤུས་སྡིག་ཅན་རྣམས་འདྲེན་ཡོང་།"},"author":"*","key":"*","lyrics":{"Verse":[{"line":[[{"phrase":{"AT":"ཡེ་ཤུས་སྡིག་ཅན་རྣམས་འདྲེན་ཡོང་།","KT":" ཡེ་ཤུས་སྡིག་ཅན་རྣམས་འདྲེན་ཡོང་། ","CT":"ཡེ་ཤུས་སྡིག་ཅན་རྣམས་འདྲེན་ཡོང་།"}}],[{"phrase":{"AT":"ལོན་འདི་མི་ཐམས་ཅད་ལ་ཤོད།","KT":"འཕྲིན་འདི་མི་ཐམས་ཅད་ལ་ཤོད། ","CT":"ལོན་འདི་མི་ཐམས་ཅད་ལ་ཤོད།"}}],[{"phrase":{"AT":"དེ་ཕྱིར་ང་ཚོ་ཡི་སྐྱབས་མགོན།","KT":"དེ་ཕྱིར་ང་ཚོ་ཡི་སྐྱབས་མགོན། ","CT":"དེ་ཕྱིར་ང་ཚོ་ཡི་སྐྱབས་མགོན།"}}],[{"phrase":{"AT":"འཇིག་རྟེན་འདི་ལ་ཕེབས་པ་ཡིན།","KT":"འཇིག་རྟེན་འདི་ལ་ཕེབས་པ་ཡིན། ","CT":"འཇིག་རྟེན་འདི་ལ་སྤྲུལ་པ་ཡིན།"}}]],"label":"verse 1","id":1},{"line":[[{"phrase":{"AT":"ཡེ་ཤུས་སྡིག་ཅན་རྣམས་འདྲེན་ཡོང་།","KT":"ེ་ཤུས་སྡིག་ཅན་རྣམས་འདྲེན་ཡོང་། ","CT":"ེ་ཤུས་སྡིག་ཅན་རྣམས་འདྲེན་ཡོང་།"}}],[{"phrase":{"AT":"ཡང་ནས་ཡང་དུ་དགའ་བར་ཤོག","KT":"ཡང་ནས་ཡང་དུ་དགའ་བར་ཤོག ","CT":"ཡང་ནས་ཡང་དུ་དགའ་བར་ཤོག"}}],[{"phrase":{"AT":"ཡེ་ཤུས་སྡིག་ཅན་རྣམས་འདྲེན་ཡོང་།","KT":"ཡེ་ཤུས་སྡིག་ཅན་རྣམས་འདྲེན་ཡོང་། ","CT":"ཡེ་ཤུས་སྡིག་ཅན་རྣམས་འདྲེན་ཡོང་།"}}],[{"phrase":{"AT":"ལོན་འདི་མི་ཐམས་ཅད་ལ་ཤོད།","KT":"འཕྲིན་འདི་མི་ཐམས་ཅད་ལ་ཤོད། ","CT":"ལོན་འདི་མི་ཐམས་ཅད་ལ་ཤོད།"}}]],"label":"verse 2","id":2},{"line":[[{"phrase":{"AT":"ཡེ་ཤུས་སྡིག་ཅན་རྣམས་བསྐྱབ་ཡོང་།","KT":" ཡེ་ཤུས་སྡིག་ཅན་རྣམས་བསྐྱབ་ཡོང་། ","CT":"ཡེ་ཤུས་སྡིག་ཅན་རྣམས་བསྐྱབ་ཡོང་།"}}],[{"phrase":{"AT":"ཁོང་ནི་ཁྱོད་འདྲེན་པར་བཞུགས་ཡོད།","KT":"ཁོང་ནི་ཁྱོད་འདྲེན་པར་བཞུགས་ཡོད། ","CT":"ཁོང་ནི་ཁྱེད་འདྲེན་པར་བཞུགས་ཡོད།"}}],[{"phrase":{"AT":"ཁྱོད་ཁོང་ལ་དད་པ་བྱེད་ན།","KT":"ཁྱོད་ཀྱིས་ཁོང་ལ་དད་པ་བྱེད་ན། ","CT":"ཁྱེད་ཁོང་ལ་དད་པ་བྱེད་ན།"}}],[{"phrase":{"AT":"ཁྱོད་ཀྱི་སྡིག་པ་རྣམས་བསལ་ཡོང་།","KT":"ཁྱོད་ཀྱི་སྡིག་པ་རྣམས་བསལ་ཡོང་། ","CT":"ཁྱེད་ཀྱི་སྡིག་པ་རྣམས་བསལ་ཡོང་།"}}]],"label":"verse 3","id":3},{"line":[[{"phrase":{"AT":"ཡེ་ཤུས་སྡིག་ཅན་རྣམས་འདྲེན་ཡོང་།","KT":"ེ་ཤུས་སྡིག་ཅན་རྣམས་འདྲེན་ཡོང་། ","CT":"ེ་ཤུས་སྡིག་ཅན་རྣམས་འདྲེན་ཡོང་།"}}],[{"phrase":{"AT":"ཡང་ནས་ཡང་དུ་དགའ་བར་ཤོག","KT":"ཡང་ནས་ཡང་དུ་དགའ་བར་ཤོག ","CT":"ཡང་ནས་ཡང་དུ་དགའ་བར་ཤོག"}}],[{"phrase":{"AT":"ཡེ་ཤུས་སྡིག་ཅན་རྣམས་འདྲེན་ཡོང་།","KT":"ཡེ་ཤུས་སྡིག་ཅན་རྣམས་འདྲེན་ཡོང་། ","CT":"ཡེ་ཤུས་སྡིག་ཅན་རྣམས་འདྲེན་ཡོང་།"}}],[{"phrase":{"AT":"ལོན་འདི་མི་ཐམས་ཅད་ལ་ཤོད།","KT":"འཕྲིན་འདི་མི་ཐམས་ཅད་ལ་ཤོད། ","CT":"ལོན་འདི་མི་ཐམས་ཅད་ལ་ཤོད།"}}]],"label":"verse 4","id":4},{"line":[[{"phrase":{"AT":"ཡེ་ཤུས་སྡིག་ཅན་རྣམས་འདྲེན་ཡོང་།","KT":" ཡེ་ཤུས་སྡིག་ཅན་རྣམས་འདྲེན་ཡོང་། ","CT":"ཡེ་ཤུས་སྡིག་ཅན་རྣམས་འདྲེན་ཡོང་།"}}],[{"phrase":{"AT":"ཤིན་ཏུ་བཙོག་པ་ཡིན་ན་ཡང་།  ","KT":"ཤིན་ཏུ་བཙོག་པ་ཡིན་ན་ཡང་། ","CT":"བཙོག་པ་ཞེ་དྲགས་ཡིན་ན་ཡང་།  "}}],[{"phrase":{"AT":"འགྱོད་སེམས་བཅངས་ནས་ཡོང་ན་ནི། ","KT":"འགྱོད་སེམས་བཅངས་ནས་ཡོང་ན་ནི། ","CT":"འགྱོད་སེམས་སྐྱེ་ནས་ཡོང་པ་ཡིན་ན། "}}],[{"phrase":{"AT":"ཁོང་གིས་དེ་ལ་སོང་མི་གསུང་།","KT":"ཁོང་གིས་དེ་ལ་སོང་མི་གསུང་། ","CT":"ཁོང་གིས་དེ་ལ་རྒྱུག་མི་གསུང་།"}}]],"label":"verse 5","id":5},{"line":[[{"phrase":{"AT":"ད་ལྟ་ཐར་བའི་ཉིན་མོ་ཡིན།","KT":" ད་ལྟ་ཐར་བའི་ཉིན་མོ་ཡིན། ","CT":"ད་ལྟ་ཐར་བའི་ཉིན་མོ་ཡིན།"}}],[{"phrase":{"AT":"ཐར་བའི་ཆུ་མིག་འབབ་ཀྱིན་འདུག","KT":"ཐར་བའི་ཆུ་མིག་འབབ་བཞིན་འདུག ","CT":"ཐར་པའི་ཆུ་མིག་ལུད་ཀྱི་འདུག"}}],[{"phrase":{"AT":"སུ་ལ་དགོས་ན་དེས་འཐུང་ཆོག ","KT":"སུ་ལ་དགོས་ན་དེས་འཐུང་ཆོག ","CT":"སུ་ལ་དགོས་ན་དེ་འཐུང་ཆོག "}}],[{"phrase":{"AT":"མཐའ་མེད་པའི་སྲོག་དེར་ཐོབ་ཡོང་།","KT":"མཐའ་མེད་པའི་སྲོག་དེར་ཐོབ་ཡོང་། ","CT":"མཐའ་མེད་པའི་སྲོག་དེར་ཐོབ་ཡོང་།"}}]],"label":"verse 6","id":6},{"line":[[{"phrase":{"AT":"སྡིག་པ་སྤངས་ནས་ཚུར་ཤོག་ལ། ","KT":" སྡིག་པ་སྤངས་ནས་ཚུར་ཤོག་ལ། ","CT":"སྡིག་པ་སྤངས་ནས་ཚུར་ལོག་ཤོག "}}],[{"phrase":{"AT":"ཁྱོད་ཀྱི་སེམས་ཡེ་ཤུ་ལ་ཕུལ།","KT":"ཁྱོད་ཀྱི་སེམས་ཡེ་ཤུ་ལ་ཕུལ། ","CT":"ཁྱེད་ཀྱི་སེམས་ཡེ་ཤུ་ལ་ཕུལ།"}}],[{"phrase":{"AT":"ངའི་རྩར་མགྱོགས་པོར་ཤོག་ཅིག་ཅེས། ","KT":"ངའི་རྩར་མགྱོགས་པོར་ཤོག་ཅིག་ཅེས། ","CT":"ཁོང་གིས་བྱམས་པའི་ཐོག་ནས་གསུང་། "}}],[{"phrase":{"AT":"ཁོང་གིས་བྱམས་པའི་ངང་ནས་གསུངས།","KT":"ཁོང་གིས་བྱམས་པའི་ངང་ནས་གསུངས། ","CT":"ངའི་རྩར་མགྱོགས་པོར་ཤོག་ཅིག་ཅེས།།"}}]],"label":"verse 7","id":7}]},"metadata":[{"AT":"(Sinners Jesus Will Receive ཞེས་པའི་བོད་དབྱིན་གཉིས་ཀྱི་བསྟོད་དབྱངས།) DG 32","KT":"(Sinners Jesus Will Receive ཞེས་པའི་བོད་དབྱིན་གཉིས་ཀྱི་བསྟོད་དབྱངས།) DG 32 ","CT":"(Sinners Jesus Will Receive ཞེས་པའི་བོད་དབྱིན་གཉིས་ཀྱི་བསྟོད་དབྱངས།) DG 32"}]}