{"title":{"AT":"78.ཡེ་ཤུ་མ་ཤི་ཀ་ནི།","KT":"78. ཡེ་ཤུ་མཱ་ཤི་ཀ་ནི། ","CT":"78.ཡེ་ཤུ་མཱ་ཤི་ཀ་ནི།"},"author":"*","key":"*","lyrics":{"Verse":[{"line":[[{"phrase":{"AT":"ཡེ་ཤུ་མ་ཤི་ཀ་ནི། ","KT":"ཡེ་ཤུ་མཱ་ཤི་ཀ་ནི། ","CT":"ཡེ་ཤུ་མཱ་ཤི་ཀ་ནི། "}}],[{"phrase":{"AT":"ཁ་སང་དང་དེ་རིང་དང་།","KT":"ཁ་སང་དང་དེ་རིང་དང་། ","CT":"ཁ་སང་དང་དེ་རིང་དང་།"}}],[{"phrase":{"AT":"དུས་རྒྱུན་དུ་ནམ་ཡང་འགྱུར་བ་མེད། ","KT":"དུས་རྒྱུན་དུ་ནམ་ཡང་འགྱུར་བ་མེད། ","CT":"དུས་རྒྱུན་དུ་འགྱུར་གྱི་མ་རེད། "}}],[{"phrase":{"AT":"ཁ་སང་དང་དེ་རིང་དང་།","KT":"ཁ་སང་དང་དེ་རིང་དང་། ","CT":"ཁ་སང་དང་དེ་རིང་དང་།"}}],[{"phrase":{"AT":"དུས་རྒྱུན་དུ་ནམ་ཡང་འགྱུར་བ་མེད། ","KT":"དུས་རྒྱུན་དུ་ནམ་ཡང་འགྱུར་བ་མེད། ","CT":"དུས་རྒྱུན་དུ་འགྱུར་གྱི་མ་རེད།། "}}]],"label":"verse 1","id":1}]},"metadata":[{"AT":"(རཱེ་གི་ནེས་བརྩམས་པའི་བསྟོད་དབྱངས།) ","KT":"(རཱེ་གི་ནེས་བརྩམས་པའི་བསྟོད་དབྱངས།) ","CT":"(རཱེ་གི་ནེས་བརྩམས་པའི་བསྟོད་དབྱངས།) "}]}