{"title":{"AT":"79.ཡེ་ཤུ་ཇི་འདྲའི་མཛའ་བརྩེ་ལྡན།","KT":"79. ཡེ་ཤུ་ཅི་འདྲའི་མཛའ་བརྩེ་ལྡན། ","CT":"79.ཡེ་ཤུ་མཛའ་བོ་ཇི་ལྟར་ཆེ་བ།"},"author":"*","key":"*","lyrics":{"Verse":[{"line":[[{"phrase":{"AT":"       (What a Friend we have in Jesus ཞེས་པའི་དབྱིན་ཇིའི་མགུར་གླུ། J.Scriven 1885) DG 34","KT":"(What a Friend we have in Jesus ཞེས་པའི་དབྱིན་ཇིའི་མགུར་གླུ། J.Scriven 1885) DG 34 ","CT":"(What a Friend we have in Jesus ཞེས་པའི་དབྱིན་ཇིའི་མགུར་གླུ། J.Scriven 1885) DG 34"}}],[{"phrase":{"AT":"ཡེ་ཤུ་ཇི་འདྲའི་མཛའ་བརྩེ་ལྡན་པ།","KT":" ཡེ་ཤུ་ཅི་འདྲའི་མཛའ་བརྩེ་ལྡན་པ། ","CT":"ཡེ་ཤུ་མཛའ་བོ་ཇི་ལྟར་ཆེ་བ།"}}],[{"phrase":{"AT":"ང་ཚོའི་སྡིག་བསྔལ་ཕྲག་ཏུ་བསྣམས།","KT":"ང་ཚོའི་སྡིག་བསྔལ་ཕྲག་ཏུ་བསྣམས། ","CT":"ང་ཚོའི་སྡིག་སྡུག་ཐམས་ཅད་བསྣམས།"}}],[{"phrase":{"AT":"དོན་ཀུན་དཀོན་མཆོག་ལ་ཞུ་ཆོག་པའི།","KT":"དོན་ཀུན་དཀོན་མཆོག་ལ་ཞུ་ཆོག་པའི། ","CT":"དོན་ཀུན་དཀོན་མཆོག་ལ་ཞུ་ཆོག་པའི།"}}],[{"phrase":{"AT":"གནང་སྦྱིན་དེ་ནི་ཅི་ལྟར་ཆེ།","KT":"གནང་སྦྱིན་དེ་ནི་ཅི་འདྲ་ཆེ། ","CT":"གནང་བ་དེ་ནི་ཅི་ལྟར་ཆེ།"}}],[{"phrase":{"AT":"ཀྱེ། དོན་མེད་པའི་སེམས་སྡུག་ཇི་ཙམ།","KT":"ཀྱེ། དོན་མེད་པའི་སེམས་སྡུག་ཇི་ཙམ། ","CT":"ཕན་ཐོག་མེད་པའི་སེམས་སྡུག་ཇི་ཙམ།"}}],[{"phrase":{"AT":"མཚམས་མཚམས་ང་ལ་ཅི་ལ་བྱུང་།","KT":"མཚམས་མཚམས་ང་ལ་ཅི་ལ་བྱུང་། ","CT":"མཚམས་མཚམས་ང་ལ་ཅི་ལ་བྱུང་།"}}],[{"phrase":{"AT":"ངས་དཀོན་མཆོག་ལ་མ་ཞུས་པའི་ཕྱིར།  ","KT":"ངས་དཀོན་མཆོག་ལ་མ་ཞུས་པའི་ཕྱིར། ","CT":"ངས་དཀོན་མཆོག་ལ་མ་ཞུ་བའི་ཕྱིར།  "}}],[{"phrase":{"AT":"སྡུག་བསྔལ་དེ་ཐམས་ཅད་བྱུང་ངོ་།།","KT":"སྡུག་བསྔལ་དེ་ཐམས་ཅད་བྱུང་ངོ་།། ","CT":"སྡུག་བསྔལ་དེ་ཐམས་ཅད་བྱུང་ངོ་།"}}]],"label":"verse 1","id":1},{"line":[[{"phrase":{"AT":"ང་ལ་སྡུག་བསྔལ་དང་ཉམས་ཚོད་ཀྱིས།","KT":" ང་ལ་སྡུག་བསྔལ་དང་ཉམས་ཚོད་ཀྱིས། ","CT":"ང་ཚོར་སྡུག་བསྔལ་དང་ཉམས་ཚོད་ཀྱིས།"}}],[{"phrase":{"AT":"བཅོ་ཐབས་མེད་པར་ཀུན་ནས་མནན།","KT":"བཅོ་ཐབས་མེད་པར་ཀུན་ནས་མནན། ","CT":"བཅོ་ཐབས་མེད་པར་ཀུན་ནས་མནན།"}}],[{"phrase":{"AT":"ང་ཚོའི་ཡིད་སེམས་ཕམ་མི་དགོས་ཏེ།","KT":"ང་ཚོའི་ཡིད་སེམས་ཕམ་མི་དགོས་ཏེ། ","CT":"ང་ཚོའི་སེམས་ཕམ་པར་མི་དགོས་ཏེ།"}}],[{"phrase":{"AT":"སྨོན་ལམ་བཏབ་ནས་གཙོ་བོར་གསོལ།","KT":"སྨོན་ལམ་བཏབ་ནས་གཙོ་བོར་གསོལ། ","CT":"སྨོན་ལམ་ཞུས་ནས་གཙོ་བོར་གསོལ།"}}],[{"phrase":{"AT":"ང་ལ་སྡུག་བསྔལ་བྱུང་བའི་དུས་སུ།","KT":"ང་ཚོར་སྡུག་བསྔལ་བྱུང་བའི་དུས་སུ། ","CT":"ང་ཚོར་སྡུག་བསྔལ་བྱུང་བའི་དུས་སུ།"}}],[{"phrase":{"AT":"ཁོང་དང་འདྲ་བ་སུ་ཡང་མེད།","KT":"ཁོང་དང་འདྲ་བ་སུ་ཡང་མེད། ","CT":"ཁོང་དང་འདྲ་བ་སུ་ཡང་མེད།"}}],[{"phrase":{"AT":"ཡེ་ཤུས་ང་ནུས་མེད་ཡིན་པ་མཁྱེན་པས།","KT":"ཡེ་ཤུས་ང་ནུས་མེད་ཡིན་པ་མཁྱེན་པས། ","CT":"ཡེ་ཤུས་ང་སྟོབས་མེད་ཡིན་མཁྱེན་པས།"}}],[{"phrase":{"AT":"ཞུ་ལམ་ནས་གཙོ་བོ་ལ་གསོལ། ","KT":"ཞུ་ལམ་ནས་གཙོ་བོ་ལ་གསོལ། ","CT":"ཞུ་ལམ་ནས་གཙོ་བོ་ལ་གསོལ། "}}]],"label":"verse 2","id":2},{"line":[[{"phrase":{"AT":"ང་ཚོ་ཉོན་མོངས་ཁུར་ལྕིས་མནན་ཞིང་།","KT":" ང་ཚོ་ཉོན་མོངས་ཁུར་ལྕིས་མནན་ཞིང་། ","CT":"ང་ཚོ་ཉོན་མོངས་ཁལ་ལྗིད་མནན་ཞིང་།"}}],[{"phrase":{"AT":"སེམས་ཁྲེལ་མང་བས་སྡུག་བསྔལ་ཆེ།","KT":"སེམས་ཁྲེལ་མང་བས་སྡུག་བསྔལ་ཆེ། ","CT":"སེམས་ཁྲལ་མང་བས་སྡུག་བསྔལ་ཆེ།"}}],[{"phrase":{"AT":"སྐྱབས་མགོན་མཆོག་ལ་སྐྱབས་སུ་འགྲོའོ།།","KT":"སྐྱབས་མགོན་མཆོག་ལ་སྐྱབས་སུ་འགྲོའོ། ","CT":"སྐྱབས་མགོན་རིན་ཆེན་ལ་སྐྱབས་སུ་འགྲོ།"}}],[{"phrase":{"AT":"སྨོན་ལམ་འདེབས་ཤིང་ཁོང་ལ་ཞུ།","KT":"སྨོན་ལམ་འདེབས་ཤིང་ཁོང་ལ་ཞུ། ","CT":"སྨོན་ལམ་འདེབས་ཤིང་ཁོང་ལ་ཞུ།"}}],[{"phrase":{"AT":"གྲོགས་པོ་རྣམས་ཀྱིས་ང་ཚོ་སྤང་དུས།","KT":"གྲོགས་པོ་རྣམས་ཀྱིས་ང་ཚོ་སྤང་དུས། ","CT":"གྲོགས་པོ་རྣམས་ཀྱིས་ང་ཚོ་སྤང་དུས།"}}],[{"phrase":{"AT":"གཙོ་བོས་མཁྱེན་པས་ཁོང་ལ་ཞུས།","KT":"གཙོ་བོས་མཁྱེན་པས་ཁོང་ལ་ཞུས། ","CT":"གཙོ་བོས་མཁྱེན་པས་ཁོང་ལ་ཞུས།"}}],[{"phrase":{"AT":"ང་ཚོའི་ཁུར་བོ་ཇེ་ཡང་མཛད་ཅིང་།","KT":"ང་ཚོའི་ཁུར་པོ་ཇེ་ཡང་མཛད་ཅིང་། ","CT":"ང་ཚོའི་ཁུར་པོ་ཡང་པོ་མཛད་ཅིང་།"}}],[{"phrase":{"AT":"ཁོང་གིས་ང་ལ་ཞི་བདེ་གནང་།","KT":"ཁོང་གིས་ང་ལ་ཞི་བདེ་གནང་། ","CT":"ཁོང་གིས་ང་ཚོར་ཞི་བདེ་གནང་།།"}}]],"label":"verse 3","id":3}]},"metadata":[]}