{"title":{"AT":"8.སྐྱབས་མགོན་གཙོ་བོ་ཡེ་ཤུ། ༡","KT":"8. སྐྱབས་མགོན་གཙོ་བོ་ཡེ་ཤུ། ༡ ","CT":"8.སྐྱབས་མགོན་གཙོ་བོ་ཡེ་ཤུ། ༡"},"author":"*","key":"*","lyrics":{"Verse":[{"line":[[{"phrase":{"AT":"སྐྱབས་མགོན་གཙོ་བོ་ཡེ་ཤུ།","KT":" སྐྱབས་མགོན་གཙོ་བོ་ཡེ་ཤུ། ","CT":"སྐྱབས་མགོན་གཙོ་བོ་ཡེ་ཤུ།"}}],[{"phrase":{"AT":"བླ་ན་མེད་པའི་དཀོན་མཆོག","KT":"བླ་ན་མེད་པའི་དཀོན་མཆོག ","CT":"བླ་ན་མེད་པའི་དཀོན་མཆོག"}}],[{"phrase":{"AT":"ཁོང་ནི་ང་ཚོ་ལ་ཅི་ལྟར་བྱམས་སོང་།","KT":"ཁོང་ནི་ང་ཚོ་ལ་ཅི་འདྲ་བྱམས་སོང་། ","CT":"ཁོང་ནི་ང་ཚོ་ལ་ག་འདྲ་བྱམས་སོང་།"}}],[{"phrase":{"AT":"ང་ཚོ་ཁོང་ལ་དགའ་ཞིང་། ","KT":"ང་ཚོ་ཁོང་ལ་དགའ་ཞིང་། ","CT":"ང་ཚོ་ཁོང་ལ་དགའ་ཞིང་། "}}],[{"phrase":{"AT":"ཁོང་གི་བཀའ་ལ་ཉན་ན། ","KT":"ཁོང་གི་བཀའ་ལ་ཉན་ན། ","CT":"ཁོང་གི་བཀའ་ལ་ཉན་ན། "}}],[{"phrase":{"AT":"ཁོང་གིས་ང་ཚོ་ལ་དབང་གནང་བར་འགྱུར།","KT":"ཁོང་གིས་ང་ཚོ་ལ་དབང་གནང་བར་འགྱུར། ","CT":"ཁོང་གིས་ང་ཚོ་ལ་དབང་གནང་གི་རེད།"}}],[{"phrase":{"AT":"སྐྱབས་མགོན་གཙོ་བོ་ཡེ་ཤུ།","KT":"སྐྱབས་མགོན་གཙོ་བོ་ཡེ་ཤུ། ","CT":"སྐྱབས་མགོན་གཙོ་བོ་ཡེ་ཤུ།"}}],[{"phrase":{"AT":"བླ་ན་མེད་པའི་དཀོན་མཆོག","KT":"བླ་ན་མེད་པའི་དཀོན་མཆོག ","CT":"བླ་ན་མེད་པའི་དཀོན་མཆོག"}}],[{"phrase":{"AT":"ཁོང་ནི་ང་ཚོ་ལ་ཅི་ལྟར་བྱམས་སོང་།","KT":"ཁོང་ནི་ང་ཚོ་ལ་ཅི་འདྲ་བྱམས་སོང་། ","CT":"ཁོང་ནི་ང་ཚོ་ལ་ག་འདྲ་བྱམས་སོང་།"}}],[{"phrase":{"AT":"ང་ཚོའི་སྐྱབས་མགོན་ཡེ་ཤུ།","KT":"ང་ཚོའི་སྐྱབས་མགོན་ཡེ་ཤུ། ","CT":"ང་ཚོའི་སྐྱབས་མགོན་ཡེ་ཤུ།"}}],[{"phrase":{"AT":"ཁོང་ལ་དད་པ་བྱེད་ན།","KT":"ཁོང་ལ་དད་པ་བྱེད་ན། ","CT":"ཁོང་ལ་དད་པ་བྱེད་ན།"}}],[{"phrase":{"AT":"ང་ཚོའི་མི་ཚེ་སྐྱིད་པོ་ཡོང་བ་རེད།","KT":"ང་ཚོའི་མི་ཚེ་སྐྱིད་པོ་ཡོང་བ་རེད། ","CT":"ང་ཚོའི་མི་ཚེ་སྐྱིད་པོ་ཡོང་གི་རེད།"}}],[{"phrase":{"AT":"ཅི་ལྟར་འཐོབ་ཡོང་ཞེ་ན།","KT":"ཅི་འདྲ་བྱས་ནས་ཟེར་ན། ","CT":"ག་རེ་བྱས་ནས་ཟེར་ན།"}}],[{"phrase":{"AT":"ཁོང་ལས་གཟི་བརྗིད་ཆེན་པོ་སུ་ཡང་མེད།","KT":"ཁོང་ལས་གཟི་བརྗིད་ཆན་བ་སུ་ཡང་མེད། ","CT":"ཁོང་ལས་གཟི་བརྗིད་ཆེན་པོ་སུ་ཡང་མེད།"}}]],"label":"verse 1","id":1},{"line":[[{"phrase":{"AT":"ོང་ལ་དད་པ་བྱེད་མཁན།","KT":"ཁོང་ལ་དད་པ་བྱེད་མཁན། ","CT":"ོང་ལ་དད་པ་བྱེད་མཁན།"}}],[{"phrase":{"AT":"སུ་ཡང་རིགས་མཐོ་དམན་མེད།","KT":"སུ་ཡང་རིགས་མཐོ་དམན་མེད། ","CT":"སུ་ཡང་རིགས་མཐོ་ཆུང་མེད།"}}],[{"phrase":{"AT":"ཁོང་གི་ཐར་ལམ་ཅི་འདྲའི་ཡངས་ཨང་།","KT":"ཁོང་གི་ཐར་ལམ་ཅི་འདྲ་བྱམས་པོ། ","CT":"ཁོང་གི་ཐར་ལམ་གང་འདྲ་བྱམས་པོ།"}}],[{"phrase":{"AT":"ཁོང་གིས་ང་ཚོ་ཚང་མར།","KT":"ཁོང་གིས་ང་ཚོ་ཚང་མར། ","CT":"ཁོང་གིས་ང་ཚོ་ཚང་མར།"}}],[{"phrase":{"AT":"བྱིན་རླབས་གནང་བྱུང་། ","KT":"བྱིན་རླབས་གནང་བྱུང་། ","CT":"བྱིན་རླབས་གནང་བྱུང་། "}}],[{"phrase":{"AT":"ང་ཚོས་ཁོང་ལ་གསོལ་བ་འདེབ་རྒྱུ་ཡིན།","KT":"ང་ཚོས་ཁོང་ལ་གསོལ་བ་འདེབས་རྒྱུ་ཡིན། ","CT":"ང་ཚོས་ཁོང་ལ་སྨོན་ལམ་རྒྱག་ཀྱི་ཡིན།"}}]],"label":"verse 2","id":2}]},"metadata":[{"AT":"(བོད་པའི་བསྟོད་དབྱངས།)","KT":"(བོད་པའི་བསྟོད་དབྱངས།) ","CT":"(བོད་པའི་བསྟོད་དབྱངས།)"}]}