{"title":{"AT":"80.ཡེ་ཤུས་ཇི་ལྟར་གསུངས་པ་རེད། ","KT":"80. ཡེ་ཤུས་ཅི་འདྲ་གསུངས་པ་རེད། ","CT":"80.ཡེ་ཤུས་ག་རེ་གསུངས་པ་རེད། "},"author":"*","key":"*","lyrics":{"Verse":[{"line":[[{"phrase":{"AT":"ཡེ་ཤུས་ཇི་ལྟར་གསུངས་པ་རེད། ལ་ཡ་ཡི་ལ་སོ།","KT":" ཡེ་ཤུས་ཅི་འདྲ་གསུངས་པ་རེད། ལ་ཡ་ཡི་ལ་སོ། ","CT":"ཡེ་ཤུས་ག་རེ་གསུངས་པ་རེད། ལ་ཡ་ཡི་ལ་སོ།"}}],[{"phrase":{"AT":"ཁྱོད་རང་སྐོམ་པས་གདུང་ན།","KT":"ཁྱོད་རང་སྐོམ་པ་ཡིན་ན། ","CT":"ཁྱེད་རང་ཁ་སྐོམ་པ་ཡིན་ན།"}}]],"label":"verse 1","id":1},{"line":[[{"phrase":{"AT":"ཨ་སྐོམ་པས་གདུང་ན་ང་ཡི་རྩར།","KT":"་སྐོམ་པ་ཡིན་ན་ང་ཡི་རྩ་ལ། ","CT":"་སྐོམ་པ་ཡིན་ན་སྨོན་ལམ་བརྒྱབ་ནས།"}}],[{"phrase":{"AT":"བསླེབ་ཤོག་ང་ཡིས་ཁྱོད་ལ།","KT":"བསླེབ་ཤོག་ང་ཡིས་ཁྱོད་ལ། ","CT":"ངའི་རྩར་ཤོག་ང་ཡིས་ཁྱེད་ལ།"}}],[{"phrase":{"AT":"གསོན་པོའི་ཆུ་དེ་སྤྲད་ཡོང་། ༢","KT":"གསོན་པོའི་ཆུ་དེ་སྤྲད་ཡོང་། ༢ ","CT":"གསོན་པོའི་ཆུ་དེ་སྤྲད་ཡོང་། ༢"}}]],"label":"verse 2","id":2},{"line":[[{"phrase":{"AT":"ཡེ་ཤུས་ཇི་ལྟར་གསུངས་པ་རེད། ལ་ཡ་ཡི་ལ་སོ།","KT":" ཡེ་ཤུས་ཅི་འདྲ་གསུངས་པ་རེད། ལ་ཡ་ཡི་ལ་སོ། ","CT":"ཡེ་ཤུས་ག་རེ་གསུངས་པ་རེད། ལ་ཡ་ཡི་ལ་སོ།"}}],[{"phrase":{"AT":"ཁྱོད་ནི་ངའི་རྩར་བསླེབས་ན།","KT":"ཁྱོད་ནི་ངའི་རྩར་བསླེབས་ན། ","CT":"ཁྱེད་རང་ངའི་རྩ་ལ་ཕེབས་ན།"}}]],"label":"verse 3","id":3},{"line":[[{"phrase":{"AT":"ཨ་ངའི་རྩར་བསླེབས་ན་དམ་པའི་ཐུགས་ཉིད།","KT":"་ངའི་རྩར་བསླེབས་ན་དམ་པའི་ཐུགས་ཉིད། ","CT":"འི་རྩ་ལ་ཕེབས་ན་དམ་པའི་ཐུགས་ཉིད།"}}],[{"phrase":{"AT":"ཁྱོད་རང་ལ་གནང་ཞིང་།","KT":"ཁྱོད་རང་ལ་གནང་ཞིང་། ","CT":"ཁྱེད་རང་ལ་ཕེབས་ཞིང་།"}}],[{"phrase":{"AT":"ཁོང་ཉིད་ཁྱོད་ནང་བཞུགས་ཡོང་། ༢","KT":"ཁོང་ཉིད་ཁྱོད་ནང་བཞུགས་ཡོང་། ༢ ","CT":"ཁོང་ཉིད་ཁྱེད་ནང་བཞུགས་ཡོང་། ༢"}}],[{"phrase":{"AT":"(མགྱོགས་གཞས།)","KT":"(མགྱོགས་གཞས།) ","CT":"(མགྱོགས་གཞས།)"}}]],"label":"verse 4","id":4},{"line":[[{"phrase":{"AT":"ཡེ་ཤུས་ཇི་ལྟར་གསུངས་པ་རེད། ༢ ","KT":" ཡེ་ཤུས་ཅི་འདྲ་གསུངས་པ་རེད། ༢ ","CT":"ཡེ་ཤུས་ག་རེ་གསུངས་པ་རེད། ༢ "}}],[{"phrase":{"AT":"ངའི་རྩ་ལ་ཕེབས་ཤོག","KT":"ངའི་རྩ་ལ་ཕེབས་ཤོག ","CT":"ངའི་རྩ་ལ་ཕེབས་ཤོག"}}],[{"phrase":{"AT":"ཨ་་་ང་ཡིས་ཁྱོད་ལ་གསོན་པོའི་ཆུ་དེ་སྤྲོད་རྒྱུ་ཡིན། ","KT":"ང་ཡིས་་་ཁྱོད་ལ་གསོན་པོའི་ཆུ་དེ་སྤྲོད་རྒྱུ་ཡིན། ","CT":"ཨ་་་ཁྱེད་ལ་ང་ཡིས་གསོན་པོའི་ཆུ་དེ་སྤྲད་ཀྱི་ཡིན། "}}],[{"phrase":{"AT":"ཨ་་་ང་ཡིས་ཁྱོད་ལ་གསོན་པོའི་ཆུ་དེ་སྤྲོད་རྒྱུ་ཡིན། ","KT":"ང་ཡིས་་་ཁྱོད་ལ་གསོན་པོའི་ཆུ་དེ་སྤྲོད་རྒྱུ་ཡིན། ","CT":"ཨ་་་ཁྱེད་ལ་ང་ཡིས་གསོན་པོའི་ཆུ་དེ་སྤྲད་ཀྱི་ཡིན། "}}]],"label":"verse 5","id":5},{"line":[[{"phrase":{"AT":"ཡེ་ཤུས་ཇི་ལྟར་གསུངས་པ་རེད། ༢ ","KT":" ཡེ་ཤུས་ཅི་འདྲ་གསུངས་པ་རེད། ༢ ","CT":"ཡེ་ཤུས་ག་རེ་གསུངས་པ་རེད། ༢ "}}],[{"phrase":{"AT":"ངའི་རྩ་ལ་ཕེབས་ཤོག","KT":"ངའི་རྩ་ལ་ཕེབས་ཤོག ","CT":"ངའི་རྩ་ལ་ཕེབས་ཤོག"}}],[{"phrase":{"AT":"ཨ་་་དམ་པའི་ཐུགས་ཉིད་ཁྱོད་ཀྱི་ནང་དུ་བཞུགས་པར་འགྱུར།","KT":"དམ་པའི་ཐུགས་ཉིད་ཁྱོད་ཀྱི་ནང་དུ་བཞུགས་པར་འགྱུར། ","CT":"ཨ་་་དམ་པའི་ཐུགས་ཉིད་ཁྱེད་ཀྱི་སེམས་ནང་བཞུགས་ཀྱི་རེད།"}}],[{"phrase":{"AT":"ཨ་་་དམ་པའི་ཐུགས་ཉིད་ཁྱོད་ཀྱི་ནང་དུ་བཞུགས་པར་འགྱུར།  ","KT":"དམ་པའི་ཐུགས་ཉིད་ཁྱོད་ཀྱི་ནང་དུ་བཞུགས་པར་འགྱུར། ","CT":"ཨ་་་དམ་པའི་ཐུགས་ཉིད་ཁྱེད་ཀྱི་སེམས་ནང་བཞུགས་ཀྱི་རེད།།  "}}]],"label":"verse 6","id":6}]},"metadata":[{"AT":"(ཚིག་བློ་རྣམ་གྱིས་བརྩམས་པ། བོད་པའི་གདངས།)","KT":"(ཚིག་བློ་རྣམ་གྱིས་བརྩམས་པ། བོད་པའི་གདངས།) ","CT":"(ཚིག་བློ་རྣམ་གྱིས་བརྩམས་པ། བོད་པའི་གདངས།)"},{"AT":"(དལ་གཞས།)","KT":"(དལ་གཞས།) ","CT":"(དལ་གཞས།)"}]}