{"title":{"AT":"81.ཡེ་ཤུས་ང་ལ་བྱམས་པ་གནང་།","KT":"81. ཡེ་ཤུས་ང་ལ་བྱམས་པ་གནང་། ","CT":"81.ཡེ་ཤུས་ང་ལ་བྱམས་པར་གནང་།"},"author":"*","key":"*","lyrics":{"Verse":[{"line":[[{"phrase":{"AT":"       (Jesus Loves Me ཞེས་པའི་དབྱིན་ཇིའི་བྱིས་པའི་བསྟོད་དབྱངས།)   DG 13","KT":"(Jesus Loves Me ཞེས་པའི་དབྱིན་ཇིའི་བྱིས་པའི་བསྟོད་དབྱངས།)25 DG 13 25 Anna B. Warner (1860) ","CT":"(Jesus Loves Me ཞེས་པའི་དབྱིན་ཇིའི་བྱིས་པའི་བསྟོད་དབྱངས།)   DG 13"}}],[{"phrase":{"AT":"ཡེ་ཤུས་ང་ལ་བྱམས་པ་གནང་།","KT":" ཡེ་ཤུས་ང་ལ་བྱམས་པ་གནང་། ","CT":"ཡེ་ཤུས་ང་ལ་བྱམས་པར་གནང་།"}}],[{"phrase":{"AT":"གསུང་རབ་ནང་དུ་གསུང་གིན་འདུག","KT":"གསུང་རབ་ནང་དུ་གསུང་གི་འདུག ","CT":"གསུང་རབ་ནང་ལ་གསུང་གི་འདུག"}}],[{"phrase":{"AT":"ཕྲུ་གུ་རྣམས་ཁོང་གི་ཡིན་ཏེ།","KT":"ཕྲུ་གུ་རྣམས་ཁོང་གི་ཡིན་ཏེ། ","CT":"ཕྲུ་གུ་རྣམས་ཁོང་གི་ཡིན་ཏེ།"}}],[{"phrase":{"AT":"དེ་ཚོའི་སྟོབས་ཆུང་ཁོང་ནི་ཆེ།","KT":"དེ་ཚོའི་སྟོབས་ཆུང་ཁོང་ནི་ཆེ། ","CT":"དེ་ཚོའི་སྟོབས་ཆུང་ཁོང་ནི་ཆེ།"}}]],"label":"verse 1","id":1},{"line":[[{"phrase":{"AT":"ཡེ་ཤུས་ང་ལ་བྱམས་སོ།།  ","KT":"ེ་ཤུས་ང་ལ་བྱམས་སོ། ","CT":"ེ་ཤུས་ང་ལ་བྱམས་སོ།  "}}],[{"phrase":{"AT":"ཡེ་ཤུས་ཁྱོད་ལ་བྱམས་སོ།། ","KT":"ཡེ་ཤུས་ཁྱོད་ལ་བྱམས་སོ། ","CT":"ཡེ་ཤུས་ཁྱེད་ལ་བྱམས་སོ། "}}],[{"phrase":{"AT":"ཡེ་ཤུས་ང་ལ་བྱམས་སོ།། ","KT":"ཡེ་ཤུས་ང་ལ་བྱམས་སོ། ","CT":"ཡེ་ཤུས་ང་ལ་བྱམས་སོ། "}}],[{"phrase":{"AT":"དམ་ཆོས་ལ་བྲིས་ནས་འདུག","KT":"དམ་ཆོས་ལ་བྲིས་ནས་འདུག ","CT":"དམ་ཆོས་ལ་བྲིས་ནས་འདུག"}}]],"label":"verse 2","id":2},{"line":[[{"phrase":{"AT":"ཡེ་ཤུ་ངའི་དོན་དུ་གྲོངས་ནས།","KT":" ཡེ་ཤུ་ངའི་དོན་དུ་གྲོངས་ནས། ","CT":"ཡེ་ཤུ་ངའི་དོན་གྲོངས་པ་ཡིན།"}}],[{"phrase":{"AT":"ནམ་མཁའི་རྒྱལ་སྒོ་ཕྱེས་པ་ཡིན།","KT":"ནམ་མཁའི་རྒྱལ་སྒོ་ཕྱེས་པ་ཡིན། ","CT":"ནམ་མཁའི་རྒྱལ་སྒོ་ཕྱེ་བ་ཡིན།"}}],[{"phrase":{"AT":"ངས་ཁོང་ལ་དད་པ་བྱེད་ན།","KT":"ངས་ཁོང་ལ་དད་པ་བྱེད་ན། ","CT":"ངས་ཁོང་ལ་དད་པ་བྱེད་ན།"}}],[{"phrase":{"AT":"ང་ཡི་སྡིག་པ་འདག་པར་འགྱུར། ","KT":"ང་ཡི་སྡིག་པ་འདག་པར་འགྱུར། ","CT":"ང་ཡི་སྡིག་པ་འདག་པར་འགྱུར། "}}]],"label":"verse 3","id":3},{"line":[[{"phrase":{"AT":"ཡེ་ཤུས་ང་ལ་རྒྱུན་དུ་བྱམས།","KT":" ཡེ་ཤུས་ང་ལ་རྒྱུན་དུ་བྱམས། ","CT":"ཡེ་ཤུས་ང་ལ་རྒྱུན་དུ་བྱམས།"}}],[{"phrase":{"AT":"རྒྱུན་དུ་ང་ལ་བདག་སྐྱོང་གནང་།","KT":"རྒྱུན་དུ་ང་ལ་བདག་སྐྱོང་གནང་། ","CT":"རྒྱུན་དུ་ང་ལ་ཅག་ག་གནང་།"}}],[{"phrase":{"AT":"ཤི་བའི་བར་ཁོང་ལ་དགའ་ན།","KT":"ཤི་བའི་བར་ཁོང་ལ་དགའ་ན། ","CT":"ཤི་བའི་བར་ཁོང་ལ་བྱམས་ན།"}}],[{"phrase":{"AT":"ཁོང་གིས་ང་ནམ་མཁར་འདྲེན་ཡོང་།","KT":"ཁོང་གིས་ང་ནམ་མཁར་འདྲེན་ཡོང་། ","CT":"ཁོང་གིས་ང་ནམ་མཁར་འདྲེན་ཡོང་།།"}}]],"label":"verse 4","id":4}]},"metadata":[]}