{"title":{"AT":"82.ཡོང་གིན་ཡོང་གིན་ཡོང་གིན་འདུག","KT":"82. ཡོང་བཞིན་ཡོང་བཞིན་ཡོང་བཞིན་འདུག ","CT":"82.ཡོང་གིན་ཡོང་གིན་ཡོང་གིན་འདུག"},"author":"*","key":"*","lyrics":{"Verse":[{"line":[[{"phrase":{"AT":"       (Coming, Coming ཞེས་པའི་བོད་དབྱིན་གཉིས་ཀྱི་བསྟོད་དབྱངས།) DG 95","KT":"(Coming, Coming ཞེས་པའི་བོད་དབྱིན་གཉིས་ཀྱི་བསྟོད་དབྱངས།) DG 95 ","CT":"(Coming, Coming ཞེས་པའི་བོད་དབྱིན་གཉིས་ཀྱི་བསྟོད་དབྱངས།) DG 95"}}],[{"phrase":{"AT":"ཡོང་གིན་ཡོང་གིན་ཡོང་གིན་འདུག","KT":"ཡོང་བཞིན་ཡོང་བཞིན་ཡོང་བཞིན་འདུག ","CT":"ཡོང་གིན་ཡོང་གིན་ཡོང་གིན་འདུག"}}],[{"phrase":{"AT":"ཐག་རིང་ཡུལ་ནས་ཡོང་གིན་འདུག ༢","KT":"ཐག་རིང་ཡུལ་ནས་ཡོང་བཞིན་འདུག ༢ ","CT":"ཐག་རིང་ཡུལ་ནས་ཡོང་གིན་འདུག ༢"}}],[{"phrase":{"AT":"ཡུལ་ཐག་རིང་དང་ནགས་འཐུག་པོ་ནས།","KT":" ཡུལ་ཐག་རིང་དང་ནགས་འཐུག་པོ་ནས། ","CT":"ཡུལ་ཐག་རིང་དང་ནགས་འཐུག་པོ་ནས།"}}],[{"phrase":{"AT":"ཨ་ཧྥི་རི་ཀ་ཡི་སྤུན་ཐམས་ཅད། ༢","KT":"ཨ་ཧྥི་རི་ཀ་ཡི་སྤུན་ཐམས་ཅད། ༢ ","CT":"གླིང་ཆེན་ཨཕ་རི་ཀའི་སྤུན་ཐམས་ཅད། ༢"}}],[{"phrase":{"AT":"གཙོ་བོ་ཡེ་ཤུའི་བྱམས་པས་འཐེན་ནས།","KT":"གཙོ་བོ་ཡེ་ཤུའི་བྱམས་པས་འཐེན་ནས། ","CT":"གཙོ་བོ་ཡེ་ཤུའི་བྱམས་པས་འཐེན་ནས།"}}],[{"phrase":{"AT":"ཤིང་རྒྱ་གྲམ་དྲུང་དུ་སྐྱབས་འཚོལ་ཕྱིར། ༢","KT":"ཤིང་རྒྱ་གྲམ་དྲུང་དུ་སྐྱབས་འཚོལ་ཕྱིར། ༢ ","CT":"རྒྱངས་ཤིང་དྲུང་དུ་སྐྱབས་འཚོལ་ཕྱིར། ༢"}}]],"label":"verse 1","id":1},{"line":[[{"phrase":{"AT":"གྲོང་ཁྱེར་དང་གྲོང་གསེབ་ཀྱི་ཕྱོགས་ནས། ","KT":" གྲོང་ཁྱེར་དང་གྲོང་གསེབ་ཀྱི་ཕྱོགས་ནས། ","CT":"གྲོང་ཁྱེར་དང་གྲོང་གསེབ་ཀྱི་ཕྱོགས་ནས། "}}],[{"phrase":{"AT":"གཙོ་བོ་ཡེ་ཤུའི་མཚན་འཚོལ་གྱིན། ༢","KT":"གཙོ་བོ་ཡེ་ཤུའི་མཚན་འཚོལ་བཞིན། ༢ ","CT":"གཙོ་བོ་ཡེ་ཤུའི་མཚན་འཚོལ་གྱིན། ༢"}}],[{"phrase":{"AT":"བོད་ཡུལ་གྱི་མི་རྣམས་ཀྱང་བསླེབ་ཡོང་།","KT":"བོད་ཡུལ་གྱི་མི་རྣམས་ཀྱང་བསླེབ་ཡོང་། ","CT":"བོད་ཡུལ་གྱི་མི་རྣམས་ཀྱང་སླེབ་ཡོང་།"}}],[{"phrase":{"AT":"ཡེ་ཤུར་སྐྱབས་སུ་འགྲོ་བའི་ཕྱིར། ༢","KT":"ཡེ་ཤུར་སྐྱབས་སུ་འགྲོ་བའི་ཕྱིར། ༢ ","CT":"ཡེ་ཤུར་སྐྱབས་སུ་འགྲོ་བའི་ཕྱིར། ༢"}}]],"label":"verse 2","id":2},{"line":[[{"phrase":{"AT":"རྒྱ་གར་ལུང་པའི་ཡུལ་ལྗོངས་ནས་ཀྱང་།","KT":" རྒྱ་གར་ལུང་པའི་ཡུལ་ལྗོངས་ནས་ཀྱང་། ","CT":"རྒྱ་གར་ལུང་པའི་ཡུལ་ལྗོངས་ནས་ཀྱང་།"}}],[{"phrase":{"AT":"གཙང་པོ་བཞིན་དུ་བསླེབ་ཡོང་ལགས། ༢","KT":"གཙང་པོ་བཞིན་དུ་བསླེབ་ཡོང་ལགས། ༢ ","CT":"གཙང་པོ་བཞིན་དུ་སླེབ་ཡོང་ལགས། ༢"}}],[{"phrase":{"AT":"ཤིང་རྒྱ་གྲམ་གྱི་གཏམ་ཉན་གྱིན་ཉན་གྱིན།","KT":"ཤིང་རྒྱ་གྲམ་གྱི་གཏམ་ལ་ཉན་བཞིན། ","CT":"རྒྱངས་ཤིང་གི་གཏམ་ཉན་གྱིན་ཉན་གྱིན།"}}],[{"phrase":{"AT":"ཡེ་ཤུའི་དྲུང་དུ་གནས་པའི་ཕྱིར། ༢","KT":"ཡེ་ཤུའི་དྲུང་དུ་གནས་པའི་ཕྱིར། ༢ ","CT":"ཡེ་ཤུའི་དྲུང་དུ་གནས་པའི་ཕྱིར། ༢"}}]],"label":"verse 3","id":3},{"line":[[{"phrase":{"AT":"དབྱིན་ཇི་ལུང་པའི་མི་རྣམས་བསླེབ་ཡོང་།","KT":" དབྱིན་ཇི་ལུང་པའི་མི་རྣམས་བསླེབ་ཡོང་། ","CT":"དབྱིན་ཇི་ལུང་པའི་མི་རྣམས་སླེབ་ཡོང་།"}}],[{"phrase":{"AT":"ཐར་བ་དང་ངལ་གསོ་འཚོལ་གྱིན། ༢","KT":"ཐར་བ་དང་ངལ་གསོ་འཚོལ་བཞིན། ༢ ","CT":"ཐར་པ་དང་ངལ་གསོ་འཚོལ་གྱིན། ༢"}}],[{"phrase":{"AT":"གཙོ་བོ་ཡེ་ཤུའི་བྱམས་པའི་ཕྱག་འོག","KT":"གཙོ་བོ་ཡེ་ཤུའི་བྱམས་པའི་ཕྱག་འོག ","CT":"གཙོ་བོ་ཡེ་ཤུའི་བྱམས་པའི་ཕྱག་འོག"}}],[{"phrase":{"AT":"རང་གི་སེམས་པ་འབུལ་བའི་ཕྱིར། ༢","KT":"རང་གི་སེམས་པ་འབུལ་བའི་ཕྱིར། ༢ ","CT":"རང་གི་སེམས་པ་ཕུལ་བའི་ཕྱིར། ༢"}}]],"label":"verse 4","id":4},{"line":[[{"phrase":{"AT":"གངས་ཅན་ཡུལ་གྱི་མི་རྣམས་བསླེབ་ཡོང་།","KT":" གངས་ཅན་ཡུལ་གྱི་མི་རྣམས་བསླེབ་ཡོང་། ","CT":"གངས་ཅན་ཡུལ་གྱི་མི་རྣམས་སླེབ་ཡོང་།"}}],[{"phrase":{"AT":"ཡོང་གིན་ཡོང་གིན་འབྱོར་གྱིན་འདུག ༢","KT":"ཡོང་གིན་ཡོང་གིན་འབྱོར་བཞིན་འདུག ༢ ","CT":"ཡོང་གིན་ཡོང་གིན་འབྱོར་གྱིན་འདུག ༢"}}],[{"phrase":{"AT":"ཡེ་ཤུའི་དྲུང་དུ་ཉི་དྲོད་ཐོབ་ནས།","KT":"ཡེ་ཤུའི་དྲུང་དུ་ཉི་དྲོད་ཐོབ་ནས། ","CT":"ཡེ་ཤུའི་དྲུང་དུ་ཉི་དྲོད་ཐོབ་ནས།"}}],[{"phrase":{"AT":"དེར་རྟག་ཏུ་བདེ་བ་ཐོབ་ཡོང་། ༢","KT":"དེར་རྒྱུན་དུ་བདེ་བ་ཐོབ་ཡོང་། ༢ ","CT":"དེར་རྒྱུན་དུ་བདེ་བ་ཐོབ་ཡོང་། ༢"}}]],"label":"verse 5","id":5},{"line":[[{"phrase":{"AT":"སྐྱབས་མགོན་ཡེ་ཤུའི་མཚན་ལ་བསྟོད་སྔོགས།","KT":" སྐྱབས་མགོན་ཡེ་ཤུའི་མཚན་ལ་བསྟོད་སྔོགས། ","CT":"སྐྱབས་མགོན་ཡེ་ཤུའི་མཚན་ལ་བསྟོད་སྔོགས།"}}],[{"phrase":{"AT":"ངེད་བདེ་བའི་ཞིང་དུ་བསླེབ་ཡོང་། ༢","KT":"ངེད་བདེ་བའི་ཞིང་དུ་བསླེབ་ཡོང་། ༢ ","CT":"བདེ་བའི་ཞིང་དུ་ངེད་སླེབ་ཡོང་། ༢"}}],[{"phrase":{"AT":"ང་ཚོའི་བསྟོད་པ་ང་ཚོའི་ལྷན་འཛོམས།","KT":"ང་ཚོའི་བསྟོད་པ་ང་ཚོའི་ལྷན་འཛོམས། ","CT":"ལྷན་འཛོམས་ཆེད་དུ་བསྟོད་པ་ཕུལ་ནས།"}}],[{"phrase":{"AT":"རྒྱུན་དུ་བྲལ་མེད་གནས་པར་འགྱུར། ༢","KT":"རྒྱུན་དུ་བྲལ་མེད་གནས་པར་འགྱུར། ༢ ","CT":"རྒྱུན་དུ་འབྲལ་མེད་གནས་པར་འགྱུར།། ༢"}}]],"label":"verse 6","id":6}]},"metadata":[]}