{"title":{"AT":"83.རང་སྲོག་སྐྱོབ་མཁན་དེས།","KT":"83. རང་སྲོག་སྐྱོབ་མཁན་དེས། ","CT":"83.རང་སྲོག་སྐྱོབ་མཁན་དེས།"},"author":"*","key":"*","lyrics":{"Verse":[{"line":[[{"phrase":{"AT":"རང་སྲོག་སྐྱོབ་མཁན་དེས།","KT":" རང་སྲོག་སྐྱོབ་མཁན་དེས། ","CT":"རང་སྲོག་སྐྱོབ་མཁན་དེས།"}}],[{"phrase":{"AT":"རང་སྲོག་བརླག་པར་འགྱུར།","KT":"རང་སྲོག་བརླག་པར་འགྱུར། ","CT":"རང་སྲོག་བརླག་པར་འགྱུར།"}}],[{"phrase":{"AT":"ངའི་དོན་དུ་རང་སྲོག་འདོར་མཁན་དེ།","KT":"ངའི་དོན་དུ་རང་སྲོག་འདོར་མཁན་དེ། ","CT":"ངའི་དོན་རང་སྲོག་རླག་མཁན་དེ།"}}],[{"phrase":{"AT":" རང་སྲོག་སྐྱོབ་པར་འགྱུར།","KT":"རང་སྲོག་སྐྱོབ་པར་འགྱུར། ","CT":" རང་སྲོག་རྙེད་པར་འགྱུར།"}}]],"label":"verse 1","id":1},{"line":[[{"phrase":{"AT":"ངའི་རྗེས་སུ་འབྲང་བར།","KT":"འི་རྗེས་སུ་འབྲང་བར། ","CT":"འི་རྗེས་སུ་འབྲང་བར།"}}],[{"phrase":{"AT":"འདོད་པ་ཡོད་ན།","KT":"འདོད་པ་ཡོད་ན། ","CT":"འདོད་པ་ཡོད་ན།"}}],[{"phrase":{"AT":"བདག་འཛིན་སྤོངས་ལ་རང་གི ","KT":"བདག་འཛིན་སྤོངས་ལ་རང་གི ","CT":"བདག་འཛིན་སྤོངས་ལ་རང་གི "}}],[{"phrase":{"AT":"ཤིང་རྒྱ་གྲམ་འཁུར་ལ་ཤོག","KT":"ཤིང་རྒྱ་གྲམ་འཁུར་ལ་ཤོག ","CT":"རྒྱངས་ཤིང་འཁུར་ནས་ཕེབས་ཤོག"}}]],"label":"verse 2","id":2},{"line":[[{"phrase":{"AT":"ཆེན་པོར་འགྱུར་འདོད་པ་དེ།","KT":" ཆེན་པོར་འགྱུར་འདོད་པ་དེ། ","CT":"ཆེན་པོར་འགྱུར་འདོད་པ་དེ།"}}],[{"phrase":{"AT":"ཞབས་ཕྱི་རུ་འགྱུར་དགོས་ཤིང་།","KT":"ཞབས་ཕྱི་རུ་འགྱུར་དགོས་ཤིང་། ","CT":"ཞབས་ཕྱིར་འགྱུར་དགོས་རེད།"}}],[{"phrase":{"AT":"དང་པོར་འགྱུར་འདོད་པ་དེ་ནི།","KT":"དང་པོར་འགྱུར་འདོད་པ་དེ་ནི། ","CT":"དང་པོར་འགྱུར་འདོད་པ་དེ་ནི།"}}],[{"phrase":{"AT":"ཀུན་གྱི་གཡོག་པོ་ཡིན།  ","KT":"ཀུན་གྱི་གཡོག་པོ་ཡིན། ","CT":"ཚང་མའི་གཡོག་པོ་ཡིན།  "}}]],"label":"verse 3","id":3},{"line":[[{"phrase":{"AT":"ངའི་རྗེས་སུ་འབྲང་བར།","KT":"འི་རྗེས་སུ་འབྲང་བར། ","CT":"འི་རྗེས་སུ་འབྲང་བར།"}}],[{"phrase":{"AT":"འདོད་པ་ཡོད་ན།","KT":"འདོད་པ་ཡོད་ན། ","CT":"འདོད་པ་ཡོད་ན།"}}],[{"phrase":{"AT":"བདག་འཛིན་སྤོངས་ལ་རང་གི ","KT":"བདག་འཛིན་སྤོངས་ལ་རང་གི ","CT":"བདག་འཛིན་སྤོངས་ལ་རང་གི "}}],[{"phrase":{"AT":"ཤིང་རྒྱ་གྲམ་འཁུར་ལ་ཤོག","KT":"ཤིང་རྒྱ་གྲམ་འཁུར་ལ་ཤོག ","CT":"རྒྱངས་ཤིང་འཁུར་ནས་ཕེབས་ཤོག"}}]],"label":"verse 4","id":4},{"line":[[{"phrase":{"AT":"མ་ཤི་ཀ་ནི་འཇིག་རྟེན་དུ། ","KT":" མཱ་ཤི་ཀ་ནི་འཇིག་རྟེན་ལ། ","CT":"མཱ་ཤི་ཀ་ནི་འཇིག་རྟེན་དུ། "}}],[{"phrase":{"AT":"ཞབས་ཕྱི་ཐོབ་པར་མིན་ཏེ།","KT":"ཞབས་ཕྱི་ཐོབ་པར་མིན་ཏེ། ","CT":"ཞབས་ཕྱི་ཐོབ་པར་མ་ཡིན།"}}],[{"phrase":{"AT":"ཞབས་ཕྱི་སྒྲུབ་ཅིང་མང་པོའི་ཚབ་ལ།","KT":"ཞབས་ཕྱི་སྒྲུབ་ཅིང་མང་པོའི་ཚབ་ལ། ","CT":"ཞབས་ཕྱི་ཞུ་ཞིང་མང་པོའི་ཚབ་ལ།"}}],[{"phrase":{"AT":"རང་སྲོག་གནང་བར་ཕེབས་བྱུང་།","KT":"རང་སྲོག་ཕུལ་བར་ཕེབས་བྱུང་། ","CT":"རང་སྲོག་ཕུལ་བར་ཕེབས་བྱུང་།།"}}]],"label":"verse 5","id":5}]},"metadata":[{"AT":"(བློ་རྣམ་གྱིས་བརྩམས་པའི་བསྟོད་དབྱངས།)","KT":"(བློ་རྣམ་གྱིས་བརྩམས་པའི་བསྟོད་དབྱངས།) ","CT":"(བློ་རྣམ་གྱིས་བརྩམས་པའི་བསྟོད་དབྱངས།)"}]}