{"title":{"AT":"84.རི་དེར་ཡར་ལ་འགོས་ནས།","KT":"84. རི་དེར་ཡར་ལ་འཛེགས་ནས། ","CT":"84.རི་དེར་ཡར་ལ་འཛེགས་ནས།"},"author":"*","key":"*","lyrics":{"Verse":[{"line":[[{"phrase":{"AT":"རི་དེར་ཡར་ལ་འགོས་ནས། ཨ་ཧ་ལ།","KT":" རི་དེར་ཡར་ལ་འགོས་ནས། ཨ་ཧ་ལ། ","CT":"རི་དེར་ཡར་ལ་འཛེགས་ནས། ཨ་ཧ་ལ།"}}],[{"phrase":{"AT":"ཨ་ཞང་པ་སངས་དང་ཕྲད་བྱུང་ཧ་ལེ་ལོའུ་ཡཱ།","KT":"ཨ་ཞང་པ་སངས་དང་ཐུག་བྱུང་ཧ་ལེ་ལོའུ་ཡཱ། ","CT":"“ཨ་ཞང་པ་སངས་ལགས་”མཇལ་བྱུང་ཧཱ་ལེ་ལུ་ཡཱ།"}}],[{"phrase":{"AT":"ཡེ་ཤུ་ལ་དད་པ་ཡོད་པས།","KT":"ཡེ་ཤུ་ལ་དད་པ་ཡོད་པས། ","CT":"ཡེ་ཤུ་ལ་དད་པ་ཡོད་པས།"}}],[{"phrase":{"AT":"ཁོང་ཉིད་དེ་རུ་བཞུགས་ཡོད།","KT":"ཁོང་ཉིད་དེ་ན་བཞུགས་ཡོད། ","CT":"ཁོང་ཉིད་དེར་ཡང་བཞུགས་ཡོད།"}}],[{"phrase":{"AT":"ཨ་ཧ་ཨ་ཧ། ཧ་ལེ་ལོའུ་ཡཱ།","KT":"ཨ་ཧ་ཨ་ཧ། ཧ་ལེ་ལོའུ་ཡཱ། ","CT":"ཨ་ཧ་ཨ་ཧ། ཧཱ་ལེ་ལུ་ཡཱ།"}}],[{"phrase":{"AT":"ཨ་ཧ་ཨ་ཧ། སྐྱབས་མགོན་ཡེ་ཤུ་བཞུགས་ཡོད། ","KT":"ཨ་ཧ་ཨ་ཧ། སྐྱབས་མགོན་ཡེ་ཤུ་བཞུགས་ཡོད། ","CT":"ཨ་ཧ་ཨ་ཧ། སྐྱབས་མགོན་ཡེ་ཤུ་བཞུགས་ཡོད། "}}]],"label":"verse 1","id":1},{"line":[[{"phrase":{"AT":"གྲོང་དེར་མར་ལ་བབས་ནས། ཨ་ཧ་ལ། ","KT":" གྲོང་དེར་མར་ལ་བབས་ནས། ཨ་ཧ་ལ། ","CT":"གྲོང་དེར་མར་ལ་བབས་ནས། ཨ་ཧ་ལ། "}}],[{"phrase":{"AT":"མི་ཚང་སྐལ་བཟང་དང་ཕྲད་བྱུང་ཧ་ལེ་ལོའུ་ཡཱ།","KT":"མི་ཚང་སྐལ་བཟང་དང་ཐུག་བྱུང་ཧ་ལེ་ལོའུ་ཡཱ། ","CT":"མི་ཚང་སྐལ་བཟང་ལགས་མཇལ་བྱུང་ཧཱ་ལེ་ལུ་ཡཱ།"}}],[{"phrase":{"AT":"ཡེ་ཤུ་ལ་དད་པ་ཡོད་པས།","KT":"ཡེ་ཤུ་ལ་དད་པ་ཡོད་པས། ","CT":"ཡེ་ཤུ་ལ་དད་པ་ཡོད་པས།"}}],[{"phrase":{"AT":"ཁོང་ཉིད་དེར་ཡང་བཞུགས་ཡོད།","KT":"ཁོང་ཉིད་དེར་ཡང་བཞུགས་ཡོད། ","CT":"ཁོང་ཉིད་དེར་ཡང་བཞུགས་ཡོད།"}}],[{"phrase":{"AT":"    9ཨ་ཧ་ཨ་ཧ། ཧ་ལེ་ལོའུ་ཡཱ།","KT":"ཨ་ཧ་ཨ་ཧ། ཧ་ལེ་ལོའུ་ཡཱ། ","CT":"undefined    ཨ་ཧ་ཨ་ཧ། ཧཱ་ལེ་ལུ་ཡཱ།"}}],[{"phrase":{"AT":"ཨ་ཧ་ཨ་ཧ། སྐྱབས་མགོན་ཡེ་ཤུ་བཞུགས་ཡོད། ","KT":"ཨ་ཧ་ཨ་ཧ། སྐྱབས་མགོན་ཡེ་ཤུ་བཞུགས་ཡོད། ","CT":"ཨ་ཧ་ཨ་ཧ། སྐྱབས་མགོན་ཡེ་ཤུ་བཞུགས་ཡོད།། "}}]],"label":"verse 2","id":2},{"line":[[{"phrase":{"AT":"རྒྱ་མཚོའི་ཕར་ལ་བརྒལ་ནས། ཨ་ཧ་ལ། ","KT":" རྒྱ་མཚོའི་ཕར་ལ་བརྒལ་ནས། ཨ་ཧ་ལ། ","CT":"རྒྱ་མཚོའི་ཕར་ལ་བརྒལ་ནས། ཨ་ཧ་ལ། "}}],[{"phrase":{"AT":"གྲོགས་པོ་གསར་བ་དང་ཕྲད་བྱུང་ཧ་ལེ་ལོའུ་ཡཱ།","KT":"གྲོགས་པོ་གསར་པ་དང་ཐུག་བྱུང་ཧ་ལེ་ལོའུ་ཡཱ། ","CT":"གྲོགས་པོ་གསར་པ་དང་ཐུག་བྱུང་ཧཱ་ལེ་ལུ་ཡཱ།"}}],[{"phrase":{"AT":"ཡེ་ཤུ་ལ་དད་པ་ཡོད་པས།","KT":"ཡེ་ཤུ་ལ་དད་པ་ཡོད་པས། ","CT":"ཡེ་ཤུ་ལ་དད་པ་ཡོད་པས།"}}],[{"phrase":{"AT":"ཁོང་ཉིད་དེར་ཡང་བཞུགས་ཡོད།","KT":"ཁོང་ཉིད་དེར་ཡང་བཞུགས་ཡོད། ","CT":"ཁོང་ཉིད་དེར་ཡང་བཞུགས་ཡོད།"}}],[{"phrase":{"AT":"ཨ་ཧ་ཨ་ཧ། ཧ་ལེ་ལོའུ་ཡཱ།","KT":"ཨ་ཧ་ཨ་ཧ། ཧ་ལེ་ལོའུ་ཡཱ། ","CT":"ཨ་ཧ་ཨ་ཧ། ཧཱ་ལེ་ལུ་ཡཱ།"}}],[{"phrase":{"AT":"ཨ་ཧ་ཨ་ཧ། སྐྱབས་མགོན་ཡེ་ཤུ་བཞུགས་ཡོད། ","KT":"ཨ་ཧ་ཨ་ཧ། སྐྱབས་མགོན་ཡེ་ཤུ་བཞུགས་ཡོད། ","CT":"ཨ་ཧ་ཨ་ཧ། སྐྱབས་མགོན་ཡེ་ཤུ་བཞུགས་ཡོད། "}}]],"label":"verse 3","id":3},{"line":[[{"phrase":{"AT":"ཤར་ཕྱོགས་ཡུལ་འདིར་བསླེབས་ནས།  ཨ་ཧ་ལ།","KT":" ཤར་ཕྱོགས་ཡུལ་འདིར་བསླེབས་ནས། ཨ་ཧ་ལ། ","CT":"ཤར་ཕྱོགས་ཡུལ་འདིར་བསླེབས་ནས།  ཨ་ཧ་ལ།"}}],[{"phrase":{"AT":"ཁྱེད་ཚོ་ཚང་མ་དང་ཕྲད་བྱུང་ཧ་ལེ་ལོའུ་ཡཱ། ","KT":"ཁྱེད་ཚོ་ཚང་མ་དང་ཐུག་བྱུང་ཧ་ལེ་ལོའུ་ཡཱ། ","CT":"ཁྱེད་ཚོ་ཚང་མ་དང་ཐུག་བྱུང་ཧཱ་ལེ་ལུ་ཡཱ། "}}],[{"phrase":{"AT":"ཡེ་ཤུ་ལ་དད་པ་བྱེད་ན།","KT":"ཡེ་ཤུ་ལ་དད་པ་བྱེད་ན། ","CT":"ཡེ་ཤུ་ལ་དད་པ་བྱེད་ན།"}}],[{"phrase":{"AT":"ཁོང་ཉིད་འདིར་ཡང་བཞུགས་ཡོད།","KT":"ཁོང་ཉིད་འདིར་ཡང་བཞུགས་ཡོད། ","CT":"ཁོང་ཉིད་འདིར་ཡང་བཞུགས་ཡོད།"}}],[{"phrase":{"AT":"ཨ་ཧ་ཨ་ཧ། ཧ་ལེ་ལོའུ་ཡཱ།","KT":"ཨ་ཧ་ཨ་ཧ། ཧ་ལེ་ལོའུ་ཡཱ། ","CT":"ཨ་ཧ་ཨ་ཧ། ཧཱ་ལེ་ལུ་ཡཱ།"}}],[{"phrase":{"AT":"ཨ་ཧ་ཨ་ཧ། སྐྱབས་མགོན་ཡེ་ཤུ་བཞུགས་ཡོད།","KT":"ཨ་ཧ་ཨ་ཧ། སྐྱབས་མགོན་ཡེ་ཤུ་བཞུགས་ཡོད། ","CT":"ཨ་ཧ་ཨ་ཧ། སྐྱབས་མགོན་ཡེ་ཤུ་བཞུགས་ཡོད།"}}]],"label":"verse 4","id":4},{"line":[[{"phrase":{"AT":"མི་ཚེ་འདི་ཉིད་རྫོགས་ནས། ཨ་ཧ་ལ། ","KT":" མི་ཚེ་འདི་ཉིད་རྫོགས་ནས། ཨ་ཧ་ལ། ","CT":"མི་ཚེ་འདི་ཉིད་རྫོགས་ནས། ཨ་ཧ་ལ། "}}],[{"phrase":{"AT":"ནམ་མཁའི་རྒྱལ་པོ་ལགས་མཇལ་ཡོང་ཧ་ལེ་ལོའུ་ཡཱ།","KT":"ནམ་མཁའི་རྒྱལ་པོ་ལགས་མཇལ་ཡོང་ཧ་ལེ་ལོའུ་ཡཱ། ","CT":"ནམ་མཁའི་རྒྱལ་པོ་ལགས་མཇལ་ཡོང་ཧཱ་ལེ་ལུ་ཡཱ།"}}],[{"phrase":{"AT":"ཡེ་ཤུ་ལ་དད་པ་བྱེད་ན།","KT":"ཡེ་ཤུ་ལ་དད་པ་བྱེད་ན། ","CT":"ཡེ་ཤུ་ལ་དད་པ་བྱེད་ན།"}}],[{"phrase":{"AT":"ཁོང་དང་མཉམ་དུ་སྡོད་ཡོང་།","KT":"ཁོང་དང་མཉམ་དུ་སྡོད་ཡོང་། ","CT":"ཁོང་དང་མཉམ་དུ་བསྡད་ཡོང་།"}}],[{"phrase":{"AT":"ཨ་ཧ་ཨ་ཧ། ཧ་ལེ་ལོའུ་ཡཱ།","KT":"ཨ་ཧ་ཨ་ཧ། ཧ་ལེ་ལོའུ་ཡཱ། ","CT":"ཨ་ཧ་ཨ་ཧ། ཧཱ་ལེ་ལུ་ཡཱ།"}}],[{"phrase":{"AT":"ཨ་ཧ་ཨ་ཧ། ཁོང་དང་མཉམ་དུ་སྡོད་ཡོང་།","KT":"ཨ་ཧ་ཨ་ཧ། ཁོང་དང་མཉམ་དུ་སྡོད་ཡོང་། ","CT":"ཨ་ཧ་ཨ་ཧ། ཁོང་དང་མཉམ་དུ་བསྡད་ཡོང་།།"}}]],"label":"verse 5","id":5}]},"metadata":[{"AT":"(བློ་རྣམ་གྱིས་བརྩམས་པའི་བསྟོད་དབྱངས།)","KT":"(བློ་རྣམ་གྱིས་བརྩམས་པའི་བསྟོད་དབྱངས།) ","CT":"(བློ་རྣམ་གྱིས་བརྩམས་པའི་བསྟོད་དབྱངས།)"}]}