{"title":{"AT":"85.ལོངས་ཤིག་ལོངས་ཤིག་དམག་མི་རྣམས།","KT":"85. ལོངས་ཤིག་ལོངས་ཤིག་དམག་མི་རྣམས། ","CT":"85.ལོངས་ཤིག་ལོངས་ཤིག་དམག་མི་རྣམས།"},"author":"*","key":"*","lyrics":{"Verse":[{"line":[[{"phrase":{"AT":"       (Stand Up, Stand Up For Jesus ཞེས་པའི་དབྱིན་ཇིའི་མགུར་གླུ།)  DG 33","KT":"(Stand Up, Stand Up For Jesus ཞེས་པའི་དབྱིན་ཇིའི་མགུར་གླུ།)26 DG 33 26 George Duffield (1858) ","CT":"(Stand Up, Stand Up For Jesus ཞེས་པའི་དབྱིན་ཇིའི་མགུར་གླུ།)  DG 33"}}],[{"phrase":{"AT":"ལོངས་ཤིག་ལོངས་ཤིག་དམག་མི་རྣམས།","KT":" ལོངས་ཤིག་ལོངས་ཤིག་དམག་མི་རྣམས། ","CT":"ལོངས་ཤིག་ལོངས་ཤིག་དམག་མི་རྣམས།"}}],[{"phrase":{"AT":"ཤིང་རྒྱ་གྲམ་རྒྱབ་ཏུ་འཁུར།","KT":"ཤིང་རྒྱ་གྲམ་རྒྱབ་ཏུ་འཁུར། ","CT":"རྒྱངས་ཤིང་དེ་རྒྱབ་ཏུ་འཁུར།"}}],[{"phrase":{"AT":"ཁོང་གི་རྒྱལ་མཚན་ཡར་འཕྱར་ཏེ།","KT":"ཁོང་གི་རྒྱལ་མཚན་ཡར་འཕྱར་ཏེ། ","CT":"ཁོང་གི་རྒྱལ་མཚན་ཡར་འཕྱར་ཞིང་།"}}],[{"phrase":{"AT":"དེ་ཉིད་གནོད་པ་ལས་སྲུངས། ","KT":"དེ་ཉིད་གནོད་པ་ལས་སྲུངས། ","CT":"དེ་ཉིད་གནོད་པ་ལས་སྲུངས། "}}],[{"phrase":{"AT":"ཁོང་དགྲ་ལས་རྣམ་པར་རྒྱལ་ཏེ།","KT":"ཁོང་དགྲ་ལས་རྣམ་པར་རྒྱལ་ཏེ། ","CT":"ཁོང་དགྲ་ལས་རྣམ་པར་རྒྱལ་ཏེ།"}}],[{"phrase":{"AT":"རང་གི་དམག་མི་རྣམས་འཁྲིད་ནས།","KT":"རང་གི་དམག་མི་རྣམས་ཁྲིད་ནས། ","CT":"རང་གི་དམག་མི་རྣམས་འཁྲིད་ཡོང་།"}}],[{"phrase":{"AT":"དགྲ་བོ་རྣམས་ཕམ་པར་བརྒྱབ་སྟེ།","KT":"དགྲ་བོ་རྣམས་ཕམ་པར་བརྒྱབ་སྟེ། ","CT":"དགྲ་བོ་རྣམས་ཕམ་པར་བྱས་ཏེ།"}}],[{"phrase":{"AT":"མ་ཤི་ཀ་གཙོ་བོར་འགྱུར།","KT":"མཱ་ཤི་ཀ་གཙོ་བོར་འགྱུར། ","CT":"མཱ་ཤི་ཀ་གཙོ་བོར་འགྱུར།"}}]],"label":"verse 1","id":1},{"line":[[{"phrase":{"AT":"ལོངས་ཤིག་ལོངས་ཤིག་དམག་མི་རྣམས།","KT":" ལོངས་ཤིག་ལོངས་ཤིག་དམག་མི་རྣམས། ","CT":"ལོངས་ཤིག་ལོངས་ཤིག་དམག་མི་རྣམས།"}}],[{"phrase":{"AT":"དམག་དུང་གི་སྐད་ལ་ཉོན།","KT":"དམག་དུང་གི་སྐད་ལ་ཉོན། ","CT":"དམག་དུང་གི་སྐད་ལ་ཉོན།"}}],[{"phrase":{"AT":"དམག་དཔུང་གི་ཁྲོད་དུ་ཞུགས་ནས། ","KT":"དམག་དཔུང་གི་ཁྲོད་དུ་ཞུགས་ནས། ","CT":"དམག་འཁྲུག་བརྒྱབ་ལ་རྒྱུག་སོང་ནས། "}}],[{"phrase":{"AT":"དགྲ་རྣམས་ཕམ་པར་བྱེད་དགོས།","KT":"དགྲ་རྣམས་ཕམ་པར་བྱེད་དགོས། ","CT":"དགྲ་རྣམས་ཕམ་པར་བྱེད་དགོས།"}}],[{"phrase":{"AT":"མི་ཡི་རིགས་སུ་གྱུར་བ་རྣམས།","KT":"མི་ཡི་རིགས་སུ་གྱུར་བ་རྣམས། ","CT":"མི་ཡི་རིགས་སུ་གྱུར་པ་རྣམས།"}}],[{"phrase":{"AT":"དགྲའི་ཚོགས་ལ་དམག་སྣ་དྲོངས།","KT":"དགྲའི་ཚོགས་ལ་དམག་སྣ་དྲོངས། ","CT":"དགྲ་ཡི་ཚོགས་ལ་དམག་དྲོངས།"}}],[{"phrase":{"AT":"བར་ཆད་བྱུང་ཡང་སྤོབས་པ་སྐྱེད། ","KT":"བར་ཆད་བྱུང་ཡང་སྤོབས་པ་སྐྱེད། ","CT":"བར་ཆད་བྱུང་ཡང་སྤོབས་པ་སྐྱེད། "}}],[{"phrase":{"AT":"དགྲ་རྣམས་ཟིལ་གྱིས་ནོན་ཞིག ","KT":"དགྲ་རྣམས་ཟིལ་གྱིས་ནོན་ཞིག ","CT":"དགྲ་རྣམས་ཟིལ་གྱིས་ནོན་ཞིག "}}]],"label":"verse 2","id":2},{"line":[[{"phrase":{"AT":"ལོངས་ཤིག་ལོངས་ཤིག་དམག་མི་རྣམས།","KT":" ལོངས་ཤིག་ལོངས་ཤིག་དམག་མི་རྣམས། ","CT":"ndefined༣ལོངས་ཤིག་ལོངས་ཤིག་དམག་མི་རྣམས།"}}],[{"phrase":{"AT":"ཁོང་གི་ནུས་པར་བརྟེན་དགོས།","KT":"ཁོང་གི་ནུས་པར་བརྟེན་དགོས། ","CT":"ཁོང་གི་ནུས་པར་བརྟེན་དགོས།"}}],[{"phrase":{"AT":"ཤའི་དམག་ཆས་རྒྱལ་ཁ་མི་ལོན།","KT":"ཤའི་དམག་ཆས་རྒྱལ་ཁ་མི་ལོན། ","CT":"ཤ་ཡི་དམག་ཆས་ཕན་མི་ཡོང་།"}}],[{"phrase":{"AT":"རང་སྟོབས་ལ་བརྟེན་མི་ནུས།","KT":"རང་སྟོབས་ལ་བརྟེན་མི་ནུས། ","CT":"རང་སྟོབས་ལ་བརྟེན་མི་ནུས།"}}],[{"phrase":{"AT":"འཕྲིན་བཟང་གི་གོ་ཁྲབ་གྱོན་ཞིག ","KT":"འཕྲིན་བཟང་གི་གོ་ཁྲབ་གྱོན་ཞིག ","CT":"འཕྲིན་བཟང་གི་གོ་ཁྲབ་གྱོན་ཞིག "}}],[{"phrase":{"AT":"སེམས་མ་གཡེངས་པར་སྨོན་ལམ་ཐོབས།","KT":"སེམས་མ་གཡེངས་པར་སྨོན་ལམ་ཐོབས། ","CT":"སེམས་མ་གཡེངས་པར་སྨོན་ལམ་ཞུས།"}}],[{"phrase":{"AT":"ཉེན་ཁ་ག་ཚོད་ཡོད་ན་ཡང་།","KT":"ཉེན་ཁ་ག་ཚོད་ཡོད་ན་ཡང་། ","CT":"ཉེན་ཁ་ག་ཚོད་ཡོད་ན་ཡང་།"}}],[{"phrase":{"AT":"དེ་ནས་ཁ་མ་འབྲལ་ཞིག","KT":"དེ་ནས་ཁ་མ་འབྲལ་ཞིག ","CT":"འདི་ནས་ཁ་མ་འབྲེལ་ཞིག"}}]],"label":"verse 3","id":3},{"line":[[{"phrase":{"AT":"ལོངས་ཤིག་ལོངས་ཤིག་དམག་མི་རྣམས།","KT":" ལོངས་ཤིག་ལོངས་ཤིག་དམག་མི་རྣམས། ","CT":"ལོངས་ཤིག་ལོངས་ཤིག་དམག་མི་རྣམས།"}}],[{"phrase":{"AT":"དམག་འཁྲུག་ཡུན་རིང་མི་གནས།","KT":"དམག་འཁྲུག་ཡུན་རིང་མི་གནས། ","CT":"དམག་འཁྲུག་རྒྱུན་རིང་མི་གནས།"}}],[{"phrase":{"AT":"དེ་རིང་དམག་གི་འུར་སྒྲ་ཡོད།","KT":"དེ་རིང་དམག་གི་འུར་སྒྲ་ཡོད། ","CT":"དེ་རིང་དམག་གི་འུར་སྒྲ་ཡོད།"}}],[{"phrase":{"AT":"སང་ཉིན་རྒྱལ་ཁའི་གླུ་བླང་ཡོང་། ","KT":"སང་ཉིན་རྒྱལ་ཁའི་གླུ་བླང་ཡོང་། ","CT":"སང་ཉིན་རྒྱལ་བའི་གླུ་བླང་། "}}],[{"phrase":{"AT":"སུ་ཡང་རྒྱལ་བར་གྱུར་ན་ནི།","KT":"སུ་ཡང་རྒྱལ་བར་གྱུར་ན་ནི། ","CT":"སུ་ཡང་རྒྱལ་བར་གྱུར་ན་ནི།"}}],[{"phrase":{"AT":"ཚེ་ཡི་ཅོད་པན་འཐོབ་ཡོང་།","KT":"ཚེ་ཡི་ཅོད་པན་འཐོབ་ཡོང་། ","CT":"ཚེ་ཡི་ཅོད་པན་འཐོབ་ཡོང་།"}}],[{"phrase":{"AT":"ཁོང་བཀྲ་ཤིས་པའི་རྒྱལ་པོ་ཡིན།","KT":"ཁོང་བཀྲ་ཤིས་པའི་རྒྱལ་པོ་ཡིན། ","CT":"ཁོང་བཀྲ་ཤིས་པའི་རྒྱལ་པོ་ཡིན།"}}],[{"phrase":{"AT":"རྟག་ཏུ་རྒྱལ་སྲིད་བཟུང་བར་འགྱུར།","KT":"རྟག་ཏུ་རྒྱལ་སྲིད་བཟུང་བར་འགྱུར། ","CT":"རྒྱུན་དུ་རྒྱལ་སྲིད་གཟུང་ཡོང་།།"}}]],"label":"verse 4","id":4}]},"metadata":[]}