{"title":{"AT":"86.ཤར་ཡེ་ཤུ་ཤར།","KT":"86. ཤར་ཡེ་ཤུ་ཤར། ","CT":"86.ཤར་ཡེ་ཤུ་ཤར།"},"author":"*","key":"*","lyrics":{"Verse":[{"line":[[{"phrase":{"AT":"       (Shine, Jesus, Shine ཞེས་པའི་དབྱིན་ཇིའི་མགུར་གླུ།) ","KT":"(Shine, Jesus, Shine ཞེས་པའི་དབྱིན་ཇིའི་མགུར་གླུ།)27 27 Graham Kendrick, Copyright © 1987 Make Way Music, PO Box 263, Croydon, Surrey CR9 5AP, UK. Used by permission ","CT":"(Shine, Jesus, Shine ཞེས་པའི་དབྱིན་ཇིའི་མགུར་གླུ།) "}}],[{"phrase":{"AT":"གཙོ་བོ་ཡེ་ཤུའི་འོད་ཟེར་འཕྲོ་བཞིན་འདུག  ","KT":" གཙོ་བོ་ཡེ་ཤུའི་འོད་ཟེར་འཕྲོ་བཞིན་འདུག ","CT":"གཙོ་བོ་ཡེ་ཤུའི་འོད་ཟེར་འཕྲོ་བཞིན་འདུག  "}}],[{"phrase":{"AT":"ཁྱེད་ཀྱི་འོད་མུན་པའི་ནང་དུ་འཕྲོ་བཞིན་འདུག","KT":"ཁྱེད་ཀྱི་འོད་མུན་པའི་ནང་དུ་འཕྲོ་བཞིན་འདུག ","CT":"ཁྱེད་ཀྱི་འོད་མུན་པའི་ནང་ལ་འཕྲོ་བཞིན་འདུག"}}],[{"phrase":{"AT":"ཡེ་ཤུ་ཁྱེད་རང་གི་བྱམས་པ་དེ་གནང་རོགས་ཞུ།","KT":"ཡེ་ཤུ་ཁྱེད་རང་གི་བྱམས་པ་དེ་གནང་རོགས་ཞུ། ","CT":"ཡེ་ཤུ་ཁྱེད་རང་གི་བྱམས་པ་དེ་གནང་རོགས་ཞུ།"}}],[{"phrase":{"AT":"ཁྱེད་རང་གི་བདེན་པ་ཉིད་ཀྱིས་ཐར་བ་སྟོན་རོགས་གནང་།","KT":"ཁྱེད་རང་གི་བདེན་པ་ཉིད་ཀྱིས་ཐར་པ་སྟོན་རོགས་གནང་། ","CT":"ཁྱེད་རང་གི་བདེན་པ་ཉིད་ཀྱིས་ཐར་པ་སྟོན་རོགས་གནང་།"}}],[{"phrase":{"AT":"ཀྱེ། གཙོ་བོ། ང་ལ་ཤར།","KT":"ཀྱེ། གཙོ་བོ། ང་ལ་ཤར། ","CT":"ཀྱེ། གཙོ་བོ། ང་ལ་ཤར།"}}]],"label":"verse 1","id":1},{"line":[[{"phrase":{"AT":"ཤར་ཡེ་ཤུ་ཤར།","KT":"ར་ཡེ་ཤུ་ཤར། ","CT":"ར་ཡེ་ཤུ་ཤར།"}}],[{"phrase":{"AT":"ཡབ་ཆེན་གྱི་གཟི་བརྗིད།","KT":"ཡབ་ཆེན་གྱི་གཟི་བརྗིད། ","CT":"ཡབ་ཆེན་གྱི་གཟི་བརྗིད།"}}],[{"phrase":{"AT":"མངོན་པར་བསྟོད་ཅིག","KT":"མངོན་པར་བསྟོད་ཅིག ","CT":"མངོན་པར་བསྟོད་ཅིག"}}],[{"phrase":{"AT":"ཐུགས་ཉིད་ཀྱི་མེས།","KT":"ཐུགས་ཉིད་ཀྱི་མེས། ","CT":"ཐུགས་ཉིད་ཀྱི་མེས།"}}],[{"phrase":{"AT":"སེམས་ཁམས་འདིར་ཁེངས་ཤོག","KT":"སེམས་ཁམས་འདིར་ཁེངས་ཤོག ","CT":"སེམས་ཁམས་འདིར་ཁེངས་ཤོག"}}],[{"phrase":{"AT":"བྱིན་རླབས་ཀྱི་ཆུས།","KT":"བྱིན་རླབས་ཀྱི་ཆུས། ","CT":"བྱིན་རླབས་ཀྱི་ཆུས།"}}],[{"phrase":{"AT":"མི་རིགས་ཐམས་ཅད་ལ།","KT":"མི་རིགས་ཐམས་ཅད་ལ། ","CT":"མི་རིགས་ཐམས་ཅད་ལ།"}}],[{"phrase":{"AT":"ཁྲུས་གསོལ་གནང་ཤོག","KT":"ཁྲུས་གསོལ་གནང་ཤོག ","CT":"ཁྲུས་གསོལ་གནང་ཤོག"}}],[{"phrase":{"AT":"གཙོ་བོའི་བཀའ་དེས།","KT":"གཙོ་བོའི་བཀའ་དེས། ","CT":"གཙོ་བོའི་བཀའ་དེས།"}}],[{"phrase":{"AT":"འཇིག་རྟེན་འདི་བསྒྱུར་བར་ཤོག ","KT":"འཇིག་རྟེན་འདི་བསྒྱུར་བར་ཤོག ","CT":"འཇིག་རྟེན་འདི་བསྒྱུར་བར་ཤོག "}}]],"label":"verse 2","id":2},{"line":[[{"phrase":{"AT":"སྐྱབས་མགོན་ཁྱེད་རང་ལ་སྨོན་ལམ་ཞུས་ནས། ","KT":" སྐྱབས་མགོན་ཁྱེད་རང་ལ་སྨོན་ལམ་ཞུས་ནས། ","CT":"ndefined༢སྐྱབས་མགོན་ཁྱེད་རང་ལ་སྨོན་ལམ་ཞུས་ནས། "}}],[{"phrase":{"AT":"མུན་ནག་ནས་ཁྱེད་རང་གི་འོད་ཟེར་ལ་ཡོང་གིན་ཡོད།","KT":"མུན་ནག་ནས་ཁྱེད་རང་གི་འོད་ཟེར་ལ་ཡོང་བཞིན་ཡོད། ","CT":"གྲིབ་ནག་ནས་ཁྱེད་རང་གི་འོད་ཟེར་ལ་ཡོང་གི་ཡོད།"}}],[{"phrase":{"AT":"སྐུ་ཁྲག་གི་དབང་གིས་ཁྱེད་ཀྱི་དྲུང་དུ་མཇལ་ན་ཆོག","KT":"སྐུ་ཁྲག་གི་དབང་གིས་ཁྱེད་ཀྱི་དྲུང་དུ་མཇལ་ན་ཆོག ","CT":"སྐུ་ཁྲག་གི་དབང་གིས་ཁྱེད་ཀྱི་དྲུང་དུ་མཇལ་ན་ཆོག"}}],[{"phrase":{"AT":"ཉམས་སད་ལས་ཐར་བ་དང་།","KT":"ཉམས་སད་ལས་ཐར་བ་དང་། ","CT":"ངའི་སེམས་ལ་ཚོད་ལྟ་དང་།"}}],[{"phrase":{"AT":"བློའི་མུན་པ་བསལ་བར་མཛོད།","KT":"བློའི་མུན་པ་བསལ་བར་མཛོད། ","CT":"བློའི་མུན་པ་སེལ་བར་མཛོད།"}}],[{"phrase":{"AT":"ཀྱེ། གཙོ་བོ། ང་ལ་ཤར།","KT":"ཀྱེ། གཙོ་བོ། ང་ལ་ཤར། ","CT":"ཀྱེ། གཙོ་བོ། ང་ལ་ཤར།"}}]],"label":"verse 3","id":3},{"line":[[{"phrase":{"AT":"གཙོ་བོ་ཡབ་ཆེན་གྱི་བཀའ་དང་ནུས་ཤུགས་ཀྱིས།","KT":" གཙོ་བོ་ཡབ་ཆེན་གྱི་བཀའ་དང་ནུས་ཤུགས་ཀྱིས། ","CT":"གཙོ་བོ་ཡབ་ཆེན་གྱི་བཀའ་དང་ནུས་ཤུགས་ཀྱིས།"}}],[{"phrase":{"AT":"ང་ཚོའི་མི་རྒྱུད་ནི་རིམ་པ་ནས་རིམ་པར་འགྱུར།","KT":"ང་ཚོའི་མི་རྒྱུད་ནི་རིམ་པ་ནས་རིམ་པར་འགྱུར། ","CT":"ང་ཚོའི་མི་རྒྱུད་ནི་རིམ་པ་ནས་རིམ་པར་འགྱུར།"}}],[{"phrase":{"AT":"ཡེ་ཤུའི་མཚན་ལ་དད་པ་བྱེད་མཁན་བདེ་ལ་བཀོད།","KT":"ཡེ་ཤུའི་མཚན་ལ་དད་པ་བྱེད་མཁན་བདེ་ལ་བཀོད། ","CT":"ཡེ་ཤུའི་མཚན་ལ་དད་པ་བྱེད་མཁན་བདེ་ལ་བཀོད།"}}],[{"phrase":{"AT":"གཙོ་བོའི་འཕྲིན་བཟང་དེར་ཐམས་ཅད་ཀྱིས་བསྟོད་པར་ཤོག ","KT":"གཙོ་བོའི་འཕྲིན་བཟང་དེར་ཐམས་ཅད་ཀྱིས་བསྟོད་པར་ཤོག ","CT":"གཙོ་བོའི་འཕྲིན་བཟང་དེར་ཐམས་ཅད་ཀྱིས་བསྟོད་པར་ཤོག "}}],[{"phrase":{"AT":"ཀྱེ། གཙོ་བོ། ང་ལ་ཤར།","KT":"ཀྱེ། གཙོ་བོ། ང་ལ་ཤར། ","CT":"ཀྱེ། གཙོ་བོ། ང་ལ་ཤར།།"}}]],"label":"verse 4","id":4}]},"metadata":[]}