{"title":{"AT":"87.ས་གཞི་འདི་ཐམས་ཅད།","KT":"87. ས་གཞི་འདི་ཐམས་ཅད། ","CT":"87.ས་གཞི་འདི་ཐམས་ཅད།"},"author":"*","key":"*","lyrics":{"Verse":[{"line":[[{"phrase":{"AT":"  (The Earth is the Lord’s ཞེས་པའི་དབྱིན་ཇིའི་བསྟོད་དབྱངས།) ","KT":"(The Earth is the Lord’s ཞེས་པའི་དབྱིན་ཇིའི་བསྟོད་དབྱངས།)28 28 Graham Kendrick, Copyright © 1986 Make Way Music, PO Box 263, Croydon, Surrey CR9 5AP, UK. Used by permission ","CT":"(The Earth is the Lord’s ཞེས་པའི་དབྱིན་ཇིའི་བསྟོད་དབྱངས།) "}}],[{"phrase":{"AT":"ཕོས་གཞི་འདི་ཐམས་ཅད།","KT":"ཕོ ས་གཞི་འདི་ཐམས་ཅད། ","CT":"(ཕོ)ས་གཞི་འདི་ཐམས་ཅད།"}}],[{"phrase":{"AT":"(མོ)ངའི་དཀོན་མཆོག་གི་རེད།","KT":"(མོ)ངའི་དཀོན་མཆོག་གི་རེད། ","CT":"(མོ)ངའི་དཀོན་མཆོག་གི་རེད།"}}],[{"phrase":{"AT":"(ཕོ)དེའི་ནང་ཡོད་པ་ཀུན།","KT":"(ཕོ)དེའི་ནང་ཡོད་པ་ཀུན། ","CT":"(ཕོ)དེའི་ནང་ཡོད་པ་ཀུན།"}}],[{"phrase":{"AT":"(མོ)ངའི་དཀོན་མཆོག་གི་རེད།","KT":"(མོ)ངའི་དཀོན་མཆོག་གི་རེད། ","CT":"(མོ)ངའི་དཀོན་མཆོག་གི་རེད།"}}],[{"phrase":{"AT":"(ཕོ)ས་གཞི་འདི་ཐམས་ཅད།","KT":"(ཕོ)ས་གཞི་འདི་ཐམས་ཅད། ","CT":"(ཕོ)ས་གཞི་འདི་ཐམས་ཅད།"}}],[{"phrase":{"AT":"(མོ)ངའི་དཀོན་མཆོག་གི་རེད།","KT":"(མོ)ངའི་དཀོན་མཆོག་གི་རེད། ","CT":"(མོ)ངའི་དཀོན་མཆོག་གི་རེད།"}}],[{"phrase":{"AT":"(མཉམ)ཁོང་གི་གཟི་བརྗིད་ཀྱི་དོན་ལ་བཀོད་པ་རེད།","KT":"(མཉམ)ཁོང་གི་གཟི་བརྗིད་ཀྱི་དོན་ལ་བཀོད་པ་རེད། ","CT":"(མཉམ)ཁོང་གི་གཟི་བརྗིད་ཀྱི་དོན་ལ་བཀོད་པ་རེད།"}}],[{"phrase":{"AT":"(ཕོ)གངས་རི་དང་ལུང་པ།","KT":"(ཕོ)གངས་རི་དང་ལུང་པ། ","CT":"(ཕོ)གངས་རི་དང་ལུང་པ།"}}],[{"phrase":{"AT":"(མོ)རྒྱ་མཚོ་དང་གླིང་ཕྲན།","KT":"(མོ)རྒྱ་མཚོ་དང་གླིང་ཕྲན། ","CT":"(མོ)རྒྱ་མཚོ་དང་གླིང་ཕྲན།"}}],[{"phrase":{"AT":"(ཕོ)གྲོང་ཁྱེར་དང་མི་སྡེ།","KT":"(ཕོ)གྲོང་ཁྱེར་དང་མི་སྡེ། ","CT":"(ཕོ)གྲོང་ཁྱེར་དང་མི་སྡེ།"}}],[{"phrase":{"AT":"(མོ)རྩྭ་ཐང་དང་སེམས་ཅན།","KT":"(མོ)རྩྭ་ཐང་དང་སེམས་ཅན། ","CT":"(མོ)རྩྭ་ཐང་དང་སེམས་ཅན།"}}],[{"phrase":{"AT":"(ཕོ)དངོས་པོ་ཚང་མ་ནི།","KT":"(ཕོ)དངོས་པོ་ཚང་མ་ནི། ","CT":"(ཕོ)དངོས་པོ་ཚང་མ་ནི།"}}],[{"phrase":{"AT":"(མོ)ངའི་དཀོན་མཆོག་གི་རེད།","KT":"(མོ)ངའི་དཀོན་མཆོག་གི་རེད། ","CT":"(མོ)ངའི་དཀོན་མཆོག་གི་རེད།"}}],[{"phrase":{"AT":"(མཉམ)མི་ཐམས་ཅད་ཀྱིས་ཁོང་ལ་བསྟོད་པར་ཤོག","KT":"(མཉམ)མི་ཐམས་ཅད་ཀྱིས་ཁོང་ལ་བསྟོད་པར་ཤོག ","CT":"(མཉམ)མི་ཐམས་ཅད་ཀྱིས་ཁོང་ལ་བསྟོད་པར་ཤོག།"}}]],"label":"verse 1","id":1}]},"metadata":[]}