{"title":{"AT":"88.སུ་ནམ་མཁའ་ནས་ཕེབས་པ་ཡིན།","KT":"88. སུ་ནམ་མཁའ་ནས་ཕེབས་པ་ཡིན། ","CT":"88.སུ་ནམ་མཁའ་ནས་ཕེབས་པ་ཡིན།"},"author":"*","key":"*","lyrics":{"Verse":[{"line":[[{"phrase":{"AT":"       (Jesus Christ Our Saviour ཞེས་པའི་དབྱིན་ཇིའི་མགུར་གླུ།)   DG 59","KT":"(Jesus Christ Our Saviour ཞེས་པའི་དབྱིན་ཇིའི་མགུར་གླུ།)29 DG 59 29 Daniel W. Whittle (1890) ","CT":"(Jesus Christ Our Saviour ཞེས་པའི་དབྱིན་ཇིའི་མགུར་གླུ།)   DG 59"}}],[{"phrase":{"AT":"སུ་ནམ་མཁའ་ནས་ཕེབས་པ་ཡིན།","KT":" སུ་ནམ་མཁའ་ནས་ཕེབས་པ་ཡིན། ","CT":"སུ་ནམ་མཁའ་ནས་ཕེབས་པ་ཡིན།"}}],[{"phrase":{"AT":"ཡེ་ཤུ་ང་ཚོའི་སྐྱབས་མགོན། ༢","KT":"ཡེ་ཤུ་ང་ཚོའི་སྐྱབས་མགོན། ༢ ","CT":"ཡེ་ཤུ་ང་ཚོའི་སྐྱབས་མགོན། ༢"}}]],"label":"verse 1","id":1},{"line":[[{"phrase":{"AT":"བྱམས་ལྡན་ངང་ནས་འཁྲུངས་པ་སུ། ","KT":" བྱམས་ལྡན་ངང་ནས་འཁྲུངས་པ་སུ། ","CT":"ཉམས་ཆུང་ལུགས་ལ་སུ་འཁྲུངས་སོ། "}}],[{"phrase":{"AT":"ཡེ་ཤུ་ང་ཚོའི་སྐྱབས་མགོན། ༢","KT":"ཡེ་ཤུ་ང་ཚོའི་སྐྱབས་མགོན། ༢ ","CT":"ཡེ་ཤུ་ང་ཚོའི་སྐྱབས་མགོན། ༢"}}]],"label":"verse 2","id":2},{"line":[[{"phrase":{"AT":"སུ་རྒྱ་གྲམ་སྟེང་གྲོངས་པ་ཡིན།","KT":" སུ་རྒྱ་གྲམ་ཐོག་གྲོངས་པ་ཡིན། ","CT":"སུ་རྒྱངས་ཤིང་ཁར་གྲོངས་པ་ཡིན།"}}],[{"phrase":{"AT":"ཡེ་ཤུ་ང་ཚོའི་སྐྱབས་མགོན། ༢","KT":"ཡེ་ཤུ་ང་ཚོའི་སྐྱབས་མགོན། ༢ ","CT":"ཡེ་ཤུ་ང་ཚོའི་སྐྱབས་མགོན། ༢"}}]],"label":"verse 3","id":3},{"line":[[{"phrase":{"AT":"ང་ཚོ་བླུ་བའི་ཕྱིར་གྲོངས་སོ།།","KT":" ང་ཚོ་བླུ་བའི་དོན་ལ་གྲོངས། ","CT":"ང་ཚོ་བླུ་བའི་དོན་ལ་གྲོངས།"}}],[{"phrase":{"AT":"ཡེ་ཤུ་ང་ཚོའི་སྐྱབས་མགོན། ༢","KT":"ཡེ་ཤུ་ང་ཚོའི་སྐྱབས་མགོན། ༢ ","CT":"ཡེ་ཤུ་ང་ཚོའི་སྐྱབས་མགོན། ༢"}}]],"label":"verse 4","id":4},{"line":[[{"phrase":{"AT":"སུ་ཡིས་སྡིག་ཉེས་བསལ་ཐུབ་བམ།","KT":" སུ་ཡིས་སྡིག་ཉེས་བསལ་ཐུབ་བམ། ","CT":"སུ་ཡིས་སྡིག་སེལ་གནང་ཐུབ་ཡོང་།"}}],[{"phrase":{"AT":"ཡེ་ཤུ་ང་ཚོའི་སྐྱབས་མགོན། ༢","KT":"ཡེ་ཤུ་ང་ཚོའི་སྐྱབས་མགོན། ༢ ","CT":"ཡེ་ཤུ་ང་ཚོའི་སྐྱབས་མགོན། ༢"}}]],"label":"verse 5","id":5},{"line":[[{"phrase":{"AT":"སུ་ནམ་མཁའ་རུ་ད་ལྟ་བཞུགས།","KT":" སུ་ནམ་མཁའ་ལ་ད་ལྟ་བཞུགས། ","CT":"སུ་ནམ་མཁའ་ལ་ད་ལྟ་བཞུགས་ཡོད།"}}],[{"phrase":{"AT":"ཡེ་ཤུ་ང་ཚོའི་སྐྱབས་མགོན། ༢","KT":"ཡེ་ཤུ་ང་ཚོའི་སྐྱབས་མགོན། ༢ ","CT":"ཡེ་ཤུ་ང་ཚོའི་སྐྱབས་མགོན། ༢"}}]],"label":"verse 6","id":6},{"line":[[{"phrase":{"AT":"སུ་ནམ་མཁའ་ནས་སླར་ཕེབས་ཡོང་།","KT":" སུ་ནམ་མཁའ་ནས་སླར་ཕེབས་ཡོང་། ","CT":"སུ་ནམ་མཁའ་ནས་སླར་ཕེབས་ཡོང་།"}}],[{"phrase":{"AT":"ཡེ་ཤུ་ང་ཚོའི་སྐྱབས་མགོན། ༢","KT":"ཡེ་ཤུ་ང་ཚོའི་སྐྱབས་མགོན། ༢ ","CT":"ཡེ་ཤུ་ང་ཚོའི་སྐྱབས་མགོན། ༢"}}]],"label":"verse 7","id":7},{"line":[[{"phrase":{"AT":"ནམ་མཁར་རང་གི་མི་འདྲེན་ཡོང་།","KT":" ནམ་མཁར་རང་གི་མི་འདྲེན་ཡོང་། ","CT":"ནམ་མཁར་རང་གི་མི་འདྲེན་ཡོང་།"}}],[{"phrase":{"AT":"ཡེ་ཤུ་ང་ཚོའི་སྐྱབས་མགོན། ༢","KT":"ཡེ་ཤུ་ང་ཚོའི་སྐྱབས་མགོན། ༢ ","CT":"ཡེ་ཤུ་ང་ཚོའི་སྐྱབས་མགོན།། ༢"}}]],"label":"verse 8","id":8}]},"metadata":[]}