{"title":{"AT":"89.སོའོ། གཙོ་བོ་སྐྱབས་མགོན་ཡེ་ཤུ་ལ།","KT":"89. སོའོ། གཙོ་བོ་སྐྱབས་མགོན་ཡེ་ཤུ་ལ། ","CT":"89.སོའོ། གཙོ་བོ་སྐྱབས་མགོན་ཡེ་ཤུ་ལ།"},"author":"*","key":"*","lyrics":{"Verse":[{"line":[[{"phrase":{"AT":"སོའོ། གཙོ་བོ་སྐྱབས་མགོན་ཡེ་ཤུ་ལ། ","KT":"སོའོ། གཙོ་བོ་སྐྱབས་མགོན་ཡེ་ཤུ་ལ། ","CT":"སོའོ། གཙོ་བོ་སྐྱབས་མགོན་ཡེ་ཤུ་ལ། "}}],[{"phrase":{"AT":"སོའོ། ཉིད་ཀྱི་འཁྲུངས་སྐར་དུས་ཆེན་ལ།","KT":"སོའོ། ཉིད་ཀྱི་འཁྲུངས་སྐར་དུས་ཆེན་ལ། ","CT":"སོའོ། ཉིད་ཀྱི་འཁྲུངས་སྐར་དུས་ཆེན་ལ།"}}],[{"phrase":{"AT":"བདེ་སྐྱིད་ལྡན་པའི་ཉི་མ།","KT":"བདེ་སྐྱིད་ལྡན་པའི་ཉི་མ། ","CT":"བདེ་སྐྱིད་ལྡན་པའི་ཉི་མ།"}}],[{"phrase":{"AT":"སྤུན་ཟླ་རྣམས་ལ་ཤར།","KT":"སྤུན་ཟླ་རྣམས་ལ་ཤར། ","CT":"ང་ཚོ་སྤུན་ལ་ཤར།"}}],[{"phrase":{"AT":"བཀྲ་ཤིས་བདེ་ལེགས་ཡོང་དུས།","KT":"བཀྲ་ཤིས་བདེ་ལེགས་ཡོང་དུས། ","CT":"བཀྲ་ཤིས་བདེ་ལེགས་ཡོང་དུས།"}}],[{"phrase":{"AT":"དགའ་སྤྲོའི་གླུ་དབྱངས་ལེན།","KT":"དགའ་སྤྲོའི་གླུ་དབྱངས་ལེན། ","CT":"དགའ་སྤྲོའི་གླུ་དབྱངས་ལེན།།"}}]],"label":"verse 1","id":1}]},"metadata":[{"AT":"(བོད་ཀྱི་ཡེ་ཤུའི་འཁྲུངས་སྐར་དུས་ཆེན་གྱི་བསྟོད་དབྱངས།)","KT":"(བོད་ཀྱི་ཡེ་ཤུའི་འཁྲུངས་སྐར་དུས་ཆེན་གྱི་བསྟོད་དབྱངས།) ","CT":"(བོད་ཀྱི་ཡེ་ཤུའི་འཁྲུངས་སྐར་དུས་ཆེན་གྱི་བསྟོད་དབྱངས།)"}]}