{"title":{"AT":"9.སྐྱབས་མགོན་གཙོ་བོ་ཡེ་ཤུ། ༢","KT":"9. སྐྱབས་མགོན་གཙོ་བོ་ཡེ་ཤུ། ༢ ","CT":"9.སྐྱབས་མགོན་གཙོ་བོ་ཡེ་ཤུ། ༢"},"author":"*","key":"*","lyrics":{"Verse":[{"line":[[{"phrase":{"AT":"སྐྱབས་མགོན་གཙོ་བོ་ཡེ་ཤུ།།","KT":" སྐྱབས་མགོན་གཙོ་བོ་ཡེ་ཤུ། ","CT":"སྐྱབས་མགོན་གཙོ་བོ་ཡེ་ཤུ།"}}],[{"phrase":{"AT":"བླ་མེད་དཀོན་མཆོག་སྲས་དེ།། ༢","KT":"བླ་མེད་དཀོན་མཆོག་སྲས་དེ། ༢ ","CT":"བླ་མེད་དཀོན་མཆོག་སྲས་དེ། ༢"}}],[{"phrase":{"AT":"དེ་རིང་འཛམ་བུ་གླིང་འདིར།།","KT":"དེ་རིང་འཛམ་བུ་གླིང་འདིར། ","CT":"དེ་རིང་འཛམ་བུ་གླིང་འདིར།"}}],[{"phrase":{"AT":"ང་ཚོ་སྐྱོབ་པར་ཕེབས་སོ།། ༢","KT":"ང་ཚོ་སྐྱོབ་པར་ཕེབས་སོ།། ༢ ","CT":"ང་ཚོ་སྐྱོབ་པར་ཕེབས་སོ། ༢"}}]],"label":"verse 1","id":1},{"line":[[{"phrase":{"AT":"ོང་ལ་མཇལ་འདོད་ཡོད་ན།།","KT":"ཁོང་ལ་མཇལ་འདོད་ཡོད་ན། ","CT":"ོང་ལ་མཇལ་འདོད་ཡོད་ན།"}}],[{"phrase":{"AT":"པེད་ལེ་ཧེམ་ལ་ཕེབས་ཤིག། ༢","KT":"པེད་ལེ་ཧེམ་ལ་ཕེབས་ཤིག ༢ ","CT":"བེད་ལེ་ཧེམ་ལ་ཕེབས་ཤིག ༢"}}],[{"phrase":{"AT":"རྟ་རའི་བྲེས་དཀྱུ་ནང་ལ།།","KT":"རྟ་རའི་བྲེས་དཀྱུ་ནང་ལ། ","CT":"རྟ་རའི་བྲེས་དཀྱུ་ནང་ལ།"}}],[{"phrase":{"AT":"སྐྱབས་མགོན་ཡེ་ཤུ་འཁྲུངས་འདུག། ༢","KT":"སྐྱབས་མགོན་ཡེ་ཤུ་འཁྲུངས་འདུག། ༢ ","CT":"སྐྱབས་མགོན་ཡེ་ཤུ་འཁྲུངས་འདུག ༢"}}]],"label":"verse 2","id":2},{"line":[[{"phrase":{"AT":"སུ་ཡང་ཁོང་ལ་དད་ན།།","KT":" སུ་ཡང་ཁོང་ལ་དད་ན། ","CT":"སུ་ཡང་ཁོང་ལ་དད་ན།"}}],[{"phrase":{"AT":"ཁོང་གིས་ཐར་བ་གནང་ཡོང་།། ༢","KT":"ཁོང་གིས་ཐར་པ་གནང་ཡོང་། ༢ ","CT":"ཁོང་གིས་ཐར་པ་གནང་ཡོང་། ༢"}}],[{"phrase":{"AT":"ཁྱོད་ལ་ཐར་བ་དགོས་ན།།","KT":"ཁྱོད་ལ་ཐར་པ་དགོས་ན། ","CT":"ཁྱེད་ལ་ཐར་པ་དགོས་ན།"}}],[{"phrase":{"AT":"མ་འགོར་མགྱོགས་པོར་ཤོག་ཅིག། ༢","KT":"མ་འགོར་མགྱོགས་པོར་ཤོག་ཅིག། ༢ ","CT":"མ་འགོར་མགྱོགས་པར་ཤོག་ཅིག ༢"}}]],"label":"verse 3","id":3},{"line":[[{"phrase":{"AT":"ང་ཚོ་ཚང་མ་འཛོམས་ནས།།","KT":" ང་ཚོ་ཚང་མ་འཛོམས་ནས། ","CT":"ང་ཚོ་ཚང་མ་འཛོམས་ནས།"}}],[{"phrase":{"AT":"ཁོང་ལ་བསྟོད་པ་ཕུལ་ཞིག། ༢","KT":"ཁོང་ལ་བསྟོད་པ་ཕུལ་ཞིག ༢ ","CT":"ཁོང་ལ་བསྟོད་པ་ཕུལ་ཞིག ༢"}}],[{"phrase":{"AT":"དེ་རིང་སྐྱིད་པའི་ཉི་མ།།","KT":"དེ་རིང་སྐྱིད་པའི་ཉི་མ། ","CT":"དེ་རིང་སྐྱིད་པའི་ཉི་མ།"}}],[{"phrase":{"AT":"འཛམ་གླིང་ཀུན་ལ་ཁྱབ་སོང་།། ༣","KT":"འཛམ་གླིང་ཀུན་ལ་ཁྱབ་སོང་།། ༣ ","CT":"འཛམ་གླིང་ཀུན་ལ་ཁྱབ་སོང་།། ༣"}}]],"label":"verse 4","id":4}]},"metadata":[{"AT":"(བོད་པའི་བསྟོད་དབྱངས།)","KT":"(བོད་པའི་བསྟོད་དབྱངས།) ","CT":"(བོད་པའི་བསྟོད་དབྱངས།)"}]}