{"title":{"AT":"90.ཧོ་ཟན་ནཱ།  ཧོ་ཟན་ནཱ། ","KT":"90. ཧོ་ཟན་ནཱ། ཧོ་ཟན་ནཱ། ","CT":"90.ཧོ་ཟན་ནཱ།  ཧོ་ཟན་ནཱ། "},"author":"*","key":"*","lyrics":{"Verse":[{"line":[[{"phrase":{"AT":"       (Hosanna, Hosanna! ཞེས་པའི་དབྱིན་ཇིའི་བསྟོད་དབྱངས།) ","KT":"(Hosanna, Hosanna! ཞེས་པའི་དབྱིན་ཇིའི་བསྟོད་དབྱངས།)30 Carl Tuttle, Copyright © 1985 Mercy/Vineyard Publishing, 2209 Chapelwood Drive, Franklin, TN37069, USA.Used by permission ","CT":"(Hosanna, Hosanna! ཞེས་པའི་དབྱིན་ཇིའི་བསྟོད་དབྱངས།) "}}],[{"phrase":{"AT":"ཧོ་ཟན་ནཱ། ཧོ་ཟན་ནཱ། ","KT":" ཧོ་ཟན་ནཱ། ཧོ་ཟན་ནཱ། ","CT":"ཧོ་ཟན་ནཱ། ཧོ་ཟན་ནཱ། "}}],[{"phrase":{"AT":"བླ་མེད་དཀོན་མཆོག་ལ་ཧོ་ཟན་ནཱ།  ༢","KT":"བླ་མེད་དཀོན་མཆོག་ལ་ཧོ་ཟན་ནཱ། ༢ ","CT":"བླ་མེད་དཀོན་མཆོག་ལ་ཧོ་ཟན་ནཱ།  ༢"}}],[{"phrase":{"AT":"ངའི་སེམས་ལ་བསྟོད་པ་ཡོད།","KT":"ངའི་སེམས་ལ་བསྟོད་པ་ཡོད། ","CT":"ངས་སེམས་ལ་བསྟོད་པ་ཡོད།"}}],[{"phrase":{"AT":"ཡེ་ཤུའི་མཚན་མཐོ་ཤོས་རེད།","KT":"ཡེ་ཤུའི་མཚན་མཐོ་ཤོས་རེད། ","CT":"ཡེ་ཤུའི་མཚན་མཐོ་ཤོས་རེད།"}}],[{"phrase":{"AT":"ངེད་ཀྱི་གཙོ་བོ་ཡ་ཧོ་ཝཱ་ལ།","KT":"ངེད་ཀྱི་གཙོ་བོ་ཡ་ཧོ་ཝ་ལ། ","CT":"ངེད་ཀྱི་གཙོ་བོ་ཡ་ཧོ་ཝཱ་ལ།"}}],[{"phrase":{"AT":"བླ་མེད་དཀོན་མཆོག་ལ་ཧོ་ཟན་ནཱ། ","KT":"བླ་མེད་དཀོན་མཆོག་ལ་ཧོ་ཟན་ནཱ། ","CT":"བླ་མེད་དཀོན་མཆོག་ལ་ཧོ་ཟན་ནཱ། "}}]],"label":"verse 1","id":1},{"line":[[{"phrase":{"AT":"བསྟོད་པར་ཤོག  བསྟོད་པར་ཤོག  ","KT":" བསྟོད་པར་ཤོག བསྟོད་པར་ཤོག ","CT":"བསྟོད་པར་ཤོག  བསྟོད་པར་ཤོག  "}}],[{"phrase":{"AT":"རྒྱལ་པོའི་རྒྱལ་པོ་ལ་བསྟོད་པར་ཤོག ༢","KT":"རྒྱལ་པོའི་རྒྱལ་པོ་ལ་བསྟོད་པར་ཤོག ༢ ","CT":"རྒྱལ་པོའི་རྒྱལ་པོ་ལ་བསྟོད་པར་ཤོག ༢"}}],[{"phrase":{"AT":"ངའི་སེམས་ལ་བསྟོད་པ་ཡོད།","KT":"ངའི་སེམས་ལ་བསྟོད་པ་ཡོད། ","CT":"ངས་སེམས་ལ་བསྟོད་པ་ཡོད།"}}],[{"phrase":{"AT":"ཡེ་ཤུའི་མཚན་མཐོ་ཤོས་རེད།","KT":"ཡེ་ཤུའི་མཚན་མཐོ་ཤོས་རེད། ","CT":"ཡེ་ཤུའི་མཚན་མཐོ་ཤོས་རེད།"}}],[{"phrase":{"AT":"ངེད་ཀྱི་གཙོ་བོ་ཡ་ཧོ་ཝཱ་ལ།","KT":"ངེད་ཀྱི་གཙོ་བོ་ཡ་ཧོ་ཝ་ལ། ","CT":"ངེད་ཀྱི་གཙོ་བོ་ཡ་ཧོ་ཝཱ་ལ།"}}],[{"phrase":{"AT":"རྒྱལ་པོའི་རྒྱལ་པོ་ལ་བསྟོད་པར་ཤོག ","KT":"རྒྱལ་པོའི་རྒྱལ་པོ་ལ་བསྟོད་པར་ཤོག ","CT":"རྒྱལ་པོའི་རྒྱལ་པོ་ལ་བསྟོད་པར་ཤོག །"}}]],"label":"verse 2","id":2}]},"metadata":[]}