{"title":{"AT":"91.ཨ་ཧ་ནམ་མཁའི་བཞུགས་ཁྲི་སྟེང་ལ།","KT":"91. ཨ་ཧ་ནམ་མཁའི་བཞུགས་ཁྲི་སྟེང་ལ། ","CT":"91.ཨ་ཧ་ནམ་མཁའི་བཞུགས་ཁྲིའི་སྟེང་ལ།"},"author":"*","key":"*","lyrics":{"Verse":[{"line":[[{"phrase":{"AT":"       (Let Our Praise To You Be As Incense ཞེས་པའི་དབྱིན་ཇིའི་བསྟོད་དབྱངས།) ","KT":"(Let Our Praise To You Be As Incense ཞེས་པའི་དབྱིན་ཇིའི་བསྟོད་དབྱངས།)31 31 Brent Chambers, Copyright © 1979 Integrity Music, PO Box 851622, Mobile, Alabama 36685, USA. ","CT":"(Let Our Praise To You Be As Incense ཞེས་པའི་དབྱིན་ཇིའི་བསྟོད་དབྱངས།) "}}],[{"phrase":{"AT":"ཨ་ཧ་ནམ་མཁའི་བཞུགས་ཁྲི་སྟེང་ལ།","KT":"ཨ་ཧ་ནམ་མཁའི་བཞུགས་ཁྲི་སྟེང་ལ། ","CT":"ཨ་ཧ་ནམ་མཁའི་བཞུགས་ཁྲིའི་སྟེང་ལ།"}}],[{"phrase":{"AT":"ཡབ་དང་སྲས་དང་དམ་པའི་ཐུགས་ཉིད་ཡོད།","KT":"ཡབ་དང་སྲས་དང་དམ་པའི་ཐུགས་ཉིད་ཡོད། ","CT":"ཡབ་དང་སྲས་དང་དམ་པའི་ཐུགས་ཉིད་ཡོད།"}}],[{"phrase":{"AT":"ལ་ནི་ང་ཚོས་ཁྱེད་ལ་བསྟོད་བསྔགས་ཏེ།","KT":"ལ་ནི་ང་ཚོས་ཁྱེད་ལ་བསྟོད་བསྔགས་ཏེ། ","CT":"ལ་ནི་ང་ཚོས་ཁྱེད་ལ་བསྟོད་བསྔགས་ཏེ།"}}],[{"phrase":{"AT":"ཁྱེད་ཀྱི་བཞུགས་ཁྲིའི་ཀ་བར་འགྱུར་བར་ཤོག","KT":"ཁྱེད་ཀྱི་བཞུགས་ཁྲིའི་ཀ་བར་འགྱུར་བར་ཤོག ","CT":"ཁྱེད་ཀྱི་བཞུགས་ཁྲིའི་ཀ་བར་འགྱུར་བར་ཤོག"}}],[{"phrase":{"AT":"ཨ་ཧ་ཁྱེད་རང་གི་འོད་ཟེར་ཆེན་པོ་དེ།","KT":"ཨ་ཧ་ཁྱེད་རང་གི་འོད་ཟེར་ཆེན་པོ་དེ། ","CT":"ཨ་ཧ་ཁྱེད་རང་གི་འོད་ཟེར་ཆེན་པོ་དེ།"}}],[{"phrase":{"AT":"ལ་ནི་ཁྱེད་རང་གི་གཟི་བརྗིད་ལ་བལྟས་ནས།","KT":"ལ་ནི་ཁྱེད་རང་གི་གཟི་བརྗིད་ལ་བལྟས་ནས། ","CT":"ལ་ནི་ཁྱེད་རང་གི་གཟི་བརྗིད་ལ་བལྟས་ནས།"}}],[{"phrase":{"AT":"ཨ་ཧ་ཕོ་ཉ་ཡི་ཚོགས་མཉམ་འཛོམས་པ་དང་།","KT":"ཨ་ཧ་ཕོ་ཉ་ཡི་ཚོགས་མཉམ་འཛོམས་པ་དང་། ","CT":"ཨ་ཧ་ཕོ་ཉ་ཡི་ཚོགས་མཉམ་དུ་འཛོམས་པ་དང་།"}}],[{"phrase":{"AT":"ལ་ནི་དམ་པའི་མཚན་དེ་ལ་བསྟོད་དབྱངས་འབུལ།","KT":"ལ་ནི་དམ་པའི་མཚན་དེ་ལ་བསྟོད་དབྱངས་འབུལ། ","CT":"ལ་ནི་དམ་པའི་མཚན་དེ་ལ་བསྟོད་དབྱངས་ཕུལ།"}}],[{"phrase":{"AT":"ཞུས་ནས།","KT":"ཞུས་ནས། ","CT":"ཞུས་ནས།"}}],[{"phrase":{"AT":"གཙོ་བོ་ནི་དམ་པ་དམ་པ་དམ་པ་ཡིན། ༢","KT":"ཙོ་བོ་ནི་དམ་པ་དམ་པ་དམ་པ་ཡིན། ༢ ","CT":"ཙོ་བོ་ནི་དམ་པ་དམ་པ་དམ་པ་ཡིན། ༢"}}],[{"phrase":{"AT":"ཡབ་ཆེན་ནི་དམ་པ་དམ་པ་དམ་པ་ཡིན། ༢","KT":"ཡབ་ཆེན་ནི་དམ་པ་དམ་པ་དམ་པ་ཡིན། ༢ ","CT":"ཡབ་ཆེན་ནི་དམ་པ་དམ་པ་དམ་པ་ཡིན། ༢"}}],[{"phrase":{"AT":"ཡེ་ཤུ་ནི་དམ་པ་དམ་པ་དམ་པ་ཡིན། ༢","KT":"ཡེ་ཤུ་ནི་དམ་པ་དམ་པ་དམ་པ་ཡིན། ༢ ","CT":"ཡེ་ཤུ་ནི་དམ་པ་དམ་པ་དམ་པ་ཡིན། ༢"}}],[{"phrase":{"AT":"ཐུགས་ཉིད་ནི་དམ་པ་དམ་པ་དམ་པ་ཡིན། ༢","KT":"ཐུགས་ཉིད་ནི་དམ་པ་དམ་པ་དམ་པ་ཡིན། ༢ ","CT":"ཐུགས་ཉིད་ནི་དམ་པ་དམ་པ་དམ་པ་ཡིན།། ༢"}}]],"label":"verse 1","id":1}]},"metadata":[]}