{"title":{"AT":"92.ཨ་ཧ་ལ་ནི་ཡེ་ཤུ་ངའི་སེམས་ལ་ཡོད།","KT":"92. ཨ་ཧ་ལ་ནི་ཡེ་ཤུ་ངའི་སེམས་ལ་ཡོད། ","CT":"92.ཨ་ཧ་ལ་ནི་ཡེ་ཤུ་ངའི་སེམས་ལ་ཡོད།"},"author":"*","key":"*","lyrics":{"Verse":[{"line":[[{"phrase":{"AT":"       (O, Heaven Is In My Heart ཞེས་པའི་དབྱིན་ཇིའི་བསྟོད་དབྱངས།) ","KT":"(O, Heaven Is In My Heart ཞེས་པའི་དབྱིན་ཇིའི་བསྟོད་དབྱངས།)32 Graham Kendrick, Copyright © 1991 Make Way Music, PO Box 263, Croydon, Surrey CR9 5AP, UK. Used by permission ","CT":"(O, Heaven Is In My Heart ཞེས་པའི་དབྱིན་ཇིའི་བསྟོད་དབྱངས།) "}}],[{"phrase":{"AT":"ཨ་ཧ་ལ་ནི་ཡེ་ཤུ་ངའི་སེམས་ལ་ཡོད། ༤","KT":"ཨ་ཧ་ལ་ནི་ཡེ་ཤུ་ངའི་སེམས་ལ་ཡོད། ༤ ","CT":"ཨ་ཧ་ལ་ནི་ཡེ་ཤུ་ངའི་སེམས་ལ་ཡོད། ༤"}}],[{"phrase":{"AT":"(འགོ)  དཀོན་མཆོག་གི་རྒྱལ་སྲིད་འདི་རུ་ཡོད།","KT":" (འགོ)དཀོན་མཆོག་གི་རྒྱལ་སྲིད་འདི་ན་ཡོད། ","CT":"(འགོ)  དཀོན་མཆོག་གི་རྒྱལ་སྲིད་འདི་རུ་ཡོད།"}}],[{"phrase":{"AT":"(མཉམ)ཡེ་ཤུ་ངའི་སེམས་ལ་ཡོད།","KT":"(མཉམ)ཡེ་ཤུ་ངའི་སེམས་ལ་ཡོད། ","CT":"(མཉམ)ཡེ་ཤུ་ངའི་སེམས་ལ་ཡོད།"}}],[{"phrase":{"AT":"(འགོ)ཁོང་གི་གཟི་བརྗིད་ཐག་ཉེ་པོར་ཡོད།","KT":"(འགོ)ཁོང་གི་གཟི་བརྗིད་ཐག་ཉེ་མོར་ཡོད། ","CT":"(འགོ)ཁོང་གི་གཟི་བརྗིད་ཐག་ཉེ་པོར་ཡོད།"}}],[{"phrase":{"AT":"(མཉམ)ཡེ་ཤུ་ངའི་སེམས་ལ་ཡོད།","KT":"(མཉམ)ཡེ་ཤུ་ངའི་སེམས་ལ་ཡོད། ","CT":"(མཉམ)ཡེ་ཤུ་ངའི་སེམས་ལ་ཡོད།"}}],[{"phrase":{"AT":"(འགོ)ཁོང་མཉམ་དུ་དགའ་སྤྲོ་ཆེན་པོ་ཡོད།","KT":"(འགོ)ཁོང་མཉམ་དུ་དགའ་སྤྲོ་ཆེན་པོ་ཡོད། ","CT":"(འགོ)ཁོང་མཉམ་དུ་དགའ་སྤྲོ་ཆེན་པོ་ཡོད།"}}],[{"phrase":{"AT":"(མཉམ)ཡེ་ཤུ་ངའི་སེམས་ལ་ཡོད།","KT":"(མཉམ)ཡེ་ཤུ་ངའི་སེམས་ལ་ཡོད། ","CT":"(མཉམ)ཡེ་ཤུ་ངའི་སེམས་ལ་ཡོད།"}}],[{"phrase":{"AT":"(འགོ)དམ་པའི་འོད་ཟེར་མཐའ་འཁོར་ལ་ཡོད།","KT":"(འགོ)དམ་པའི་འོད་ཟེར་མཐའ་འཁོར་ལ་ཡོད། ","CT":"(འགོ)དམ་པའི་འོད་ཟེར་མཐའ་འཁོར་ལ་ཡོད།"}}],[{"phrase":{"AT":"(མཉམ)ཡེ་ཤུ་ངའི་སེམས་ལ་ཡོད།","KT":"(མཉམ)ཡེ་ཤུ་ངའི་སེམས་ལ་ཡོད། ","CT":"(མཉམ)ཡེ་ཤུ་ངའི་སེམས་ལ་ཡོད།"}}]],"label":"verse 1","id":1},{"line":[[{"phrase":{"AT":"མཐའ་མེད་པའི་སྲོག་ངར་གནང་བའི་ཕྱིར།","KT":" མཐའ་མེད་པའི་སྲོག་ངར་གནང་བའི་ཕྱིར། ","CT":"མཐའ་མེད་པའི་སྲོག་ངར་གནང་བའི་ཕྱིར།"}}],[{"phrase":{"AT":"ཡེ་ཤུ་ངའི་སེམས་ལ་ཡོད།","KT":"ཡེ་ཤུ་ངའི་སེམས་ལ་ཡོད། ","CT":"ཡེ་ཤུ་ངའི་སེམས་ལ་ཡོད།"}}],[{"phrase":{"AT":"རང་ཉིད་ཀྱི་སྐུ་སྲོག་ངའི་དོན་འབུལ།","KT":"རང་ཉིད་ཀྱི་སྐུ་སྲོག་ངའི་དོན་འབུལ། ","CT":"རང་ཉིད་ཀྱི་སྐུ་སྲོག་ངའི་དོན་ཕུལ།"}}],[{"phrase":{"AT":"ཡེ་ཤུ་ངའི་སེམས་ལ་ཡོད།","KT":"ཡེ་ཤུ་ངའི་སེམས་ལ་ཡོད། ","CT":"ཡེ་ཤུ་ངའི་སེམས་ལ་ཡོད།"}}],[{"phrase":{"AT":"ཡེ་ཤུ་ནི་ངའི་བློ་འགེལ་ས་ཡིན།","KT":"ཡེ་ཤུ་ནི་ངའི་བློ་གཏད་ས་ཡིན། ","CT":"ཡེ་ཤུ་ནི་ངའི་བློས་འགེལ་ས་ཡིན།"}}],[{"phrase":{"AT":"ཡེ་ཤུ་ངའི་སེམས་ལ་ཡོད།","KT":"ཡེ་ཤུ་ངའི་སེམས་ལ་ཡོད། ","CT":"ཡེ་ཤུ་ངའི་སེམས་ལ་ཡོད།"}}],[{"phrase":{"AT":"ཐར་བ་འཐོབ་པའི་རེ་བ་ཡེ་ཤུ་ཡིན། ","KT":"ཐར་པ་འཐོབ་པའི་རེ་བ་ཡེ་ཤུ་ཡིན། ","CT":"ཁོང་ཐར་པ་འཐོབ་པའི་རེ་བ་ཡིན། "}}],[{"phrase":{"AT":"ཡེ་ཤུ་ངའི་སེམས་ལ་ཡོད།","KT":"ཡེ་ཤུ་ངའི་སེམས་ལ་ཡོད། ","CT":"ཡེ་ཤུ་ངའི་སེམས་ལ་ཡོད།"}}]],"label":"verse 2","id":2},{"line":[[{"phrase":{"AT":"ང་ཚོ་ནི་ཁོང་གི་མཆོད་ཁང་ཡིན།","KT":" ང་ཚོ་ནི་ཁོང་གི་མཆོད་ཁང་ཡིན། ","CT":"ང་ཚོ་ནི་ཁོང་གི་མཆོད་ཁང་ཡིན།"}}],[{"phrase":{"AT":"ཡེ་ཤུ་ངའི་སེམས་ལ་ཡོད།","KT":"ཡེ་ཤུ་ངའི་སེམས་ལ་ཡོད། ","CT":"ཡེ་ཤུ་ངའི་སེམས་ལ་ཡོད།"}}],[{"phrase":{"AT":"མཆོད་ཁང་གི་རྨང་གཞི་ཡེ་ཤུ་ཡིན།","KT":"མཆོད་ཁང་གི་རྨང་གཞི་ཡེ་ཤུ་ཡིན། ","CT":"མཆོད་ཁང་གི་རྨང་གཞི་ཡེ་ཤུ་ཡིན།"}}],[{"phrase":{"AT":"ཡེ་ཤུ་ངའི་སེམས་ལ་ཡོད།","KT":"ཡེ་ཤུ་ངའི་སེམས་ལ་ཡོད། ","CT":"ཡེ་ཤུ་ངའི་སེམས་ལ་ཡོད།"}}],[{"phrase":{"AT":"ང་ཚོ་ནམ་མཁར་འཁྲིད་པར་ཕེབས་ཡོང་།","KT":"ང་ཚོ་ནམ་མཁར་འཁྲིད་པར་ཕེབས་ཡོང་། ","CT":"ང་ཚོ་ནམ་མཁར་འཁྲིད་པར་ཕེབས་ཡོང་།"}}],[{"phrase":{"AT":"ཡེ་ཤུ་ངའི་སེམས་ལ་ཡོད།","KT":"ཡེ་ཤུ་ངའི་སེམས་ལ་ཡོད། ","CT":"ཡེ་ཤུ་ངའི་སེམས་ལ་ཡོད།"}}],[{"phrase":{"AT":"ཐུགས་ཉིད་དང་བག་མས་ཕེབས་ཤོག་ཟེར། ","KT":"ཐུགས་ཉིད་དང་བག་མས་ཕེབས་ཤོག་ཟེར། ","CT":"ཐུགས་ཉིད་དང་ཆོས་ཚོགས་ཀྱིས་ཕེབས་ཤོག་ཟེར། "}}],[{"phrase":{"AT":"ཡེ་ཤུ་ངའི་སེམས་ལ་ཡོད།","KT":"ཡེ་ཤུ་ངའི་སེམས་ལ་ཡོད། ","CT":"ཡེ་ཤུ་ངའི་སེམས་ལ་ཡོད།།"}}]],"label":"verse 3","id":3}]},"metadata":[]}