{"title":{"AT":"93.ཨ་ཧ་ཨ་ཧ་ཨ་ཧ་ལགས་ནི།","KT":"93. ཨ་ཧ་ཨ་ཧ་ཨ་ཧ་ལགས་ནི། ","CT":"93.ཨ་ཧ་ཨ་ཧ་ཨ་ཧ་ལགས་ནི།"},"author":"*","key":"*","lyrics":{"Verse":[{"line":[[{"phrase":{"AT":"       (Rev.པི་ཀྲར་རབ་རྒྱས་ཀྱིས་བརྩམས་པའི་བསྟོད་དབྱངས།)","KT":"(Rev.པི་ཀྲར་རབ་རྒྱས་ཀྱིས་བརྩམས་པའི་བསྟོད་དབྱངས།) ","CT":"(Rev.པི་ཀྲར་རབ་རྒྱས་ཀྱིས་བརྩམས་པའི་བསྟོད་དབྱངས།)"}}],[{"phrase":{"AT":"ཨ་ཧ་ཨ་ཧ་ཨ་ཧ་ལགས་ནི།","KT":" ཨ་ཧ་ཨ་ཧ་ཨ་ཧ་ལགས་ནི། ","CT":"ཨ་ཧ་ཨ་ཧ་ཨ་ཧ་ལགས་ནི།"}}],[{"phrase":{"AT":"སྡིག་པའི་མུན་པའི་ནང་དུ།","KT":"སྡིག་པའི་མུན་པའི་ནང་དུ། ","CT":"སྡིག་པའི་མུན་པའི་ནང་དུ།"}}],[{"phrase":{"AT":"སྟོར་བའི་སྡིག་ཅན་སྐྱོབ་ཕྱིར་ཨ་ཧ་ལགས་ནི།","KT":"སྟོར་བའི་སྡིག་ཅན་སྐྱོབ་ཕྱིར་ཨ་ཧ་ལགས་ནི། ","CT":"སྟོར་བའི་སྡིག་ཅན་སྐྱོབ་ཕྱིར་ཨ་ཧ་ལགས་ནི།"}}],[{"phrase":{"AT":"ཞིང་མཆོག་བདེ་ཆེན་སྤངས་ནས་ཨ་ཧ་ལགས་ནི།","KT":"ཞིང་མཆོག་བདེ་ཆེན་སྤངས་ནས་ཨ་ཧ་ལགས་ནི། ","CT":"ཞིང་མཆོག་བདེ་ཆེན་སྤངས་ནས་ཨ་ཧ་ལགས་ནི།"}}],[{"phrase":{"AT":"དཀོན་མཆོག་མི་ཡི་རྣམ་པ་བཟུང་།","KT":"དཀོན་མཆོག་མི་ཡི་རྣམ་པ་བཟུང་། ","CT":"དཀོན་མཆོག་མི་རུ་སྤྲུལ་པ་བཞེས།"}}],[{"phrase":{"AT":"མཐའ་ཡས་ཐུགས་བརྩེ་འདི་བཞིན།","KT":"མཐའ་ཡས་ཐུགས་བརྩེ་འདི་བཞིན། ","CT":"མཐའ་ཡས་ཐུགས་བརྩེ་འདི་བཞིན།"}}],[{"phrase":{"AT":"སེམས་ནས་མ་བརྗེད་བརྩེ་བའི་བོད་མི་རྣམས།","KT":"སེམས་ནས་མ་བརྗེད་བརྩེ་བའི་བོད་མི་རྣམས། ","CT":"སེམས་ནས་མ་བརྗེད་གཅེས་པའི་བོད་མི་རྣམས།"}}]],"label":"verse 1","id":1},{"line":[[{"phrase":{"AT":"ཨ་ཧ་ཨ་ཧ་ཨ་ཧ་ལགས་ནི།","KT":" ཨ་ཧ་ཨ་ཧ་ཨ་ཧ་ལགས་ནི། ","CT":"ndefined༢ཨ་ཧ་ཨ་ཧ་ཨ་ཧ་ལགས་ནི།"}}],[{"phrase":{"AT":"རང་གཤིས་རྙིང་བའི་སྡིག་པ།","KT":"རང་གཤིས་རྙིང་པའི་སྡིག་པ། ","CT":"རང་གཤིས་རྙིང་བའི་སྡིག་པ།"}}],[{"phrase":{"AT":"དགེ་བའི་ལས་ཀྱིས་མི་དག་ཨ་ཧ་ལགས་ནི།","KT":"དགེ་བའི་ལས་ཀྱིས་མི་དག་ཨ་ཧ་ལགས་ནི། ","CT":"དགེ་བའི་ལས་ཀྱིས་མི་དག་ཨ་ཧ་ལགས་ནི།"}}],[{"phrase":{"AT":"སྡིག་པའི་གཡུལ་ལས།","KT":"སྡིག་པའི་གཡུལ་ལས། ","CT":"སྡིག་པའི་གཡུལ་ལས།"}}],[{"phrase":{"AT":"རྒྱལ་ཕྱིར་ཨ་ཧ་ལགས་ནི།","KT":"རྒྱལ་ཕྱིར་ཨ་ཧ་ལགས་ནི། ","CT":"རྒྱལ་ཕྱིར་ཨ་ཧ་ལགས་ནི།"}}],[{"phrase":{"AT":"རང་གཤིས་གསར་བ་ཞིག་དགོས་ཤིང་།","KT":"རང་གཤིས་གསར་པ་ཞིག་དགོས་ཤིང་། ","CT":"རང་གཤིས་གསར་པ་ཞིག་དགོས་པས།"}}],[{"phrase":{"AT":"ལུས་རྟེན་འདི་གར་སྐྱེ་བ་གསར་བ་ལེན་ཕྱིར།","KT":"ལུས་རྟེན་འདི་གར་སྐྱེ་བ་གསར་པ་ལེན་ཕྱིར། ","CT":"ལུས་རྟེན་འདི་གར་སྐྱེ་བ་གསར་པ་ལེན་ཕྱིར།"}}],[{"phrase":{"AT":"ཡེ་ཤུར་དད་མོས་ཞུས།","KT":"ཡེ་ཤུར་དད་མོས་ཞུས། ","CT":"ཡེ་ཤུར་དད་མོས་ཞུས།"}}]],"label":"verse 2","id":2},{"line":[[{"phrase":{"AT":"ཨ་ཧ་ཨ་ཧ་ཨ་ཧ་ལགས་ནི།","KT":" ཨ་ཧ་ཨ་ཧ་ཨ་ཧ་ལགས་ནི། ","CT":"ཨ་ཧ་ཨ་ཧ་ཨ་ཧ་ལགས་ནི།"}}],[{"phrase":{"AT":"མེས་པོའི་རྒྱུད་ནས་བསགས་པའི།","KT":"མེས་པོའི་རྒྱུད་ནས་བསགས་པའི། ","CT":"མེས་པོའི་བརྒྱུད་ནས་བསགས་པའི།"}}],[{"phrase":{"AT":"སྡིག་པ་ཇི་ལྟར་ཚབས་ཆེའང་ཨ་ཧ་ལགས་ནི།","KT":"སྡིག་པ་ཇི་ལྟར་ཚབས་ཆེའང་ཨ་ཧ་ལགས་ནི། ","CT":"སྡིག་པ་ཇི་ལྟར་ཚབས་ཆེའང་ཨ་ཧ་ལགས་ནི།"}}],[{"phrase":{"AT":"ཡེ་ཤུར་འགྱོད་བཤགས།","KT":"ཡེ་ཤུར་འགྱོད་བཤགས། ","CT":"ཡེ་ཤུར་འགྱོད་བཤགས།"}}],[{"phrase":{"AT":"འབུལ་ན་ཨ་ཧ་ལགས་ནི།","KT":"འབུལ་ན་ཨ་ཧ་ལགས་ནི། ","CT":"ཕུལ་ན་ཨ་ཧ་ལགས་ནི།"}}],[{"phrase":{"AT":"ཁོང་གི་སྐུ་མཚལ་རིན་པོ་ཆེས། ","KT":"ཁོང་གི་སྐུ་མཚལ་རིན་པོ་ཆེས། 33 33 སྐུ་མཚལ་ནི་སྐུ་ཁྲག་གི་དོན་ཡིན། ","CT":"ཁོང་གི་སྐུ་མཚལ་རིན་པོ་ཆེས། "}}],[{"phrase":{"AT":"སྡིག་པ་བསལ་ཞིང་ཐར་ལམ།","KT":"སྡིག་པ་བསལ་ཞིང་ཐར་ལམ། ","CT":"སྡིག་པ་བསལ་ཞིང་ཐར་ལམ།"}}],[{"phrase":{"AT":"ཐོབ་པར་ངེས་པས།","KT":"ཐོབ་པར་ངེས་པས། ","CT":"ཐོབ་པར་ངེས་པས།"}}],[{"phrase":{"AT":"ཁོང་ལ་སྐྱབས་སུ་ཞུས།","KT":"ཁོང་ལ་སྐྱབས་སུ་ཞུས། ","CT":"ཁོང་ལ་སྐྱབས་སུ་ཞུས།།"}}]],"label":"verse 3","id":3}]},"metadata":[]}