{"title":{"AT":"94.ཨིམ་མ་ནུ་ཨེལ།","KT":"94. ཨིམ་མཱ་ནུ་ཨེལ། ","CT":"94.ཨིམ་མ་ནུ་ཨེལ།"},"author":"*","key":"*","lyrics":{"Verse":[{"line":[[{"phrase":{"AT":"       (Emmanuel ཞེས་པའི་དབྱིན་ཇིའི་བསྟོད་དབྱངས།) ","KT":"(Emmanuel ཞེས་པའི་དབྱིན་ཇིའི་བསྟོད་དབྱངས།)34  Bob McGee, Copyright © 1976 C.A. Music (div of C.A. Records, Inc.). Used by permission ","CT":"(Emmanuel ཞེས་པའི་དབྱིན་ཇིའི་བསྟོད་དབྱངས།) "}}],[{"phrase":{"AT":"ཨིམ་མ་ནུ་ཨེལ། ༢","KT":" ཨིམ་མཱ་ནུ་ཨེལ། ༢ ","CT":"ཨིམ་མ་ནུ་ཨེལ། ༢"}}],[{"phrase":{"AT":"ཁྱེད་རང་གི་མཚན་ཨིམ་མ་ནུ་ཨེལ།","KT":"ཁྱེད་རང་གི་མཚན་ཨིམ་མཱ་ནུ་ཨེལ། ","CT":"ཁྱེད་རང་གི་མཚན་ཨིམ་མ་ནུ་ཨེལ།"}}],[{"phrase":{"AT":"དཀོན་མཆོག་ང་ཚོ་དང་མཉམ་དུ་བཞུགས།","KT":"དཀོན་མཆོག་ང་ཚོ་དང་མཉམ་དུ་བཞུགས། ","CT":"དཀོན་མཆོག་ང་ཚོ་དང་མཉམ་དུ་བཞུགས།"}}],[{"phrase":{"AT":"ཁྱེད་རང་གི་མཚན་ཨིམ་མ་ནུ་ཨེལ།","KT":"ཁྱེད་རང་གི་མཚན་ཨིམ་མཱ་ནུ་ཨེལ། ","CT":"ཁྱེད་རང་གི་མཚན་ཨིམ་མ་ནུ་ཨེལ།"}}]],"label":"verse 1","id":1},{"line":[[{"phrase":{"AT":"གཙོ་བོའི་གཙོ་བོ། ༢","KT":" གཙོ་བོའི་གཙོ་བོ། ༢ ","CT":"གཙོ་བོའི་གཙོ་བོ། ༢"}}],[{"phrase":{"AT":"ཁྱེད་རང་གི་མཚན་གཙོ་བོའི་གཙོ་བོ།","KT":"ཁྱེད་རང་གི་མཚན་གཙོ་བོའི་གཙོ་བོ། ","CT":"ཁྱེད་རང་གི་མཚན་གཙོ་བོའི་གཙོ་བོ།"}}],[{"phrase":{"AT":"དཀོན་མཆོག་ང་ཚོ་དང་མཉམ་དུ་བཞུགས།","KT":"དཀོན་མཆོག་ང་ཚོ་དང་མཉམ་དུ་བཞུགས། ","CT":"དཀོན་མཆོག་ང་ཚོ་དང་མཉམ་དུ་བཞུགས།"}}],[{"phrase":{"AT":"ཁྱེད་རང་གི་མཚན་གཙོ་བོའི་གཙོ་བོ།","KT":"ཁྱེད་རང་གི་མཚན་གཙོ་བོའི་གཙོ་བོ། ","CT":"ཁྱེད་རང་གི་མཚན་གཙོ་བོའི་གཙོ་བོ།"}}]],"label":"verse 2","id":2},{"line":[[{"phrase":{"AT":"རྒྱལ་པོའི་རྒྱལ་པོ། ༢","KT":" རྒྱལ་པོའི་རྒྱལ་པོ། ༢ ","CT":"རྒྱལ་པོའི་རྒྱལ་པོ། ༢"}}],[{"phrase":{"AT":"ཁྱེད་རང་གི་མཚན་རྒྱལ་པོའི་རྒྱལ་པོ།","KT":"ཁྱེད་རང་གི་མཚན་རྒྱལ་པོའི་རྒྱལ་པོ། ","CT":"ཁྱེད་རང་གི་མཚན་རྒྱལ་པོའི་རྒྱལ་པོ།"}}],[{"phrase":{"AT":"དཀོན་མཆོག་ང་ཚོ་དང་མཉམ་དུ་བཞུགས།","KT":"དཀོན་མཆོག་ང་ཚོ་དང་མཉམ་དུ་བཞུགས། ","CT":"དཀོན་མཆོག་ང་ཚོ་དང་མཉམ་དུ་བཞུགས།"}}],[{"phrase":{"AT":"ཁྱེད་རང་གི་མཚན་རྒྱལ་པོའི་རྒྱལ་པོ།","KT":"ཁྱེད་རང་གི་མཚན་རྒྱལ་པོའི་རྒྱལ་པོ། ","CT":"ཁྱེད་རང་གི་མཚན་རྒྱལ་པོའི་རྒྱལ་པོ།།"}}],[{"phrase":{"AT":"༄༅།། དམ་པའི་གསུང་རབ་ནང་གི་ཆ་ཤས་འགའ་ཞིག ","KT":"༄༅།། དམ་པའི་གསུང་རབ་ནང་གི་ཆ་ཤས་འགའ་ཞིག ","CT":"undefined༄༅།། དམ་པའི་གསུང་རབ་ནང་གི་ཆ་ཤས་འགའ་ཞིག། "}}]],"label":"verse 3","id":3}]},"metadata":[]}