{"title":{"AT":"95.ནམ་མཁར་བཞུགས་པའི་ཡབ། ","KT":"95. ནམ་མཁར་བཞུགས་པའི་ཡབ། ","CT":"95.ནམ་མཁར་བཞུགས་པའི་ཡབ། "},"author":"*","key":"*","lyrics":{"Verse":[{"line":[[{"phrase":{"AT":"ནམ་མཁར་བཞུགས་པའི་ངེད་ཀྱི་ཡབ།","KT":" ནམ་མཁར་བཞུགས་པའི་ངེད་ཀྱི་ཡབ། ","CT":"ནམ་མཁར་བཞུགས་པའི་ངེད་ཀྱི་ཡབ།"}}],[{"phrase":{"AT":"ཁྱེད་མཚན་དམ་པར་སྲུང་བར་ཤོག","KT":"ཁྱེད་མཚན་དམ་པར་སྲུང་བར་ཤོག ","CT":"ཁྱེད་མཚན་དམ་པར་སྲུང་བར་ཤོག"}}],[{"phrase":{"AT":"ཁྱེད་ཀྱི་རྒྱལ་སྲིད་འོང་བར་ཤོག ","KT":"ཁྱེད་ཀྱི་རྒྱལ་སྲིད་འོང་བར་ཤོག ","CT":"ཁྱེད་ཀྱི་རྒྱལ་སྲིད་འོང་བར་ཤོག "}}],[{"phrase":{"AT":"ཁྱེད་ཀྱི་རྒྱལ་སྲིད་འོང་བར་ཤོག","KT":"ཁྱེད་ཀྱི་རྒྱལ་སྲིད་འོང་བར་ཤོག ","CT":"ཁྱེད་ཀྱི་རྒྱལ་སྲིད་འོང་བར་ཤོག"}}]],"label":"verse 1","id":1},{"line":[[{"phrase":{"AT":"ྱེད་ཀྱི་དགོངས་པ་ནམ་མཁའ་བཞིན།","KT":"ཁྱེད་ཀྱི་དགོངས་པ་ནམ་མཁའ་བཞིན། ","CT":"ྱེད་ཀྱི་དགོངས་པ་ནམ་མཁའ་ལ།"}}],[{"phrase":{"AT":"ས་ལའང་དེ་ལྟར་འགྲུབ་པར་ཤོག ","KT":"ས་ལའང་དེ་ལྟར་འགྲུབ་པར་ཤོག ","CT":"སྒྲུབ་ལྟར་ས་ལའང་འགྲུབ་པར་ཤོག "}}],[{"phrase":{"AT":"ངེད་ཀྱི་ཉི་མ་རེ་རེའི་ཟས། ","KT":"ང་ཚོའི་ཉི་མ་རེ་ཡི་ཟས། ","CT":"ངེད་ཀྱི་ཉི་མ་རེའི་ཁ་ཟས། "}}],[{"phrase":{"AT":"དེ་རིང་ཡང་ནི་གནང་བར་མཛོད།","KT":"དེ་རིང་ཡང་ནི་གནང་བར་མཛོད། ","CT":"དེ་རིང་ཡང་ནི་གནང་བར་མཛོད།"}}]],"label":"verse 2","id":2},{"line":[[{"phrase":{"AT":"ངེད་ཀྱིས་གཞན་ཉེས་བསལ་བ་ལྟར།","KT":" ང་ཚོས་གཞན་ཉེས་བསལ་བ་ལྟར། ","CT":"ངེད་ཀྱིས་གཞན་ཉེས་སེལ་བ་ལྟར།"}}],[{"phrase":{"AT":"ངེད་ཀྱི་སྡིག་པ་བསལ་བར་མཛོད།","KT":"ང་ཚོའི་སྡིག་པ་བསལ་བར་མཛོད། ","CT":"ངེད་ཀྱི་སྡིག་པ་སེལ་བར་མཛོད།"}}],[{"phrase":{"AT":"ཉམས་ཚོད་མི་ལེན་སྐྱོབ་པར་མཛོད།","KT":"ཉམས་ཚོད་ནང་དུ་མ་འཁྲིད་པར། ","CT":"ཉམས་སད་ནང་དུ་མ་འཁྲིད་པར།"}}],[{"phrase":{"AT":"ངན་པ་ལས་ང་ཐར་བར་མཛོད། ","KT":"ངན་པའི་ལས་ནས་ཐར་བར་མཛོད། ","CT":"ངན་པའི་ལས་ངེད་ཐར་བར་མཛོད། "}}]],"label":"verse 3","id":3},{"line":[[{"phrase":{"AT":"རྒྱལ་སྲིད་དབང་དང་གཟི་བརྗིད་ནི།","KT":" རྒྱལ་སྲིད་དབང་དང་གཟི་བརྗིད་ནི། ","CT":"རྒྱལ་སྲིད་དབང་དང་གཟི་བརྗིད་ནི།"}}],[{"phrase":{"AT":"རྒྱུན་ནས་རྒྱུན་དུ་ཁྱེད་ཀྱི་ཡིན། ","KT":"རྒྱུན་ནས་རྒྱུན་དུ་ཁྱེད་ཀྱི་ཡིན། ","CT":"རྒྱུན་ནས་རྒྱུན་དུ་ཁྱེད་ཀྱི་འོ། "}}],[{"phrase":{"AT":"རྒྱལ་སྲིད་དབང་དང་གཟི་བརྗིད་ནི།","KT":"རྒྱལ་སྲིད་དབང་དང་གཟི་བརྗིད་ནི། ","CT":"རྒྱལ་སྲིད་དབང་དང་གཟི་བརྗིད་ནི།"}}],[{"phrase":{"AT":"རྒྱུན་ནས་རྒྱུན་དུ་ཁྱེད་ཀྱི་ཡིན། ཨ་མེན།","KT":"རྒྱུན་ནས་རྒྱུན་དུ་ཁྱེད་ཀྱི་ཡིན། ཨ་མེན། ","CT":"རྒྱུན་ནས་རྒྱུན་དུ་ཁྱེད་ཀྱི་འོ། ཨ་མེན།།"}}]],"label":"verse 4","id":4}]},"metadata":[{"AT":"(༼གཙོ་བོ་ཡེ་ཤུའི་སྨོན་ལམ།༽)","KT":"(༼གཙོ་བོ་ཡེ་ཤུའི་སྨོན་ལམ།༽ )","CT":"༼གཙོ་བོ་ཡེ་ཤུའི་སྨོན་ལམ།༽"},{"AT":"(མད་ཐཱ་འཕྲིན་བཟང་གི་ལེའུ 6:9-13 བར་གཟིགས་རོགས།)","KT":"(མད་ཐཱ་འཕྲིན་བཟང་གི་ལེའུ 6:9-13 བར་གཟིགས་རོགས།) ","CT":"(དམ་པའི་གསུང་རབ་ལས་མད་ཐཱ་ཞེས་པའི་མདོ་ལེའུ་ 6:9-13 ནས་བཀོད་པ་ཡིན།)"}]}