{"title":{"AT":"96.དཀོན་མཆོག་ཉིད་ཀྱི་བཀའ། ","KT":"96. དཀོན་མཆོག་ཉིད་ཀྱི་བཀའ། ","CT":"96.དཀོན་མཆོག་ཉིད་ཀྱི་བཀའ། "},"author":"*","key":"*","lyrics":{"Verse":[{"line":[[{"phrase":{"AT":"     ( ཡོ་ཧ་ནན་གྱི་འཕྲིན་བཟང་གི་ལེའུ1པའི་མདོ1-18བར་གཟིགས་རོགས།)","KT":"(ཡོ་ཧ་ནན་གྱི་འཕྲིན་བཟང་གི་ལེའུ1པའི་མདོ1-18བར་གཟིགས་རོགས།) ","CT":"(ཡོ་ཧ་ནན་གྱིས་བྲིས་པའི་འཕྲིན་བཟང་ལེའུ་1 ཨང་གྲངས་1-18 བར་གཟིགས།)"}}],[{"phrase":{"AT":"0༼འགོ༽","KT":"༼འགོ༽ ","CT":"༼འགོ༽"}}],[{"phrase":{"AT":"སྐྱབས་མགོན་ཡེ་ཤུའི་མཚན་ཞིག་ནི།","KT":"སྐྱབས་མགོན་ཡེ་ཤུའི་མཚན་ཞིག་ནི། ","CT":"སྐྱབས་མགོན་ཡེ་ཤུའི་མཚན་ཞིག་ནི།"}}],[{"phrase":{"AT":"དཀོན་མཆོག་ཉིད་ཀྱི་བཀའ་དེ་ཡིན།","KT":"དཀོན་མཆོག་ཉིད་ཀྱི་བཀའ་དེ་ཡིན། ","CT":"དཀོན་མཆོག་ཉིད་ཀྱི་བཀའ་དེ་ཡིན།"}}],[{"phrase":{"AT":"བཀའ་དེ་སྐོར་ནི་གང་ཞེ་ན།","KT":"བཀའ་དེ་སྐོར་ནི་གང་ཞེ་ན། ","CT":"བཀའ་དེ་སྐོར་ནི་གང་ཡིན་ཟེར།"}}],[{"phrase":{"AT":"མགུར་གླུ་འདི་ལ་ཉན་རོགས་གནང་།","KT":"མགུར་གླུ་འདི་ལ་ཉན་རོགས་གནང་།། ","CT":"མགུར་གླུ་འདི་ལ་གསན་རོགས་གནང་།"}}],[{"phrase":{"AT":"༼མཉམ༽ ","KT":"མཉམ༽ ","CT":"མཉམ༽ "}}],[{"phrase":{"AT":"ཐོག་མར་བཀའ་ཡོད་ལགས་པ་དང་།","KT":"༡ ཐོག་མར་བཀའ་ཡོད་ལགས་པ་དང་། ","CT":"༡ཐོག་མར་བཀའ་ཡོད་ལགས་པ་དང་།"}}],[{"phrase":{"AT":"བཀའ་དེ་དཀོན་མཆོག་མཉམ་དུ་བཞུགས།","KT":"བཀའ་དེ་དཀོན་མཆོག་མཉམ་དུ་བཞུགས། ","CT":"བཀའ་དེ་དཀོན་མཆོག་མཉམ་དུ་བཞུགས།"}}],[{"phrase":{"AT":"བཀའ་དེ་དཀོན་མཆོག་ལགས་པ་དང་།","KT":"བཀའ་དེ་དཀོན་མཆོག་ལགས་པ་དང་། ","CT":"བཀའ་དེ་དཀོན་མཆོག་ལགས་པ་དང་།"}}],[{"phrase":{"AT":"གདོད་ནས་དཀོན་མཆོག་མཉམ་དུ་བཞུགས།","KT":"གདོད་ནས་དཀོན་མཆོག་མཉམ་དུ་བཞུགས།། ","CT":"གདོད་ནས་དཀོན་མཆོག་མཉམ་དུ་བཞུགས།"}}]],"label":"verse 1","id":1},{"line":[[{"phrase":{"AT":"དངོས་པོ་ཐམས་ཅད་བཀའ་དེས་མཛད།","KT":" དངོས་པོ་ཐམས་ཅད་བཀའ་དེས་མཛད། ","CT":"དངོས་པོ་ཐམས་ཅད་བཀའ་དེས་མཛད།"}}],[{"phrase":{"AT":"ཁོང་མེད་ཅི་ཡང་མ་བྱུང་ངོ་།།","KT":"ཁོང་མེད་ཅི་ཡང་མ་བྱུང་ངོ་། ","CT":"ཁོང་མེད་ཅི་ཡང་མ་བྱུང་ངོ་།"}}],[{"phrase":{"AT":"ཁོང་གི་ནང་ན་གསོན་པ་སྟེ།","KT":"ཁོང་གི་ནང་ན་གསོན་པ་སྟེ། ","CT":"ཁོང་གི་ནང་ན་གསོན་པ་སྟེ།"}}],[{"phrase":{"AT":"གསོན་པ་མི་ཡི་འོད་དེ་ཡིན།","KT":"གསོན་པ་མི་ཡི་འོད་དེ་ཡིན།། ","CT":"གསོན་པ་མི་ཡི་འོད་དེ་ཡིན།"}}]],"label":"verse 2","id":2},{"line":[[{"phrase":{"AT":"དཀོན་མཆོག་ཉིད་ཀྱི་བཀའ་དེ་ལ།","KT":" དཀོན་མཆོག་ཉིད་ཀྱི་བཀའ་དེ་ལ། ","CT":"དཀོན་མཆོག་ཉིད་ཀྱི་བཀའ་དེ་ལ།"}}],[{"phrase":{"AT":"ང་ཚོས་སེམས་ནས་བསྟོད་པ་འབུལ།","KT":"ང་ཚོས་སེམས་ནས་བསྟོད་པ་འབུལ། ","CT":"ང་ཚོས་སེམས་ནས་བསྟོད་པ་ཕུལ།"}}],[{"phrase":{"AT":"སྐྱབས་མགོན་གཙོ་བོ་ཡེ་ཤུ་ལ།","KT":"སྐྱབས་མགོན་གཙོ་བོ་ཡེ་ཤུ་ལ། ","CT":"སྐྱབས་མགོན་གཙོ་བོ་ཡེ་ཤུ་ལ།"}}],[{"phrase":{"AT":"དགའ་སྤྲོའི་བསྟོད་དབྱངས་འདི་འབུལ་ལོ།།","KT":"དགའ་སྤྲོའི་བསྟོད་དབྱངས་འདི་འབུལ་ལོ།། ","CT":"དགའ་སྤྲོའི་བསྟོད་དབྱངས་འདི་ཕུལ་ལོ།"}}]],"label":"verse 3","id":3},{"line":[[{"phrase":{"AT":"འོད་དེ་མུན་པའི་ནང་དུ་ཤར།","KT":" འོད་དེ་མུན་པའི་ནང་དུ་ཤར། ","CT":"འོད་དེ་མུན་པའི་ནང་དུ་ཤར།"}}],[{"phrase":{"AT":"མུན་པས་གནན་པར་མ་ནུས་སོ།། ","KT":"མུན་པས་གནན་པར་མ་ནུས་སོ། ","CT":"མུན་པས་གནོན་པར་མ་ནུས་སོ། "}}],[{"phrase":{"AT":"བཀའ་དེ་སྐུ་ལུས་ལྡན་པར་གྱུར།","KT":"བཀའ་དེ་སྐུ་ལུས་ལྡན་པར་གྱུར། ","CT":"བཀའ་དེ་སྐུ་ལུས་ལྡན་པར་སྤྲུལ།"}}],[{"phrase":{"AT":"ང་ཚོའི་ཁྲོད་དུ་བཞུགས་མཛད་དོ།།","KT":"ང་ཚོའི་ཁྲོད་དུ་བཞུགས་མཛད་དོ།། ","CT":"ང་ཚོའི་ཁྲོད་དུ་བཞུགས་མཛད་དོ།"}}]],"label":"verse 4","id":4},{"line":[[{"phrase":{"AT":"ཡབ་ནས་བྱུང་བའི་སྲས་གཅིག་པོ།","KT":" ཡབ་ནས་བྱུང་བའི་སྲས་གཅིག་པོ། ","CT":"ཡབ་ནས་བྱུང་བའི་སྲས་གཅིག་པོ།"}}],[{"phrase":{"AT":"ཐུགས་རྗེ་དང་བདེན་པས་གང་བ་ཡི། ","KT":"ཐུགས་རྗེ་དང་བདེན་པས་གང་བ་ཡི། ","CT":"ཐུགས་རྗེ་དང་བདེན་པས་གང་བ་ཡི། "}}],[{"phrase":{"AT":"གཟི་བརྗིད་ཁོ་ན་ང་ཚོས་མཐོང་།  ","KT":"གཟི་བརྗིད་ཁོ་ན་ང་ཚོས་མཐོང་། ","CT":"གཟི་བརྗིད་འོད་གཟེར་ང་ཚོས་མཐོང་།  "}}],[{"phrase":{"AT":"གཟི་བརྗིད་ཁོ་ན་ང་ཚོས་མཐོང་། ","KT":"གཟི་བརྗིད་ཁོ་ན་ང་ཚོས་མཐོང་།། ","CT":"གཟི་བརྗིད་ཁོ་ན་ང་ཚོས་མཐོང་། "}}]],"label":"verse 5","id":5},{"line":[[{"phrase":{"AT":"དཀོན་མཆོག་ཉིད་ཀྱི་བཀའ་དེ་ལ།","KT":" དཀོན་མཆོག་ཉིད་ཀྱི་བཀའ་དེ་ལ། ","CT":"དཀོན་མཆོག་ཉིད་ཀྱི་བཀའ་དེ་ལ།"}}],[{"phrase":{"AT":"ང་ཚོས་སེམས་ནས་བསྟོད་པ་འབུལ། ","KT":"ང་ཚོས་སེམས་ནས་བསྟོད་པ་འབུལ། ","CT":"ང་ཚོས་སེམས་ནས་བསྟོད་པ་ཕུལ། "}}],[{"phrase":{"AT":"སྐྱབས་མགོན་གཙོ་བོ་ཡེ་ཤུ་ལ།","KT":"སྐྱབས་མགོན་གཙོ་བོ་ཡེ་ཤུ་ལ། ","CT":"སྐྱབས་མགོན་གཙོ་བོ་ཡེ་ཤུ་ལ།"}}],[{"phrase":{"AT":"དགའ་སྤྲོའི་བསྟོད་དབྱངས་འདི་འབུལ་ལོ།།","KT":"དགའ་སྤྲོའི་བསྟོད་དབྱངས་འདི་འབུལ་ལོ།། ","CT":"དགའ་སྤྲོའི་བསྟོད་དབྱངས་འདི་ཕུལ་ལོ།།"}}]],"label":"verse 6","id":6}]},"metadata":[{"AT":"(ཡོ་ཧ་ནན།)  ","KT":"(ཡོ་ཧ་ནན།) ","CT":"(ཡོ་ཧ་ནན།)  "}]}