{"title":{"AT":"97.དཀོན་མཆོག་ཡབ་ལ་བསྟོད་པ། ","KT":"97. དཀོན་མཆོག་ཡབ་ལ་བསྟོད་པ། ","CT":"97.དཀོན་མཆོག་ཡབ་ལ་བསྟོད་པ། "},"author":"*","key":"*","lyrics":{"Verse":[{"line":[[{"phrase":{"AT":"0༼ཀློག་པ་པོ།༽","KT":"༼ཀློག་པ་པོ།༽ ","CT":"༼ཀློག་པ་པོ།༽"}}],[{"phrase":{"AT":"སེམས་ནས་སྐྱབས་མགོན་ཡེ་ཤུ་ལ།།","KT":"སེམས་ནས་སྐྱབས་མགོན་ཡེ་ཤུ་ལ།། ","CT":"སེམས་ནས་སྐྱབས་མགོན་ཡེ་ཤུ་ལ།"}}],[{"phrase":{"AT":"དད་ན་ཐར་བ་ཐོབ་ངེས་རེད།།","KT":"དད་ན་ཐར་བ་ཐོབ་ངེས་རེད།། ","CT":"དད་ན་ཐར་པ་ཐོབ་ངེས་རེད།།"}}],[{"phrase":{"AT":"དེའི་སྐོར་གསལ་པོར་རྟོགས་པའི་ཕྱིར།།","KT":"དེའི་སྐོར་གསལ་པོར་རྟོགས་པའི་ཕྱིར།། ","CT":"དེའི་སྐོར་གསལ་པོར་རྟོགས་པའི་ཕྱིར།"}}],[{"phrase":{"AT":"ཚིག་བཅད་འདི་རྣམས་ཀློག་རོགས་གནང་།། ","KT":"ཚིག་བཅད་འདི་རྣམས་ཀློག་རོགས་གནང་།། ","CT":"ཚིག་བཅད་འདི་རྣམས་ཀློགས་རོགས་གནང་།། "}}],[{"phrase":{"AT":"༼མཉམ།༽","KT":"མཉམ།༽ ","CT":"མཉམ།༽"}}],[{"phrase":{"AT":"སྐྱབས་མགོན་ཡེ་ཤུ་མ་ཤི་ཀའི།། ","KT":"༡ སྐྱབས་མགོན་ཡེ་ཤུ་མཱ་ཤི་ཀའི།། ","CT":"༡སྐྱབས་མགོན་ཡེ་ཤུ་མཱ་ཤི་ཀའི། "}}],[{"phrase":{"AT":"དཀོན་མཆོག་ཡབ་ལ་བསྟོད་བསྔགས་བརྗོད།། ","KT":"དཀོན་མཆོག་ཡབ་ལ་བསྟོད་བསྔགས་བརྗོད།། ","CT":"དཀོན་མཆོག་ཡབ་ལ་བསྟོད་པར་ཤོག "}}],[{"phrase":{"AT":"སྐྱབས་མགོན་ཡེ་ཤུ་མ་ཤི་ཀའི།།","KT":"སྐྱབས་མགོན་ཡེ་ཤུ་མཱ་ཤི་ཀའི།། ","CT":"སྐྱབས་མགོན་ཡེ་ཤུ་མཱ་ཤི་ཀའི།"}}],[{"phrase":{"AT":"དཀོན་མཆོག་ཡབ་ལ་བསྟོད་བསྔགས་བརྗོད།།","KT":"དཀོན་མཆོག་ཡབ་ལ་བསྟོད་བསྔགས་བརྗོད།། ","CT":"དཀོན་མཆོག་ཡབ་ལ་བསྟོད་པར་ཤོག"}}]],"label":"verse 1","id":1},{"line":[[{"phrase":{"AT":"མ་ཤི་ཀའི་ངང་དཀོན་མཆོག་དྲུང་།། ","KT":" མཱ་ཤི་ཀའི་ངང་དཀོན་མཆོག་དྲུང་།། ","CT":"མཱ་ཤི་ཀའི་ངང་དཀོན་མཆོག་གིས། "}}],[{"phrase":{"AT":"སྐྱོན་མེད་དམ་པར་འགྱུར་བའི་ཕྱིར།། ","KT":"སྐྱོན་མེད་དམ་པར་འགྱུར་བའི་ཕྱིར།། ","CT":"ང་ཚོ་དམ་པར་འགྱུར་བའི་ཕྱིར། "}}],[{"phrase":{"AT":"འཇིག་རྟེན་མ་བཀོད་སྔོན་རོལ་དུ།།","KT":"འཇིག་རྟེན་མ་བཀོད་སྔོན་རོལ་དུ།། ","CT":"འཇིག་རྟེན་མ་བཀོད་སྔོན་རོལ་དུ།"}}],[{"phrase":{"AT":"མ་ཤི་ཀའི་ནང་ང་ཚོ་བདམས།།","KT":"མཱ་ཤི་ཀའི་ནང་ང་ཚོ་བདམས།། ","CT":"མཱ་ཤི་ཀ་ལ་ང་ཚོ་བདམས།"}}]],"label":"verse 2","id":2},{"line":[[{"phrase":{"AT":"ཉིད་ཀྱི་བྱམས་བརྩེའི་དགོངས་པ་བཞིན།","KT":" ཉིད་ཀྱི་བྱམས་བརྩེའི་དགོངས་པ་བཞིན།། ","CT":"ཉིད་ཀྱི་བྱམས་བརྩེའི་དགོངས་པ་བཞིན།"}}],[{"phrase":{"AT":"ཡེ་ཤུ་མ་ཤི་ཀ་བརྒྱུད་ནས།།","KT":"ཡེ་ཤུ་མཱ་ཤི་ཀ་བརྒྱུད་ནས།། ","CT":"ཡེ་ཤུ་མཱ་ཤི་ཀ་བརྒྱུད་ནས།"}}],[{"phrase":{"AT":"ཁོང་གི་སྲས་སུ་རང་ཅག་རྣམས།། ","KT":"ཁོང་གི་སྲས་སུ་རང་ཅག་རྣམས།། ","CT":"ཁོང་གི་སྲས་སུ་རང་ཅག་ལ། "}}],[{"phrase":{"AT":"འགྱུར་བར་གདོད་ནས་ཐུགས་ཐག་བཅད།།","KT":"འགྱུར་བར་གདོད་ནས་ཐུགས་ཐག་བཅད།། ","CT":"འགྱུར་བར་གདོད་ནས་ཐུགས་ཐག་བཅད།"}}]],"label":"verse 3","id":3},{"line":[[{"phrase":{"AT":"ཐུགས་རྗེ་དཔག་ཏུ་མེད་པ་ཡི།།","KT":" ཐུགས་རྗེ་དཔག་ཏུ་མེད་པ་ཡི།། ","CT":"དཔག་ཏུ་མེད་པའི་ཐུགས་རྗེ་ཡི།"}}],[{"phrase":{"AT":"ཡེ་ཤུའི་སྐུ་ཁྲག་བཞུར་བརྒྱུད་ནས།།","KT":"ཡེ་ཤུའི་སྐུ་ཁྲག་བཞུར་བརྒྱུད་ནས།། ","CT":"ཡེ་ཤུའི་སྐུ་ཁྲག་གི་སྒོ་ནས།"}}],[{"phrase":{"AT":"ཐར་བ་ང་ཚོར་གནང་བ་སྟེ།།","KT":"ཐར་པ་ང་ཚོར་གནང་བ་སྟེ།། ","CT":"ཐར་པ་ང་ཚོ་ལ་གནང་བས།"}}],[{"phrase":{"AT":"སྡིག་ཉེས་ཐམས་ཅད་བསལ་བར་མཛད།།","KT":"སྡིག་ཉེས་ཐམས་ཅད་བསལ་བར་མཛད།། ","CT":"སྡིག་ཉེས་ཐམས་ཅད་སེལ་བར་མཛད།"}}]],"label":"verse 4","id":4},{"line":[[{"phrase":{"AT":"སྐྱབས་མགོན་ཡེ་ཤུ་མ་ཤི་ཀའི།།","KT":" སྐྱབས་མགོན་ཡེ་ཤུ་མཱ་ཤི་ཀའི།། ","CT":"སྐྱབས་མགོན་ཡེ་ཤུ་མཱ་ཤི་ཀའི།"}}],[{"phrase":{"AT":"དཀོན་མཆོག་ཡབ་ལ་བསྟོད་བསྔགས་བརྗོད།། ","KT":"དཀོན་མཆོག་ཡབ་ལ་བསྟོད་བསྔགས་བརྗོད།། ","CT":"དཀོན་མཆོག་ཡབ་ལ་བསྟོད་པར་ཤོག "}}],[{"phrase":{"AT":"སྐྱབས་མགོན་ཡེ་ཤུ་མ་ཤི་ཀའི།།","KT":"སྐྱབས་མགོན་ཡེ་ཤུ་མཱ་ཤི་ཀའི།། ","CT":"སྐྱབས་མགོན་ཡེ་ཤུ་མཱ་ཤི་ཀའི།"}}],[{"phrase":{"AT":"དཀོན་མཆོག་ཡབ་ལ་བསྟོད་བསྔགས་བརྗོད།།","KT":"དཀོན་མཆོག་ཡབ་ལ་བསྟོད་བསྔགས་བརྗོད།། ","CT":"དཀོན་མཆོག་ཡབ་ལ་བསྟོད་པར་ཤོག"}}]],"label":"verse 5","id":5},{"line":[[{"phrase":{"AT":"ོང་ལ་དབང་བའི་དུས་ཐོན་ཚེ།།","KT":"defined༦ ཁོང་ལ་དབང་བའི་དུས་ཐོན་ཚེ།། ","CT":"སྐལ་པ་ཡོངས་སུ་རྫོགས་འགྱུར་ཏེ།"}}],[{"phrase":{"AT":"གནམ་ས་གཉིས་ཀྱི་གནས་པ་ཀུན།།  ","KT":"གནམ་ས་གཉིས་ཀྱི་གནས་པ་ཀུན།། ","CT":"གནམ་ས་གཉིས་ནང་གནས་པ་ཀུན།  "}}],[{"phrase":{"AT":"མ་ཤི་ཀ་ཡི་དབང་ལ་བསྡུ།།","KT":"མཱ་ཤི་ཀ་ཡི་དབང་ལ་བསྡུ།། ","CT":"མཱ་ཤི་ཀ་ཡི་དབང་ལ་བསྡུ།"}}],[{"phrase":{"AT":"ཉིད་ཀྱི་དགོངས་པ་སྒྲུབ་པར་འགྱུར།། ","KT":"ཉིད་ཀྱི་དགོངས་པ་སྒྲུབ་པར་འགྱུར།། ","CT":"ཉིད་ཀྱི་དགོངས་པ་སྒྲུབ་པར་འགྱུར། "}}]],"label":"verse 6","id":6},{"line":[[{"phrase":{"AT":"ཐར་བའི་འཕྲིན་བཟང་བདེན་པའི་བཀའ།།","KT":" ཐར་བའི་འཕྲིན་བཟང་བདེན་པའི་བཀའ།། ","CT":"ཐར་པའི་འཕྲིན་བཟང་བདེན་པའི་བཀའ།"}}],[{"phrase":{"AT":"ཐོས་ནས་དད་པ་ཁྱེད་རྣམས་ལའང་།།","KT":"ཐོས་ནས་དད་པ་ཁྱེད་རྣམས་ལའང་།། ","CT":"ཐོས་ནས་དད་པ་ཁྱེད་རྣམས་ལའང་།"}}],[{"phrase":{"AT":"ཞལ་གྱིས་བཞེས་པའི་ཐུགས་ཉིད་ཀྱི།།","KT":"ཞལ་གྱིས་བཞེས་པའི་ཐུགས་ཉིད་ཀྱི།། ","CT":"ཞལ་གྱིས་བཞེས་པའི་ཐུགས་ཉིད་ཀྱི།"}}],[{"phrase":{"AT":"ཕྱག་རྒྱ་བཏབ་པར་མཛད་པའོ།།","KT":"ཕྱག་རྒྱ་བཏབ་པར་མཛད་པའོ།། ","CT":"ཕྱག་རྒྱ་བཏབ་པར་མཛད་པའོ།"}}]],"label":"verse 7","id":7},{"line":[[{"phrase":{"AT":"དེ་ནི་ཐར་བའི་རེ་བ་དེ།།","KT":" དེ་ནི་ཐར་བའི་རེ་བ་དེ།། ","CT":"དེ་ནི་ཐར་པའི་རེ་བ་དེ།"}}],[{"phrase":{"AT":"ང་ཚོར་ཐོབ་པའི་གཏའ་མ་ཡིན།།     ","KT":"ང་ཚོར་ཐོབ་པའི་གཏའ་མ་ཡིན།། ","CT":"ང་ཚོར་ཐོབ་པའི་གཏེ་མ་ཡིན།     "}}],[{"phrase":{"AT":"དཀོན་མཆོག་དཔལ་ལ་བསྟོད་བསྔགས་བརྗོད།།","KT":"དཀོན་མཆོག་དཔལ་ལ་བསྟོད་བསྔགས་བརྗོད།། ","CT":"དཀོན་མཆོག་དཔལ་ལ་བསྟོད་པར་ཤོག "}}],[{"phrase":{"AT":"དཀོན་མཆོག་དཔལ་ལ་བསྟོད་བསྔགས་བརྗོད།།","KT":"དཀོན་མཆོག་དཔལ་ལ་བསྟོད་བསྔགས་བརྗོད།། ","CT":"དཀོན་མཆོག་དཔལ་ལ་བསྟོད་པར་ཤོག །"}}]],"label":"verse 8","id":8}]},"metadata":[{"AT":"(ཨེ་ཧྥེ་སི་པ།)  ","KT":"(ཨེ་ཕེ་སི་པ།) ","CT":"(ཨེ་ཕེ་སུ་པ།)  "},{"AT":"(ཨེ་ཧྥེ་སི་པའི་ལེའུ1 པའི་མདོ3-14 བར་གཟིགས་རོགས།)","KT":"(ཨེ་ཕེ་སི་པའི་ལེའུ1 པའི་མདོ3-14 བར་གཟིགས་རོགས།) ","CT":"(ཨེ་ཕེ་སུ་ཞེས་པའི་གྲོང་ཁྱེར་གྱི་དད་ལྡན་རྣམས་ལ་བྲིས་པའི་འཕྲིན་ཡིག་གི་ལེའུ་1 ཨང་3-14 གཟིགས།)"}]}