{"title":{"AT":"98.གཙོ་བོ་ལ་བསྟོད་དབྱངས།། ","KT":"98. གཙོ་བོ་ལ་བསྟོད་དབྱངས།། ","CT":"98.གཙོ་བོ་ལ་བསྟོད་དབྱངས།། "},"author":"*","key":"*","lyrics":{"Verse":[{"line":[[{"phrase":{"AT":"        (ཧྥི་ལིབ་ཕེ་པའི་ལེའུ2 པའི་མདོ6-11 བར་གཟིགས་རོགས།)","KT":"(ཕི་ལིབ་པི་པའི་ལེའུ2 པའི་མདོ6-11 བར་གཟིགས་རོགས།) ","CT":"(ཕི་ལིབ་པི་ཞེས་པའི་གྲོང་ཁྱེར་གྱི་དད་ལྡན་རྣམས་ལ་བྲིས་པའི་འཕྲིན་ཡིག་གི་ལེའུ་2 ཨང་ 6-11 གཟིགས།)"}}],[{"phrase":{"AT":"སྐྱབས་མགོན་གཙོ་བོ་ཡེ་ཤུ་ནི།།","KT":" སྐྱབས་མགོན་གཙོ་བོ་ཡེ་ཤུ་ནི།། ","CT":"སྐྱབས་མགོན་གཙོ་བོ་ཡེ་ཤུ་ནི།"}}],[{"phrase":{"AT":"ཀུན་དབང་དཀོན་མཆོག་ཡིན་ན་ཡང་།།","KT":"ཀུན་དབང་དཀོན་མཆོག་ཡིན་ན་ཡང་།། ","CT":"ཀུན་དབང་གི་དཀོན་མཆོག་ཡིན་ན་ཡང་།"}}],[{"phrase":{"AT":"འཇིག་རྟེན་མི་ཡི་རྣམ་པ་བཟུང་།།","KT":"འཇིག་རྟེན་མི་ཡི་རྣམ་པ་བཟུང་།། ","CT":"འཇིག་རྟེན་མི་ཡི་རྣམ་པ་བཟུང་།"}}]],"label":"verse 1","id":1},{"line":[[{"phrase":{"AT":"ཕལ་བའི་རྣམ་འགྱུར་བཟུང་བས་ན།།","KT":" ཕལ་བའི་རྣམ་འགྱུར་བཟུང་བས་ན།། ","CT":"ཕལ་བའི་རྣམ་འགྱུར་བཟུང་བས་ན།"}}],[{"phrase":{"AT":"དཀོན་མཆོག་ཉིད་ཀྱི་བཀའ་ལུང་བཞིན།།","KT":"དཀོན་མཆོག་ཉིད་ཀྱི་བཀའ་ལུང་བཞིན།། ","CT":"དཀོན་མཆོག་ཉིད་ཀྱི་བཀའ་ལུང་བཞིན།"}}],[{"phrase":{"AT":"རྒྱ་གྲམ་ཤིང་གི་རྩེ་ནས་གྲོངས།།","KT":"རྒྱ་གྲམ་ཤིང་གི་རྩེ་ནས་གྲོངས།། ","CT":"རྒྱངས་ཤིང་དེ་ཡི་ཁ་ལ་གྲོངས།"}}]],"label":"verse 2","id":2},{"line":[[{"phrase":{"AT":"དེ་འདྲ་ཡིན་པས་དཀོན་མཆོག་གིས།","KT":" དེ་འདྲ་ཡིན་པས་དཀོན་མཆོག་གིས།། ","CT":"དེ་འདྲ་ཡིན་ཙང་དཀོན་མཆོག་གིས།"}}],[{"phrase":{"AT":"ཀུན་ལས་མཐོ་བའི་གནས་སུ་དྲངས།།","KT":"ཀུན་ལས་མཐོ་བའི་གནས་སུ་དྲངས།། ","CT":"ཀུན་ལས་མཐོ་བའི་གནས་སུ་དྲངས།"}}],[{"phrase":{"AT":"ཀུན་ལས་འཕགས་པའི་མཚན་ཡང་གནང་།།","KT":"ཀུན་ལས་འཕགས་པའི་མཚན་ཡང་གནང་།། ","CT":"ཀུན་ལས་འཕགས་པའི་མཚན་ཡང་གནང་།"}}]],"label":"verse 3","id":3},{"line":[[{"phrase":{"AT":"ས་འོག་ས་སྟེང་ས་བླ་གསུམ།།","KT":" ས་འོག་ས་སྟེང་ས་བླ་གསུམ།། ","CT":"ས་འོག་ས་སྟེང་ས་བླ་གསུམ།"}}],[{"phrase":{"AT":"ཡེ་ཤུ་ཁོང་གི་ཞབས་དྲུང་དུ།།  ","KT":"ཡེ་ཤུ་ཁོང་གི་ཞབས་དྲུང་དུ།། ","CT":"ཡེ་ཤུ་ཁོང་གི་ཞབས་དྲུང་དུ།  "}}],[{"phrase":{"AT":"པུས་མོ་བཙུགས་ནས་ཕྱག་འཚལ་བགྱི།།","KT":"པུས་མོ་བཙུགས་ནས་ཕྱག་འཚལ་བགྱི།། ","CT":"པུས་མོ་བཙུགས་ནས་ཕྱག་འཚལ་བྱེད།"}}]],"label":"verse 4","id":4},{"line":[[{"phrase":{"AT":"དཀོན་མཆོག་ཡབ་ལ་བསྟོད་པའི་ཕྱིར།།","KT":" དཀོན་མཆོག་ཡབ་ལ་བསྟོད་པའི་ཕྱིར།། ","CT":"དཀོན་མཆོག་ཡབ་ལ་བསྟོད་པའི་ཕྱིར།"}}],[{"phrase":{"AT":"ཀུན་གྱི་ངག་ལས་མ་ཤི་ཀར།།","KT":"ཀུན་གྱི་ངག་ལས་མཱ་ཤི་ཀར།། ","CT":"ཀུན་གྱི་ངག་ལས་མཱ་ཤི་ཀར།"}}],[{"phrase":{"AT":"གཙོ་བོ་ལགས་ཞེས་ཁས་ལེན་བརྗོད།།","KT":"གཙོ་བོ་ལགས་ཞེས་ཁས་ལེན་བརྗོད།། ","CT":"གཙོ་བོ་ལགས་ཞེས་ཁས་ལེན་བརྗོད།"}}]],"label":"verse 5","id":5},{"line":[[{"phrase":{"AT":"སྐྱབས་མགོན་ཡེ་ཤུ་ཁྱེད་རང་ལ།།","KT":" སྐྱབས་མགོན་ཡེ་ཤུ་ཁྱེད་རང་ལ།། ","CT":"སྐྱབས་མགོན་ཡེ་ཤུ་ཁྱེད་རང་ལ།"}}],[{"phrase":{"AT":"ང་ཚོས་པུས་མོ་སར་བཙུགས་ནས།། ","KT":"ང་ཚོས་པུས་མོ་སར་བཙུགས་ནས།། ","CT":"ང་ཚོས་པུས་མོ་སར་བཙུགས་ནས། "}}],[{"phrase":{"AT":"ཁྱེད་ནི་གཙོ་བོ་ཡིན་ཞེས་ཞུ།།","KT":"ཁྱེད་ནི་གཙོ་བོ་ཡིན་ཞེས་ཞུ།། ","CT":"ཁྱེད་ནི་གཙོ་བོ་ཡིན་ཞེས་ཞུ།།"}}]],"label":"verse 6","id":6}]},"metadata":[{"AT":"(ཧྥི་ལིབ་ཕེ།)","KT":"(ཕི་ལིབ་པི།) ","CT":"(ཕི་ལི་པི་པ།)"}]}