{"title":{"AT":"99.དཀོན་མཆོག་སྲས་ལ་བསྟོད་པ། ","KT":"99. དཀོན་མཆོག་སྲས་ལ་བསྟོད་པ། ","CT":"99.དཀོན་མཆོག་སྲས་ལ་བསྟོད་པ། "},"author":"*","key":"*","lyrics":{"Verse":[{"line":[[{"phrase":{"AT":"       (ཀོ་ལོ་སཱ་པའི་ལེའུ1 པའི་མདོ15-20 བར་གཟིགས་རོགས།)","KT":"(ཀོ་ལོ་སཱ་པའི་ལེའུ1 པའི་མདོ15-20 བར་གཟིགས་རོགས།) ","CT":"(ཀོ་ལོ་སཱ་ཞེས་པའི་གྲོང་ཁྱེར་གྱི་དད་ལྡན་རྣམས་ལ་བྲིས་པའི་འཕྲིན་ཡིག་གི་ལེའུ་1 ཨང་15-20 གཟིགས།)"}}],[{"phrase":{"AT":"0༼ཀློག་པ་པོ།༽ ","KT":"༼ཀློག་པ་པོ།༽ ","CT":"༼ཀློག་པ་པོ།༽ "}}],[{"phrase":{"AT":"ཡེ་ཤུ་དཀོན་མཆོག་གི་སྲས་ཡིན།།","KT":"ཡེ་ཤུ་དཀོན་མཆོག་གི་སྲས་ཡིན།། ","CT":"ཡེ་ཤུ་དཀོན་མཆོག་གི་སྲས་ཡིན།"}}],[{"phrase":{"AT":"དེའི་སྐོར་སྐུ་ཚབ་ཕོལ་ལོལ་གྱིས།།","KT":"དེའི་སྐོར་སྐུ་ཚབ་ཕོལ་ལོལ་གྱིས།། ","CT":"དེའི་སྐོར་སྐུ་ཚབ་པའུ་ལུ་ཡིས།"}}],[{"phrase":{"AT":"འདི་ལྟར་འཕྲིན་ཡིག་བྲིས་པ་ཡིན།།","KT":"འདི་ལྟར་འཕྲིན་ཡིག་བྲིས་པ་ཡིན།། ","CT":"འདི་ལྟར་འཕྲིན་ཡིག་བྲིས་པ་ཡིན།"}}],[{"phrase":{"AT":"༼མཉམ།༽","KT":"མཉམ།༽ ","CT":"མཉམ།༽"}}],[{"phrase":{"AT":"མཐོང་དུ་མེད་པའི་དཀོན་མཆོག་གི། ","KT":"༡ མཐོང་དུ་མེད་པའི་དཀོན་མཆོག་གི། ","CT":"༡མཐོང་དུ་མེད་པའི་དཀོན་མཆོག་གི "}}],[{"phrase":{"AT":"འདྲ་དཔེ་ཡིན་པའི་མ་ཤི་ཀ། ","KT":"འདྲ་དཔེ་ཡིན་པའི་མཱ་ཤི་ཀ། ","CT":"འདྲ་དབྱིབས་ཡིན་པའི་མཱ་ཤི་ཀ "}}],[{"phrase":{"AT":"གཙོ་བོ་སྐྱབས་མགོན་ཡེ་ཤུ་ཡིན།། ","KT":"གཙོ་བོ་སྐྱབས་མགོན་ཡེ་ཤུ་ཡིན།། ","CT":"གཙོ་བོ་སྐྱབས་མགོན་ཡེ་ཤུ་ཡིན། "}}]],"label":"verse 1","id":1},{"line":[[{"phrase":{"AT":"གནམ་ས་གཉིས་ལ་ཡོད་པ་ཀུན།།","KT":" གནམ་ས་གཉིས་ལ་ཡོད་པ་ཀུན།། ","CT":"གནམ་ས་གཉིས་ལ་ཡོད་པ་ཀུན།"}}],[{"phrase":{"AT":"མིག་གིས་མཐོང་དང་མི་མཐོང་བ།།","KT":"མིག་གིས་མཐོང་དང་མི་མཐོང་བ།། ","CT":"མིག་གིས་མཐོང་དང་མི་མཐོང་བ།"}}],[{"phrase":{"AT":"ཡེ་ཤུའི་སྒོ་ནས་བྱུང་བ་ཡིན།།","KT":"ཡེ་ཤུའི་སྒོ་ནས་བྱུང་བ་ཡིན།། ","CT":"ཡེ་ཤུའི་སྒོ་ནས་བྱུང་བ་ཡིན།"}}]],"label":"verse 2","id":2},{"line":[[{"phrase":{"AT":"སྐྱབས་མགོན་ཡེ་ཤུ་མ་ཤི་ཀ། ","KT":" སྐྱབས་མགོན་ཡེ་ཤུ་མཱ་ཤི་ཀ། ","CT":"སྐྱབས་མགོན་ཡེ་ཤུ་མཱ་ཤི་ཀ "}}],[{"phrase":{"AT":"བཀོད་པ་ཡོངས་ཀྱི་སྔོན་འཁྲུངས་སོ།།","KT":"བཀོད་པ་ཡོངས་ཀྱི་སྔོན་འཁྲུངས་སོ།། ","CT":"བཀོད་པ་ཡོངས་ཀྱི་སྔོན་འཁྲུངས་སོ།"}}],[{"phrase":{"AT":"ཁོང་ལ་བརྟེན་ནས་ཐམས་ཅད་གནས།། ","KT":"ཁོང་ལ་བརྟེན་ནས་ཐམས་ཅད་གནས།། ","CT":"ཁོང་ལ་བརྟེན་ནས་ཐམས་ཅད་གནས། "}}]],"label":"verse 3","id":3},{"line":[[{"phrase":{"AT":"སྐུ་ལུས་ཡིན་པའི་ཆོས་ཚོགས་ཀྱི།།","KT":" སྐུ་ལུས་ཡིན་པའི་ཆོས་ཚོགས་ཀྱི།། ","CT":"སྐུ་ལུས་ཡིན་པའི་ཆོས་ཚོགས་ཀྱི།"}}],[{"phrase":{"AT":"ཁོང་ནི་དབུ་དང་འབྱུང་ཁུངས་ཡིན།། ","KT":"ཁོང་ནི་དབུ་དང་འབྱུང་ཁུངས་ཡིན།། ","CT":"ཁོང་ནི་དབུ་དང་འབྱུང་ཁུངས་ཡིན། "}}],[{"phrase":{"AT":"ཁོང་ནི་དབུ་དང་འབྱུང་ཁུངས་ཡིན།།","KT":"ཁོང་ནི་དབུ་དང་འབྱུང་ཁུངས་ཡིན།། ","CT":"ཁོང་ནི་དབུ་དང་འབྱུང་ཁུངས་ཡིན།"}}]],"label":"verse 4","id":4},{"line":[[{"phrase":{"AT":"འཆི་བའི་དབང་ལས་རྒྱལ་བ་ཡིན།། ","KT":" འཆི་བའི་དབང་ལས་རྒྱལ་བ་ཡིན།། ","CT":"ཤི་བའི་དབང་ལས་རྒྱལ་བ་ཡིན། "}}],[{"phrase":{"AT":"ཁོང་ནི་ཀུན་ལས་བླ་མེད་མཆོག། ","KT":"ཁོང་ནི་ཀུན་ལས་བླ་མེད་མཆོག། ","CT":"ཁོང་ནི་ཀུན་ལས་བླ་མེད་མཆོག "}}],[{"phrase":{"AT":"རྣམ་པ་ཀུན་ལས་བླ་མེད་མཆོག། ","KT":"རྣམ་པ་ཀུན་ལས་བླ་མེད་མཆོག། ","CT":"རྣམ་པ་ཀུན་ལས་བླ་མེད་མཆོག "}}]],"label":"verse 5","id":5},{"line":[[{"phrase":{"AT":"ཡེ་ཤུ་དཀོན་མཆོག་གི་སྲས་ཡིན།། ","KT":" ཡེ་ཤུ་དཀོན་མཆོག་གི་སྲས་ཡིན།། ","CT":"ཡེ་ཤུ་དཀོན་མཆོག་གི་སྲས་ཡིན། "}}],[{"phrase":{"AT":"ཁོང་གི་ནང་དུ་དཀོན་མཆོག་ཉིད།།","KT":"ཁོང་གི་ནང་དུ་དཀོན་མཆོག་ཉིད།། ","CT":"ཁོང་གི་ནང་དུ་དཀོན་མཆོག་ཉིད།"}}],[{"phrase":{"AT":"རབ་ཏུ་ཚང་བར་བཞུགས་པ་ཡིན།། ","KT":"རབ་ཏུ་ཚང་བར་བཞུགས་པ་ཡིན།། ","CT":"རབ་ཏུ་ཚང་བར་བཞུགས་པ་ཡིན། "}}]],"label":"verse 6","id":6},{"line":[[{"phrase":{"AT":"ོང་གི་སྐུ་ཁྲག་བཞུར་བརྒྱུད་ནས།།  ","KT":"ཁོང་གི་སྐུ་ཁྲག་བཞུར་བརྒྱུད་ནས།། ","CT":"ོང་གི་སྐུ་ཁྲག་བརྒྱུད་ནས་ནི།  "}}],[{"phrase":{"AT":"གནམ་ས་གཉིས་སུ་ཡོད་པ་ཀུན།།","KT":"གནམ་ས་གཉིས་སུ་ཡོད་པ་ཀུན།། ","CT":"གནམ་ས་གཉིས་སུ་ཡོད་པ་ཀུན།"}}],[{"phrase":{"AT":"ཁོང་དང་སྡུམ་པར་རབ་ཏུ་དགྱེས།།","KT":"ཁོང་དང་སྡུམ་པར་རབ་ཏུ་དགྱེས།། ","CT":"ཁོང་དང་སྡུམ་པར་རབ་ཏུ་དགྱེས།"}}]],"label":"verse 7","id":7},{"line":[[{"phrase":{"AT":"མཐོང་དུ་མེད་པའི་དཀོན་མཆོག་གི།","KT":" མཐོང་དུ་མེད་པའི་དཀོན་མཆོག་གི། ","CT":"མཐོང་དུ་མེད་པའི་དཀོན་མཆོག་གི "}}],[{"phrase":{"AT":"འདྲ་དཔེ་ཡིན་པའི་མ་ཤི་ཀ།","KT":"འདྲ་དཔེ་ཡིན་པའི་མཱ་ཤི་ཀ། ","CT":"འདྲ་དབྱིབས་ཡིན་པའི་མཱ་ཤི་ཀ "}}],[{"phrase":{"AT":"གཙོ་བོ་སྐྱབས་མགོན་ཡེ་ཤུ་ཡིན།།","KT":"གཙོ་བོ་སྐྱབས་མགོན་ཡེ་ཤུ་ཡིན།། ","CT":"གཙོ་བོ་སྐྱབས་མགོན་ཡེ་ཤུ་ཡིན།།"}}]],"label":"verse 8","id":8}]},"metadata":[{"AT":"(ཀོ་ལོ་སཱ་པ།)","KT":"(ཀོ་ལོ་སཱ་པ།) ","CT":"(ཀོ་ལོ་སཱ་པ།)"}]}