{"title":{"AT":"A1.  །།དཀོན་མཆོག་གི་བཀའ་ཁྲིམས་བཅུ།། ༼ཨེ་ཅིབ་ཡུལ་ནས་ཐོན་པ།༽","KT":"A1. །།ཞལ་ཆད་རྙིང་པ་ལས་བཀའ་ཁྲིམས་བཅུ།། ༼ཨེ་ཅིབ་ཡུལ་ནས་ཐོན་པ།༽ (ཨེ་ཅིབ་ཡུལ་ནས་ཐོན་པའི་མདོ་ཡི་ལེའུ20ཡི་མདོ3-17བར་གཟིགས་རོགས་གནང་།)","CT":"A1.  །།དཀོན་མཆོག་གི་བཀའ་ཁྲིམས་བཅུ།། ༼ཐེགས་པ།༽"},"author":"*","key":"*","lyrics":{"Verse":[{"line":[[{"phrase":{"AT":"ལ་ཡོད་པར་མི་རུང་ངོ་།།","KT":"བསྙེན་བཀུར་ཡང་མ་བྱེད་ཅིག ","CT":"མི་ཆོག་ལ་དད་པའང་བྱེད་མི་ཆོག"}}],[{"phrase":{"AT":"ྱོད་ཀྱིས་སྐུ་འདྲ་དང་། སྟེང་གི་ནམ་མཁའ་འམ། འོག་གི་སའམ། ས་འོག་གི་ཆུ་ལ་ཡོད་པའི་སེམས་ཅན་གྱི་","KT":"་ཧོ་ཝ་ཁྱོད་ཀྱི་དཀོན་མཆོག་གི་མཚན་དོན་མེད་དུ་མ་བརྗོད་ཅིག ","CT":"ྱོད་ཀྱིས་སྐུ་འདྲ་དང་། སྟེང་གི་ནམ་མཁའ་འམ། འོག་གི་སའམ། ས་འོག་གི་ཆུ་ལ་ཡོད་པའི་སེམས་ཅན་གྱི་གཟུགས་བརྙན་གང་ཡང་མ་བཟོ་ཞིག "}}],[{"phrase":{"AT":"གཟུགས་བརྙན་གང་ཡང་མ་བཟོ་ཞིག དེ་དག་ལ་ཕྱག་ཀྱང་མ་འཚལ་ལ་བསྙེན་བཀུར་ཡང་མ་བྱེད་ཅིག ","KT":"4ངལ་གསོ་བའི་ཉིན་མོ་དྲན་ཏེ་དམ་པར་སྲུངས་ཤིག ཉིན་དྲུག་གི་རིང་དུ་ལས་ཀ་གང་ཡང་བྱེད་རུང་ནའང་། ཉིན་བདུན་པ་ནི་ཡ་ཧོ་ཝ་ཁྱོད་རྣམས་ཀྱི་དཀོན་མཆོག་གི་ངལ་གསོའི་","CT":"དེ་དག་ལ་ཕྱག་ཀྱང་མ་འཚལ་ལ་བསྙེན་བཀུར་ཡང་མ་བྱོས་ཤིག "}}]],"label":"verse 1","id":1},{"line":[[{"phrase":{"AT":"ཡ་ཧོ་ཝཱ་ཁྱོད་ཀྱི་དཀོན་མཆོག་གི་མཚན་དོན་མེད་དུ་མ་བརྗོད་ཅིག  ","KT":"ིན་མོ་ཡིན་པས། སུ་ཡིན་ཡང་ལས་ཀ་གང་ཡང་བྱེད་མི་འོས་སོ།། ","CT":"དོན་མེད་གང་བྱུང་དུ་ཁྱོད་ཚོའི་གཙོ་བོ་དཀོན་མཆོག་གི་མཚན་མ་སྤྱོད་ཞིག"}}]],"label":"verse 2","id":2},{"line":[[{"phrase":{"AT":"ངལ་གསོ་བའི་ཉིན་མོ་དྲན་ཏེ་དམ་པར་སྲུངས་ཤིག  ཉིན་དྲུག་གི་རིང་དུ་ལས་ཀ་གང་ཡང་བྱེད་རུང་ནའང་། ","KT":"ྱོད་ཀྱིས་ཕ་མ་གཉིས་ལ་བཀུར་བསྟི་བྱོས་ཤིག ","CT":"ལ་གསོ་བའི་ཉིན་མོ་དྲན་ཏེ་དམ་པར་སྲུངས་ཤིག ཉིན་དྲུག་གི་རིང་དུ་ལས་ཀ་བྱེད་ཆོག་ཀྱང་། "}}],[{"phrase":{"AT":"ཉིན་བདུན་པ་ནི་ཡ་ཧོ་ཝཱ་ཁྱོད་རྣམས་ཀྱི་དཀོན་མཆོག་གི་ངལ་གསོའི་ཉིན་མོ་ཡིན་པས། སུ་ཡིན་ཡང་ལས་ཀ་","KT":"6ཁྱོད་ཀྱིས་མི་མ་གསོད་ཅིག ","CT":"ཉིན་བདུན་པ་ནི་ཁྱོད་ཚོའི་གཙོ་བོ་དཀོན་མཆོག་གི་ངལ་གསོའི་ཉིན་མོ་ཡིན་པས།"}}],[{"phrase":{"AT":"གང་ཡང་བྱེད་མི་འོས་སོ།།","KT":"7ལོག་གཡེམ་མ་བྱེད་ཅིག ","CT":"གང་གིས་ཀྱང་ལས་ཀ་བྱེད་མི་ཆོག "}}]],"label":"verse 3","id":3},{"line":[[{"phrase":{"AT":"ྱོད་ཀྱིས་ཕ་མ་གཉིས་ལ་བཀུར་བསྟི་བྱོས་ཤིག","KT":"རྐུ་མ་བྱེད་ཅིག ","CT":"ཁྱོད་ཀྱིས་ཕ་མ་གཉིས་ལ་བཀུར་སྟི་བྱོས་ཤིག"}}]],"label":"verse 4","id":4},{"line":[[{"phrase":{"AT":"ྱོད་ཀྱིས་མི་མ་གསོད་ཅིག","KT":"ཞན་ལ་རྫུན་གྱི་དཔང་བོ་མ་བྱེད་ཅིག ","CT":"ཁྱོད་ཀྱིས་མི་མ་གསོད་ཅིག"}}]],"label":"verse 5","id":5},{"line":[[{"phrase":{"AT":"ལོག་གཡེམ་མ་བྱེད་ཅིག","KT":"0མི་གཞན་པའི་ཁང་པ་ལ་ཧམ་པ་སྐྱེ་མི་རུང་ཞིང་། གཞན་གྱི་ཆུང་མ་དང་། གཡོག་པོ་དང་། གཡོག་མོ་དང་། བ་གླང་དང་། བོང་བུ་ལ་སོགས་དེ་ལ་ཡོད་པ་ཐམས་ཅད་ལ་ཧམ་པ་","CT":".ལོག་གཡེམ་མ་བྱེད་ཅིག "}}]],"label":"verse 6","id":6},{"line":[[{"phrase":{"AT":"བརྐུ་མ་བྱེད་ཅིག ","KT":"ྱེད་མི་རུང་ངོ་།། ","CT":".རྐུ་མ་མ་བརྐུ་ཞིག"}}]],"label":"verse 7","id":7},{"line":[[{"phrase":{"AT":"གཞན་ལ་རྫུན་གྱི་དཔང་བོ་མ་བྱེད་ཅིག","KT":"","CT":".གཞན་ལ་རྫུན་གྱི་དཔང་པོ་མ་བྱོས་ཤིག"}}]],"label":"verse 8","id":8},{"line":[[{"phrase":{"AT":"0མི་གཞན་པའི་ཁང་པ་ལ་ཧམ་པ་སྐྱེ་མི་རུང་ཞིང་།  གཞན་གྱི་ཆུང་མ་དང་། གཡོག་པོ་དང་། གཡོག་མོ་དང་། བ་","KT":"","CT":"0.མི་གཞན་གྱི་ཁང་པ་ལ་ཧམ་སེམས་བྱེད་མི་ཆོག་ཞིང་། གཞན་གྱི་ཆུང་མ་དང་། གཡོག་པོ། གཡོག་མོ། "}}],[{"phrase":{"AT":"གླང་དང་། བོང་བུ་ལ་སོགས་དེ་ལ་ཡོད་པ་ཐམས་ཅད་ལ་ཧམ་པ་བྱེད་མི་རུང་ངོ་།།","KT":"*","CT":"བ་གླང་དང་། དེ་ལྟར་མི་ལ་ཡོད་པ་ཐམས་ཅད་ལ་ཧམ་སེམས་བྱེད་མི་ཆོག་གོ །"}}]],"label":"verse 9","id":9}]},"metadata":[{"AT":"(ཨེ་ཅིབ་ཡུལ་ནས་ཐོན་པའི་མདོ་ཡི་ལེའུ20ཡི་མདོ3-17བར་གཟིགས་རོགས་གནང་།) ","KT":"1ང་རང་ནི་ཡ་ཧོ་ཝ་སྟེ་ཁྱོད་ཀྱི་དཀོན་མཆོག་ཡིན་ཅིང་། ང་རང་མ་གཏོགས་པའི་དཀོན་མཆོག་གཞན་ཞིག་ཁྱོད་ལ་ཡོད་པར་མི་རུང་ངོ་།། ","CT":"(ཐེགས་པ་ཞེས་པའི་མདོ་ལེའུ་20 ཨང་3-17 བར་གཟིགས་རོགས་གནང་།)"},{"AT":"1ང་རང་ནི་ཡ་ཧོ་ཝཱ་སྟེ་ཁྱོད་ཀྱི་དཀོན་མཆོག་ཡིན་ཅིང་།  ང་རང་མ་གཏོགས་པའི་དཀོན་མཆོག་གཞན་ཞིག་ཁྱོད་","KT":"2ཁྱོད་ཀྱིས་སྐུ་འདྲ་དང་། སྟེང་གི་ནམ་མཁའ་འམ། འོག་གི་སའམ། ས་འོག་གི་ཆུ་ལ་ཡོད་པའི་སེམས་ཅན་གྱི་གཟུགས་བརྙན་གང་ཡང་མ་བཟོ་ཞིག དེ་དག་ལ་ཕྱག་ཀྱང་མ་འཚལ་ལ་","CT":"1 ང་རང་ནི་ཁྱོད་ཚོའི་གཙོ་བོ་དཀོན་མཆོག་ཡིན་ཏེ་ང་རང་མ་གཏོགས་གཞན་ཞིག་ལ་ཁྱོད་ཚོས་བསྟེན་"}]}