{"title":{"AT":"A2. (this one is messed up) །།དཀོན་མཆོག་གི་བཀའ་ཁྲིམས་བཅུ།། ༼སྨོན་ལམ།༽","KT":"A2.།།ཞལ་ཆད་གསར་པ་ལས་སྐྱབས་མགོན་ཡེ་ཤུས་གནང་བའི་བཀའ་གསར་པ།། ","CT":"A2.  །།དཀོན་མཆོག་གི་བཀའ་ཁྲིམས་བཅུ།། ༼སྨོན་ལམ།༽"},"author":"*","key":"*","lyrics":{"Verse":[{"line":[[{"phrase":{"AT":"ངས་རང་ཉིད་ཀྱི་ནུས་ཤུགས་ཡོད་ཚད་ཀྱིས་བཀའ་ཁྲིམས་བཅུ་པོ་དེ་སྲུང་རྒྱུ་ཡིན།","KT":"སྐྱབས་མགོན་ཡེ་ཤུས་རང་གི་ཐུགས་སྲས་རྣམས་ལ་འདི་སྐད་དུ། 34 བདག་གིས་ཁྱོད་ཅག་ལ་བཀའ་གསར་པ་ཞིག་གནང་བར༌བྱའོ། །དེ་ནི་ཁྱོད་རྣམས་ཀྱིས་ཕན་ཚུན་ལ་བྱམས་ཤིང་གཅེས་པར་བྱེད་དགོས་པ༌དེ་ཡིན། ངས་ཁྱོད་རྣམས་ལ་བྱམས་ཤིང་","CT":"ངས་རང་ཉིད་ཀྱི་ནུས་ཤུགས་ཡོད་ཚད་ཀྱིས་བཀའ་ཁྲིམས་བཅུ་པོ་དེ་ཚོ་སྲུང་གི་ཡིན།"}}],[{"phrase":{"AT":"ངས་དཀོན་མཆོག་ཁྱེད་རང་མ་གཏོགས་གཞན་སུ་ལའང་དད་པ་བྱེད་རྒྱུ་མིན།","KT":"ཅེས་པ་བཞིན་ཁྱོད་རྣམས་ཀྱིས་ཀྱང་ཕན་ཚུན་ལ་གཅེས་དགོས། 35 ཁྱོད་རྣམས་ཀྱིས་ཕན་ཚུན་ལ་བྱམས་ཤིང་གཅེས་པར་བྱས༌ན། མི་ཐམས་ཅད་ཀྱིས་ཀྱང་ཁྱོད་རྣམས་བདག་གི་རྗེས་","CT":"ངས་དཀོན་མཆོག་ཁྱེད་རང་མ་གཏོགས་གཞན་སུ་ལའང་དད་པ་བྱེད་ཀྱི་མིན།"}}]],"label":"verse 1","id":1},{"line":[[{"phrase":{"AT":"ངས་ལྷ་སྐུ་སྣ་ཚོགས་དང་སྟེང་འོག་བར་གསུམ་ལ་ཡོད་པའི་སེམས་ཅན་གྱི་གཟུགས་བརྙན་གང་ལའང་ཕྱག་","KT":"བྲང་པ་ཡིན་པ་ཤེས་པར་འགྱུར་ཞེས་གསུངས༌སོ།། ","CT":"ངས་ལྷ་སྐུ་སྣ་ཚོགས་དང་སྟེང་འོག་བར་གསུམ་ལ་ཡོད་པའི་སེམས་ཅན་གྱི་གཟུགས་བརྙན་གང་ལའང་"}}],[{"phrase":{"AT":"འཚལ་བ་དང་མཆོད་པ་དབུལ་རྒྱུ་མིན།","KT":"ཡོ་ཧ་ནན་གྱི་འཕྲིན་བཟང་གི་ལེའུ13ཀྱི་མདོ34-35བར། ","CT":"ཕྱག་འཚལ་དང་མཆོད་པ་དབུལ་གྱི་མིན།"}}]],"label":"verse 2","id":2},{"line":[[{"phrase":{"AT":"ངས་དཀོན་མཆོག་ཁྱེད་རང་གི་མཚན་དོན་མེད་དུ་བེད་སྤྱོད་བྱེད་རྒྱུ་མིན།","KT":"ང་སྐྱབས་མགོན་ཡེ་ཤུས་འདི་སྐད་དུ། ","CT":"ངས་དཀོན་མཆོག་ཁྱེད་རང་གི་མཚན་དོན་མེད་དུ་བེད་སྤྱོད་བྱེད་ཀྱི་མིན།"}}]],"label":"verse 3","id":3},{"line":[[{"phrase":{"AT":"ང་ཚོ་ཚང་མས་གཟའ་འཁོར་གཅིག་ནང་གི་ཉིན་དྲུག་པོར་ལས་ཀ་བྱེད་པ་ལས་ངལ་གསོའི་ཉིན་མོ་དེ་གཙང་","KT":"2 ངས་ཁྱོད་རྣམས་ལ་བྱམས་ཤིང་གཅེས་པ་ལྟར་ཁྱོད་རྣམས་ཀྱིས་ཀྱང་ཕན་ཚུན་ལ་གཅེས་དགོས་པ་ནི་བདག་གི་བཀའ་ཡིན༌ཏེ། 13 མཛའ་གྲོགས་ཀྱི་དོན་དུ་རང་སྲོག་བློས་གཏོང་","CT":"ང་ཚོ་ཚང་མས་གཟའ་ཁོར་གཅིག་ནང་གི་ཉིན་དྲུག་པོར་ལས་ཀ་བྱེད་པ་ལས་ངལ་གསོའི་ཉིན་མོ་དེ་"}}],[{"phrase":{"AT":"མ་དང་དམ་པར་སྲུང་རྒྱུ་ཡིན།","KT":"བ་དེ་ལས་ལྷག་པའི་བྱམས་པ་ཞིག་མེད། 14 གལ་ཏེ་ཁྱོད་རྣམས་ཀྱིས་བདག་གི་བཀའ་ལྟར་བསྒྲུབས༌ན། ཁྱོད་རྣམས་ཀྱང་བདག་གི་མཛའ་གྲོགས་ཡིན། 15ད་ནས༌བཟུང༌། ངས་ཁྱོད་","CT":"གཙང་མ་དང་དམ་པར་སྲུང་གི་ཡིན།"}}]],"label":"verse 4","id":4},{"line":[[{"phrase":{"AT":"ངས་རང་གི་ཕ་མ་གཉིས་ལ་གུས་ཞབས་བྱེད་རྒྱུ་ཡིན།","KT":"ྣམས་ལ་ཞབས་ཕྱི་བྱེད་མཁན་ཞེས་མི་ཟེར། རྒྱུ་མཚན་ནི་ཞབས་ཕྱི་བྱེད་པ་རྣམས་ཀྱིས་རང་གི་བདག་པོས་ཅི་བྱེད་པ་མི་ཤེས་པའི་ཕྱིར༌ཡིན། འོན་ཀྱང་ངས་རང་གི་ཡབ་ཆེན་པོའི་དྲུང་","CT":"ངས་རང་གི་ཕ་མ་གཉིས་ལ་གུས་ཞབས་བྱེད་ཀྱི་ཡིན།"}}]],"label":"verse 5","id":5}]},"metadata":[]}