{"title":{"AT":"A3.  །།བཀའ་ཁྲིམས་རྣམས་ལས་གཙོ་ཤོས།།","KT":"A3. །།ཞལ་ཆད་རྙིང་པའི་བཀའ་ཁྲིམས་རྣམས་ལས་གཙོ་ཤོས།། ","CT":"A3.  །།བཀའ་ཁྲིམས་གལ་ཆེ་ཤོས།།"},"author":"*","key":"*","lyrics":{"Verse":[{"line":[[{"phrase":{"AT":"       (མར་ཀུའི་འཕྲིན་བཟང་གི་ལེའུ12ཀྱི་མདོ29-31བར།)","KT":"མར་ཀུའི་འཕྲིན་བཟང་གི་ལེའུ12ཀྱི་མདོ28-31བར། ","CT":"(མར་ཀུས་བྲིས་པའི་འཕྲིན་བཟང་ཞེས་པའི་ལེའུ་12 ཨང་29-31 བར།)"}}],[{"phrase":{"AT":"།། བཀའ་ཁྲིམས་རྣམས་ལས་གཙོ་ཤོས་ནི། ཀྱེ། དབྱི་སི་རལ་པ་རྣམས་ཀྱིས་ཉོན་ཅིག ","KT":"28 མཁན་པོ་རྣམས་ལས་གཅིག་ཡོང་ནས་ཁོང་རྣམས་ཀྱིས་རྩོད་གླེང་བྱེད་བཞིན་པ་ཐོས་པ༌དང༌། 29 སྐྱབས་མགོན་ཡེ་ཤུས་དེ་དག་ལ་ལན་ལེགས་པོར་མཛད་པ་ཤེས་ཏེ་ན༌རེ། ","CT":"།། གལ་ཆེ་ཤོས་དང་པོ་ནི།    ཀྱེ་ངའི་མི་རིགས་ཡི་སི་ར་ཨེལ་ཉོན་ཞིག །"}}],[{"phrase":{"AT":" ངེད་ཅག་གི་གཙོ་བོ་དཀོན་མཆོག་ནི་གཙོ་བོ་གཅིག་པུ་ཡིན་ལགས་ཏེ།  ཁྱོད་ཀྱིས་རང་གི་གཙོ་བོ་དཀོན་","KT":"།། བཀའ་ཁྲིམས་ཐམས་ཅད་ལས་གཙོ་ཤོས་གང་ཡིན་ནམ་ཞེས་དྲིས་པ༌ན། སྐྱབས་མགོན་ཡེ་ཤུས་འདི་སྐད༌དུ། བཀའ་ཁྲིམས་རྣམས་ལས་གཙོ་ཤོས༌ནི། ཀྱེ། ཡེས་ར་ཨེལ་པ་རྣམས་ཀྱིས་ཉོན༌ཅིག གཙོ་བོ་སྟེ་","CT":" གཙོ་བོ་དཀོན་མཆོག་ནི་ང་ཚོའི་གཙོ་བོ་གཅིག་རང་ཡིན།  "}}],[{"phrase":{"AT":"མཆོག་ལ་སྙིང་ཧྲིལ་པོ་དང་། སེམས་ཧྲིལ་པོ་དང་། ཡིད་ཧྲིལ་པོ་དང་། སྟོབས་ཧྲིལ་པོས་གཅེས་ཤིག་ཅེས་པ་","KT":"བདག་ཅག་གི་དཀོན་མཆོག་ནི་གཙོ་བོ་གཅིག་པུ་ཡིན་ལ། 30 ཁྱོད་ཀྱིས་གཙོ་བོ་སྟེ་རང་གི་དཀོན་མཆོག་ལ་སྙིང་ཧྲིལ་པོ༌དང༌། སེམས་ཧྲིལ་པོ༌དང༌། ཡིད་ཧྲིལ་པོ༌དང༌། སྟོབས་ཧྲིལ་པོས་གཅེས་ཤིག་ཅེས་","CT":"རང་གིས་གཙོ་བོ་དཀོན་མཆོག་ལ་བློ་གཅིག་སེམས་གཅིག་དང་ནུས་པ་ཅི་ཡོད་ཀྱིས་བརྩེ་བར་ཟུང་ཞིག །"}}],[{"phrase":{"AT":"འདི་ཡིན་ནོ།།","KT":"པ་འདི་ཡིན་ནོ།། ","CT":"།། གཉིས་པ་ནི།   ཁྱེད་རང་གིས་ཁྱིམ་མཚེས་ལ་རང་དང་འདྲ་བར་བརྩེ་བར་ཟུང་ཞིག  "}}],[{"phrase":{"AT":"།། གཉིས་པ་ནི།   ཁྱོད་ཀྱིས་ཁྱིམ་མཚེས་ལ་རང་དང་འདྲ་བར་གཅེས་ཤིག  འདི་གཉིས་ལས་གཙོ་ཆེ་བའི་བཀའ་","KT":"།། 31 བཀའ་ཁྲིམས་གཉིས་པ༌ནི། ཁྱོད་ཀྱིས་ཁྱིམ་མཚེས་ལ་རང་དང་འདྲ་བར་གཅེས་ཤིག་ཅེས་པ་འདི་ཡིན་ནོ། །འདི་གཉིས་ལས་གཙོ་ཆེ་བའི་བཀའ་ཁྲིམས་གཞན་ན་མེད་ཅེས་བཀའ་","CT":"འདི་གཉིས་ལས་གལ་ཆེ་བའི་བཀའ་ཁྲིམས་གཞན་མེད།།"}}],[{"phrase":{"AT":"ཁྲིམས་གཞན་ན་མེད།","KT":"ལན་གནང༌ངོ་།། ","CT":"*"}}]],"label":"verse 1","id":1}]},"metadata":[]}