{"title":{"AT":"A4.  །།སྐུ་ཚབ་རྣམས་ཀྱི་དམ་ཚིག།","KT":"undefinedA4.  །།སྐུ་ཚབ་རྣམས་ཀྱི་དམ་ཚིག། ","CT":"A4.  །།སྐུ་ཚབ་རྣམས་ཀྱི་དམ་ཚིག །།"},"author":"*","key":"*","lyrics":{"Verse":[{"line":[[{"phrase":{"AT":"༼ ཡེ་ཤུའི་ཆོས་ལུགས་པའི་དད་འདུན་སྐོར་བཞུགས་སོ༎ ༽","KT":"༼ ཡེ་ཤུའི་ཆོས་ལུགས་པའི་དད་འདུན་སྐོར་བཞུགས་སོ༎ ༽ ","CT":"༼ཡེ་ཤུའི་ཆོས་ལུགས་ཀྱི་དད་པའི་རྩ་དོན་མདོར་བསྡུས།༽"}}],[{"phrase":{"AT":"ང་ནི་ཀུན་དབང་གི་ཡབ་དཀོན་མཆོག་སྟེ། གནམ་ས་མཛད་པ་པོ་ཁོང་ལ་དད་དོ།།","KT":"ང་ནི་ཀུན་དབང་གི་ཡབ་དཀོན་མཆོག་སྟེ། གནམ་ས་མཛད་པ་པོ་ཁོང་ལ་དད་དོ།། ","CT":"ང་ནི་དཀོན་མཆོག་སྟེ་དབང་ཀུན་དང་ལྡན་པའི་ཡབ་ཆེན། འཇིག་རྟེན་ཁམས་ཀྱི་བཀོད་པ་པོ་ཁོང་ལ་དད་དོ།   "}}],[{"phrase":{"AT":"ང་ནི་ཡེ་ཤུ་མ་ཤི་ཀ་སྟེ། ཡབ་ཀྱི་སྲས་གཅིག་པོ། ངེད་ཅག་གི་གཙོ་བོ་ལ་དད་དོ།། ཁོང་ཉིད་དམ་པའི་ཐུགས་ཉིད་ལས་ན་","KT":"ང་ནི་ཡེ་ཤུ་མཱ་ཤི་ཀ་སྟེ། ཡབ་ཀྱི་སྲས་གཅིག་པོ། ངེད་ཅག་གི་གཙོ་བོ་ལ་དད་དོ།། ཁོང་ཉིད་དམ་པའི་ཐུགས་ཉིད་ལས་ན་ཆུང་བུ་མོ་མིར་ཡམ་ཞེས་པའི་མངལ་དུ་སྦྲུམས་ཞིང་འཁྲུངས་པ་","CT":"ང་ནི་ཡེ་ཤུ་མཱ་ཤི་ཀ་སྟེ། དཀོན་མཆོག་གི་སྲས་གཅིག་པོ།  ངེད་རྣམས་ཀྱི་གཙོ་བོ་ཡིན་པ། "}}],[{"phrase":{"AT":"ཆུང་བུ་མོ་མིར་ཡམ་ཞེས་པའི་མངལ་དུ་སྦྲུམས་ཞིང་འཁྲུངས་པ་དང་། ཕོན་ཏིའུ་པི་ལ་ཏུའི་དབང་གཅུན་འོག་ཏུ་སྡུག་","KT":"དང་། ཕོན་ཏིའུ་པི་ལ་ཏུའི་དབང་གཅུན་འོག་ཏུ་སྡུག་བསྔལ་མྱངས་ཏེ། ཤིང་རྒྱ་གྲམ་ཐོག་ཏུ་བརྐྱངས་ནས་གྲོངས་ཤིང་དུར་དུ་བཅུག་རྗེས། ཁོང་ནི་གཤིན་པོའི་གནས་སུ་གཤེགས་ཀྱང་། ","CT":"དམ་པའི་ཐུགས་ཉིད་ལས་ན་ཆུང་མ་མིར་ཡམ་གྱི་ལྷུམས་སུ་ཞུགས་ནས་འཁྲུངས་པ། "}}],[{"phrase":{"AT":"བསྔལ་མྱངས་ཏེ། ཤིང་རྒྱ་གྲམ་ཐོག་ཏུ་བརྡབས་ནས་གྲོངས་ཤིང་དུར་དུ་བཅུག་རྗེས། ཁོང་ནི་གཤིན་པོའི་གནས་སུ་","KT":"ཉིན་གསུམ་པ་ལ་གྲོངས་པ་ནས་སླར་གསོན་པ་དང་། ནམ་མཁའི་ཞིང་ཁམས་སུ་འཕགས། ད་ལྟ་ཀུན་དབང་ཡབ་དཀོན་མཆོག་གི་ཕྱག་གཡས་སུ་བཞུགས་པ་དང་། གསོན་གཤིན་གཉིས་","CT":"ཕོན་ཏི་ཡུ་པི་ལ་ཏུའི་དབང་འོག་ཏུ་སྡུག་བསྔལ་མྱངས་པ། རྒྱངས་ཤིང་ལ་བརྐྱངས་པ། "}}],[{"phrase":{"AT":"གཤེགས་ཀྱང་། ཉིན་གསུམ་པ་ལ་གྲོངས་པ་ནས་སླར་གསོན་པ་དང་། ནམ་མཁའི་ཞིང་ཁམས་སུ་འཕགས། ད་ལྟ་ཀུན་","KT":"ལ་ལེགས་ཉེས་དབྱེ་འབྱེད་ཀྱི་ཐག་གཅོད་མཛད་དུ་སླར་འཇིག་རྟེན་འདིར་འབྱོན་ངེས་པ་བཅས་ལ་དད་དོ།། ","CT":"གྲོངས་ནས་དུར་དུ་བཅུག་པ། གཤིན་པོའི་གནས་ལ་བབས་པ། ཉིན་གསུམ་པར་སླར་སྐུ་གསོན་པོར་བཞེངས་པ། "}}],[{"phrase":{"AT":"དབང་ཡབ་དཀོན་མཆོག་གི་ཕྱག་གཡས་སུ་བཞུགས་པ་དང་། གསོན་གཤིན་གཉིས་ལ་ལེགས་ཉེས་དབྱེ་འབྱེད་ཀྱི་ཐག་","KT":"ང་ནི་དམ་པའི་ཐུགས་ཉིད་དང་། ཡེ་ཤུའི་ཆོས་ལུགས་པའི་ཆོས་ཚོགས་དམ་པ། དད་ལྡན་རྣམས་ཀྱི་འགྲོགས་འདྲེས་དང་། སྡིག་པ་སེལ་བའི་དགོངས་དག ལུས་ནི་ཤི་ཡང་དུས་ཀྱི་མཐའ་","CT":"དཀོན་མཆོག་གི་ཞིང་ཁམས་སུ་འཕགས་ཤིང་། "}}],[{"phrase":{"AT":"གཅོད་མཛད་དུ་སླར་འཇིག་རྟེན་འདིར་འབྱོན་ངེས་པ་བཅས་ལ་དད་དོ།།","KT":"མར་ཐོན་ཚེ་སླར་གསོན་པོར་མཛད་པ་དང་། མཐའ་མེད་པའི་ཚེ་སྲོག་བཅས་ལ་དད་དོ།། ","CT":"ད་ལྟ་བླ་ན་མེད་པའི་ཡབ་དཀོན་མཆོག་གི་ཕྱག་གཡས་སུ་བཞུགས་པ། "}}],[{"phrase":{"AT":"ང་ནི་དམ་པའི་ཐུགས་ཉིད་དང་། ཡེ་ཤུའི་ཆོས་ལུགས་པའི་ཆོས་ཚོགས་དམ་པ། དད་ལྡན་རྣམས་ཀྱི་འགྲོགས་འདྲེས་དང་། ","KT":"ཨ་མེན། ","CT":"ཕྱིས་མ་ཤི་གསོན་གཉིས་ཀར་ཁྲིམས་གཅོད་གནང་བར་ཕེབས་ངེས་པ་དེ་ལ་དད་དོ། །"}}],[{"phrase":{"AT":"སྡིག་པ་སེལ་བའི་དགོངས་དག ལུས་ནི་ཤི་ཡང་དུས་ཀྱི་མཐའ་མར་ཐོན་ཚེ་སླར་གསོན་པོར་མཛད་པ་དང་། མཐའ་མེད་","KT":"*","CT":"ང་ནི་དམ་པའི་ཐུགས་ཉིད། །  "}}],[{"phrase":{"AT":"པའི་ཚེ་སྲོག་བཅས་ལ་དད་དོ།།","KT":"*","CT":"ཕྱོགས་བཞི་ཀུན་དུ་ཡོད་པའི། །"}}],[{"phrase":{"AT":"ཨ་མེན།","KT":"*","CT":"ཡེ་ཤུའི་ཆོས་ཚོགས་དམ་པ། །"}}],[{"phrase":{"AT":"*","KT":"*","CT":"དད་ལྡན་རྣམས་ཀྱི་འགྲོགས་རོགས། །"}}],[{"phrase":{"AT":"*","KT":"*","CT":"ཉེས་སྡིག་དྲི་མ་ཀུན་སེལ། །"}}],[{"phrase":{"AT":"*","KT":"*","CT":"ཤི་ཡང་གསོན་པོར་ལང་བ། །      "}}],[{"phrase":{"AT":"*","KT":"*","CT":"དཔག་ཏུ་མེད་པའི་མི་ཚེ། ། "}}],[{"phrase":{"AT":"*","KT":"*","CT":"དེ་དག་ཀུན་ལ་དད་དོ། །   ཨ་མེན༎"}}]],"label":"verse 1","id":1}]},"metadata":[]}