{"title":{"AT":"A5.  །།དམ་པའི་བསྟོད་དབྱངས།།","KT":"A5.  །།དམ་པའི་བསྟོད་དབྱངས།། ","CT":"A5.  །།དམ་པའི་བསྟོད་དབྱངས།།"},"author":"*","key":"*","lyrics":{"Verse":[{"line":[[{"phrase":{"AT":"     (མངོན་པའི་ལེའུ་བཞི་པ་ནས་དྲངས།)","KT":"(མངོན་པའི་ལེའུ་བཞི་པ་ནས་དྲངས།) ","CT":"(མངོན་པའི་ལེའུ་བཞི་པ་ནས་དྲངས།)"}}],[{"phrase":{"AT":"དམ་པ། དམ་པ། དམ་པ་ལགས།།","KT":"དམ་པ། དམ་པ། དམ་པ་སྟེ།། ","CT":"དམ་པ། དམ་པ། དམ་པ་ལགས།།"}}],[{"phrase":{"AT":" གཙོ་བོ་དཀོན་མཆོག་ཁྱེད་རང་ནི།།","KT":"གཙོ་བོ་ཀུན་དབང་དཀོན་མཆོག་ནི།། ","CT":" གཙོ་བོ་དཀོན་མཆོག་ཁྱེད་རང་ནི།།"}}],[{"phrase":{"AT":" དུས་གསུམ་ཀུན་གྱི་བདག་པོ་ལགས།།","KT":"ད་ལྟ་བཞུགས་ཤིང་སྔར་མཆིས་པ།། ","CT":" དུས་གསུམ་ཀུན་གྱི་བདག་པོ་ལགས།།"}}]],"label":"verse 1","id":1},{"line":[[{"phrase":{"AT":"རང་ཅག་རྣམས་ཀྱི་གཙོ་བོ་ལགས།།","KT":"ས་པར་ངེས་པ་ཉིད་ལགས་སོ།། ","CT":"རང་ཅག་རྣམས་ཀྱི་གཙོ་བོ་ལགས།།"}}],[{"phrase":{"AT":" རང་ཅག་རྣམས་ཀྱི་དཀོན་མཆོག་ལགས།།","KT":"11 ཀྱེ་ཀྱེ་ང་ཚོའི་གཙོ་བོ་དང་།། ","CT":" རང་ཅག་རྣམས་ཀྱི་དཀོན་མཆོག་ལགས།།"}}],[{"phrase":{"AT":" ཁྱེད་ཀྱིས་འཇིག་རྟེན་ཡོངས་སུ་བསྐྲུན་པ་དང་།།","KT":"ང་ཚོའི་དཀོན་མཆོག་ཁྱེད་རང་ལགས།། ","CT":" ཁྱེད་ཀྱིས་འཇིག་རྟེན་ཡོངས་སུ་བསྐྲུན་པ་དང་།།"}}],[{"phrase":{"AT":" དངོས་པོ་སྣ་ཚོགས་རང་གི་ཐུགས་དགོངས་བཞིན།།","KT":"བསྟོད་བསྔགས་དང་ནི་ བསྙེན་བཀུར་དང་།། ","CT":" དངོས་པོ་སྣ་ཚོགས་རང་གི་ཐུགས་དགོངས་བཞིན།།"}}],[{"phrase":{"AT":" རེ་རེ་བཞིན་དུ་གསར་བསྐྲུན་མཛད་པའི་ཕྱིར།།","KT":"དབང་ཐང་ཁྱེད་ལ་འོས་ཤིང་འབྱོར།། ","CT":" རེ་རེ་བཞིན་དུ་གསར་བསྐྲུན་མཛད་པའི་ཕྱིར།།"}}],[{"phrase":{"AT":" ཁྱེད་ལ་གཟི་བརྗིད་དང་ནི་བསྙེན་བཀུར་དང་།།","KT":"ཅིའི་ཕྱིར་ཞེ་ན་འདི་ལྟ་སྟེ།། ","CT":" ཁྱེད་ལ་གཟི་བརྗིད་དང་ནི་གུས་བརྩི་དང་།།"}}],[{"phrase":{"AT":" དབང་ཐང་དང་བཅས་འོས་ཤིང་འབྱོར།།","KT":"ཁྱེད་ཀྱིས་ཐམས་ཅད་བསྐྲུན་པ་ནི།། ","CT":" དབང་ཤུགས་དང་བཅས་འོས་ཤིང་འབྱོར།།"}}],[{"phrase":{"AT":" *","KT":"ཐུགས་དགོངས་བཞིན་དུ་གྲུབ་ཅིང་གནས།། ","CT":" *"}}]],"label":"verse 2","id":2}]},"metadata":[]}