{"title":{"AT":"A6. །།མིར་ཡམ་གྱི་བསྟོད་དབྱངས།།","KT":"A6. །།མིར་ཡམ་གྱི་བསྟོད་དབྱངས།། ","CT":"A6. །།མིར་ཡམ་གྱི་བསྟོད་དབྱངས།།"},"author":"*","key":"*","lyrics":{"Verse":[{"line":[[{"phrase":{"AT":"       (ལོ་ཀུའི་འཕྲིན་བཟང་གི་ལེའུ1པོའི་མདོ46-55བར།)","KT":"(ལོ་ཀུའི་འཕྲིན་བཟང་གི་ལེའུ1པོའི་མདོ46-55བར།) ","CT":"(ལུ་ཀཱ་ཡིས་བྲིས་པའི་འཕྲིན་བཟང་ཞེས་པའི་ལེའུ་1 ཨང་46-55 བར།)"}}],[{"phrase":{"AT":"ཡང་མིར་ཡམ་གྱིས།","KT":"ཡང་མིར་ཡམ་གྱིས། ","CT":"ཡང་མིར་ཡམ་གྱིས།"}}],[{"phrase":{"AT":"ང་ཡི་སེམས་ནས་གཙོ་བོར་བསྟོད། །   ","KT":"ང་ཡི་སེམས་ནས་གཙོ་བོར་བསྟོད། ། ","CT":"ང་ཡི་སེམས་ནས་གཙོ་བོར་བསྟོད། །   "}}],[{"phrase":{"AT":"དཀོན་མཆོག་སྐྱབས་མགོན་ལ་ཡི་རང༌། །  ","KT":"དཀོན་མཆོག་སྐྱབས་མགོན་ལ་ཡི་རང༌། ། ","CT":"དཀོན་མཆོག་སྐྱབས་མགོན་ལ་ཡི་རང༌། །  "}}],[{"phrase":{"AT":"ཁོང་གིས་དམན་ཆུང་གཡོག་མོར་གཟིགས། །","KT":"ཁོང་གིས་དམའ་བའི་གཡོག་མོར་གཟིགས། ། ","CT":"ཁོང་གིས་དམའ་བའི་གཡོག་མོར་གཟིགས། །"}}],[{"phrase":{"AT":"ད་ནས་མི་རབས་ཐམས་ཅད་ཀྱིས། །","KT":"ད་ནས་མི་རབས་ཀུན་གྱིས་ནི། ། ","CT":"ད་ནས་མི་རབས་ཀུན་གྱིས་ནི། །"}}],[{"phrase":{"AT":"ང་ལ་བདེ་ལེགས་བརྗོད་པར་འགྱུར། །","KT":"ང་ལ་བདེ་ལེགས་བརྗོད་པར་འགྱུར། ། ","CT":"ང་ལ་བདེ་ལེགས་བརྗོད་པར་འགྱུར། །"}}]],"label":"verse 1","id":1},{"line":[[{"phrase":{"AT":"དབང་ཀུན་ལྡན་པས་ང་ལ་ནི། །","KT":"ndefined2དབང་ཀུན་ལྡན་པས་ང་ལ་ནི། ། ","CT":"དབང་ཀུན་ལྡན་པས་ང་ལ་ནི། །"}}],[{"phrase":{"AT":"ངོ་མཚར་ལས་རྣམས་མཛད་པ་དང༌། །","KT":"ངོ་མཚར་ལས་རྣམས་མཛད་པ་དང༌། ། ","CT":"ངོ་མཚར་ལས་རྣམས་མཛད་པ་དང༌། །"}}],[{"phrase":{"AT":"ཁོང་གི་མཚན་ནི་དམ་པ་ཡིན། །   ","KT":"ཁོང་གི་མཚན་ནི་དམ་པ་ཡིན། ། ","CT":"ཁོང་གི་མཚན་ནི་དམ་པ་ཡིན། །   "}}],[{"phrase":{"AT":"ཁོང་ལ་གུས་པའི་མི་རབས་ཀུན། །","KT":"ཁོང་ལ་གུས་པའི་མི་རབས་ཀུན། ། ","CT":"ཁོང་ལ་གུས་པའི་མི་རབས་ཀུན། །"}}],[{"phrase":{"AT":"ཁོང་གི་ཐུགས་རྗེས་ཁྱབ་པར་འགྱུར། །   ","KT":"ཁོང་གི་ཐུགས་རྗེས་ཁྱབ་པར་འགྱུར། ། ","CT":"ཁོང་གི་ཐུགས་རྗེས་ཁྱབ་པར་འགྱུར། །   "}}]],"label":"verse 2","id":2},{"line":[[{"phrase":{"AT":"ོང་གི་ཕྱག་གིས་མཛད་ཆེན་བསྒྲུབས། །","KT":"ོང་གི་ཕྱག་གིས་མཛད་ཆེན་བསྒྲུབས། ། ","CT":"ོང་གི་ཕྱག་གིས་མཛད་ཆེན་བསྒྲུབས། །"}}],[{"phrase":{"AT":"ང་རྒྱལ་ཅན་རྣམས་གཏོར་བར་མཛད། །  ","KT":"ང་རྒྱལ་ཅན་རྣམས་གཏོར་བར་མཛད། ། ","CT":"ང་རྒྱལ་ཅན་རྣམས་གཏོར་བར་མཛད། །  "}}],[{"phrase":{"AT":"  དབང་ཅན་ཁྲི་ལས་ཕབ་པར་མཛད། །","KT":"དབང་ཅན་ཁྲི་ལས་ཕབ་པར་མཛད། ། ","CT":"  དབང་ཅན་ཁྲི་ལས་ཕབ་པར་མཛད། །"}}],[{"phrase":{"AT":"དམའ་བ་མཐོ་སར་བཏེགས་པར་མཛད། ། ","KT":"དམའ་བ་མཐོ་སར་བཏེགས་པར་མཛད། ། ","CT":"དམའ་བ་མཐོ་སར་བཏེགས་པར་མཛད། ། "}}],[{"phrase":{"AT":"  ལྟོགས་པར་བཟང་པོས་ཚིམས་པར་མཛད། །","KT":"ལྟོགས་པར་བཟང་པོས་ཚིམས་པར་མཛད། ། ","CT":"  ལྟོགས་པར་བཟང་པོས་ཚིམས་པར་མཛད། །"}}]],"label":"verse 3","id":3},{"line":[[{"phrase":{"AT":"འབྱོར་བ་ཅན་རྣམས་སྟོང་བར་ཕུད། །  ","KT":"ཕྱུག་པོ་སྟོང་པར་བཏོན་པར་མཛད། ། ","CT":"ཕྱུག་པོ་སྟོང་པར་བཏོན་པར་མཛད། །  "}}],[{"phrase":{"AT":" ཁོང་གིས་མེས་པོར་གསུངས་པ་ལྟར། །","KT":"ཁོང་གིས་མེས་པོར་གསུངས་པ་ལྟར། ། ","CT":" ཁོང་གིས་མེས་པོར་གསུངས་པ་ལྟར། །"}}],[{"phrase":{"AT":"འབངས་མི་དབྱི་སི་རལ་ལ་ནི། །","KT":"གཡོག་པོ་ཡེས་ར་ཨེལ་ལ་ནི། ། ","CT":"གཡོག་པོ་ཡི་སི་ར་ཨེལ་ལ། །"}}],[{"phrase":{"AT":"ཁོང་གིས་རོགས་པ་གནང་བར་མཛད། །","KT":"ཁོང་གིས་རོགས་པ་གནང་བར་མཛད། ། ","CT":"ཁོང་གིས་རོགས་པ་གནང་བར་མཛད། །"}}],[{"phrase":{"AT":"ཨབ་ར་ཧམ་དང་དེའི་རིགས་རྒྱུད། །","KT":"ཨབ་ར་ཧམ་དང་དེའི་རིགས་རྒྱུད། ། ","CT":"ཨབ་ར་ཧམ་དང་དེའི་རྒྱུད་པ། །"}}],[{"phrase":{"AT":"དགོངས་ནས་ནམ་ཡང་ཐུགས་རྗེས་གཟིགས། །","KT":"དགོངས་ནས་ནམ་ཡང་ཐུགས་རྗེས་གཟིགས། ། ","CT":"དགོངས་ནས་ནམ་ཡང་ཐུགས་རྗེས་གཟིགས། །"}}],[{"phrase":{"AT":"ཞེས་གསུངས་སོ། །","KT":"ཞེས་གསུངས་སོ། ། ","CT":"ཞེས་གསུངས་སོ། །"}}]],"label":"verse 4","id":4}]},"metadata":[]}