{"title":{"AT":"A7.  །།ཡེ་ཤུས་མངག་པའི་དོན་ཆེན།།","KT":"undefinedA7.  །།ཡེ་ཤུས་མངག་པའི་དོན་ཆེན།། ","CT":"A7.  །།ཡེ་ཤུས་མངག་པའི་དོན་ཆེན།།"},"author":"*","key":"*","lyrics":{"Verse":[{"line":[[{"phrase":{"AT":"         (མཱར་ཀུའི་འཕྲིན་བཟང་གི་ལེའུ16པའི་མདོ15-20བར།)","KT":"(མཱར་ཀུའི་འཕྲིན་བཟང་གི་ལེའུ16པའི་མདོ15-20 བར།) ","CT":"(མར་ཀུས་བྲིས་པའི་འཕྲིན་བཟང་ཞེས་པའི་ལེའུ་16 ཨང་15-20 བར།)"}}],[{"phrase":{"AT":"།། སྐྱབས་མགོན་ཡེ་ཤུས་ཐུགས་སྲས་རྣམས་ལ་འདི་སྐད་དུ། ཁྱོད་ཅག་གནམ་འོག་ཀུན་ཏུ་སོང་ནས་མི་ཐམས་ཅད་ལ་","KT":"།། སྐྱབས་མགོན་ཡེ་ཤུས་ཐུགས་སྲས་རྣམས་ལ་འདི་སྐད་དུ། ཁྱོད་ཅག་གནམ་འོག་ཀུན་ཏུ་སོང་ནས་མི་ཐམས་ཅད་ལ་འཕྲིན་བཟང་སྒྲོགས༌ཤིག སུ་ཞིག་གིས་དད་པ་བྱེད་ཅིང་ཁྲུས་གསོལ་","CT":"།། ཡེ་ཤུས་ཉེ་གནས་རྣམས་ལ་ “ཁྱེད་ཚོས་འཇིག་རྟེན་ཀུན་དུ་ཕྱིན་ནས་མི་ཐམས་ཅད་ལ་འཕྲིན་བཟང་ཁྱབ་བསྒྲགས་"}}],[{"phrase":{"AT":"བདག་གི་འཕྲིན་བཟང་སྒྲོགས༌ཤིག  མི་སུ་ཞིག་གིས་དད་པ་བྱེད་ཅིང་ཁྲུས་གསོལ་ལ་འཇུག་པ་དེ་ལ་ཐར་བ་","KT":"ལ་འཇུག་པ་དེ་ལ་ཐར་བ་འཐོབ་པར་འགྱུར་ཞིང་དད་པ་མེད་པ་དེ་ལ་ཉེས་ཆད་གཅོད་པར་འགྱུར༌རོ།། དད་པ་དང་ལྡན་པའི་མི་རྣམས་དང་ལྷན་ཅིག་ངོ་མཚར་བའི་རྟགས་འདི་","CT":"གྱིས་ཤིག  སུ་ཡང་དད་པ་བྱས་ནས་དཀོན་མཆོག་གི་ཁྲུས་གསོལ་ཐོབ་པ་དེ་ཐར་བར་འགྱུར།  "}}],[{"phrase":{"AT":"འཐོབ་པར་འགྱུར་ཞིང་དད་པ་མེད་པ་དེ་ལ་ཉེས་ཆད་གཅོད་པར་འགྱུར༌རོ།། དད་པ་དང་ལྡན་པའི་མི་རྣམས་དང་","KT":"རྣམས་འབྱུང་ངེས་ཤིང་། ངའི་མིང་ལ་བརྟེན་ནས་དེ་དག་གིས་གདོན་འདྲེ་ཕར་སྐྲོད་པ་དང་སྐད་རིགས་གསར་པ་སྨྲ༌བ། དུག་སྦྲུལ་ལག་པས་འཛིན་ནུས་པ། དུག་འཐུང་ནའང་སྲོག་ལ་","CT":"སུ་ཡང་དད་པ་མི་བྱེད་པ་དེ་ལ་ཆད་པ་གཅོད་པར་འགྱུར།  "}}],[{"phrase":{"AT":"ལྷན་ཅིག་ངོ་མཚར་བའི་རྟགས་འདི་རྣམས་འབྱུང་ངེས་ཤིང་། ངའི་མིང་ལ་བརྟེན་ནས་དེ་དག་གིས་གདོན་འདྲེ་ཕར་","KT":"མི་གནོད༌པ། ལག་པ་ནད་པའི་སྟེང་དུ་བཞག་ན་ནད་གཞོམ་པར་འགྱུར་ཞེས་གསུངས༌སོ།། དེ་ནས་སྐྱབས་མགོན་ཡེ་ཤུས་ཁོ་རྣམས་ལ་བཀའ་གནང་ཚར༌རྗེས། ཁོང་ཉིད་ནམ་མཁའི་ཞིང་","CT":"དད་པ་བྱེད་པ་རྣམས་ལ་ངོ་མཚར་ཆེ་བའི་ནུས་པ་འདི་ལྟར་ཡོད།  "}}],[{"phrase":{"AT":"སྐྲོད་པ་དང་སྐད་གཞན་སྨྲ༌བ། དུག་སྦྲུལ་ལག་པས་བཟུང་ཡང་གནོད་པ་མི་འབྱུང༌བ། དུག་འཐུང་ནའང་སྲོག་ལ་མི་","KT":"ཁམས་སུ་དྲངས་ཤིང་དཀོན་མཆོག་གི་གཡས་ཕྱོགས་སུ་བཞུགས༌སོ།། ཐུགས་སྲས་རྣམས་ཀྱང་ཡུལ་ཕྱོགས་ཀུན་ཏུ་སོང་ནས་འཕྲིན་བཟང་བསྒྲགས༌ཤིང༌། གཙོ་བོས་ཀྱང་ཁོ་རྣམས་དང་","CT":"ཁོང་ཚོས་ངའི་མིང་ཐོག་ནས་གདོན་སྐྲོན་ཐུབ་ཅིང་སྐད་གསར་པ་ཤོད་པ་།   དུག་སྦྲུལ་རྣམས་ལག་པས་ལེན་པ།  "}}],[{"phrase":{"AT":"གནོད༌པ། ལག་པས་ནད་པར་རེག་ན་ནད་འཇོམས་པར་འགྱུར་རོ་ཞེས་གསུངས༌སོ།། སྐྱབས་མགོན་ཡེ་ཤུས་ཁོ་རྣམས་ལ་","KT":"མཉམ་དུ་འཕྲིན་ལས་མཛད་པ་དང་ངོ་མཚར་བའི་རྟགས་བསྟན་དང་ཆབས་ཅིག་བཀའ་དེ་ལ་བདེན་དཔང་མཛད༌དོ།། ","CT":"སྲོག་གཅོད་པའི་དུག་འཐུང་ཡང་གནོད་པ་མི་འབྱུང་བ།  "}}],[{"phrase":{"AT":"བཀའ་གནང་ཚར༌རྗེས། ཁོང་ཉིད་ནམ་མཁའི་ཞིང་ཁམས་སུ་དྲངས་ཤིང་དཀོན་མཆོག་གི་གཡས་ཕྱོགས་སུ་བཞུགས༌སོ།། ","KT":"༄༅།། གསུང་མགུར་འགའ་ཞིག། ","CT":"ལག་པས་ནད་པར་རེག་ན་ནད་འཛོམས་པར་འགྱུར་རོ་” ཞེས་གསུངས། "}}],[{"phrase":{"AT":"དེ་ནས་ཐུགས་སྲས་རྣམས་ཀྱང་ཡུལ་ཕྱོགས་ཀུན་ཏུ་སོང་ནས་འཕྲིན་བཟང་བསྒྲགས༌ཤིང༌། གཙོ་བོ་ཡེ་ཤུས་ཀྱང་ཁོ་རྣམས་","KT":"(མདོ་ཁམས་ནས་བསྒྱུར་བ་ཡིན།)","CT":" དེ་ལྟར་གཙོ་བོ་ཡེ་ཤུས་ཁོང་ཚོར་བཀའ་མོལ་གནང་ཚར་རྗེས།  "}}],[{"phrase":{"AT":"དང་མཉམ་དུ་འཕྲིན་ལས་མཛད་པ་དང་ངོ་མཚར་བའི་རྟགས་བསྟན་པའི་སྒོ་ནས་འཕྲིན་བཟང་ལ་བདེན་དཔང་","KT":"*","CT":"དཀོན་མཆོག་གི་ཞིང་ཁམས་སུ་བཞེངས་པར་གྱུར་ཏེ་དཀོན་མཆོག་གི་ཕྱག་གཡས་ངོས་སུ་བཞུགས། "}}],[{"phrase":{"AT":"མཛད༌དོ།།","KT":"*","CT":"ཉེ་གནས་རྣམས་གང་སར་ཕྱིན་ནས་དཀོན་མཆོག་གི་བཀའ་ཁྱབ་བསྒྲགས་བྱས།  "}}],[{"phrase":{"AT":"༄༅།། གསུང་མགུར་འགའ་ཞིག།","KT":"*","CT":"གཙོ་བོས་ཁོང་ཚོ་དང་མཉམ་དུ་འཕྲིན་ལས་མཛད་ཅིང་ངོ་མཚར་བའི་རྟགས་མཚན་བསྟན་པའི་སྒོ་ནས་འཕྲིན་བཟང་དེ་"}}],[{"phrase":{"AT":"         (མདོ་ཁམས་ནས་བསྒྱུར་བ་ཡིན།)","KT":"*","CT":"བདེན་པ་ཡིན་པར་ར་སྤྲོད་གནང་ངོ་།། "}}]],"label":"verse 1","id":1}]},"metadata":[]}