{"title":{"AT":"S113. གསུང་མགུར་བརྒྱ་དང་བཅུ་གསུམ་པ།","KT":"undefinedS113. གསུང་མགུར་བརྒྱ་དང་བཅུ་གསུམ་པ། ","CT":"S113. གསུང་མགུར་བརྒྱ་དང་བཅུ་གསུམ་པ།"},"author":"*","key":"*","lyrics":{"Verse":[{"line":[[{"phrase":{"AT":"༼ཡ་ཧོ་ཝཱ་ལ་བསྟོད་བསྔགས་བརྗོད་པ།༽","KT":"༼ཡ་ཧོ་ཝ་ལ་བསྟོད་བསྔགས་བརྗོད་པ།༽ ","CT":"༼ཡ་ཧོ་ཝཱ་ལ་བསྟོད་བསྔགས་བརྗོད་པ།༽"}}],[{"phrase":{"AT":"ཡ་ཧོ་ཝཱ་ལ་ཀུན་གྱིས་བསྟོད་པར་ཤོག།","KT":"ཡ་ཧོ་ཝ་ལ་ཀུན་གྱིས་བསྟོད་པར་ཤོག། ","CT":"ཡ་ཧོ་ཝཱ་ལ་ཀུན་གྱིས་བསྟོད་པར་ཤོག།"}}],[{"phrase":{"AT":" ཡ་ཧོ་ཝཱ་ཡི་ཞབས་ཕྱི་ཁྱོད་རྣམས་ཀྱིས།།","KT":"ཡ་ཧོ་ཝ་ཡི་ཞབས་ཕྱི་ཁྱོད་རྣམས་ཀྱིས།། ","CT":" ཡ་ཧོ་ཝཱ་ཡི་ཞབས་ཕྱི་ཁྱོད་རྣམས་ཀྱིས།།"}}],[{"phrase":{"AT":" ཡ་ཧོ་ཝཱ་ཡི་མཚན་ལ་བསྟོད་པར་ཤོག།","KT":"ཡ་ཧོ་ཝ་ཡི་མཚན་ལ་བསྟོད་པར་ཤོག། ","CT":" ཡ་ཧོ་ཝཱ་ཡི་མཚན་ལ་བསྟོད་པར་ཤོག།"}}]],"label":"verse 1","id":1},{"line":[[{"phrase":{"AT":"ཡ་ཧོ་ཝཱ་ཡི་མཚན་ལ་བསྟོད་འོས་ཏེ།།","KT":"ཡ་ཧོ་ཝ་ཡི་མཚན་ལ་བསྟོད་འོས་ཏེ།། ","CT":"ཡ་ཧོ་ཝཱ་ཡི་མཚན་ལ་བསྟོད་འོས་ཏེ།།"}}],[{"phrase":{"AT":" དེ་རིང་དུས་ནས་རྟག་ཏུ་བསྟོད་འོས་སོ།།","KT":"དེ་རིང་དུས་ནས་རྟག་ཏུ་བསྟོད་འོས་སོ།། ","CT":" དེ་རིང་དུས་ནས་རྟག་ཏུ་བསྟོད་འོས་སོ།།"}}]],"label":"verse 2","id":2},{"line":[[{"phrase":{"AT":"ཉི་མ་ཤར་ནས་ནུབ་ལ་བཞུད་པའི་བར།།","KT":"ཉི་མ་ཤར་ནས་ནུབ་ལ་བཞུད་པའི་བར།། ","CT":"ཉི་མ་ཤར་ནས་ནུབ་ལ་བཞུད་པའི་བར།།"}}],[{"phrase":{"AT":" ཡ་ཧོ་ཝཱ་ཡི་མཚན་ལ་བསྟོད་འོས་སོ།།","KT":"ཡ་ཧོ་ཝ་ཡི་མཚན་ལ་བསྟོད་འོས་སོ།། ","CT":" ཡ་ཧོ་ཝཱ་ཡི་མཚན་ལ་བསྟོད་འོས་སོ།།"}}]],"label":"verse 3","id":3},{"line":[[{"phrase":{"AT":"ོང་ནི་སྐྱེ་བོ་ཀུན་ལས་བླ་ན་མཐོ།།","KT":"ོང་ནི་སྐྱེ་བོ་ཀུན་ལས་བླ་ན་མཐོ།། ","CT":"ོང་ནི་སྐྱེ་བོ་ཀུན་ལས་བླ་ན་མཐོ།།"}}],[{"phrase":{"AT":" ཁོང་གི་གཟི་བརྗིད་ནམ་མཁའ་ལས་ཀྱང་མཐོ།།","KT":"ཁོང་གི་གཟི་བརྗིད་ནམ་མཁའ་ལས་ཀྱང་མཐོ།། ","CT":" ཁོང་གི་གཟི་བརྗིད་ནམ་མཁའ་ལས་ཀྱང་མཐོ།།"}}]],"label":"verse 4","id":4},{"line":[[{"phrase":{"AT":"སུ་ཞིག་རང་ཅག་དཀོན་མཆོག་བཞིན་དང་མཚུངས།།","KT":"སུ་ཞིག་རང་ཅག་དཀོན་མཆོག་བཞིན་དང་མཚུངས།། ","CT":"སུ་ཞིག་རང་ཅག་དཀོན་མཆོག་བཞིན་དང་མཚུངས།།"}}],[{"phrase":{"AT":" བླ་ན་མེད་པའི་གནས་སུ་དཀོན་མཆོག་བཞུགས།།","KT":"བླ་ན་མེད་པའི་གནས་སུ་དཀོན་མཆོག་བཞུགས།། ","CT":" བླ་ན་མེད་པའི་གནས་སུ་དཀོན་མཆོག་བཞུགས།།"}}]],"label":"verse 5","id":5},{"line":[[{"phrase":{"AT":"གནམ་ས་ཡོངས་ཀྱི་དོན་ལ་གཟིགས་པའི་ཕྱིར།།","KT":"གནམ་ས་ཡོངས་ཀྱི་དོན་ལ་གཟིགས་པའི་ཕྱིར།། ","CT":"གནམ་ས་ཡོངས་ཀྱི་དོན་ལ་གཟིགས་པའི་ཕྱིར།།"}}],[{"phrase":{"AT":" ཁོང་གིས་རང་ཉིད་ལ་ནི་དམའ་བར་འཛིན།།","KT":"ཁོང་གིས་རང་ཉིད་ལ་ནི་དམའ་བར་འཛིན།། ","CT":" ཁོང་གིས་རང་ཉིད་ལ་ནི་དམའ་བར་འཛིན།།"}}]],"label":"verse 6","id":6},{"line":[[{"phrase":{"AT":"སྙིགས་རྡུལ་ཚོགས་ལས་ཁོང་གིས་དབུལ་པོ་སྐྱོབ།།","KT":"སྙིགས་རྡུལ་ཚོགས་ལས་ཁོང་གིས་དབུལ་པོ་སྐྱོབ།། ","CT":"སྙིགས་རྡུལ་ཚོགས་ལས་ཁོང་གིས་དབུལ་པོ་སྐྱོབ།།"}}],[{"phrase":{"AT":" གད་སྙིགས་ཚོགས་ལས་ཁོང་གིས་སྤྲང་པོ་སྐྱོང་།།","KT":"གད་སྙིགས་ཚོགས་ལས་ཁོང་གིས་སྤྲང་པོ་སྐྱོང་།། ","CT":" གད་སྙིགས་ཚོགས་ལས་ཁོང་གིས་སྤྲང་པོ་སྐྱོང་།།"}}]],"label":"verse 7","id":7},{"line":[[{"phrase":{"AT":"རྒྱལ་སྲས་དང་ནི་མཉམ་དུ་སྡོད་པ་སྟེ།།","KT":"རྒྱལ་སྲས་དང་ནི་མཉམ་དུ་སྡོད་པ་སྟེ།། ","CT":"རྒྱལ་སྲས་དང་ནི་མཉམ་དུ་སྡོད་པ་སྟེ།།"}}],[{"phrase":{"AT":" ས་གནས་རྒྱལ་པོའི་སྲས་དང་སྡོད་ཕྱིར་རོ།།","KT":"ས་གནས་རྒྱལ་པོའི་སྲས་དང་སྡོད་ཕྱིར་རོ།། ","CT":" ས་གནས་རྒྱལ་པོའི་སྲས་དང་སྡོད་ཕྱིར་རོ།།"}}]],"label":"verse 8","id":8},{"line":[[{"phrase":{"AT":"ཕྲུ་གུ་མེད་པ་ལ་ནི་ཁྱིམ་གཞི་དང་།།","KT":"ཕྲུ་གུ་མེད་པ་ལ་ནི་ཁྱིམ་གཞི་དང་།། ","CT":"ཕྲུ་གུ་མེད་པ་ལ་ནི་ཁྱིམ་གཞི་དང་།།"}}],[{"phrase":{"AT":" ཕྲུ་གུ་མང་བའི་བདེ་སྐྱིད་གནང་བ་འོ།།","KT":"ཕྲུ་གུ་མང་བའི་བདེ་སྐྱིད་གནང་བ་འོ།། ","CT":" ཕྲུ་གུ་མང་བའི་བདེ་སྐྱིད་གནང་བ་འོ།།"}}],[{"phrase":{"AT":" ཡ་ཧོ་ཝཱ་ལ་ཀུན་གྱིས་བསྟོད་པར་ཤོག།","KT":"ཡ་ཧོ་ཝ་ལ་ཀུན་གྱིས་བསྟོད་པར་ཤོག། ","CT":" ཡ་ཧོ་ཝཱ་ལ་ཀུན་གྱིས་བསྟོད་པར་ཤོག།"}}]],"label":"verse 9","id":9}]},"metadata":[]}