{"title":{"AT":"S133. གསུང་མགུར་བརྒྱ་དང་སོ་གསུམ་པ།","KT":"undefinedS133. གསུང་མགུར་བརྒྱ་དང་སོ་གསུམ་པ། ","CT":"S133. གསུང་མགུར་བརྒྱ་དང་སོ་གསུམ་པ།"},"author":"*","key":"*","lyrics":{"Verse":[{"line":[[{"phrase":{"AT":"༼སྤུན་ཟླ་མཉམ་དུ་སྡོད་པའི་བདེ་སྐྱིད།༽","KT":"༼སྤུན་ཟླ་མཉམ་དུ་སྡོད་པའི་བདེ་སྐྱིད།༽ ","CT":"༼སྤུན་ཟླ་མཉམ་དུ་སྡོད་པའི་བདེ་སྐྱིད།༽"}}],[{"phrase":{"AT":"ལྟོས་དང་ཁྱོད་ཅག་སྤུན་ཟླ་རྣམས་ནི་འགྲིག་མཐུན་ངང་།།","KT":"ལྟོས་དང་ཁྱོད་ཅག་སྤུན་ཟླ་རྣམས་ནི་འགྲིག་མཐུན་ངང་།། ","CT":"ལྟོས་དང་ཁྱོད་ཅག་སྤུན་ཟླ་རྣམས་ནི་མཐུན་སྒྲིལ་ངང་།།"}}],[{"phrase":{"AT":" མཉམ་དུ་སྡོད་པ་ཇི་འདྲའི་མཛེས་ཤིང་སྐྱིད་པ་ལ།།","KT":"མཉམ་དུ་སྡོད་པ་ཇི་འདྲའི་མཛེས་ཤིང་སྐྱིད་པ་ལ།། ","CT":" མཉམ་དུ་སྡོད་པ་ཇི་འདྲའི་མཛེས་ཤིང་སྐྱིད་པ་ལ།།"}}]],"label":"verse 1","id":1},{"line":[[{"phrase":{"AT":"དེ་ནི་ཨ་རོན་མགོ་ལ་རིན་ཆེན་སྣུམ་བྱུགས་ཏེ།།","KT":"དེ་ནི་ཨ་རོན་མགོ་ལ་རིན་ཆེན་སྣུམ་བྱུགས་ཏེ།། ","CT":"དེ་ནི་ཨ་རོན་མགོ་ལ་རིན་ཆེན་སྣུམ་བྱུགས་ཏེ།།"}}],[{"phrase":{"AT":" ཨག་ཚོམ་དང་ནི་གོས་ཀྱི་གོང་བར་བཞུར་བ་བཞིན།།","KT":"ཨག་ཚོམ་དང་ནི་གོས་ཀྱི་གོང་བར་བཞུར་བ་བཞིན།། ","CT":" ཨག་ཚོམ་དང་ནི་གོས་ཀྱི་གོང་བར་བཞུར་བ་བཞིན།།"}}]],"label":"verse 2","id":2},{"line":[[{"phrase":{"AT":"ཧེར་མོན་ཟིལ་བ་ཛཱ་ཡན་རི་ལ་བབས་པ་བཞིན།།   ","KT":"ཧེར་མོན་ཟིལ་བ་ཛཱ་ཡན་རི་ལ་བབས་པ་བཞིན།། ","CT":"ཧེར་མོན་ཟིལ་བ་ཛཱ་ཡན་རི་ལ་བབས་པ་བཞིན།།   "}}],[{"phrase":{"AT":" གནས་དེར་ཡ་ཧོ་ཝཱ་ཡིས་གནང་བའི་བྱིན་རླབས་ཏེ།།","KT":"གནས་དེར་ཡ་ཧོ་ཝ་ཡིས་གནང་བའི་བྱིན་རླབས་ཏེ།། ","CT":" གནས་དེར་ཡ་ཧོ་ཝཱ་ཡིས་གནང་བའི་བྱིན་རླབས་ཏེ།།"}}],[{"phrase":{"AT":" ཟད་མཐའ་མེད་པའི་ཚེ་སྲོག་དེ་ཉིད་མཆིས་ཕྱིར་རོ།།","KT":"ཟད་མཐའ་མེད་པའི་ཚེ་སྲོག་དེ་ཉིད་མཆིས་ཕྱིར་རོ།། ","CT":" ཟད་མཐའ་མེད་པའི་ཚེ་སྲོག་དེ་ཉིད་མཆིས་ཕྱིར་རོ།།"}}]],"label":"verse 3","id":3}]},"metadata":[]}