{"title":{"AT":"S143. གསུང་མགུར་བརྒྱ་དང་ཞེ་གསུམ་པ།","KT":"S143. གསུང་མགུར་བརྒྱ་དང་ཞེ་གསུམ་པ། ","CT":"S143. གསུང་མགུར་བརྒྱ་དང་ཞེ་གསུམ་པ།"},"author":"*","key":"*","lyrics":{"Verse":[{"line":[[{"phrase":{"AT":" ཁྱེད་ཀྱིས་ཡིད་ཆེས་དང་ནི་དྲང་བདེན་གྱིས།།","KT":"ཁྱེད་ཀྱིས་ཡིད་ཆེས་དང་ནི་དྲང་བདེན་གྱིས།། ","CT":" ཁྱེད་ཀྱིས་ཡིད་ཆེས་དང་ནི་དྲང་བདེན་གྱིས།།"}}],[{"phrase":{"AT":" བདག་གི་རེ་འདོད་ལ་ནི་བསྐང་བར་མཛོད།།","KT":"བདག་གི་རེ་འདོད་ལ་ནི་བསྐང་བར་མཛོད།། ","CT":" བདག་གི་རེ་འདོད་ལ་ནི་བསྐང་བར་མཛོད།།"}}],[{"phrase":{"AT":"ྱེད་ཀྱིས་གཡོག་པོར་ཁྲིམས་ཐག་གཅོད་མི་བྱ།།","KT":"ྱེད་ཀྱིས་གཡོག་པོར་ཁྲིམས་ཐག་གཅོད་མི་བྱ།། ","CT":"ྱེད་ཀྱིས་གཡོག་པོར་ཁྲིམས་ཐག་གཅོད་མི་བྱ།།"}}],[{"phrase":{"AT":" ཁྱེད་ཀྱི་སྤྱན་སྔར་སྐྱེ་བོ་གསོན་པོ་ལས།།","KT":"ཁྱེད་ཀྱི་སྤྱན་སྔར་སྐྱེ་བོ་གསོན་པོ་ལས།། ","CT":" ཁྱེད་ཀྱི་སྤྱན་སྔར་སྐྱེ་བོ་གསོན་པོ་ལས།།"}}],[{"phrase":{"AT":" སྐྱེ་བོ་དམ་པ་གཅིག་ཀྱང་མེད་ཕྱིར་རོ།།","KT":"སྐྱེ་བོ་དམ་པ་གཅིག་ཀྱང་མེད་ཕྱིར་རོ།། ","CT":" སྐྱེ་བོ་དམ་པ་གཅིག་ཀྱང་མེད་ཕྱིར་རོ།།"}}]],"label":"verse 1","id":1},{"line":[[{"phrase":{"AT":"དེ་ནི་དགྲ་ཟླས་བདག་ལ་བཙན་གནོན་གྱིས།།","KT":"དེ་ནི་དགྲ་ཟླས་བདག་ལ་བཙན་གནོན་གྱིས།། ","CT":"དེ་ནི་དགྲ་ཟླས་བདག་ལ་བཙན་གནོན་གྱིས།།"}}],[{"phrase":{"AT":" བདག་ནི་ས་ལ་བསྒྱེལ་ཏེ་མུན་ནག་ཏུ།།","KT":"བདག་ནི་ས་ལ་བསྒྱེལ་ཏེ་མུན་ནག་ཏུ།། ","CT":" བདག་ནི་ས་ལ་བསྒྱེལ་ཏེ་མུན་ནག་ཏུ།།"}}],[{"phrase":{"AT":" སྡོད་ཅིང་དེ་ནི་གཤིན་པོ་དག་དང་འདྲ།།","KT":"སྡོད་ཅིང་དེ་ནི་གཤིན་པོ་དག་དང་འདྲ།། ","CT":" སྡོད་ཅིང་དེ་ནི་གཤིན་པོ་དག་དང་འདྲ།།"}}]],"label":"verse 2","id":2},{"line":[[{"phrase":{"AT":"དེའི་ཕྱིར་བདག་གི་རམ་ཤེས་འཐོམ་པ་དང་།།","KT":"དེའི་ཕྱིར་བདག་གི་རམ་ཤེས་འཐོམ་པ་དང་།། ","CT":"དེའི་ཕྱིར་བདག་གི་རམ་ཤེས་འཐོམ་པ་དང་།།"}}],[{"phrase":{"AT":" བདག་གི་སེམས་ནི་སྐྱོ་ཞིང་གདུང་བར་གྱུར།།","KT":"བདག་གི་སེམས་ནི་སྐྱོ་ཞིང་གདུང་བར་གྱུར།། ","CT":" བདག་གི་སེམས་ནི་སྐྱོ་ཞིང་གདུང་བར་གྱུར།།"}}]],"label":"verse 3","id":3},{"line":[[{"phrase":{"AT":"བདག་གིས་གནའ་བོའི་དུས་དེ་ཡང་ཡང་དྲན།།","KT":"བདག་གིས་གནའ་བོའི་དུས་དེ་ཡང་ཡང་དྲན།། ","CT":"བདག་གིས་གནའ་བོའི་དུས་དེ་ཡང་ཡང་དྲན།།"}}],[{"phrase":{"AT":" དཀོན་མཆོག་ཁྱེད་ཀྱི་འཕྲིན་ལས་དེ་ཡང་སེམས།།","KT":"དཀོན་མཆོག་ཁྱེད་ཀྱི་འཕྲིན་ལས་དེ་ཡང་སེམས།། ","CT":" དཀོན་མཆོག་ཁྱེད་ཀྱི་འཕྲིན་ལས་དེ་ཡང་སེམས།།"}}],[{"phrase":{"AT":" ཁྱེད་ཀྱི་ཕྱག་གིས་བསྐྲུན་པ་དེ་ཡང་བསམས།།","KT":"ཁྱེད་ཀྱི་ཕྱག་གིས་བསྐྲུན་པ་དེ་ཡང་བསམས།། ","CT":" ཁྱེད་ཀྱི་ཕྱག་གིས་བསྐྲུན་པ་དེ་ཡང་བསམས།།"}}]],"label":"verse 4","id":4},{"line":[[{"phrase":{"AT":"ཐན་པ་བྱུང་དུས་ཆར་ཆུ་འདོད་པ་བཞིན།།","KT":"ཐན་པ་བྱུང་དུས་ཆར་ཆུ་འདོད་པ་བཞིན།། ","CT":"ཐན་པ་བྱུང་དུས་ཆར་ཆུ་འདོད་པ་བཞིན།།"}}],[{"phrase":{"AT":" བདག་གིས་ཁྱེད་ནི་རྟག་ཏུ་དྲན་གྱུར་ཞིང་།།","KT":"བདག་གིས་ཁྱེད་ནི་རྟག་ཏུ་དྲན་གྱུར་ཞིང་།། ","CT":" བདག་གིས་ཁྱེད་ནི་རྟག་ཏུ་དྲན་གྱུར་ཞིང་།།"}}],[{"phrase":{"AT":" ཁྱེད་ལ་ལག་ཟུང་བཏེགས་ཏེ་ཞུ་བ་བྱེད།།","KT":"ཁྱེད་ལ་ལག་ཟུང་བཏེགས་ཏེ་ཞུ་བ་བྱེད།། ","CT":" ཁྱེད་ལ་ལག་ཟུང་བཏེགས་ཏེ་ཞུ་བ་བྱེད།།"}}]],"label":"verse 5","id":5},{"line":[[{"phrase":{"AT":"བདག་གི་རེ་བ་སྐོངས་ཤིག་ཡ་ཧོ་ཝཱ།།","KT":"བདག་གི་རེ་བ་སྐོངས་ཤིག་ཡ་ཧོ་ཝ།། ","CT":"བདག་གི་རེ་བ་སྐོངས་ཤིག་ཡ་ཧོ་ཝཱ།།"}}],[{"phrase":{"AT":" དོང་ལ་ལྷུང་བའི་མི་བཞིན་མ་ཡིན་ཕྱིར།།","KT":"དོང་ལ་ལྷུང་བའི་མི་བཞིན་མ་ཡིན་ཕྱིར།། ","CT":" དོང་ལ་ལྷུང་བའི་མི་བཞིན་མ་ཡིན་ཕྱིར།།"}}],[{"phrase":{"AT":" བདག་གི་དྲན་སེམས་ཟད་ལ་ཉེ་བས་ན།།","KT":"བདག་གི་དྲན་སེམས་ཟད་ལ་ཉེ་བས་ན།། ","CT":" བདག་གི་དྲན་སེམས་ཟད་ལ་ཉེ་བས་ན།།"}}],[{"phrase":{"AT":" ཁྱེད་གདོང་བདག་ལ་འགེབ་པར་མི་བྱ་འོ།།","KT":"ཁྱེད་གདོང་བདག་ལ་འགེབ་པར་མི་བྱ་འོ།། ","CT":" ཁྱེད་གདོང་བདག་ལ་འགེབ་པར་མི་བྱ་འོ།།"}}]],"label":"verse 6","id":6},{"line":[[{"phrase":{"AT":"བདག་གིས་ཁྱེད་ལ་བརྟེན་ཅིང་རྟེན་པའི་ཕྱིར།།","KT":"བདག་གིས་ཁྱེད་ལ་བརྟེན་ཅིང་རྟེན་པའི་ཕྱིར།། ","CT":"བདག་གིས་ཁྱེད་ལ་བརྟེན་ཅིང་རྟེན་པའི་ཕྱིར།།"}}],[{"phrase":{"AT":" ཞོགས་པའི་དུས་སུ་ཁྱེད་ཀྱི་ཐུགས་རྗེའི་གཏམ།།","KT":"ཞོགས་པའི་དུས་སུ་ཁྱེད་ཀྱི་ཐུགས་རྗེའི་གཏམ།། ","CT":" ཞོགས་པའི་དུས་སུ་ཁྱེད་ཀྱི་ཐུགས་རྗེའི་གཏམ།།"}}],[{"phrase":{"AT":" ཡང་ཡང་ཐོས་ཆེད་བདག་གིས་ཞུ་བ་བྱེད།།","KT":"ཡང་ཡང་ཐོས་ཆེད་བདག་གིས་ཞུ་བ་བྱེད།། ","CT":" ཡང་ཡང་ཐོས་ཆེད་བདག་གིས་ཞུ་བ་བྱེད།།"}}],[{"phrase":{"AT":" བདག་གི་སེམས་པ་ཁྱེད་ལ་བཅོལ་བའི་ཕྱིར།།","KT":"བདག་གི་སེམས་པ་ཁྱེད་ལ་བཅོལ་བའི་ཕྱིར།། ","CT":" བདག་གི་སེམས་པ་ཁྱེད་ལ་བཅོལ་བའི་ཕྱིར།།"}}],[{"phrase":{"AT":" ད་ལྟའི་འགྲོ་ལམ་བདག་ལ་ཤེས་པར་མཛོད།།","KT":"ད་ལྟའི་འགྲོ་ལམ་བདག་ལ་ཤེས་པར་མཛོད།། ","CT":" ད་ལྟའི་འགྲོ་ལམ་བདག་ལ་ཤེས་པར་མཛོད།།"}}]],"label":"verse 7","id":7},{"line":[[{"phrase":{"AT":"ྱེ་ཀྱེ་བདག་ནི་དགྲ་ལས་སྐྱོབ་པ་དང་།།","KT":"ྱེ་ཀྱེ་བདག་ནི་དགྲ་ལས་སྐྱོབ་པ་དང་།། ","CT":"ྱེ་ཀྱེ་བདག་ནི་དགྲ་ལས་སྐྱོབ་པ་དང་།།"}}],[{"phrase":{"AT":" ཁྱེད་ནི་བདག་གི་སྐྱབས་གནས་ཡིན་པའི་ཕྱིར།།","KT":"ཁྱེད་ནི་བདག་གི་སྐྱབས་གནས་ཡིན་པའི་ཕྱིར།། ","CT":" ཁྱེད་ནི་བདག་གི་སྐྱབས་གནས་ཡིན་པའི་ཕྱིར།།"}}],[{"phrase":{"AT":" ཡ་ཧོ་ཝཱ་ཁྱེད་ཞུ་བ་ཡང་ཡང་བྱེད།།","KT":"ཡ་ཧོ་ཝ་ཁྱེད་ཞུ་བ་ཡང་ཡང་བྱེད།། ","CT":" ཡ་ཧོ་ཝཱ་ཁྱེད་ཞུ་བ་ཡང་ཡང་བྱེད།།"}}]],"label":"verse 8","id":8},{"line":[[{"phrase":{"AT":"0 ཁྱེད་ནི་བདག་གི་དཀོན་མཆོག་ལགས་པའི་ཕྱིར།།","KT":"0 ཁྱེད་ནི་བདག་གི་དཀོན་མཆོག་ལགས་པའི་ཕྱིར།། ","CT":"0 ཁྱེད་ནི་བདག་གི་དཀོན་མཆོག་ལགས་པའི་ཕྱིར།།"}}],[{"phrase":{"AT":" ཁྱེད་ཀྱི་དགོངས་དོན་ཇི་བཞིན་སྒྲུབ་པའི་དོན།།","KT":"ཁྱེད་ཀྱི་དགོངས་དོན་ཇི་བཞིན་སྒྲུབ་པའི་དོན།། ","CT":" ཁྱེད་ཀྱི་དགོངས་དོན་ཇི་བཞིན་སྒྲུབ་པའི་དོན།།"}}],[{"phrase":{"AT":"undefined བདག་ལ་སྟོན་པར་མཛོད་ཅིག་དཀོན་མཆོག་ལགས།།","KT":"བདག་ལ་སྟོན་པར་མཛོད་ཅིག་དཀོན་མཆོག་ལགས།། ","CT":" བདག་ལ་སྟོན་པར་མཛོད་ཅིག་དཀོན་མཆོག་ལགས།།"}}],[{"phrase":{"AT":" ཁྱེད་ཀྱི་ཐུགས་དགོངས་ཡེ་ནས་དག་པའི་ཕྱིར།།","KT":"ཁྱེད་ཀྱི་ཐུགས་དགོངས་ཡེ་ནས་དག་པའི་ཕྱིར།། ","CT":" ཁྱེད་ཀྱི་ཐུགས་དགོངས་ཡེ་ནས་དག་པའི་ཕྱིར།།"}}],[{"phrase":{"AT":" བདག་ནི་བདེ་བའི་ལམ་དུ་ཁྲིད་པར་མཛོད།།","KT":"བདག་ནི་བདེ་བའི་ལམ་དུ་ཁྲིད་པར་མཛོད།། ","CT":" བདག་ནི་བདེ་བའི་ལམ་དུ་ཁྲིད་པར་མཛོད།།"}}]],"label":"verse 9","id":9},{"line":[[{"phrase":{"AT":"ྱེ་ཀྱེ་ཡ་ཧོ་ཝཱ་ཁྱེད་མཚན་སྙན་ཕྱིར།།","KT":"ྱེ་ཀྱེ་ཡ་ཧོ་ཝ་ཁྱེད་མཚན་སྙན་ཕྱིར།། ","CT":"ྱེ་ཀྱེ་ཡ་ཧོ་ཝཱ་ཁྱེད་མཚན་སྙན་ཕྱིར།།"}}],[{"phrase":{"AT":" ཁྱེད་ཀྱིས་ང་རང་སྐྱོབ་ཅིང་གསོན་པར་ཤོག།","KT":"ཁྱེད་ཀྱིས་ང་རང་སྐྱོབ་ཅིང་གསོན་པར་ཤོག། ","CT":" ཁྱེད་ཀྱིས་ང་རང་སྐྱོབ་ཅིང་གསོན་པར་ཤོག།"}}],[{"phrase":{"AT":" ཀྱེ་ཀྱེ་ཁྱེད་ཀྱིས་བདེན་པ་བདེན་དྲང་གིས།།","KT":"ཀྱེ་ཀྱེ་ཁྱེད་ཀྱིས་བདེན་པ་བདེན་དྲང་གིས།། ","CT":" ཀྱེ་ཀྱེ་ཁྱེད་ཀྱིས་བདེན་པ་བདེན་དྲང་གིས།།"}}],[{"phrase":{"AT":" བདག་ནི་སྡུག་བསྔལ་དག་ལས་སྒྲོལ་བར་མཛོད།།","KT":"བདག་ནི་སྡུག་བསྔལ་དག་ལས་སྒྲོལ་བར་མཛོད།། ","CT":" བདག་ནི་སྡུག་བསྔལ་དག་ལས་སྒྲོལ་བར་མཛོད།།"}}]],"label":"verse 10","id":10},{"line":[[{"phrase":{"AT":"བདག་ནི་ཁྱེད་ཀྱི་ཞབས་ཕྱི་ཡིན་པའི་ཕྱིར།།","KT":"བདག་ནི་ཁྱེད་ཀྱི་ཞབས་ཕྱི་ཡིན་པའི་ཕྱིར།། ","CT":"བདག་ནི་ཁྱེད་ཀྱི་ཞབས་ཕྱི་ཡིན་པའི་ཕྱིར།།"}}],[{"phrase":{"AT":" ཀྱེ་ཀྱེ་ཁྱེད་ཀྱིས་ཐུགས་རྗེ་ཆེན་པོ་ལས།།","KT":"ཀྱེ་ཀྱེ་ཁྱེད་ཀྱིས་ཐུགས་རྗེ་ཆེན་པོ་ལས།། ","CT":" ཀྱེ་ཀྱེ་ཁྱེད་ཀྱིས་ཐུགས་རྗེ་ཆེན་པོ་ལས།།"}}],[{"phrase":{"AT":" བདག་གི་དགྲ་བོ་རྩད་ནས་འཇོམས་པར་ཤོག།","KT":"བདག་གི་དགྲ་བོ་རྩད་ནས་འཇོམས་པར་ཤོག། ","CT":" བདག་གི་དགྲ་བོ་རྩད་ནས་འཇོམས་པར་ཤོག།"}}],[{"phrase":{"AT":" བདག་ལ་འཚེ་མཁན་ཐམས་ཅད་འཇོམས་པར་ཤོག།","KT":"བདག་ལ་འཚེ་མཁན་ཐམས་ཅད་འཇོམས་པར་ཤོག། ","CT":" བདག་ལ་འཚེ་མཁན་ཐམས་ཅད་འཇོམས་པར་ཤོག།"}}]],"label":"verse 11","id":11}]},"metadata":[{"AT":"(༼སྡིག་ཅན་གྱིས་དཀོན་མཆོག་ལ་གསོལ་བ་བཏབ་པ།༽","KT":"༼སྡིག་ཅན་གྱིས་དཀོན་མཆོག་ལ་གསོལ་བ་བཏབ་པ།༽ ","CT":"༼སྡིག་ཅན་གྱིས་དཀོན་མཆོག་ལ་གསོལ་བ་བཏབ་པ།༽"},{"AT":"1 བདག་གི་གསོལ་བར་གསོན་དང་ཡ་ཧོ་ཝཱ།།","KT":"1 བདག་གི་གསོལ་བར་གསོན་དང་ཡ་ཧོ་ཝ།། ","CT":"1 བདག་གི་གསོལ་བར་གསོན་དང་ཡ་ཧོ་ཝཱ།།"}]}