{"title":{"AT":"S145. གསུང་མགུར་བརྒྱ་དང་ཞེ་ལྔ་པ།","KT":"S145. གསུང་མགུར་བརྒྱ་དང་ཞེ་ལྔ་པ། ","CT":"S145. གསུང་མགུར་བརྒྱ་དང་ཞེ་ལྔ་པ།"},"author":"*","key":"*","lyrics":{"Verse":[{"line":[[{"phrase":{"AT":" བདག་གིས་ཁྱེད་ལ་གུས་ཤིང་འདུད་པ་དང་།།","KT":"བདག་གིས་ཁྱེད་ལ་གུས་ཤིང་འདུད་པ་དང་།། ","CT":" བདག་གིས་ཁྱེད་ལ་གུས་ཤིང་འདུད་པ་དང་།།"}}],[{"phrase":{"AT":" རྟག་ཏུ་ཁྱེད་ཀྱི་མཚན་ལ་བསྔགས་པར་བྱ།།","KT":"རྟག་ཏུ་ཁྱེད་ཀྱི་མཚན་ལ་བསྔགས་པར་བྱ།། ","CT":" རྟག་ཏུ་ཁྱེད་ཀྱི་མཚན་ལ་བསྔགས་པར་བྱ།།"}}],[{"phrase":{"AT":"བདག་གིས་ནམ་རྒྱུན་ཁྱེད་ལ་བསྟོད་པ་དང་།།","KT":"བདག་གིས་ནམ་རྒྱུན་ཁྱེད་ལ་བསྟོད་པ་དང་།། ","CT":"བདག་གིས་ནམ་རྒྱུན་ཁྱེད་ལ་བསྟོད་པ་དང་།།"}}],[{"phrase":{"AT":" ཁྱེད་ཀྱི་མཚན་ལ་ནམ་ཡང་བསྔགས་པར་བྱ།།","KT":"ཁྱེད་ཀྱི་མཚན་ལ་ནམ་ཡང་བསྔགས་པར་བྱ།། ","CT":" ཁྱེད་ཀྱི་མཚན་ལ་ནམ་ཡང་བསྔགས་པར་བྱ།།"}}]],"label":"verse 1","id":1},{"line":[[{"phrase":{"AT":"ྱེ་ཀྱེ་ཡ་ཧོ་ཝཱ་ནི་བླ་ན་མཐོ།།","KT":"ྱེ་ཀྱེ་ཡ་ཧོ་ཝ་ནི་བླ་ན་མཐོ།། ","CT":"ྱེ་ཀྱེ་ཡ་ཧོ་ཝཱ་ནི་བླ་ན་མཐོ།།"}}],[{"phrase":{"AT":" ཁྱེད་ལ་བསྔགས་བརྗོད་ཆེན་པོ་ཐོབ་པར་འོས།།","KT":"ཁྱེད་ལ་བསྔགས་བརྗོད་ཆེན་པོ་ཐོབ་པར་འོས།། ","CT":" ཁྱེད་ལ་བསྔགས་བརྗོད་ཆེན་པོ་ཐོབ་པར་འོས།།"}}],[{"phrase":{"AT":" ཆེན་པོ་ཁྱེད་ནི་སུས་ཀྱང་འཇལ་དུ་མེད།།","KT":"ཆེན་པོ་ཁྱེད་ནི་སུས་ཀྱང་འཇལ་དུ་མེད།། ","CT":" ཆེན་པོ་ཁྱེད་ནི་སུས་ཀྱང་འཇལ་དུ་མེད།།"}}]],"label":"verse 2","id":2},{"line":[[{"phrase":{"AT":"ྱེད་ཀྱི་འཕྲིན་ལས་མི་རབས་དུ་མ་ཡིས།།","KT":"ྱེད་ཀྱི་འཕྲིན་ལས་མི་རབས་དུ་མ་ཡིས།། ","CT":"ྱེད་ཀྱི་འཕྲིན་ལས་མི་རབས་དུ་མ་ཡིས།།"}}],[{"phrase":{"AT":" ཡང་ནས་ཡང་དུ་སྒྲོག་ཅིང་བསྟོད་བསྔགས་བརྗོད།།","KT":"ཡང་ནས་ཡང་དུ་སྒྲོག་ཅིང་བསྟོད་བསྔགས་བརྗོད།། ","CT":" ཡང་ནས་ཡང་དུ་སྒྲོག་ཅིང་བསྟོད་བསྔགས་བརྗོད།།"}}]],"label":"verse 3","id":3},{"line":[[{"phrase":{"AT":"ྱེད་ཀྱི་གཟི་བརྗིད་དང་ནི་ངོ་མཚར་དོན།།","KT":"ྱེད་ཀྱི་གཟི་བརྗིད་དང་ནི་ངོ་མཚར་དོན།། ","CT":"ྱེད་ཀྱི་གཟི་བརྗིད་དང་ནི་ངོ་མཚར་དོན།།"}}],[{"phrase":{"AT":" ང་ཡི་སེམས་ནས་བསམ་གཞིགས་མང་དུ་བཏང་།།","KT":"ང་ཡི་སེམས་ནས་བསམ་གཞིགས་མང་དུ་བཏང་།། ","CT":" ང་ཡི་སེམས་ནས་བསམ་གཞིགས་མང་དུ་བཏང་།།"}}]],"label":"verse 4","id":4},{"line":[[{"phrase":{"AT":"འཇིག་རྟེན་མི་ཡིས་ཁྱེད་ཀྱི་ནུས་མཐུ་སྒྲོག།","KT":"འཇིག་རྟེན་མི་ཡིས་ཁྱེད་ཀྱི་ནུས་མཐུ་སྒྲོག། ","CT":"འཇིག་རྟེན་མི་ཡིས་ཁྱེད་ཀྱི་ནུས་མཐུ་སྒྲོག།"}}],[{"phrase":{"AT":" ངས་ཀྱང་ཁྱེད་ཀྱི་ཐུགས་རྗེ་སྒྲོག་པ་ལགས།།","KT":"ངས་ཀྱང་ཁྱེད་ཀྱི་ཐུགས་རྗེ་སྒྲོག་པ་ལགས།། ","CT":" ངས་ཀྱང་ཁྱེད་ཀྱི་ཐུགས་རྗེ་སྒྲོག་པ་ལགས།།"}}]],"label":"verse 5","id":5},{"line":[[{"phrase":{"AT":"འཇིག་རྟེན་མི་ཡིས་ཁྱེད་ཀྱི་ཐུགས་རྗེ་དེ།།","KT":"འཇིག་རྟེན་མི་ཡིས་ཁྱེད་ཀྱི་ཐུགས་རྗེ་དེ།། ","CT":"འཇིག་རྟེན་མི་ཡིས་ཁྱེད་ཀྱི་ཐུགས་རྗེ་དེ།།"}}],[{"phrase":{"AT":" དྲན་ཞིང་དྲན་ཏེ་ཀུན་ལ་སྒྲོག་གྱུར་ཞིང་།།","KT":"དྲན་ཞིང་དྲན་ཏེ་ཀུན་ལ་སྒྲོག་གྱུར་ཞིང་།། ","CT":" དྲན་ཞིང་དྲན་ཏེ་ཀུན་ལ་སྒྲོག་གྱུར་ཞིང་།།"}}],[{"phrase":{"AT":" ཁྱེད་ཀྱི་བདེན་པ་ཉིད་ལ་བསྔགས་པར་བྱེད།།","KT":"ཁྱེད་ཀྱི་བདེན་པ་ཉིད་ལ་བསྔགས་པར་བྱེད།། ","CT":" ཁྱེད་ཀྱི་བདེན་པ་ཉིད་ལ་བསྔགས་པར་བྱེད།།"}}]],"label":"verse 6","id":6},{"line":[[{"phrase":{"AT":"ྱེད་ལ་ཐུགས་རྗེ་དང་ནི་སྙིང་རྗེ་ལྡན།།","KT":"ྱེད་ལ་ཐུགས་རྗེ་དང་ནི་སྙིང་རྗེ་ལྡན།། ","CT":"ྱེད་ལ་ཐུགས་རྗེ་དང་ནི་སྙིང་རྗེ་ལྡན།།"}}],[{"phrase":{"AT":" ཁྲོ་བ་ཆུང་ཞིང་བྱམས་དང་སྙིང་རྗེ་ཆེ།།","KT":"ཁྲོ་བ་ཆུང་ཞིང་བྱམས་དང་སྙིང་རྗེ་ཆེ།། ","CT":" ཁྲོ་བ་ཆུང་ཞིང་བྱམས་དང་སྙིང་རྗེ་ཆེ།།"}}]],"label":"verse 7","id":7},{"line":[[{"phrase":{"AT":"ོང་གིས་མི་རིགས་ཐམས་ཅད་བདེ་བར་སྐྱོང་།།","KT":"ོང་གིས་མི་རིགས་ཐམས་ཅད་བདེ་བར་སྐྱོང་།། ","CT":"ོང་གིས་མི་རིགས་ཐམས་ཅད་བདེ་བར་སྐྱོང་།།"}}],[{"phrase":{"AT":" ཁོང་གི་བྱམས་བརྩེ་ཆེན་པོ་དེ་ཡིས་ནི།།","KT":"ཁོང་གི་བྱམས་བརྩེ་ཆེན་པོ་དེ་ཡིས་ནི།། ","CT":" ཁོང་གི་བྱམས་བརྩེ་ཆེན་པོ་དེ་ཡིས་ནི།།"}}],[{"phrase":{"AT":" ཉིད་ཀྱིས་བསྐྲུན་པ་ཀུན་ལ་ཁྱབ་པར་བྱེད།།","KT":"ཉིད་ཀྱིས་བསྐྲུན་པ་ཀུན་ལ་ཁྱབ་པར་བྱེད།། ","CT":" ཉིད་ཀྱིས་བསྐྲུན་པ་ཀུན་ལ་ཁྱབ་པར་བྱེད།།"}}]],"label":"verse 8","id":8},{"line":[[{"phrase":{"AT":"0 ཡ་ཧོ་ཝཱ་ལགས་ཁྱེད་ཀྱིས་མཛད་པ་ཀུན།།","KT":"0 ཡ་ཧོ་ཝ་ལགས་ཁྱེད་ཀྱིས་མཛད་པ་ཀུན།། ","CT":"0 ཡ་ཧོ་ཝཱ་ལགས་ཁྱེད་ཀྱིས་མཛད་པ་ཀུན།།"}}],[{"phrase":{"AT":" ཁྱེད་ལ་ཐུགས་རྗེ་ཞུ་བར་འགྱུར་བ་དང་།།","KT":"ཁྱེད་ལ་ཐུགས་རྗེ་ཞུ་བར་འགྱུར་བ་དང་།། ","CT":" ཁྱེད་ལ་ཐུགས་རྗེ་ཞུ་བར་འགྱུར་བ་དང་།།"}}],[{"phrase":{"AT":" དད་ལྡན་ཀུན་གྱིས་ཁྱེད་ལ་བསྔགས་པར་བྱེད།།","KT":"དད་ལྡན་ཀུན་གྱིས་ཁྱེད་ལ་བསྔགས་པར་བྱེད།། ","CT":" དད་ལྡན་ཀུན་གྱིས་ཁྱེད་ལ་བསྔགས་པར་བྱེད།།"}}]],"label":"verse 9","id":9},{"line":[[{"phrase":{"AT":"ྱེད་ཀྱི་རྒྱལ་སྲིད་གཟི་བརྗིད་ཆེ་བ་དང་།།","KT":"ྱེད་ཀྱི་རྒྱལ་སྲིད་གཟི་བརྗིད་ཆེ་བ་དང་།། ","CT":"ྱེད་ཀྱི་རྒྱལ་སྲིད་གཟི་བརྗིད་ཆེ་བ་དང་།།"}}],[{"phrase":{"AT":" ཁྱེད་ཀྱི་ནུས་མཐུ་ཆེན་པོ་སྒྲོག་པར་བྱེད།།","KT":"ཁྱེད་ཀྱི་ནུས་མཐུ་ཆེན་པོ་སྒྲོག་པར་བྱེད།། ","CT":" ཁྱེད་ཀྱི་ནུས་མཐུ་ཆེན་པོ་སྒྲོག་པར་བྱེད།།"}}]],"label":"verse 10","id":10},{"line":[[{"phrase":{"AT":"འཇིག་རྟེན་མི་ཡིས་ཁྱེད་ཀྱི་ནུས་མཐུ་དང་།།","KT":"འཇིག་རྟེན་མི་ཡིས་ཁྱེད་ཀྱི་ནུས་མཐུ་དང་།། ","CT":"འཇིག་རྟེན་མི་ཡིས་ཁྱེད་ཀྱི་ནུས་མཐུ་དང་།།"}}],[{"phrase":{"AT":" ཁྱེད་ཀྱི་གཟི་བརྗིད་ལྡན་པའི་རྒྱལ་སྲིད་བཅས།།","KT":"ཁྱེད་ཀྱི་གཟི་བརྗིད་ལྡན་པའི་རྒྱལ་སྲིད་བཅས།། ","CT":" ཁྱེད་ཀྱི་གཟི་བརྗིད་ལྡན་པའི་རྒྱལ་སྲིད་བཅས།།"}}],[{"phrase":{"AT":"undefined ཤེས་པར་བྱ་ཆེད་ཡིན་པ་གོར་མ་ཆག།","KT":"ཤེས་པར་བྱ་ཆེད་ཡིན་པ་གོར་མ་ཆག། ","CT":" ཤེས་པར་བྱ་ཆེད་ཡིན་པ་གོར་མ་ཆག།"}}]],"label":"verse 11","id":11},{"line":[[{"phrase":{"AT":"ྱེད་ཀྱི་རྒྱལ་སྲིད་རྟག་ཏུ་བཞུགས་པ་དང་།།","KT":"ྱེད་ཀྱི་རྒྱལ་སྲིད་རྟག་ཏུ་བཞུགས་པ་དང་།། ","CT":"ྱེད་ཀྱི་རྒྱལ་སྲིད་རྟག་ཏུ་བཞུགས་པ་དང་།།"}}],[{"phrase":{"AT":" ཁྱེད་ཀྱི་མངའ་ཐང་དུས་རབས་ཀུན་ལ་ཁྱབ།།","KT":"ཁྱེད་ཀྱི་མངའ་ཐང་དུས་རབས་ཀུན་ལ་ཁྱབ།། ","CT":" ཁྱེད་ཀྱི་མངའ་ཐང་དུས་རབས་ཀུན་ལ་ཁྱབ།།"}}]],"label":"verse 12","id":12},{"line":[[{"phrase":{"AT":"སུ་ཞིག་ས་རུ་འགྱེལ་བ་ཡ་ཧོ་ཝཱས།།","KT":"སུ་ཞིག་ས་རུ་འགྱེལ་བ་ཡ་ཧོ་ཝས།། ","CT":"སུ་ཞིག་ས་རུ་འགྱེལ་བ་ཡ་ཧོ་ཝཱས།།"}}],[{"phrase":{"AT":" དེ་རྣམས་ཡར་ལ་བཏེགས་ཤིང་འདེགས་པར་མཛད།།","KT":"དེ་རྣམས་ཡར་ལ་བཏེགས་ཤིང་འདེགས་པར་མཛད།། ","CT":" དེ་རྣམས་ཡར་ལ་བཏེགས་ཤིང་འདེགས་པར་མཛད།།"}}],[{"phrase":{"AT":" སུ་ཞིག་མགོ་བོ་མར་ལ་མནན་ན་ཡང་།།","KT":"སུ་ཞིག་མགོ་བོ་མར་ལ་མནན་ན་ཡང་།། ","CT":" སུ་ཞིག་མགོ་བོ་མར་ལ་མནན་ན་ཡང་།།"}}],[{"phrase":{"AT":" ཁོང་གིས་དེ་རྣམས་ཡར་ལ་འདེགས་པར་མཛད།།","KT":"ཁོང་གིས་དེ་རྣམས་ཡར་ལ་འདེགས་པར་མཛད།། ","CT":" ཁོང་གིས་དེ་རྣམས་ཡར་ལ་འདེགས་པར་མཛད།།"}}]],"label":"verse 13","id":13},{"line":[[{"phrase":{"AT":"འཇིག་རྟེན་མི་ཡིས་མགོ་བོ་ཡར་བཏེགས་ཏེ།།","KT":"འཇིག་རྟེན་མི་ཡིས་མགོ་བོ་ཡར་བཏེགས་ཏེ།། ","CT":"འཇིག་རྟེན་མི་ཡིས་མགོ་བོ་ཡར་བཏེགས་ཏེ།།"}}],[{"phrase":{"AT":" ཁྱེད་ལ་གཟིགས་ཤིང་གཟིགས་པར་གྱུར་པ་ན།།","KT":"ཁྱེད་ལ་གཟིགས་ཤིང་གཟིགས་པར་གྱུར་པ་ན།། ","CT":" ཁྱེད་ལ་གཟིགས་ཤིང་གཟིགས་པར་གྱུར་པ་ན།།"}}],[{"phrase":{"AT":" ཁྱེད་ཀྱིས་དུས་ལྟར་ཟས་རིགས་གནང་བར་མཛད།།","KT":"ཁྱེད་ཀྱིས་དུས་ལྟར་ཟས་རིགས་གནང་བར་མཛད།། ","CT":" ཁྱེད་ཀྱིས་དུས་ལྟར་ཟས་རིགས་གནང་བར་མཛད།།"}}]],"label":"verse 14","id":14},{"line":[[{"phrase":{"AT":"ྱེད་ཀྱིས་ཕྱག་གཅིག་བརྐྱངས་པས་སྲོག་ལྡན་ཀུན།།","KT":"ྱེད་ཀྱིས་ཕྱག་གཅིག་བརྐྱངས་པས་སྲོག་ལྡན་ཀུན།། ","CT":"ྱེད་ཀྱིས་ཕྱག་གཅིག་བརྐྱངས་པས་སྲོག་ལྡན་ཀུན།།"}}],[{"phrase":{"AT":" ཡིད་ཀྱི་འདོད་པ་མྱུར་དུ་ཚིམ་པར་མཛད།།","KT":"ཡིད་ཀྱི་འདོད་པ་མྱུར་དུ་ཚིམ་པར་མཛད།། ","CT":" ཡིད་ཀྱི་འདོད་པ་མྱུར་དུ་ཚིམ་པར་མཛད།།"}}]],"label":"verse 15","id":15},{"line":[[{"phrase":{"AT":"ཡ་ཧོ་ཝཱ་ཡིས་མཛད་པའི་འཕྲིན་ལས་ནང་།།","KT":"ཡ་ཧོ་ཝ་ཡིས་མཛད་པའི་འཕྲིན་ལས་ནང་།། ","CT":"ཡ་ཧོ་ཝཱ་ཡིས་མཛད་པའི་འཕྲིན་ལས་ནང་།།"}}],[{"phrase":{"AT":" དྲང་བདེན་མ་ཡིན་པ་ནི་ཅི་ཡང་མེད།།","KT":"དྲང་བདེན་མ་ཡིན་པ་ནི་ཅི་ཡང་མེད།། ","CT":" དྲང་བདེན་མ་ཡིན་པ་ནི་ཅི་ཡང་མེད།།"}}],[{"phrase":{"AT":" ཁོང་གི་འཕྲིན་ལས་ཀུན་ལ་ཐུགས་རྗེ་ཁྱབ།།","KT":"ཁོང་གི་འཕྲིན་ལས་ཀུན་ལ་ཐུགས་རྗེ་ཁྱབ།། ","CT":" ཁོང་གི་འཕྲིན་ལས་ཀུན་ལ་ཐུགས་རྗེ་ཁྱབ།།"}}]],"label":"verse 16","id":16},{"line":[[{"phrase":{"AT":"སུ་ཞིག་གིས་ནི་ཀུན་སློང་རམ་དག་གིས།།","KT":"སུ་ཞིག་གིས་ནི་དྲང་བདེན་གྱི་ངང་ནས།། ","CT":"སུ་ཞིག་གིས་ནི་ཀུན་སློང་རམ་དག་གིས།།"}}],[{"phrase":{"AT":" ཁོང་ལ་ཞུས་ན་ཁོང་ནི་ཉེ་བར་བཅར།།","KT":"ཁོང་ལ་ཞུས་ན་ཁོང་ནི་ཉེ་བར་བཅར།། ","CT":" ཁོང་ལ་ཞུས་ན་ཁོང་ནི་ཉེ་བར་བཅར།།"}}]],"label":"verse 17","id":17},{"line":[[{"phrase":{"AT":"སུ་ཡིས་ཁོང་ལ་དད་གུས་བྱས་གྱུར་ན།།","KT":"སུ་ཡིས་ཁོང་ལ་དད་གུས་བྱས་གྱུར་ན།། ","CT":"སུ་ཡིས་ཁོང་ལ་དད་གུས་བྱས་གྱུར་ན།།"}}],[{"phrase":{"AT":" ཁོང་གིས་དེ་ཡི་རེ་བ་འགྲུབ་པ་དང་།།","KT":"ཁོང་གིས་དེ་ཡི་རེ་བ་འགྲུབ་པ་དང་།། ","CT":" ཁོང་གིས་དེ་ཡི་རེ་བ་འགྲུབ་པ་དང་།།"}}],[{"phrase":{"AT":" དེ་རྣམས་འབོད་སྐུལ་ལ་ནི་གསན་བྱས་ཏེ།།","KT":"དེ་རྣམས་འབོད་སྐུལ་ལ་ནི་གསན་བྱས་ཏེ།། ","CT":" དེ་རྣམས་འབོད་སྐུལ་ལ་ནི་གསན་བྱས་ཏེ།།"}}],[{"phrase":{"AT":" དེ་རྣམས་སྐྱོབ་ཅིང་ཐར་བ་ཐོབ་པར་མཛད།།","KT":"དེ་རྣམས་སྐྱོབ་ཅིང་ཐར་བ་ཐོབ་པར་མཛད།། ","CT":" དེ་རྣམས་སྐྱོབ་ཅིང་ཐར་བ་ཐོབ་པར་མཛད།།"}}]],"label":"verse 18","id":18},{"line":[[{"phrase":{"AT":"0 ཡ་ཧོ་ཝཱ་ཡིས་རང་ལ་གཅེས་མཁན་རྣམས།།","KT":"0 ཡ་ཧོ་ཝ་ཡིས་རང་ལ་གཅེས་མཁན་རྣམས།། ","CT":"0 ཡ་ཧོ་ཝཱ་ཡིས་རང་ལ་གཅེས་མཁན་རྣམས།།"}}],[{"phrase":{"AT":" སྲུང་བར་འགྱུར་ཞིང་སྡིག་ཅན་ཐམས་ཅད་ནི།།","KT":"སྲུང་བར་འགྱུར་ཞིང་སྡིག་ཅན་ཐམས་ཅད་ནི།། ","CT":" སྲུང་བར་འགྱུར་ཞིང་སྡིག་ཅན་ཐམས་ཅད་ནི།།"}}],[{"phrase":{"AT":" སྐད་ཅིག་ཉིད་ལ་འཇོམས་པར་མཛད་པ་འོ།།","KT":"སྐད་ཅིག་ཉིད་ལ་འཇོམས་པར་མཛད་པ་འོ།། ","CT":" སྐད་ཅིག་ཉིད་ལ་འཇོམས་པར་མཛད་པ་འོ།།"}}]],"label":"verse 19","id":19},{"line":[[{"phrase":{"AT":"ཡ་ཧོ་ཝཱ་ལ་ཆེས་ཆེར་བསྟོད་པའི་ཚིག།","KT":"ཡ་ཧོ་ཝ་ལ་ཆེས་ཆེར་བསྟོད་པའི་ཚིག། ","CT":"ཡ་ཧོ་ཝཱ་ལ་ཆེས་ཆེར་བསྟོད་པའི་ཚིག།"}}],[{"phrase":{"AT":" བདག་གི་ངག་ལས་ཇི་བཞིན་བརྗོད་པར་བྱ།།","KT":"བདག་གི་ངག་ལས་ཇི་བཞིན་བརྗོད་པར་བྱ།། ","CT":" བདག་གི་ངག་ལས་ཇི་བཞིན་བརྗོད་པར་བྱ།།"}}],[{"phrase":{"AT":" སྲོག་ལྡན་ཀུན་གྱིས་ཁྱེད་ཀྱི་མཚན་དམ་པར།།","KT":"སྲོག་ལྡན་ཀུན་གྱིས་ཁྱེད་ཀྱི་མཚན་དམ་པར།། ","CT":" སྲོག་ལྡན་ཀུན་གྱིས་ཁྱེད་ཀྱི་མཚན་དམ་པར།།"}}],[{"phrase":{"AT":" རྟག་ཏུ་བསྟོད་ཅིང་བསྔགས་པ་བརྗོད་པར་ཤོག།","KT":"རྟག་ཏུ་བསྟོད་ཅིང་བསྔགས་པ་བརྗོད་པར་ཤོག། ","CT":" རྟག་ཏུ་བསྟོད་ཅིང་བསྔགས་པ་བརྗོད་པར་ཤོག།"}}]],"label":"verse 20","id":20}]},"metadata":[{"AT":"(༼དཀོན་མཆོག་ཡ་ཧོ་ཝཱ་ལ་བསྔགས་པ།༽","KT":"༼དཀོན་མཆོག་ཡ་ཧོ་ཝ་ལ་བསྔགས་པ།༽ ","CT":"༼དཀོན་མཆོག་ཡ་ཧོ་ཝཱ་ལ་བསྔགས་པ།༽"},{"AT":"1 བདག་གི་དཀོན་མཆོག་བདག་གི་རྒྱལ་པོ་ལགས།།","KT":"1 བདག་གི་དཀོན་མཆོག་བདག་གི་རྒྱལ་པོ་ལགས།། ","CT":"1 བདག་གི་དཀོན་མཆོག་བདག་གི་རྒྱལ་པོ་ལགས།།"}]}