{"title":{"AT":"S23.  གསུང་མགུར་ཉེར་གསུམ་པ།","KT":"S23.  གསུང་མགུར་ཉེར་གསུམ་པ། ","CT":"S23.  གསུང་མགུར་ཉེར་གསུམ་པ།"},"author":"*","key":"*","lyrics":{"Verse":[{"line":[[{"phrase":{"AT":"༼ལུག་རྫི་ཡ་ཧོ་ཝཱ།༽","KT":"༼ལུག་རྫི་ཡ་ཧོ་ཝ།༽ ","CT":"༼ལུག་རྫི་ཡ་ཧོ་ཝཱ།༽"}}],[{"phrase":{"AT":"ཡ་ཧོ་ཝཱ་ནི་བདག་གི་རྫི་བོ་སྟེ།།","KT":"ཡ་ཧོ་ཝ་ནི་བདག་གི་རྫི་བོ་སྟེ།། ","CT":"ཡ་ཧོ་ཝཱ་ནི་བདག་གི་ལུག་རྫི་སྟེ།།"}}],[{"phrase":{"AT":" བདག་ལ་མི་འདང་བ་ནི་ཅི་ཡང་མེད།།","KT":"བདག་ལ་མི་འདང་བ་ནི་ཅི་ཡང་མེད།། ","CT":" བདག་ལ་མི་འདང་བ་ནི་ཅི་ཡང་མེད།།"}}]],"label":"verse 1","id":1},{"line":[[{"phrase":{"AT":"ནེའུ་གསེང་ལྗང་ཁུའི་གཞི་རུ་བདག་བསྙལ་ཞིང་།།","KT":"ནེའུ་གསེང་ལྗང་ཁུའི་གཞི་རུ་བདག་བསྙལ་ཞིང་།། ","CT":"ནེའུ་གསེང་ལྗང་ཁུའི་གཞི་རུ་བདག་བསྙལ་ཞིང་།།"}}],[{"phrase":{"AT":" ཆུ་ཕྲན་སྔོན་མོའི་འགྲམ་དུ་བདག་ཁྲིད་དོ།།","KT":"ཆུ་ཕྲན་སྔོན་མོའི་འགྲམ་དུ་བདག་ཁྲིད་དོ།། ","CT":" ཆུ་ཕྲན་སྔོན་མོའི་འགྲམ་དུ་བདག་ཁྲིད་དོ།།"}}]],"label":"verse 2","id":2},{"line":[[{"phrase":{"AT":"བདག་གི་སེམས་ནི་སླར་ཡང་སོས་སུ་མཛད།།","KT":"བདག་གི་སེམས་ནི་སླར་ཡང་སོས་སུ་མཛད།། ","CT":"བདག་གི་སེམས་ནི་སླར་ཡང་སོས་སུ་མཛད།།"}}],[{"phrase":{"AT":" ཁོང་གི་མཚན་སྙན་ལ་ནི་བསྔགས་པའི་ཕྱིར།།","KT":"ཁོང་གི་མཚན་སྙན་ལ་ནི་བསྔགས་པའི་ཕྱིར།། ","CT":" ཁོང་གི་མཚན་སྙན་ལ་ནི་བསྔགས་པའི་ཕྱིར།།"}}],[{"phrase":{"AT":" བདག་ནི་དྲང་ཕྱོགས་ལམ་དུ་ལེགས་པར་ཁྲིད།།","KT":"བདག་ནི་དྲང་ཕྱོགས་ལམ་དུ་ལེགས་པར་ཁྲིད།། ","CT":" བདག་ནི་དྲང་ཕྱོགས་ལམ་དུ་ལེགས་པར་ཁྲིད།།"}}]],"label":"verse 3","id":3},{"line":[[{"phrase":{"AT":"བདག་ནི་ཁྱེད་དང་ལྷན་དུ་སྡོད་པའི་ཕྱིར།།","KT":"བདག་ནི་ཁྱེད་དང་ལྷན་དུ་སྡོད་པའི་ཕྱིར།། ","CT":"བདག་ནི་ཁྱེད་དང་ལྷན་དུ་སྡོད་པའི་ཕྱིར།།"}}],[{"phrase":{"AT":" འཆི་བའི་ཅོང་རོང་བརྒྱུད་ནས་སོང་ན་ཡང་།།","KT":"འཆི་བའི་ཅོང་རོང་བརྒྱུད་ནས་སོང་ན་ཡང་།། ","CT":" འཆི་བའི་ཅོང་རོང་བརྒྱུད་ནས་སོང་ན་ཡང་།།"}}],[{"phrase":{"AT":" བདག་ནི་འཇིགས་ཤིང་སྐྲག་པ་ཡོད་མ་ཡིན།།","KT":"བདག་ནི་འཇིགས་ཤིང་སྐྲག་པ་ཡོད་མ་ཡིན།། ","CT":" བདག་ནི་འཇིགས་ཤིང་སྐྲག་པ་ཡོད་མ་ཡིན།།"}}],[{"phrase":{"AT":" ཁྱེད་ཀྱི་མཁར་བ་དང་ནི་དབྱུག་པས་ཀྱང་།།","KT":"ཁྱེད་ཀྱི་མཁར་བ་དང་ནི་དབྱུག་པས་ཀྱང་།། ","CT":" ཁྱེད་ཀྱི་མཁར་བ་དང་ནི་དབྱུག་པས་ཀྱང་།།"}}],[{"phrase":{"AT":" བདག་གི་ཡིད་སེམས་ལ་ནི་གསོ་བར་མཛད།།","KT":"བདག་གི་ཡིད་སེམས་ལ་ནི་གསོ་བར་མཛད།། ","CT":" བདག་གི་ཡིད་སེམས་ལ་ནི་གསོ་བར་མཛད།།"}}]],"label":"verse 4","id":4},{"line":[[{"phrase":{"AT":"ྱེད་ཀྱིས་ཕ་རོལ་དགྲ་བོའི་མིག་མདུན་ནས།།","KT":"ེད་ཀྱིས་ཕ་རོལ་དགྲ་བོའི་མིག་མདུན་ནས།། ","CT":"ྱེད་ཀྱིས་ཕ་རོལ་དགྲ་བོའི་མིག་མདུན་ནས།།"}}],[{"phrase":{"AT":" བདག་གི་ཆེད་དུ་གསོལ་སྟོན་རྒྱས་པར་བཤམས།།","KT":"བདག་གི་ཆེད་དུ་གསོལ་སྟོན་རྒྱས་པར་བཤམས།། ","CT":" བདག་གི་ཆེད་དུ་གསོལ་སྟོན་རྒྱས་པར་བཤམས།།"}}],[{"phrase":{"AT":" བདག་གི་མགོ་བོར་སྣུམ་གྱིས་ཡོངས་སུ་བྱུགས།།","KT":"བདག་གི་མགོ་བོར་སྣུམ་གྱིས་ཡོངས་སུ་བྱུགས།། ","CT":" བདག་གི་མགོ་བོར་སྣུམ་གྱིས་ཡོངས་སུ་བྱུགས།།"}}],[{"phrase":{"AT":" བདག་གི་འཐུང་བའི་ཕོར་བ་ལྟེམས་པར་མཛད།།","KT":"བདག་གི་འཐུང་བའི་ཕོར་བ་ལྟེམས་པར་མཛད།། ","CT":" བདག་གི་འཐུང་བའི་ཕོར་བ་ལྟེམས་པར་མཛད།།"}}]],"label":"verse 5","id":5},{"line":[[{"phrase":{"AT":"བདག་གི་ཚེ་གཅིག་ལུས་གཅིག་དུས་ཀུན་ཏུ།།","KT":"དག་གི་ཚེ་གཅིག་ལུས་གཅིག་དུས་ཀུན་ཏུ།། ","CT":"བདག་གི་ཚེ་གཅིག་ལུས་གཅིག་དུས་ཀུན་ཏུ།།"}}],[{"phrase":{"AT":" ཁྱེད་ཀྱི་བྱམས་དང་སྙིང་རྗེ་བདག་ལ་འགྲོགས།།","KT":"ཁྱེད་ཀྱི་བྱམས་དང་སྙིང་རྗེ་བདག་ལ་འགྲོགས།། ","CT":" ཁྱེད་ཀྱི་བྱམས་དང་སྙིང་རྗེ་བདག་ལ་འགྲོགས།།"}}],[{"phrase":{"AT":" བདག་ནི་ཡ་ཧོ་ཝཱ་ཡི་ཕོ་བྲང་དུ།།","KT":"བདག་ནི་ཡ་ཧོ་ཝ་ཡི་ཕོ་བྲང་དུ།། ","CT":" བདག་ནི་ཡ་ཧོ་ཝཱ་ཡི་ཕོ་བྲང་དུ།།"}}],[{"phrase":{"AT":" ནམ་ཡང་སྡོད་པར་འགྱུར་བ་ཨེ་མ་རྨད།།","KT":"ནམ་ཡང་སྡོད་པར་འགྱུར་བ་ཨེ་མ་རྨད།། ","CT":" ནམ་ཡང་སྡོད་པར་འགྱུར་བ་ཨེ་མ་རྨད།།"}}]],"label":"verse 6","id":6}]},"metadata":[]}