{"title":{"AT":"S32.  གསུང་མགུར་སོ་གཉིས་པ།","KT":"S32.  གསུང་མགུར་སོ་གཉིས་པ། ","CT":"S32.  གསུང་མགུར་སོ་གཉིས་པ།"},"author":"*","key":"*","lyrics":{"Verse":[{"line":[[{"phrase":{"AT":"༼དཀོན་མཆོག་གིས་ཐུགས་རྗེ་གནང་བ།༽","KT":"༼དཀོན་མཆོག་གིས་ཐུགས་རྗེ་གནང་བ།༽ ","CT":"༼དཀོན་མཆོག་གིས་ཐུགས་རྗེ་གནང་བ།༽"}}],[{"phrase":{"AT":"གང་གི་ཉེས་པ་བསལ་བས་བྱིན་རླབས་ཆེ་བ་ཡིན།།","KT":"གང་གི་ཉེས་པ་བསལ་བས་བྱིན་རླབས་ཆེ་བ་ཡིན།། ","CT":"གང་གི་ཉེས་པ་བསལ་བས་བྱིན་རླབས་ཆེ་བ་ཡིན།།"}}],[{"phrase":{"AT":" གང་གི་སྡིག་པ་བཀབ་པས་མི་དེ་བདེ་བ་ཡིན།།","KT":"གང་གི་སྡིག་པ་བཀབ་པས་མི་དེ་བདེ་བ་ཡིན།། ","CT":" གང་གི་སྡིག་པ་བཀབ་པས་མི་དེ་བདེ་བ་ཡིན།།"}}]],"label":"verse 1","id":1},{"line":[[{"phrase":{"AT":"ནམ་ཡང་སེམས་སུ་གཡོ་སྒྱུའི་དྲི་མ་མེད་པ་དེ།།","KT":"ནམ་ཡང་སེམས་སུ་གཡོ་སྒྱུའི་དྲི་མ་མེད་པ་དེ།། ","CT":"ནམ་ཡང་སེམས་སུ་གཡོ་སྒྱུའི་དྲི་མ་མེད་པ་དེ།།"}}],[{"phrase":{"AT":" ཡ་ཧོ་ཝཱ་ཡིས་སྡིག་པར་མི་བརྩིས་མི་དེ་བདེ།།","KT":"ཡ་ཧོ་ཝ་ཡིས་སྡིག་པར་མི་བརྩིས་མི་དེ་བདེ།། ","CT":" ཡ་ཧོ་ཝཱ་ཡིས་སྡིག་པར་མི་བརྩིས་མི་དེ་བདེ།།"}}]],"label":"verse 2","id":2},{"line":[[{"phrase":{"AT":"བདག་གིས་སྡིག་པ་ཁས་ལེན་མེད་པར་ཁ་རོག་ཏུ།།","KT":"བདག་གིས་སྡིག་པ་ཁས་ལེན་མེད་པར་ཁ་རོག་ཏུ།། ","CT":"བདག་གིས་སྡིག་པ་ཁས་ལེན་མེད་པར་ཁ་རོག་ཏུ།།"}}],[{"phrase":{"AT":" སྡོད་པའི་དུས་སུ་ན་ཟུག་འཁུན་སྒྲ་རྒྱུན་མ་ཆད།།","KT":"སྡོད་པའི་དུས་སུ་ན་ཟུག་འཁུན་སྒྲ་རྒྱུན་མ་ཆད།། ","CT":" སྡོད་པའི་དུས་སུ་ན་ཟུག་འཁུན་སྒྲ་རྒྱུན་མ་ཆད།།"}}],[{"phrase":{"AT":" རང་ལ་སྡུག་བསྔལ་ཆེ་བས་ལུས་པོ་ཡོངས་སུ་ཉམས།།","KT":"རང་ལ་སྡུག་བསྔལ་ཆེ་བས་ལུས་པོ་ཡོངས་སུ་ཉམས།། ","CT":" རང་ལ་སྡུག་བསྔལ་ཆེ་བས་ལུས་པོ་ཡོངས་སུ་ཉམས།།"}}]],"label":"verse 3","id":3},{"line":[[{"phrase":{"AT":"ྱེད་ཀྱི་ཕྱག་གིས་ཉིན་མཚན་ཀུན་ཏུ་མནན་པ་ཡིས།།","KT":"ྱེད་ཀྱི་ཕྱག་གིས་ཉིན་མཚན་ཀུན་ཏུ་མནན་པ་ཡིས།། ","CT":"ྱེད་ཀྱི་ཕྱག་གིས་ཉིན་མཚན་ཀུན་ཏུ་མནན་པ་ཡིས།།"}}],[{"phrase":{"AT":" ཁུར་བོ་ལྕི་མོས་སྟོབས་ཟད་དབྱར་གྱི་ཚད་པ་བཞིན།།","KT":"ཁུར་བོ་ལྕི་མོས་སྟོབས་ཟད་དབྱར་གྱི་ཚད་པ་བཞིན།། ","CT":" ཁུར་བོ་ལྕི་མོས་སྟོབས་ཟད་དབྱར་གྱི་ཚད་པ་བཞིན།།"}}]],"label":"verse 4","id":4},{"line":[[{"phrase":{"AT":"བདག་གིས་ཁྱེད་ལ་སྦ་གསང་ཅི་ཡང་མེད་པའི་ངང་།།","KT":"defined5 བདག་གིས་ཁྱེད་ལ་སྦ་གསང་ཅི་ཡང་མེད་པའི་ངང་།། ","CT":"བདག་གིས་ཁྱེད་ལ་སྦ་གསང་ཅི་ཡང་མེད་པའི་ངང་།།"}}],[{"phrase":{"AT":" སྡིག་པ་ཐམས་ཅད་ཁས་ནི་བླངས་ཏེ་འདི་ལྟར་སྨྲས།།","KT":"སྡིག་པ་ཐམས་ཅད་ཁས་ནི་བླངས་ཏེ་འདི་ལྟར་སྨྲས།། ","CT":" སྡིག་པ་ཐམས་ཅད་ཁས་ནི་བླངས་ཏེ་འདི་ལྟར་སྨྲས།།"}}],[{"phrase":{"AT":" བདག་གིས་ཁྱེད་ལ་སྡིག་པ་ཡོངས་སུ་ཁས་བླངས་པས།།","KT":"བདག་གིས་ཁྱེད་ལ་སྡིག་པ་ཡོངས་སུ་ཁས་བླངས་པས།། ","CT":" བདག་གིས་ཁྱེད་ལ་སྡིག་པ་ཡོངས་སུ་ཁས་བླངས་པས།།"}}],[{"phrase":{"AT":" ཁྱེད་ཀྱིས་བདག་གི་སྡིག་པ་མཐའ་དག་བསལ་བར་མཛད།།","KT":"ཁྱེད་ཀྱིས་བདག་གི་སྡིག་པ་མཐའ་དག་བསལ་བར་མཛད།། ","CT":" ཁྱེད་ཀྱིས་བདག་གི་སྡིག་པ་མཐའ་དག་བསལ་བར་མཛད།།"}}]],"label":"verse 5","id":5},{"line":[[{"phrase":{"AT":"དེའི་ཕྱིར་དད་ལྡན་རྣམས་ཀྱིས་དད་པ་རྣམ་དག་གིས།།","KT":"དེའི་ཕྱིར་དད་ལྡན་རྣམས་ཀྱིས་དད་པ་རྣམ་དག་གིས།། ","CT":"དེའི་ཕྱིར་དད་ལྡན་རྣམས་ཀྱིས་དད་པ་རྣམ་དག་གིས།།"}}],[{"phrase":{"AT":" ཁྱེད་རང་རྙེད་དུས་ཁྱེད་ལ་གསོལ་བ་འདེབས་པར་སྨོན།།","KT":"ཁྱེད་རང་རྙེད་དུས་ཁྱེད་ལ་གསོལ་བ་འདེབས་པར་སྨོན།། ","CT":" ཁྱེད་རང་རྙེད་དུས་ཁྱེད་ལ་གསོལ་བ་འདེབས་པར་སྨོན།།"}}],[{"phrase":{"AT":" འོན་ཀྱང་ཤ་འོད་བརྡོལ་བའི་སྡུག་བསྔལ་ཆེན་པོ་དག།","KT":"འོན་ཀྱང་ཤ་འོད་བརྡོལ་བའི་སྡུག་བསྔལ་ཆེན་པོ་དག། ","CT":" འོན་ཀྱང་ཤ་འོད་བརྡོལ་བའི་སྡུག་བསྔལ་ཆེན་པོ་དག།"}}],[{"phrase":{"AT":" དད་ལྡན་རྣམས་ཀྱི་གམ་དུ་བཞུར་བའི་གོ་སྐབས་དབེན།།","KT":"དད་ལྡན་རྣམས་ཀྱི་གམ་དུ་བཞུར་བའི་གོ་སྐབས་དབེན།། ","CT":" དད་ལྡན་རྣམས་ཀྱི་གམ་དུ་བཞུར་བའི་གོ་སྐབས་དབེན།།"}}]],"label":"verse 6","id":6},{"line":[[{"phrase":{"AT":"ྱེད་ནི་བདག་གི་རང་སྲོག་སྐྱོབ་པའི་ཡིབ་ས་ཡིན།།","KT":"ྱེད་ནི་བདག་གི་རང་སྲོག་སྐྱོབ་པའི་ཡིབ་ས་ཡིན།། ","CT":"ྱེད་ནི་བདག་གི་རང་སྲོག་སྐྱོབ་པའི་ཡིབ་ས་ཡིན།།"}}],[{"phrase":{"AT":" ཁྱེད་ཀྱིས་ང་རང་གནོད་འཚེ་དག་ལས་སྲུང་བར་གནང་།།","KT":"ཁྱེད་ཀྱིས་ང་རང་གནོད་འཚེ་དག་ལས་སྲུང་བར་གནང་།། ","CT":" ཁྱེད་ཀྱིས་ང་རང་གནོད་འཚེ་དག་ལས་སྲུང་བར་གནང་།།"}}],[{"phrase":{"AT":" རྣམ་པར་རྒྱལ་བའི་གླུ་ཡིས་ང་རང་བསྐོར་བར་མཛད།།","KT":"རྣམ་པར་རྒྱལ་བའི་གླུ་ཡིས་ང་རང་བསྐོར་བར་མཛད།། ","CT":" རྣམ་པར་རྒྱལ་བའི་གླུ་ཡིས་ང་རང་བསྐོར་བར་མཛད།།"}}]],"label":"verse 7","id":7},{"line":[[{"phrase":{"AT":"བླ་མེད་དཀོན་མཆོག་གིས་ནི་བདག་ལ་འདི་སྐད་དུ།།","KT":"བླ་མེད་དཀོན་མཆོག་གིས་ནི་བདག་ལ་འདི་སྐད་དུ།། ","CT":"བླ་མེད་དཀོན་མཆོག་གིས་ནི་བདག་ལ་འདི་སྐད་དུ།།"}}],[{"phrase":{"AT":" ཁྱོད་ལ་བསླབ་བྱ་དང་ནི་མཛུབ་ཁྲིད་གནང་བར་བྱ།།","KT":"ཁྱོད་ལ་བསླབ་བྱ་དང་ནི་མཛུབ་ཁྲིད་གནང་བར་བྱ།། ","CT":" ཁྱོད་ལ་བསླབ་བྱ་དང་ནི་མཛུབ་ཁྲིད་གནང་བར་བྱ།།"}}],[{"phrase":{"AT":" བདག་གིས་ཁྱོད་ལ་གཟིགས་ཤིང་སྐུལ་མ་གནང་བར་བྱ།།","KT":"བདག་གིས་ཁྱོད་ལ་གཟིགས་ཤིང་སྐུལ་མ་གནང་བར་བྱ།། ","CT":" བདག་གིས་ཁྱོད་ལ་གཟིགས་ཤིང་སྐུལ་མ་གནང་བར་བྱ།།"}}]],"label":"verse 8","id":8},{"line":[[{"phrase":{"AT":"ྱོད་ནི་གོ་བ་མེད་པའི་རྟ་དྲེལ་མ་ཡིན་གྱིས།།","KT":"ྱོད་ནི་གོ་བ་མེད་པའི་རྟ་དྲེལ་མ་ཡིན་གྱིས།། ","CT":"ྱོད་ནི་གོ་བ་མེད་པའི་རྟ་དྲེལ་མ་ཡིན་གྱིས།།"}}],[{"phrase":{"AT":" རྟ་དྲེལ་ལ་ནི་སྲབ་དང་མཐུར་མགོས་བཅིངས་དགོས་སོ།།","KT":"རྟ་དྲེལ་ལ་ནི་སྲབ་དང་མཐུར་མགོས་བཅིངས་དགོས་སོ།། ","CT":" རྟ་དྲེལ་ལ་ནི་སྲབ་དང་མཐུར་མགོས་བཅིངས་དགོས་སོ།།"}}],[{"phrase":{"AT":" གལ་ཏེ་སྲབ་དང་མཐུར་མགོ་མེད་ན་འདུལ་དཀའ་འོ།།","KT":"གལ་ཏེ་སྲབ་དང་མཐུར་མགོ་མེད་ན་འདུལ་དཀའ་འོ།། ","CT":" གལ་ཏེ་སྲབ་དང་མཐུར་མགོ་མེད་ན་འདུལ་དཀའ་འོ།།"}}]],"label":"verse 9","id":9},{"line":[[{"phrase":{"AT":"0 དེ་ཡང་སྡིག་ཅན་ལ་ནི་སྡུག་བསྔལ་མང་དུ་འབྱུང་།།","KT":"0 དེ་ཡང་སྡིག་ཅན་ལ་ནི་སྡུག་བསྔལ་མང་དུ་འབྱུང་།། ","CT":"0 དེ་ཡང་སྡིག་ཅན་ལ་ནི་སྡུག་བསྔལ་མང་དུ་འབྱུང་།།"}}],[{"phrase":{"AT":" ཡ་ཧོ་ཝཱ་ལ་སྐྱབས་སུ་བཅོལ་བའི་མི་རྣམས་ནི།།","KT":"ཡ་ཧོ་ཝ་ལ་སྐྱབས་སུ་བཅོལ་བའི་མི་རྣམས་ནི།། ","CT":" ཡ་ཧོ་ཝཱ་ལ་སྐྱབས་སུ་བཅོལ་བའི་མི་རྣམས་ནི།།"}}],[{"phrase":{"AT":" ཐུགས་རྗེའི་བྱིན་རླབས་ཆེན་པོས་ངེས་པར་མཐའ་ནས་བསྐོར།།","KT":"ཐུགས་རྗེའི་བྱིན་རླབས་ཆེན་པོས་ངེས་པར་མཐའ་ནས་བསྐོར།། ","CT":" ཐུགས་རྗེའི་བྱིན་རླབས་ཆེན་པོས་ངེས་པར་མཐའ་ནས་བསྐོར།།"}}]],"label":"verse 10","id":10},{"line":[[{"phrase":{"AT":"གཞུང་དྲང་ཁྱོད་རྣམས་ཡ་ཧོ་ཝཱ་ནས་དགའ་བར་གྱིས།།","KT":"གཞུང་དྲང་ཁྱོད་རྣམས་ཡ་ཧོ་ཝ་ནས་དགའ་བར་གྱིས།། ","CT":"གཞུང་དྲང་ཁྱོད་རྣམས་ཡ་ཧོ་ཝཱ་ནས་དགའ་བར་གྱིས།།"}}],[{"phrase":{"AT":" ཡིད་སེམས་དྲང་བ་རྣམས་ཀྱིས་དགའ་བའི་ཀི་རིང་ཐོབས།།","KT":"ཡིད་སེམས་དྲང་བ་རྣམས་ཀྱིས་དགའ་བའི་ཀི་རིང་ཐོབས།། ","CT":" ཡིད་སེམས་དྲང་བ་རྣམས་ཀྱིས་དགའ་བའི་ཀི་རིང་ཐོབས།།"}}]],"label":"verse 11","id":11}]},"metadata":[]}