{"title":{"AT":"S40.  གསུང་མགུར་བཞི་བཅུ་པ།","KT":"undefinedS40.  གསུང་མགུར་བཞི་བཅུ་པ། ","CT":"S40.  གསུང་མགུར་བཞི་བཅུ་པ།"},"author":"*","key":"*","lyrics":{"Verse":[{"line":[[{"phrase":{"AT":"༼དཀོན་མཆོག་གིས་སྡུག་བསྔལ་ལས་བསྐྱབས་པ།༽","KT":"༼དཀོན་མཆོག་གིས་སྡུག་བསྔལ་ལས་བསྐྱབས་པ།༽ ","CT":"༼དཀོན་མཆོག་གིས་སྡུག་བསྔལ་ལས་བསྐྱབས་པ།༽"}}],[{"phrase":{"AT":"བདག་གིས་ཡ་ཧོ་ཝཱ་ལ་ནན་གྱིས་སྒུག།","KT":"བདག་གིས་ཡ་ཧོ་ཝ་ལ་ནན་གྱིས་སྒུག། ","CT":"བདག་གིས་ཡ་ཧོ་ཝཱ་ལ་ནན་གྱིས་སྒུག།"}}],[{"phrase":{"AT":" ཁོང་གིས་བདག་གི་འབོད་སྒྲར་གསན་ཞིང་གསན།།","KT":"ཁོང་གིས་བདག་གི་འབོད་སྒྲར་གསན་ཞིང་གསན།། ","CT":" ཁོང་གིས་བདག་གི་འབོད་སྒྲར་གསན་ཞིང་གསན།།"}}]],"label":"verse 1","id":1},{"line":[[{"phrase":{"AT":"འཇིགས་རུང་དོང་དང་འདམ་ལས་བདག་དྲངས་ཏེ།།","KT":"འཇིགས་རུང་དོང་དང་འདམ་ལས་བདག་དྲངས་ཏེ།། ","CT":"འཇིགས་རུང་དོང་དང་འདམ་ལས་བདག་དྲངས་ཏེ།།"}}],[{"phrase":{"AT":" བདག་ནི་ཕ་བོང་སྟེང་དུ་འགྱིང་བ་དང་།།","KT":"བདག་ནི་ཕ་བོང་སྟེང་དུ་འགྱིང་བ་དང་།། ","CT":" བདག་ནི་ཕ་བོང་སྟེང་དུ་འགྱིང་བ་དང་།།"}}],[{"phrase":{"AT":" བདག་གི་རྐང་བ་བརྟན་པོར་སྡོད་དུ་མཛད།།","KT":"བདག་གི་རྐང་བ་བརྟན་པོར་སྡོད་དུ་མཛད།། ","CT":" བདག་གི་རྐང་བ་བརྟན་པོར་སྡོད་དུ་མཛད།།"}}]],"label":"verse 2","id":2},{"line":[[{"phrase":{"AT":"དཀོན་མཆོག་བསྟོད་པའི་གླུ་གཞས་གསར་བ་ཞིག།","KT":"དཀོན་མཆོག་བསྟོད་པའི་གླུ་གཞས་གསར་པ་ཞིག། ","CT":"དཀོན་མཆོག་བསྟོད་པའི་གླུ་གཞས་གསར་བ་ཞིག།"}}],[{"phrase":{"AT":" ངེད་ཅག་ལ་ནི་ལེན་དུ་མཛད་པ་ན།།","KT":"ངེད་ཅག་ལ་ནི་ལེན་དུ་མཛད་པ་ན།། ","CT":" ངེད་ཅག་ལ་ནི་ལེན་དུ་མཛད་པ་ན།།"}}],[{"phrase":{"AT":" ཀུན་གྱིས་མཐོང་ཞིང་གུས་པས་འདུད་པར་བྱེད།།","KT":"ཀུན་གྱིས་མཐོང་ཞིང་གུས་པས་འདུད་པར་བྱེད།། ","CT":" ཀུན་གྱིས་མཐོང་ཞིང་གུས་པས་འདུད་པར་བྱེད།།"}}],[{"phrase":{"AT":" ཡ་ཧོ་ཝཱ་ལ་བརྟེན་པའི་འདུན་པ་ཆེ།།","KT":"ཡ་ཧོ་ཝ་ལ་བརྟེན་པའི་འདུན་པ་ཆེ།། ","CT":" ཡ་ཧོ་ཝཱ་ལ་བརྟེན་པའི་འདུན་པ་ཆེ།།"}}]],"label":"verse 3","id":3},{"line":[[{"phrase":{"AT":"རྫུན་དང་ང་རྒྱལ་མཁན་ལ་མ་འཁོར་བར།།","KT":"རྫུན་དང་ང་རྒྱལ་མཁན་ལ་མ་འཁོར་བར།། ","CT":"རྫུན་དང་ང་རྒྱལ་མཁན་ལ་མ་འཁོར་བར།།"}}],[{"phrase":{"AT":" ཡ་ཧོ་ཝཱ་ལ་བརྟེན་ན་བྱིན་རླབས་ཆེ།།","KT":"ཡ་ཧོ་ཝ་ལ་བརྟེན་ན་བྱིན་རླབས་ཆེ།། ","CT":" ཡ་ཧོ་ཝཱ་ལ་བརྟེན་ན་བྱིན་རླབས་ཆེ།།"}}]],"label":"verse 4","id":4},{"line":[[{"phrase":{"AT":"ཡ་ཧོ་ཝཱ་ནི་བདག་གི་དཀོན་མཆོག་ལགས།།","KT":"ཡ་ཧོ་ཝ་ནི་བདག་གི་དཀོན་མཆོག་ལགས།། ","CT":"ཡ་ཧོ་ཝཱ་ནི་བདག་གི་དཀོན་མཆོག་ལགས།།"}}],[{"phrase":{"AT":" ཁྱེད་ཀྱིས་མཛད་པའི་ངོ་མཚར་འཕྲིན་ལས་དང་།།","KT":"ཁྱེད་ཀྱིས་མཛད་པའི་ངོ་མཚར་འཕྲིན་ལས་དང་།། ","CT":" ཁྱེད་ཀྱིས་མཛད་པའི་ངོ་མཚར་འཕྲིན་ལས་དང་།།"}}],[{"phrase":{"AT":" ངེད་ཅག་དྲན་པའི་ཐུགས་དགོངས་ཤིན་ཏུ་མང་།།","KT":"ངེད་ཅག་དྲན་པའི་ཐུགས་དགོངས་ཤིན་ཏུ་མང་།། ","CT":" ངེད་ཅག་དྲན་པའི་ཐུགས་དགོངས་ཤིན་ཏུ་མང་།།"}}],[{"phrase":{"AT":" ཁྱེད་ལ་དོ་ཟླ་འཇིག་རྟེན་འདི་ན་མེད།།","KT":"ཁྱེད་ལ་དོ་ཟླ་འཇིག་རྟེན་འདི་ན་མེད།། ","CT":" ཁྱེད་ལ་དོ་ཟླ་འཇིག་རྟེན་འདི་ན་མེད།།"}}],[{"phrase":{"AT":" ངེད་ལ་ཇི་བཞིན་བརྗོད་པའི་ནུས་པ་བྲལ།།","KT":"ངེད་ལ་ཇི་བཞིན་བརྗོད་པའི་ནུས་པ་བྲལ།། ","CT":" ངེད་ལ་ཇི་བཞིན་བརྗོད་པའི་ནུས་པ་བྲལ།།"}}],[{"phrase":{"AT":" གལ་ཏེ་བརྗོད་པར་འདོད་ན་མཐའ་ཡས་སོ།།","KT":"གལ་ཏེ་བརྗོད་པར་འདོད་ན་མཐའ་ཡས་སོ།། ","CT":" གལ་ཏེ་བརྗོད་པར་འདོད་ན་མཐའ་ཡས་སོ།།"}}]],"label":"verse 5","id":5},{"line":[[{"phrase":{"AT":"དམར་མཆོད་དང་ནི་མཆོད་རྫས་ཁྱེད་མི་དགྱེས།།","KT":"defined6 དམར་མཆོད་དང་ནི་མཆོད་རྫས་ཁྱེད་མི་དགྱེས།། ","CT":"དམར་མཆོད་དང་ནི་མཆོད་རྫས་ཁྱེད་མི་དགྱེས།།"}}],[{"phrase":{"AT":" ཁྱེད་ཀྱིས་བདག་ལ་གོ་དོན་ཤེས་པར་མཛད།།","KT":"ཁྱེད་ཀྱིས་བདག་ལ་གོ་དོན་ཤེས་པར་མཛད།། ","CT":" ཁྱེད་ཀྱིས་བདག་ལ་གོ་དོན་ཤེས་པར་མཛད།།"}}],[{"phrase":{"AT":" སྦྱིན་སྲེག་དང་ནི་སྡིག་བཤགས་མཆོད་རྫས་སོགས།།","KT":"སྦྱིན་སྲེག་དང་ནི་སྡིག་བཤགས་མཆོད་རྫས་སོགས།། ","CT":" སྦྱིན་སྲེག་དང་ནི་སྡིག་བཤགས་མཆོད་རྫས་སོགས།།"}}],[{"phrase":{"AT":" ཁྱེད་ལ་ནམ་ཡང་མཁོ་བ་མ་ཡིན་ནོ།།","KT":"ཁྱེད་ལ་ནམ་ཡང་མཁོ་བ་མ་ཡིན་ནོ།། ","CT":" ཁྱེད་ལ་ནམ་ཡང་མཁོ་བ་མ་ཡིན་ནོ།།"}}]],"label":"verse 6","id":6},{"line":[[{"phrase":{"AT":"དེ་ཡང་སྐབས་དེར་བདག་གིས་འདི་སྐད་དུ།།","KT":"དེ་ཡང་སྐབས་དེར་བདག་གིས་འདི་སྐད་དུ།། ","CT":"དེ་ཡང་སྐབས་དེར་བདག་གིས་འདི་སྐད་དུ།།"}}],[{"phrase":{"AT":" ལྟོས་དང་བདག་ནི་ཕེབས་ཤིང་བདག་གི་དོན།།","KT":"ལྟོས་དང་བདག་ནི་ཕེབས་ཤིང་བདག་གི་དོན།། ","CT":" ལྟོས་དང་བདག་ནི་ཕེབས་ཤིང་བདག་གི་དོན།།"}}],[{"phrase":{"AT":" གསུང་རབ་ནང་དུ་སྔར་ནས་བཀོད་འདུག་གོ།","KT":"གསུང་རབ་ནང་དུ་སྔར་ནས་བཀོད་འདུག་གོ། ","CT":" གསུང་རབ་ནང་དུ་སྔར་ནས་བཀོད་འདུག་གོ།"}}]],"label":"verse 7","id":7},{"line":[[{"phrase":{"AT":"བདག་གི་དཀོན་མཆོག་ལགས་དང་བདག་གིས་ནི།།","KT":"བདག་གི་དཀོན་མཆོག་ལགས་དང་བདག་གིས་ནི།། ","CT":"བདག་གི་དཀོན་མཆོག་ལགས་དང་བདག་གིས་ནི།།"}}],[{"phrase":{"AT":" ཁྱེད་ཀྱི་དགོངས་དོན་ཇི་བཞིན་སྒྲུབ་པར་དགའ།།","KT":"ཁྱེད་ཀྱི་དགོངས་དོན་ཇི་བཞིན་སྒྲུབ་པར་དགའ།། ","CT":" ཁྱེད་ཀྱི་དགོངས་དོན་ཇི་བཞིན་སྒྲུབ་པར་དགའ།།"}}],[{"phrase":{"AT":" ཁྱེད་ཀྱི་བཀའ་ཁྲིམས་བདག་གི་སེམས་སུ་མཆིས།།","KT":"ཁྱེད་ཀྱི་བཀའ་ཁྲིམས་བདག་གི་སེམས་སུ་མཆིས།། ","CT":" ཁྱེད་ཀྱི་བཀའ་ཁྲིམས་བདག་གི་སེམས་སུ་མཆིས།།"}}]],"label":"verse 8","id":8}]},"metadata":[]}