{"title":{"AT":"S49.  གསུང་མགུར་ཞེ་དགུ་པ།","KT":"S49.  གསུང་མགུར་ཞེ་དགུ་པ། ","CT":"S49.  གསུང་མགུར་ཞེ་དགུ་པ།"},"author":"*","key":"*","lyrics":{"Verse":[{"line":[[{"phrase":{"AT":"        ༼རྒྱུ་ནོར་ལ་མོས་པའི་གླེན་རྟགས།༽","KT":"༼རྒྱུ་ནོར་ལ་མོས་པའི་གླེན་རྟགས།༽ ","CT":"༼རྒྱུ་ནོར་ལ་མོས་པའི་གླེན་རྟགས།༽"}}],[{"phrase":{"AT":"མི་རྒྱུད་ཡོངས་ཀྱིས་བདག་གི་གཏམ་ལ་གསན་པར་མཛོད།།","KT":"མི་རྒྱུད་ཡོངས་ཀྱིས་བདག་གི་གཏམ་ལ་གསན་པར་མཛོད།། ","CT":"མི་རྒྱུད་ཡོངས་ཀྱིས་བདག་གི་གཏམ་ལ་གསན་པར་མཛོད།།"}}],[{"phrase":{"AT":" རྣ་བ་བླགས་ཏེ་ཉོན་ཅིག་འཇིག་རྟེན་སྐྱེ་དགུ་ཀུན།།","KT":"རྣ་བ་བླགས་ཏེ་ཉོན་ཅིག་འཇིག་རྟེན་སྐྱེ་དགུ་ཀུན།། ","CT":" རྣ་བ་གླགས་ཏེ་ཉོན་ཅིག་འཇིག་རྟེན་སྐྱེ་དགུ་ཀུན།།"}}]],"label":"verse 1","id":1},{"line":[[{"phrase":{"AT":"མཆོག་དམན་བར་གསུམ་དབུལ་ཕྱུག་གང་ཡིན་ཉོན་ཅིག་ཀྱེ།།","KT":"མཆོག་དམན་བར་གསུམ་དབུལ་ཕྱུག་གང་ཡིན་ཉོན་ཅིག་ཀྱེ།། ","CT":"མཆོག་དམན་བར་གསུམ་དབུལ་ཕྱུག་གང་ཡིན་ཉོན་ཅིག་ཀྱེ།།"}}]],"label":"verse 2","id":2},{"line":[[{"phrase":{"AT":"བདག་གི་ངག་ལས་ཤེས་རབ་རྩལ་གྱི་གཏམ་སྨྲ་ཞིང་།།","KT":"བདག་གི་ངག་ལས་ཤེས་རབ་རྩལ་གྱི་གཏམ་སྨྲ་ཞིང་།། ","CT":"བདག་གི་ངག་ལས་ཤེས་རབ་རྩལ་གྱི་གཏམ་སྨྲ་ཞིང་།།"}}],[{"phrase":{"AT":" བདག་གི་སེམས་ནས་དོན་དང་ལྡན་པའི་བསམ་བློ་གཏོང་།།","KT":"བདག་གི་སེམས་ནས་དོན་དང་ལྡན་པའི་བསམ་བློ་གཏོང་།། ","CT":" བདག་གི་སེམས་ནས་དོན་དང་ལྡན་པའི་བསམ་བློ་གཏོང་།།"}}]],"label":"verse 3","id":3},{"line":[[{"phrase":{"AT":"བདག་གིས་རྣ་བ་བླགས་ནས་གཏམ་དཔེ་ཞིག་ལ་ཉན།།","KT":"བདག་གིས་རྣ་བ་བླགས་ནས་གཏམ་དཔེ་ཞིག་ལ་ཉན།། ","CT":"བདག་གིས་རྣ་བ་གླགས་ནས་གཏམ་དཔེ་ཞིག་ལ་ཉན།།"}}],[{"phrase":{"AT":" པི་ཝང་སྒྲ་ལ་ཉན་ནས་གབ་ཚིག་འགྲེལ་བར་བྱ།།","KT":"པི་ཝང་སྒྲ་ལ་ཉན་ནས་གབ་ཚིག་འགྲེལ་བར་བྱ།། ","CT":" པི་ཝང་སྒྲ་ལ་ཉན་ནས་གབ་ཚིག་འགྲེལ་བར་བྱ།།"}}]],"label":"verse 4","id":4},{"line":[[{"phrase":{"AT":"སྡུག་བསྔལ་མང་དུ་འབྱུང་བའི་ཉིན་མོ་རེ་རེ་ལ།།","KT":"defined5 སྡུག་བསྔལ་མང་དུ་འབྱུང་བའི་ཉིན་མོ་རེ་རེ་ལ།། ","CT":"སྡུག་བསྔལ་མང་དུ་འབྱུང་བའི་ཉིན་མོ་རེ་རེ་ལ།།"}}],[{"phrase":{"AT":" སྡིག་ཅན་དག་ནི་བདག་གི་རྐང་བའི་རྗེས་འབྲངས་ཏེ།།","KT":"སྡིག་ཅན་དག་ནི་བདག་གི་རྐང་བའི་རྗེས་འབྲངས་ཏེ།། ","CT":" སྡིག་ཅན་དག་ནི་བདག་གི་རྐང་བའི་རྗེས་འབྲངས་ཏེ།།"}}],[{"phrase":{"AT":" ཕྱོགས་བཞི་མཚམས་བརྒྱད་ཀུན་ནས་བདག་གི་མཐའ་བསྐོར་ཏོ།།","KT":"ཕྱོགས་བཞི་མཚམས་བརྒྱད་ཀུན་ནས་བདག་གི་མཐའ་བསྐོར་ཏོ།། ","CT":" ཕྱོགས་བཞི་མཚམས་བརྒྱད་ཀུན་ནས་བདག་གི་མཐའ་བསྐོར་ཏོ།།"}}],[{"phrase":{"AT":" འོན་ཀྱང་བདག་ནི་འཇིགས་པའི་སྐལ་བ་ཡོད་དམ་ཅི།།","KT":"འོན་ཀྱང་བདག་ནི་འཇིགས་པའི་སྐལ་བ་ཡོད་དམ་ཅི།། ","CT":" འོན་ཀྱང་བདག་ནི་འཇིགས་པའི་སྐལ་བ་ཡོད་དམ་ཅི།།"}}]],"label":"verse 5","id":5},{"line":[[{"phrase":{"AT":"ཟང་ཟིང་རྒྱུ་ལ་བརྟེན་ནས་འབྱོར་ཕྱུག་རང་བསྟོད་པའི།།","KT":"ཟང་ཟིང་རྒྱུ་ལ་བརྟེན་ནས་འབྱོར་ཕྱུག་རང་བསྟོད་པའི།། ","CT":"ཟང་ཟིང་རྒྱུ་ལ་བརྟེན་ནས་འབྱོར་ཕྱུག་རང་བསྟོད་པའི།།"}}]],"label":"verse 6","id":6},{"line":[[{"phrase":{"AT":"སྡིག་ཅན་དག་གིས་རང་གི་སྤུན་ཟླ་གཅིག་ཙམ་ཡང་།།","KT":"སྡིག་ཅན་དག་གིས་རང་གི་སྤུན་ཟླ་གཅིག་ཙམ་ཡང་།། ","CT":"སྡིག་ཅན་དག་གིས་རང་གི་སྤུན་ཟླ་གཅིག་ཙམ་ཡང་།།"}}],[{"phrase":{"AT":" སྐྱོབ་པར་ནུས་པ་མ་ཡིན་དཀོན་མཆོག་ཀུན་དབང་ལ།།","KT":"སྐྱོབ་པར་ནུས་པ་མ་ཡིན་དཀོན་མཆོག་ཀུན་དབང་ལ།། ","CT":" སྐྱོབ་པར་ནུས་པ་མ་ཡིན་དཀོན་མཆོག་ཀུན་དབང་ལ།།"}}],[{"phrase":{"AT":" བླུ་རིན་ཚབ་ཏུ་འབུལ་བའི་ནུས་པ་ཡོད་མ་ཡིན།།","KT":"བླུ་རིན་ཚབ་ཏུ་འབུལ་བའི་ནུས་པ་ཡོད་མ་ཡིན།། ","CT":" བླུ་རིན་ཚབ་ཏུ་འབུལ་བའི་ནུས་པ་ཡོད་མ་ཡིན།།"}}]],"label":"verse 7","id":7},{"line":[[{"phrase":{"AT":",9 དུར་ལ་མི་འཇུག་རྟག་ཏུ་གསོན་ཞིང་འཚོ་བའི་ཕྱིར།།","KT":",9 དུར་ལ་མི་འཇུག་རྟག་ཏུ་གསོན་ཞིང་འཚོ་བའི་ཕྱིར།། ","CT":",9 དུར་ལ་མི་འཇུག་རྟག་ཏུ་གསོན་ཞིང་འཚོ་བའི་ཕྱིར།།"}}],[{"phrase":{"AT":" ཚེ་སྲོག་ཉོ་བའི་བླུ་རིན་འཇིག་རྟེན་ཁམས་ན་མེད།།","KT":"ཚེ་སྲོག་ཉོ་བའི་བླུ་རིན་འཇིག་རྟེན་ཁམས་ན་མེད།། ","CT":" ཚེ་སྲོག་ཉོ་བའི་བླུ་རིན་འཇིག་རྟེན་ཁམས་ན་མེད།།"}}]],"label":"verse 8","id":8},{"line":[[{"phrase":{"AT":"0 སུས་ཀྱང་ཤེས་རབ་ལྡན་པ་འཆི་བ་མཐོང་བ་དང་།།","KT":"0 སུས་ཀྱང་ཤེས་རབ་ལྡན་པ་འཆི་བ་མཐོང་བ་དང་།། ","CT":"0 སུས་ཀྱང་ཤེས་རབ་ལྡན་པ་འཆི་བ་མཐོང་བ་དང་།།"}}],[{"phrase":{"AT":" བླུན་ཞིང་རྨོངས་པ་མཉམ་དུ་འཆི་བ་མཐོང་འགྱུར་ཞིང་།།","KT":"བླུན་ཞིང་རྨོངས་པ་མཉམ་དུ་འཆི་བ་མཐོང་འགྱུར་ཞིང་།། ","CT":" བླུན་ཞིང་རྨོངས་པ་མཉམ་དུ་འཆི་བ་མཐོང་འགྱུར་ཞིང་།།"}}],[{"phrase":{"AT":" དེ་ཡི་རྒྱུ་ནོར་ཐམས་ཅད་གཞན་ལ་འཐོབ་པར་འགྱུར།།","KT":"དེ་ཡི་རྒྱུ་ནོར་ཐམས་ཅད་གཞན་ལ་འཐོབ་པར་འགྱུར།། ","CT":" དེ་ཡི་རྒྱུ་ནོར་ཐམས་ཅད་གཞན་ལ་འཐོབ་པར་འགྱུར།།"}}]],"label":"verse 9","id":9},{"line":[[{"phrase":{"AT":"སྡིག་ཅན་དག་གི་སེམས་སུ་རང་གི་ཁང་ས་ཀུན།།","KT":"སྡིག་ཅན་དག་གི་སེམས་སུ་རང་གི་ཁང་ས་ཀུན།། ","CT":"སྡིག་ཅན་དག་གི་སེམས་སུ་རང་གི་ཁང་ས་ཀུན།།"}}],[{"phrase":{"AT":" རྟག་ཏུ་གནས་ཤིང་ཕྱི་མ་ཕྱི་མར་དབང་བར་སྙམ།།","KT":"རྟག་ཏུ་གནས་ཤིང་ཕྱི་མ་ཕྱི་མར་དབང་བར་སྙམ།། ","CT":" རྟག་ཏུ་གནས་ཤིང་ཕྱི་མ་ཕྱི་མར་དབང་བར་སྙམ།།"}}],[{"phrase":{"AT":" རང་གི་མིང་ཡང་རང་གི་ས་ལ་འདོགས་པར་བྱེད།།","KT":"རང་གི་མིང་ཡང་རང་གི་ས་ལ་འདོགས་པར་བྱེད།། ","CT":" རང་གི་མིང་ཡང་རང་གི་ས་ལ་འདོགས་པར་བྱེད།།"}}]],"label":"verse 10","id":10},{"line":[[{"phrase":{"AT":"འོན་ཀྱང་རྙེད་བཀུར་ནང་དུ་རྟག་ཏུ་སྡོད་དཀའ་བ།།","KT":"འོན་ཀྱང་རྙེད་བཀུར་ནང་དུ་རྟག་ཏུ་སྡོད་དཀའ་བ།། ","CT":"འོན་ཀྱང་རྙེད་བཀུར་ནང་དུ་རྟག་ཏུ་སྡོད་དཀའ་བ།།"}}],[{"phrase":{"AT":" དུད་འགྲོ་ལ་སོགས་ཇི་ལྟར་འཆི་བ་བཞིན་དང་མཚུངས།།","KT":"དུད་འགྲོ་ལ་སོགས་ཇི་ལྟར་འཆི་བ་བཞིན་དང་མཚུངས།། ","CT":" དུད་འགྲོ་ལ་སོགས་ཇི་ལྟར་འཆི་བ་བཞིན་དང་མཚུངས།།"}}]],"label":"verse 11","id":11},{"line":[[{"phrase":{"AT":"ཕྱུག་པོ་སྡིག་ཅན་དག་གིས་དེ་ལྟར་བྱེད་པ་འདི།།","KT":"ཕྱུག་པོ་སྡིག་ཅན་དག་གིས་དེ་ལྟར་བྱེད་པ་འདི།། ","CT":"ཕྱུག་པོ་སྡིག་ཅན་དག་གིས་དེ་ལྟར་བྱེད་པ་འདི།།"}}],[{"phrase":{"AT":" བླུན་ཞིང་རྨོངས་པའི་རང་གཟུགས་ཡིན་པ་གོར་མ་ཆག།","KT":"བླུན་ཞིང་རྨོངས་པའི་རང་གཟུགས་ཡིན་པ་གོར་མ་ཆག། ","CT":" བླུན་ཞིང་རྨོངས་པའི་རང་གཟུགས་ཡིན་པ་གོར་མ་ཆག།"}}],[{"phrase":{"AT":" སྡིག་ཅན་ཕྱི་མས་ཁས་ལེན་བྱེད་ཅིང་དེ་ལྟར་བྱེད།།","KT":"སྡིག་ཅན་ཕྱི་མས་ཁས་ལེན་བྱེད་ཅིང་དེ་ལྟར་བྱེད།། ","CT":" སྡིག་ཅན་ཕྱི་མས་ཁས་ལེན་བྱེད་ཅིང་དེ་ལྟར་བྱེད།།"}}]],"label":"verse 12","id":12},{"line":[[{"phrase":{"AT":"དེ་རྣམས་དམྱལ་བའི་གནས་སུ་ལྷུང་བའི་ལུག་ཁྱུ་བཞིན།།","KT":"efined14 དེ་རྣམས་དམྱལ་བའི་གནས་སུ་ལྷུང་བའི་ལུག་ཁྱུ་བཞིན།། ","CT":"དེ་རྣམས་དམྱལ་བའི་གནས་སུ་ལྷུང་བའི་ལུག་ཁྱུ་བཞིན།།"}}],[{"phrase":{"AT":" འཆི་བ་དངོས་ནི་ལུག་རྫི་ལྟ་བུ་ཤ་སྟག་ཡིན།།","KT":"འཆི་བ་དངོས་ནི་ལུག་རྫི་ལྟ་བུ་ཤ་སྟག་ཡིན།། ","CT":" འཆི་བ་དངོས་ནི་ལུག་རྫི་ལྟ་བུ་ཤ་སྟག་ཡིན།།"}}],[{"phrase":{"AT":" ཞོགས་པའི་དུས་སུ་གཞུང་རྒྱུད་དྲང་བའི་མི་རྣམས་ཀྱིས།།","KT":"ཞོགས་པའི་དུས་སུ་གཞུང་རྒྱུད་དྲང་བའི་མི་རྣམས་ཀྱིས།། ","CT":" ཞོགས་པའི་དུས་སུ་གཞུང་རྒྱུད་དྲང་བའི་མི་རྣམས་ཀྱིས།།"}}],[{"phrase":{"AT":" དེ་དག་ལ་ནི་དབང་ཤེད་དྲག་པོས་གནོན་པར་བྱེད།།","KT":"དེ་དག་ལ་ནི་དབང་ཤེད་དྲག་པོས་གནོན་པར་བྱེད།། ","CT":" དེ་དག་ལ་ནི་དབང་ཤེད་དྲག་པོས་གནོན་པར་བྱེད།།"}}],[{"phrase":{"AT":" དམྱལ་བའི་གནས་སུ་དེ་ཡི་ལུས་གཟུགས་རྡུལ་དུ་བརླག།","KT":"དམྱལ་བའི་གནས་སུ་དེ་ཡི་ལུས་གཟུགས་རྡུལ་དུ་བརླག། ","CT":" དམྱལ་བའི་གནས་སུ་དེ་ཡི་ལུས་གཟུགས་རྡུལ་དུ་བརླག།"}}],[{"phrase":{"AT":" དེ་ལ་གཏན་དུ་སྡོད་པའི་གནས་ཀྱང་མེད་པར་བྱས།།","KT":"དེ་ལ་གཏན་དུ་སྡོད་པའི་གནས་ཀྱང་མེད་པར་བྱས།། ","CT":" དེ་ལ་གཏན་དུ་སྡོད་པའི་གནས་ཀྱང་མེད་པར་བྱས།།"}}]],"label":"verse 13","id":13},{"line":[[{"phrase":{"AT":"འོན་ཀྱང་བདག་གི་རྣམ་ཤེས་དཀོན་མཆོག་གིས།།","KT":"འོན་ཀྱང་བདག་གི་རྣམ་ཤེས་དཀོན་མཆོག་གིས།། ","CT":"འོན་ཀྱང་བདག་གི་རྣམ་ཤེས་དཀོན་མཆོག་གིས།།"}}],[{"phrase":{"AT":" དམྱལ་བའི་གནས་ཀྱི་དབང་ཤུགས་ནས་དྲངས་ཏེ།།","KT":"དམྱལ་བའི་གནས་ཀྱི་དབང་ཤུགས་ནས་དྲངས་ཏེ།། ","CT":" དམྱལ་བའི་གནས་ཀྱི་དབང་ཤུགས་ནས་དྲངས་ཏེ།།"}}],[{"phrase":{"AT":" བདག་ནི་ཁོང་གི་དྲུང་དུ་འདྲེན་པར་སྲིད།།","KT":"བདག་ནི་ཁོང་གི་དྲུང་དུ་འདྲེན་པར་སྲིད།། ","CT":" བདག་ནི་ཁོང་གི་དྲུང་དུ་འདྲེན་པར་སྲིད།།"}}]],"label":"verse 14","id":14},{"line":[[{"phrase":{"AT":"རྒྱུ་ནོར་འཛོམས་ཤིང་ཁྱིམ་ཚང་འཕེལ་བའི་དུས།།","KT":"རྒྱུ་ནོར་འཛོམས་ཤིང་ཁྱིམ་ཚང་འཕེལ་བའི་དུས།། ","CT":"རྒྱུ་ནོར་འཛོམས་ཤིང་ཁྱིམ་ཚང་འཕེལ་བའི་དུས།།"}}],[{"phrase":{"AT":" ཁྱོད་ཀྱི་སེམས་ནི་འཁྲུགས་པར་མི་བྱ་འོ།།","KT":"ཁྱོད་ཀྱི་སེམས་ནི་འཁྲུགས་པར་མི་བྱ་འོ།། ","CT":" ཁྱོད་ཀྱི་སེམས་ནི་འཁྲུགས་པར་མི་བྱ་འོ།།"}}]],"label":"verse 15","id":15},{"line":[[{"phrase":{"AT":"དེ་ནི་ཁོ་རང་འཆི་བའི་དུས་སུ་ཡང་།།","KT":"དེ་ནི་ཁོ་རང་འཆི་བའི་དུས་སུ་ཡང་།། ","CT":"དེ་ནི་ཁོ་རང་འཆི་བའི་དུས་སུ་ཡང་།།"}}],[{"phrase":{"AT":" རྒྱུ་ནོར་ལ་སོགས་ཅི་ཡང་འཁྱེར་མི་ནུས།།","KT":"རྒྱུ་ནོར་ལ་སོགས་ཅི་ཡང་འཁྱེར་མི་ནུས།། ","CT":" རྒྱུ་ནོར་ལ་སོགས་ཅི་ཡང་འཁྱེར་མི་ནུས།།"}}],[{"phrase":{"AT":" རང་གི་གཟི་དཔལ་དེ་ཡང་འཁྱེར་མི་ཐུབ།།","KT":"རང་གི་གཟི་དཔལ་དེ་ཡང་འཁྱེར་མི་ཐུབ།། ","CT":" རང་གི་གཟི་དཔལ་དེ་ཡང་འཁྱེར་མི་ཐུབ།།"}}]],"label":"verse 16","id":16},{"line":[[{"phrase":{"AT":"དེ་ཡང་ཁོ་རང་གསོན་པའི་དུས་སུ་ཡང་།།","KT":"དེ་ཡང་ཁོ་རང་གསོན་པའི་དུས་སུ་ཡང་།། ","CT":"དེ་ཡང་ཁོ་རང་གསོན་པའི་དུས་སུ་ཡང་།།"}}],[{"phrase":{"AT":" རང་གིས་རང་ལ་བསྟོད་པ་བདེ་ན་ཡང་།།","KT":"རང་གིས་རང་ལ་བསྟོད་པ་བདེ་ན་ཡང་།། ","CT":" རང་གིས་རང་ལ་བསྟོད་པ་བདེ་ན་ཡང་།།"}}],[{"phrase":{"AT":" རང་ལ་ཁེ་ཕན་ཡོད་ན་གཞན་གྱིས་བསྟོད།།","KT":"རང་ལ་ཁེ་ཕན་ཡོད་ན་གཞན་གྱིས་བསྟོད།། ","CT":" རང་ལ་ཁེ་ཕན་ཡོད་ན་གཞན་གྱིས་བསྟོད།།"}}]],"label":"verse 17","id":17},{"line":[[{"phrase":{"AT":"ོ་ནི་འདས་པོའི་དྲུང་དུ་འགྲོ་ན་ཡང་།།","KT":"ོ་ནི་འདས་པོའི་དྲུང་དུ་འགྲོ་ན་ཡང་།། ","CT":"ོ་ནི་འདས་པོའི་དྲུང་དུ་འགྲོ་ན་ཡང་།།"}}],[{"phrase":{"AT":" འོད་ཟེར་དངོས་ནི་ནམ་ཡང་མཐོང་བ་མེད།།","KT":"འོད་ཟེར་དངོས་ནི་ནམ་ཡང་མཐོང་བ་མེད།། ","CT":" འོད་ཟེར་དངོས་ནི་ནམ་ཡང་མཐོང་བ་མེད།།"}}]],"label":"verse 18","id":18},{"line":[[{"phrase":{"AT":"0 རྙེད་བཀུར་ནང་ནས་གོ་རྟོགས་མ་བྱུང་ན།།","KT":"0 རྙེད་བཀུར་ནང་ནས་གོ་རྟོགས་མ་བྱུང་ན།། ","CT":"0 རྙེད་བཀུར་ནང་ནས་གོ་རྟོགས་མ་བྱུང་ན།།"}}],[{"phrase":{"AT":" དུད་འགྲོ་ལ་སོགས་ཇི་ལྟར་འཆི་བ་བཞིན།།","KT":"དུད་འགྲོ་ལ་སོགས་ཇི་ལྟར་འཆི་བ་བཞིན།། ","CT":" དུད་འགྲོ་ལ་སོགས་ཇི་ལྟར་འཆི་བ་བཞིན།།"}}]],"label":"verse 19","id":19}]},"metadata":[]}