{"title":{"AT":"S51.  གསུང་མགུར་ང་གཅིག་པ།","KT":"S51.  གསུང་མགུར་ང་གཅིག་པ། ","CT":"S51.  གསུང་མགུར་ལྔ་བཅུ་ང་གཅིག་པ།"},"author":"*","key":"*","lyrics":{"Verse":[{"line":[[{"phrase":{"AT":"༼སྡིག་པ་ཁས་ལེན་པ།༽","KT":"༼སྡིག་པ་ཁས་ལེན་པ།༽ ","CT":"༼སྡིག་པ་ཁས་ལེན་པ།༽"}}],[{"phrase":{"AT":"དཀོན་མཆོག་ཁྱེད་ཀྱི་བྱམས་དང་ཐུགས་རྗེ་ཡིས།།","KT":"དཀོན་མཆོག་ཁྱེད་ཀྱི་བྱམས་དང་ཐུགས་རྗེ་ཡིས།། ","CT":"དཀོན་མཆོག་ཁྱེད་ཀྱི་བྱམས་དང་ཐུགས་རྗེ་ཡིས།།"}}],[{"phrase":{"AT":" བདག་ལ་སྤྱན་གྱིས་གཟིགས་པར་མཛད་དུ་གསོལ།།","KT":"བདག་ལ་སྤྱན་གྱིས་གཟིགས་པར་མཛད་དུ་གསོལ།། ","CT":" བདག་ལ་སྤྱན་གྱིས་གཟིགས་པར་མཛད་དུ་གསོལ།།"}}],[{"phrase":{"AT":" ཁྱེད་ཀྱི་བྱམས་དང་ཐུགས་རྗེ་ཆེན་པོ་ཡིས།།","KT":"ཁྱེད་ཀྱི་བྱམས་དང་ཐུགས་རྗེ་ཆེན་པོ་ཡིས།། ","CT":" ཁྱེད་ཀྱི་བྱམས་དང་ཐུགས་རྗེ་ཆེན་པོ་ཡིས།།"}}],[{"phrase":{"AT":" བདག་གི་ཉེས་སྐྱོན་ཐམས་ཅད་སེལ་བར་མཛོད།།","KT":"བདག་གི་ཉེས་སྐྱོན་ཐམས་ཅད་སེལ་བར་མཛོད།། ","CT":" བདག་གི་ཉེས་སྐྱོན་ཐམས་ཅད་སེལ་བར་མཛོད།།"}}]],"label":"verse 1","id":1},{"line":[[{"phrase":{"AT":"བདག་གི་སྡིག་པའི་དྲི་མ་འདག་པར་མཛོད།།","KT":"བདག་གི་སྡིག་པའི་དྲི་མ་འདག་པར་མཛོད།། ","CT":"བདག་གི་སྡིག་པའི་དྲི་མ་འདག་པར་མཛོད།།"}}],[{"phrase":{"AT":" བདག་གི་ཉེས་པ་ཡོངས་སུ་སེལ་བར་མཛོད།།","KT":"བདག་གི་ཉེས་པ་ཡོངས་སུ་སེལ་བར་མཛོད།། ","CT":" བདག་གི་ཉེས་པ་ཡོངས་སུ་སེལ་བར་མཛོད།།"}}]],"label":"verse 2","id":2},{"line":[[{"phrase":{"AT":"དེ་ནི་རང་གི་ཉེས་སྐྱོན་རང་གིས་ཤེས།།","KT":"དེ་ནི་རང་གི་ཉེས་སྐྱོན་རང་གིས་ཤེས།། ","CT":"དེ་ནི་རང་གི་ཉེས་སྐྱོན་རང་གིས་ཤེས།།"}}],[{"phrase":{"AT":" རང་གི་སྡིག་པ་རང་གིས་མཐོང་ཕྱིར་རོ།།","KT":"རང་གི་སྡིག་པ་རང་གིས་མཐོང་ཕྱིར་རོ།། ","CT":" རང་གི་སྡིག་པ་རང་གིས་མཐོང་ཕྱིར་རོ།།"}}]],"label":"verse 3","id":3},{"line":[[{"phrase":{"AT":"བདག་གིས་ཁྱེད་རང་ཁོ་ནར་སྡིག་པ་བསགས།།","KT":"བདག་གིས་ཁྱེད་རང་ཁོ་ནར་སྡིག་པ་བསགས།། ","CT":"བདག་གིས་ཁྱེད་རང་ཁོ་ནར་སྡིག་པ་བསགས།།"}}],[{"phrase":{"AT":" ཁྱེད་ཀྱི་སྤྱན་སྔར་སྡིག་པ་འདི་བྱས་པས།།","KT":"ཁྱེད་ཀྱི་སྤྱན་སྔར་སྡིག་པ་འདི་བྱས་པས།། ","CT":" ཁྱེད་ཀྱི་སྤྱན་སྔར་སྡིག་པ་འདི་བྱས་པས།།"}}],[{"phrase":{"AT":" ཁྱེད་ཀྱིས་བདག་ལ་བཀའ་བཀྱོན་གནང་བའི་དུས།།","KT":"ཁྱེད་ཀྱིས་བདག་ལ་བཀའ་བཀྱོན་གནང་བའི་དུས།། ","CT":" ཁྱེད་ཀྱིས་བདག་ལ་བཀའ་བཀྱོན་གནང་བའི་དུས།།"}}],[{"phrase":{"AT":" ཁྱེད་ནི་ཇི་ལྟར་བདེན་ཅིང་ཡང་དག་གོ།","KT":"ཁྱེད་ནི་ཇི་ལྟར་བདེན་ཅིང་ཡང་དག་གོ། ","CT":" ཁྱེད་ནི་ཇི་ལྟར་བདེན་ཅིང་ཡང་དག་གོ།"}}],[{"phrase":{"AT":" ཁྱེད་ཀྱིས་བདག་ལ་ཉེས་ཆད་གཅོད་པའི་དུས།།","KT":"ཁྱེད་ཀྱིས་བདག་ལ་ཉེས་ཆད་གཅོད་པའི་དུས།། ","CT":" ཁྱེད་ཀྱིས་བདག་ལ་ཉེས་ཆད་གཅོད་པའི་དུས།།"}}],[{"phrase":{"AT":" ཁྱེད་ནི་ཇི་ལྟར་བདེན་ཅིང་ཡང་དག་གོ།","KT":"ཁྱེད་ནི་ཇི་ལྟར་བདེན་ཅིང་ཡང་དག་གོ། ","CT":" ཁྱེད་ནི་ཇི་ལྟར་བདེན་ཅིང་ཡང་དག་གོ།"}}]],"label":"verse 4","id":4},{"line":[[{"phrase":{"AT":"བདག་ནི་སྐྱེ་མ་ཐག་ནས་སྡིག་པ་ཡོད།།","KT":"བདག་ནི་སྐྱེ་མ་ཐག་ནས་སྡིག་པ་ཡོད།། ","CT":"བདག་ནི་སྐྱེ་མ་ཐག་ནས་སྡིག་པ་ཡོད།།"}}],[{"phrase":{"AT":" མ་ཡི་མངལ་དུ་ཆགས་དུས་སྡིག་པ་ཡོད།།","KT":"མ་ཡི་མངལ་དུ་ཆགས་དུས་སྡིག་པ་ཡོད།། ","CT":" མ་ཡི་མངལ་དུ་ཆགས་དུས་སྡིག་པ་ཡོད།།"}}]],"label":"verse 5","id":5},{"line":[[{"phrase":{"AT":"ྱེད་ནི་གཞུང་སེམས་དྲང་པོར་ཐུགས་དགྱེས་ཤིང་།།","KT":"ྱེད་ནི་གཞུང་སེམས་དྲང་པོར་ཐུགས་དགྱེས་ཤིང་།། ","CT":"ྱེད་ནི་གཞུང་སེམས་དྲང་བོར་ཐུགས་དགྱེས་ཤིང་།།"}}],[{"phrase":{"AT":" ཁྱེད་ཀྱིས་བདག་གི་ཕུགས་སུ་ཤེས་རབ་བསྩལ།།","KT":"ཁྱེད་ཀྱིས་བདག་གི་ཕུགས་སུ་ཤེས་རབ་བསྩལ།། ","CT":" ཁྱེད་ཀྱིས་བདག་གི་ཕུགས་སུ་ཤེས་རབ་བསྩལ།།"}}]],"label":"verse 6","id":6},{"line":[[{"phrase":{"AT":"ྱེད་ཀྱིས་ཨི་སོབ་རྩྭ་ཡིས་བདག་བཀྲུས་ཏེ།།","KT":"ྱེད་ཀྱིས་ཨི་སོབ་རྩྭ་ཡིས་བདག་བཀྲུས་ཏེ།། ","CT":"ྱེད་ཀྱིས་ཨི་སོབ་རྩྭ་ཡིས་བདག་བཀྲུས་ཏེ།།"}}],[{"phrase":{"AT":" ང་ཡི་སེམས་ནི་གཙང་མར་མཛད་པར་འགྱུར།།","KT":"ང་ཡི་སེམས་ནི་གཙང་མར་མཛད་པར་འགྱུར།། ","CT":" ང་ཡི་སེམས་ནི་གཙང་མར་མཛད་པར་འགྱུར།།"}}],[{"phrase":{"AT":" ཁྱེད་ཀྱིས་བདག་གི་སེམས་ལ་ཁྲུས་མཛད་དེ།།","KT":"ཁྱེད་ཀྱིས་བདག་གི་སེམས་ལ་ཁྲུས་མཛད་དེ།། ","CT":" ཁྱེད་ཀྱིས་བདག་གི་སེམས་ལ་ཁྲུས་མཛད་དེ།།"}}],[{"phrase":{"AT":" བདག་ནི་ཁ་བ་ལས་ཀྱང་དཀར་པོར་འགྱུར།།","KT":"བདག་ནི་ཁ་བ་ལས་ཀྱང་དཀར་པོར་འགྱུར།། ","CT":" བདག་ནི་ཁ་བ་ལས་ཀྱང་དཀར་པོར་འགྱུར།།"}}]],"label":"verse 7","id":7},{"line":[[{"phrase":{"AT":"ྱེད་ཀྱིས་བདག་ལ་སྒྲ་དབྱངས་སྙན་མོ་དང་།།","KT":"ྱེད་ཀྱིས་བདག་ལ་སྒྲ་དབྱངས་སྙན་མོ་དང་།། ","CT":"ྱེད་ཀྱིས་བདག་ལ་སྒྲ་དབྱངས་སྙན་མོ་དང་།།"}}],[{"phrase":{"AT":" རྨས་སྐྱོན་ཕོག་པའི་རུས་པ་གསོ་བར་མཛོད།།","KT":"རྨས་སྐྱོན་ཕོག་པའི་རུས་པ་གསོ་བར་མཛོད།། ","CT":" རྨས་སྐྱོན་ཕོག་པའི་རུས་པ་གསོ་བར་མཛོད།།"}}]],"label":"verse 8","id":8},{"line":[[{"phrase":{"AT":"ྱེད་ཀྱིས་བདག་གི་ཉེས་པར་མི་གཟིགས་པར།།","KT":"ྱེད་ཀྱིས་བདག་གི་ཉེས་པར་མི་གཟིགས་པར།། ","CT":"ྱེད་ཀྱིས་བདག་གི་ཉེས་པར་མི་གཟིགས་པར།།"}}],[{"phrase":{"AT":" ང་ཡི་སྡིག་པ་ཐམས་ཅད་འདག་པར་མཛོད།།","KT":"ང་ཡི་སྡིག་པ་ཐམས་ཅད་འདག་པར་མཛོད།། ","CT":" ང་ཡི་སྡིག་པ་ཐམས་ཅད་འདག་པར་མཛོད།།"}}]],"label":"verse 9","id":9},{"line":[[{"phrase":{"AT":"0 ཀྱེ་ཀྱེ་བླ་ན་མེད་པའི་དཀོན་མཆོག་ལགས།།","KT":"0 ཀྱེ་ཀྱེ་བླ་ན་མེད་པའི་དཀོན་མཆོག་ལགས།། ","CT":"0 ཀྱེ་ཀྱེ་བླ་ན་མེད་པའི་དཀོན་མཆོག་ལགས།།"}}],[{"phrase":{"AT":" ཁྱེད་ཀྱིས་བདག་ལ་ཡིད་སེམས་གཙང་མ་ཞིག།","KT":"ཁྱེད་ཀྱིས་བདག་ལ་ཡིད་སེམས་གཙང་མ་ཞིག། ","CT":" ཁྱེད་ཀྱིས་བདག་ལ་ཡིད་སེམས་གཙང་མ་ཞིག།"}}],[{"phrase":{"AT":" ངེས་པར་མཛོད་ཅིག་བདག་གི་དཀོན་མཆོག་ལགས།།","KT":"ངེས་པར་མཛོད་ཅིག་བདག་གི་དཀོན་མཆོག་ལགས།། ","CT":" ངེས་པར་མཛོད་ཅིག་བདག་གི་དཀོན་མཆོག་ལགས།།"}}],[{"phrase":{"AT":" སླར་ཡང་ཡིད་སེམས་བརྟན་པོ་གནང་བར་མཛོད།། ","KT":"སླར་ཡང་ཡིད་སེམས་བརྟན་པོ་གནང་བར་མཛོད།། ","CT":" སླར་ཡང་ཡིད་སེམས་བརྟན་པོ་གནང་བར་མཛོད།། "}}]],"label":"verse 10","id":10},{"line":[[{"phrase":{"AT":"ྱེད་ཀྱིས་བདག་ནི་སྐྲོད་པར་མི་མཛོད་ཅིག།","KT":"ྱེད་ཀྱིས་བདག་ནི་སྐྲོད་པར་མི་མཛོད་ཅིག། ","CT":"ྱེད་ཀྱིས་བདག་ནི་སྐྲོད་པར་མི་མཛོད་ཅིག།"}}],[{"phrase":{"AT":" བདག་ནི་ཁྱེད་དང་འབྲལ་བར་མི་མཛོད་ཅིག།","KT":"བདག་ནི་ཁྱེད་དང་འབྲལ་བར་མི་མཛོད་ཅིག། ","CT":" བདག་ནི་ཁྱེད་དང་འབྲལ་བར་མི་མཛོད་ཅིག།"}}],[{"phrase":{"AT":" ཁྱེད་ཀྱིས་བདག་གི་སེམས་ལས་དམ་པའི་ཐུགས།","KT":"ཁྱེད་ཀྱིས་བདག་གི་སེམས་ལས་དམ་པའི་ཐུགས། ","CT":" ཁྱེད་ཀྱིས་བདག་གི་སེམས་ལས་དམ་པའི་ཐུགས།"}}],[{"phrase":{"AT":" སླར་ཡང་ལེན་པར་མི་མཛོད་དཀོན་མཆོག་ལགས།།","KT":"སླར་ཡང་ལེན་པར་མི་མཛོད་དཀོན་མཆོག་ལགས།། ","CT":" སླར་ཡང་ལེན་པར་མི་མཛོད་དཀོན་མཆོག་ལགས།།"}}]],"label":"verse 11","id":11},{"line":[[{"phrase":{"AT":"ྱེད་ཀྱིས་བདག་ལ་ཐར་བའི་དགའ་སྤྲོ་དང་།།","KT":"ྱེད་ཀྱིས་བདག་ལ་ཐར་བའི་དགའ་སྤྲོ་དང་།། ","CT":"ྱེད་ཀྱིས་བདག་ལ་ཐར་བའི་དགའ་སྤྲོ་དང་།།"}}],[{"phrase":{"AT":" དགའ་བའི་ཐུགས་ཉིད་སླར་ཡང་གནང་སྟེ་སྐྱོངས།།","KT":"དགའ་བའི་ཐུགས་ཉིད་སླར་ཡང་གནང་སྟེ་སྐྱོངས།། ","CT":" དགའ་བའི་ཐུགས་ཉིད་སླར་ཡང་གནང་སྟེ་སྐྱོངས།།"}}]],"label":"verse 12","id":12},{"line":[[{"phrase":{"AT":"བདག་གིས་ཁྱེད་ཀྱི་ཐར་བའི་ཆོས་ལ་བརྟེན།།","KT":"བདག་གིས་ཁྱེད་ཀྱི་ཐར་བའི་ཆོས་ལ་བརྟེན།། ","CT":"བདག་གིས་ཁྱེད་ཀྱི་ཐར་བའི་ཆོས་ལ་བརྟེན།།"}}],[{"phrase":{"AT":" སྡིག་ཅན་རྣམས་ལ་བསླབ་བྱ་སྟོན་བྱས་ནས།།","KT":"སྡིག་ཅན་རྣམས་ལ་བསླབ་བྱ་སྟོན་བྱས་ནས།། ","CT":" སྡིག་ཅན་རྣམས་ལ་བསླབ་བྱ་སྟོན་བྱས་ནས།།"}}],[{"phrase":{"AT":" ཉེས་ཅན་དག་ནི་ཁྱེད་ལ་འཁོར་དུ་འཇུག།","KT":"ཉེས་ཅན་དག་ནི་ཁྱེད་ལ་འཁོར་དུ་འཇུག། ","CT":" ཉེས་ཅན་དག་ནི་ཁྱེད་ལ་འཁོར་དུ་འཇུག།"}}]],"label":"verse 13","id":13}]},"metadata":[]}