{"title":{"AT":"S67.  གསུང་མགུར་རེ་བདུན་པ།","KT":"undefinedS67.  གསུང་མགུར་རེ་བདུན་པ། ","CT":"S67.  གསུང་མགུར་དྲུག་ཅུ་རེ་བདུན་པ།"},"author":"*","key":"*","lyrics":{"Verse":[{"line":[[{"phrase":{"AT":"༼དཀོན་མཆོག་ལ་བསྟོད་པ་ཕུལ་བ།༽","KT":"༼དཀོན་མཆོག་ལ་བསྟོད་པ་ཕུལ་བ།༽ ","CT":"༼དཀོན་མཆོག་ལ་བསྟོད་པ་ཕུལ་བ།༽"}}],[{"phrase":{"AT":"ངེད་ལ་སྙིང་རྗེ་གཟིགས་དང་དཀོན་མཆོག་ལགས།།","KT":"ངེད་ལ་སྙིང་རྗེ་གཟིགས་དང་དཀོན་མཆོག་ལགས།། ","CT":"ངེད་ལ་སྙིང་རྗེ་གཟིགས་དང་དཀོན་མཆོག་ལགས།།"}}],[{"phrase":{"AT":" བྱིན་རླབས་གནང་དང་གདོང་གི་འོད་མདངས་དེ།།","KT":"བྱིན་རླབས་གནང་དང་གདོང་གི་འོད་མདངས་དེ།། ","CT":" བྱིན་རླབས་གནང་དང་གདོང་གི་འོད་མདངས་དེ།།"}}],[{"phrase":{"AT":" ངེད་ཅག་ལ་ནི་འཕྲོ་བར་མཛད་དུ་གསོལ།།","KT":"ངེད་ཅག་ལ་ནི་འཕྲོ་བར་མཛད་དུ་གསོལ།། ","CT":" ངེད་ཅག་ལ་ནི་འཕྲོ་བར་མཛད་དུ་གསོལ།།"}}]],"label":"verse 1","id":1},{"line":[[{"phrase":{"AT":"འཇིག་རྟེན་ཀུན་གྱིས་ཁྱེད་ཀྱི་ཐར་ལམ་དང་།།","KT":"འཇིག་རྟེན་ཀུན་གྱིས་ཁྱེད་ཀྱི་ཐར་ལམ་དང་།། ","CT":"འཇིག་རྟེན་ཀུན་གྱིས་ཁྱེད་ཀྱི་ཐར་ལམ་དང་།།"}}],[{"phrase":{"AT":" ཐུགས་རྗེ་ཆེན་པོ་མྱུར་དུ་ཤེས་ཕྱིར་རོ།།","KT":"ཐུགས་རྗེ་ཆེན་པོ་མྱུར་དུ་ཤེས་ཕྱིར་རོ།། ","CT":" ཐུགས་རྗེ་ཆེན་པོ་མྱུར་དུ་ཤེས་ཕྱིར་རོ།།"}}]],"label":"verse 2","id":2},{"line":[[{"phrase":{"AT":"ྱེ་ཀྱེ་བླ་ན་མེད་པའི་དཀོན་མཆོག་ལགས།།","KT":"ྱེ་ཀྱེ་བླ་ན་མེད་པའི་དཀོན་མཆོག་ལགས།། ","CT":"ྱེ་ཀྱེ་བླ་ན་མེད་པའི་དཀོན་མཆོག་ལགས།།"}}],[{"phrase":{"AT":" མི་རྒྱུད་ཡོངས་ཀྱིས་ཁྱེད་ལ་བསྟོད་པར་ཤོག།","KT":"མི་རྒྱུད་ཡོངས་ཀྱིས་ཁྱེད་ལ་བསྟོད་པར་ཤོག། ","CT":" མི་རྒྱུད་ཡོངས་ཀྱིས་ཁྱེད་ལ་བསྟོད་པར་ཤོག།"}}],[{"phrase":{"AT":" མི་རིགས་ཀུན་གྱིས་ཁྱེད་ལ་བསྔགས་པར་ཤོག།","KT":"མི་རིགས་ཀུན་གྱིས་ཁྱེད་ལ་བསྔགས་པར་ཤོག། ","CT":" མི་རིགས་ཀུན་གྱིས་ཁྱེད་ལ་བསྔགས་པར་ཤོག།"}}]],"label":"verse 3","id":3},{"line":[[{"phrase":{"AT":"འཇིག་རྟེན་མི་ཀུན་དགའ་ཞིང་སྤྲོ་བ་དང་།།","KT":"འཇིག་རྟེན་མི་ཀུན་དགའ་ཞིང་སྤྲོ་བ་དང་།། ","CT":"འཇིག་རྟེན་མི་ཀུན་དགའ་ཞིང་སྤྲོ་བ་དང་།།"}}],[{"phrase":{"AT":" བསྟོད་པའི་གླུ་ཡིས་ཁྱེད་ལ་བསྔགས་པར་ཤོག། ","KT":"བསྟོད་པའི་གླུ་ཡིས་ཁྱེད་ལ་བསྔགས་པར་ཤོག། ","CT":" བསྟོད་པའི་གླུ་ཡིས་ཁྱོད་ལ་བསྔགས་པར་ཤོག། "}}],[{"phrase":{"AT":" ཁྱེད་ཀྱིས་ངེས་པར་འཇིག་རྟེན་མི་ཀུན་ལ།།","KT":"ཁྱེད་ཀྱིས་ངེས་པར་འཇིག་རྟེན་མི་ཀུན་ལ།། ","CT":" ཁྱེད་ཀྱིས་ངེས་པར་འཇིག་རྟེན་མི་ཀུན་ལ།།"}}],[{"phrase":{"AT":" བདེན་པའི་ཁྲིམས་ཀྱིས་ལེགས་ཉེས་འབྱེད་པ་དང་།།","KT":"བདེན་པའི་ཁྲིམས་ཀྱིས་ལེགས་ཉེས་འབྱེད་པ་དང་།། ","CT":" བདེན་པའི་ཁྲིམས་ཀྱིས་ལེགས་ཉེས་འབྱེད་པ་དང་།།"}}],[{"phrase":{"AT":" མི་རྒྱུད་ཐམས་ཅད་བདེ་བར་སྐྱོང་ངེས་སོ།།","KT":"མི་རྒྱུད་ཐམས་ཅད་བདེ་བར་སྐྱོང་ངེས་སོ།། ","CT":" མི་རྒྱུད་ཐམས་ཅད་བདེ་བར་སྐྱོང་ངེས་སོ།།"}}]],"label":"verse 4","id":4},{"line":[[{"phrase":{"AT":"ྱེ་ཀྱེ་བླ་ན་མེད་པའི་དཀོན་མཆོག་ལགས།།","KT":"ྱེ་ཀྱེ་བླ་ན་མེད་པའི་དཀོན་མཆོག་ལགས།། ","CT":"ྱེ་ཀྱེ་བླ་ན་མེད་པའི་དཀོན་མཆོག་ལགས།།"}}],[{"phrase":{"AT":" མི་རྒྱུད་ཡོངས་ཀྱིས་ཁྱེད་ལ་བསྟོད་པར་ཤོག།","KT":"མི་རྒྱུད་ཡོངས་ཀྱིས་ཁྱེད་ལ་བསྟོད་པར་ཤོག། ","CT":" མི་རྒྱུད་ཡོངས་ཀྱིས་ཁྱེད་ལ་བསྟོད་པར་ཤོག།"}}],[{"phrase":{"AT":" མི་རིགས་ཀུན་གྱིས་ཁྱེད་ལ་བསྔགས་པར་ཤོག།","KT":"མི་རིགས་ཀུན་གྱིས་ཁྱེད་ལ་བསྔགས་པར་ཤོག། ","CT":" མི་རིགས་ཀུན་གྱིས་ཁྱེད་ལ་བསྔགས་པར་ཤོག།"}}]],"label":"verse 5","id":5},{"line":[[{"phrase":{"AT":"དཀོན་མཆོག་ཉིད་ནི་ངེད་ཀྱི་དཀོན་མཆོག་སྟེ།།","KT":"དཀོན་མཆོག་ཉིད་ནི་ངེད་ཀྱི་དཀོན་མཆོག་སྟེ།། ","CT":"དཀོན་མཆོག་ཉིད་ནི་ངེད་ཀྱི་དཀོན་མཆོག་སྟེ།།"}}],[{"phrase":{"AT":" རང་ཅག་ལ་ནི་བྱིན་རླབས་གནང་བས་ན།།","KT":"རང་ཅག་ལ་ནི་བྱིན་རླབས་གནང་བས་ན།། ","CT":" རང་ཅག་ལ་ནི་བྱིན་རླབས་གནང་བས་ན།།"}}],[{"phrase":{"AT":" ས་ལས་འབྲུ་དང་ཤིང་ཏོག་སྣ་ཚོགས་བྱུང་།།","KT":"ས་ལས་འབྲུ་དང་ཤིང་ཏོག་སྣ་ཚོགས་བྱུང་།། ","CT":" ས་ལས་འབྲུ་དང་ཤིང་ཏོག་སྣ་ཚོགས་བྱུང་།།"}}]],"label":"verse 6","id":6},{"line":[[{"phrase":{"AT":"འཇིག་རྟེན་ཡོངས་ཀྱིས་ཁོང་ལ་གུས་པའི་ཕྱིར།།","KT":"འཇིག་རྟེན་ཡོངས་ཀྱིས་ཁོང་ལ་གུས་པའི་ཕྱིར།། ","CT":"འཇིག་རྟེན་ཡོངས་ཀྱིས་ཁོང་ལ་གུས་པའི་ཕྱིར།།"}}],[{"phrase":{"AT":" རང་ཅག་རྣམས་ལ་བྱིན་རླབས་གནང་བ་འོ།།","KT":"རང་ཅག་རྣམས་ལ་བྱིན་རླབས་གནང་བ་འོ།། ","CT":" རང་ཅག་རྣམས་ལ་བྱིན་རླབས་གནང་བ་འོ།།"}}]],"label":"verse 7","id":7}]},"metadata":[]}