{"title":{"AT":"S8.   གསུང་མགུར་བརྒྱད་པ།","KT":"S8.   གསུང་མགུར་བརྒྱད་པ། ","CT":"S8.   གསུང་མགུར་བརྒྱད་པ།"},"author":"*","key":"*","lyrics":{"Verse":[{"line":[[{"phrase":{"AT":"༼ཡ་ཧོ་ཝཱ་ཡི་གཟི་བརྗིད།༽","KT":"༼ཡ་ཧོ་ཝ་ཡི་གཟི་བརྗིད།༽ ","CT":"༼ཡ་ཧོ་ཝཱ་ཡི་གཟི་བརྗིད།༽"}}],[{"phrase":{"AT":"ཡ་ཧོ་ཝཱ་ཁྱེད་ངེད་ཀྱི་གཙོ་བོ་ལགས།།","KT":"ཡ་ཧོ་ཝ་ཁྱེད་ངེད་ཀྱི་གཙོ་བོ་ལགས།། ","CT":"ཡ་ཧོ་ཝཱ་ཁྱེད་ངེད་ཀྱི་གཙོ་བོ་ལགས།།"}}],[{"phrase":{"AT":" ཁྱེད་ཀྱི་མཚན་སྙན་འཇིག་རྟེན་ཡོངས་སུ་ཁྱབ།།","KT":"ཁྱེད་ཀྱི་མཚན་སྙན་འཇིག་རྟེན་ཡོངས་སུ་ཁྱབ།། ","CT":" ཁྱེད་ཀྱི་མཚན་སྙན་འཇིག་རྟེན་ཡོངས་སུ་ཁྱབ།།"}}],[{"phrase":{"AT":" ཁྱེད་ཀྱིས་རང་གི་གཟི་བརྗིད་ཆེན་པོ་དེ།།","KT":"ཁྱེད་ཀྱིས་རང་གི་གཟི་བརྗིད་ཆེན་པོ་དེ།། ","CT":" ཁྱེད་ཀྱིས་རང་གི་གཟི་བརྗིད་ཆེན་པོ་དེ།།"}}],[{"phrase":{"AT":" ནམ་མཁའ་ལས་ཀྱང་མཐོ་ཞིང་མངོན་པར་མཛད།།","KT":"ནམ་མཁའ་ལས་ཀྱང་མཐོ་ཞིང་མངོན་པར་མཛད།། ","CT":" ནམ་མཁའ་ལས་ཀྱང་མཐོ་ཞིང་མངོན་པར་མཛད།།"}}]],"label":"verse 1","id":1},{"line":[[{"phrase":{"AT":"ྱེད་ཀྱིས་ཕ་རོལ་དགྲ་བོའི་རྐྱེན་ལ་བརྟེན།།","KT":"ྱེད་ཀྱིས་ཕ་རོལ་དགྲ་བོའི་རྐྱེན་ལ་བརྟེན།། ","CT":"ྱེད་ཀྱིས་ཕ་རོལ་དགྲ་བོའི་རྐྱེན་ལ་བརྟེན།།"}}],[{"phrase":{"AT":" ནུ་ཞོ་འཐུང་བའི་ཕྲུ་གུའི་ངག་ལ་ཡང་།།","KT":"ནུ་ཞོ་འཐུང་བའི་ཕྲུ་གུའི་ངག་ལ་ཡང་།། ","CT":" ནུ་ཞོ་འཐུང་བའི་ཕྲུ་གུའི་ངག་ལ་ཡང་།།"}}],[{"phrase":{"AT":" བྱིན་རླབས་ཆེན་པོ་གནང་བའི་དབང་གིས་ནི།།","KT":"བྱིན་རླབས་ཆེན་པོ་གནང་བའི་དབང་གིས་ནི།། ","CT":" བྱིན་རླབས་ཆེན་པོ་གནང་བའི་དབང་གིས་ནི།།"}}],[{"phrase":{"AT":" དགྲ་དང་འཁོན་ལན་སློག་པའི་སྨྲ་སྒོ་བཅད།།","KT":"དགྲ་དང་འཁོན་ལན་སློག་པའི་སྨྲ་སྒོ་བཅད།། ","CT":" དགྲ་དང་འཁོན་ལན་སློག་པའི་སྨྲ་སྒོ་བཅད།།"}}]],"label":"verse 2","id":2},{"line":[[{"phrase":{"AT":"ྱེད་ཀྱིས་མཛུབ་མོས་ནམ་མཁའ་ལེགས་བསྐྲུན་ཞིང་།།","KT":"ྱེད་ཀྱིས་མཛུབ་མོས་ནམ་མཁའ་ལེགས་བསྐྲུན་ཞིང་།། ","CT":"ྱེད་ཀྱིས་མཛུབ་མོས་ནམ་མཁའ་ལེགས་བསྐྲུན་ཞིང་།།"}}],[{"phrase":{"AT":" ཟླ་བ་སྐར་མ་མཛད་པ་ངས་མཐོང་སྟེ།།","KT":"ཟླ་བ་སྐར་མ་མཛད་པ་ངས་མཐོང་སྟེ།། ","CT":" ཟླ་བ་སྐར་མ་མཛད་པ་ངས་མཐོང་སྟེ།།"}}]],"label":"verse 3","id":3},{"line":[[{"phrase":{"AT":"ྱེ་ཀྱེ་མགོ་ནག་མི་ནི་ཅི་འདྲ་ཙམ།།","KT":"ྱེ་ཀྱེ་མགོ་ནག་མི་ནི་ཅི་འདྲ་ཙམ།། ","CT":"ྱེ་ཀྱེ་མགོ་ནག་མི་ནི་ཅི་འདྲ་ཙམ།།"}}],[{"phrase":{"AT":" ཁྱེད་ཀྱིས་མི་རྣམས་སེམས་སུ་བཟུང་དོན་ཅི།།","KT":"ཁྱེད་ཀྱིས་མི་རྣམས་སེམས་སུ་བཟུང་དོན་ཅི།། ","CT":" ཁྱེད་ཀྱིས་མི་རྣམས་སེམས་སུ་བཟུང་དོན་ཅི།།"}}]],"label":"verse 4","id":4},{"line":[[{"phrase":{"AT":"ྱེད་ཀྱིས་རང་ཉིད་ལ་ནི་བསྡུར་བ་ན།།","KT":"ྱེད་ཀྱིས་རང་ཉིད་ལ་ནི་བསྡུར་བ་ན།། ","CT":"ྱེད་ཀྱིས་རང་ཉིད་ལ་ནི་བསྡུར་བ་ན།།"}}],[{"phrase":{"AT":" མི་ནི་ཅུང་ཙམ་དམའ་བར་མཛད་པ་དང་།།","KT":"མི་ནི་ཅུང་ཙམ་དམའ་བར་མཛད་པ་དང་།། ","CT":" མི་ནི་ཅུང་ཙམ་དམའ་བར་མཛད་པ་དང་།།"}}],[{"phrase":{"AT":" མི་ལ་གཟི་བྱིན་གནང་སྟེ་གཙུག་རྒྱན་གྱུར།།","KT":"མི་ལ་གཟི་བྱིན་གནང་སྟེ་གཙུག་རྒྱན་གྱུར།། ","CT":" མི་ལ་གཟི་བྱིན་གནང་སྟེ་གཙུག་རྒྱན་གྱུར།།"}}]],"label":"verse 5","id":5},{"line":[[{"phrase":{"AT":",7,8 ཁྱེད་ཀྱིས་དངོས་སུ་མཛད་པའི་དངོས་པོ་སྟེ།།","KT":"ndefined6,7,8 ཁྱེད་ཀྱིས་དངོས་སུ་མཛད་པའི་དངོས་པོ་སྟེ།། ","CT":",7,8 ཁྱེད་ཀྱིས་དངོས་སུ་མཛད་པའི་དངོས་པོ་སྟེ།།"}}],[{"phrase":{"AT":" རྟ་ནོར་ལུག་དང་སྤང་གི་རི་དྭགས་དང་།།","KT":"རྟ་ནོར་ལུག་དང་སྤང་གི་རི་དྭགས་དང་།། ","CT":" རྟ་ནོར་ལུག་དང་སྤང་གི་རི་དྭགས་དང་།།"}}],[{"phrase":{"AT":" ནམ་མཁའི་བྱ་དང་རྒྱ་མཚོའི་ཉ་རིགས་དང་།།","KT":"ནམ་མཁའི་བྱ་དང་རྒྱ་མཚོའི་ཉ་རིགས་དང་།། ","CT":" ནམ་མཁའི་བྱ་དང་རྒྱ་མཚོའི་ཉ་རིགས་དང་།།"}}],[{"phrase":{"AT":" མཚོ་ལམ་བརྒྱུད་ནས་འགྲོ་བ་ལ་སོགས་པ།།","KT":"མཚོ་ལམ་བརྒྱུད་ནས་འགྲོ་བ་ལ་སོགས་པ།། ","CT":" མཚོ་ལམ་བརྒྱུད་ནས་འགྲོ་བ་ལ་སོགས་པ།།"}}],[{"phrase":{"AT":" འཇིག་རྟེན་མི་ཡི་དབང་དུ་འཇུག་པར་མཛད།།","KT":"འཇིག་རྟེན་མི་ཡི་དབང་དུ་འཇུག་པར་མཛད།། ","CT":" འཇིག་རྟེན་མི་ཡི་དབང་དུ་འཇུག་པར་མཛད།།"}}]],"label":"verse 6","id":6},{"line":[[{"phrase":{"AT":"ཡ་ཧོ་ཝཱ་ཁྱེད་ངེད་ཀྱི་གཙོ་བོ་ལགས།།","KT":"ཡ་ཧོ་ཝ་ཁྱེད་ངེད་ཀྱི་གཙོ་བོ་ལགས།། ","CT":"ཡ་ཧོ་ཝཱ་ཁྱེད་ངེད་ཀྱི་གཙོ་བོ་ལགས།།"}}],[{"phrase":{"AT":" ཁྱེད་ཀྱི་མཚན་སྙན་འཇིག་རྟེན་ཡོངས་སུ་ཁྱབ།།","KT":"ཁྱེད་ཀྱི་མཚན་སྙན་འཇིག་རྟེན་ཡོངས་སུ་ཁྱབ།། ","CT":" ཁྱེད་ཀྱི་མཚན་སྙན་འཇིག་རྟེན་ཡོངས་སུ་ཁྱབ།།"}}]],"label":"verse 7","id":7}]},"metadata":[]}