{"title":{"AT":"S84.  གསུང་མགུར་གྱ་བཞི་པ།","KT":"S84.  གསུང་མགུར་གྱ་བཞི་པ། ","CT":"S84.  གསུང་མགུར་བརྒྱད་ཅུ་གྱ་བཞི་པ།"},"author":"*","key":"*","lyrics":{"Verse":[{"line":[[{"phrase":{"AT":"༼བྱིན་རླབས་དང་བསྟོད་བསྔགས།༽","KT":"༼བྱིན་རླབས་དང་བསྟོད་བསྔགས།༽ ","CT":"༼བྱིན་རླབས་དང་བསྟོད་བསྔགས།༽"}}],[{"phrase":{"AT":"ཡ་ཧོ་ཝཱ་སྟེ་དཀོན་མཆོག་ཀུན་དབང་ལགས།།","KT":"ཡ་ཧོ་ཝ་སྟེ་དཀོན་མཆོག་ཀུན་དབང་ལགས།། ","CT":"ཡ་ཧོ་ཝཱ་སྟེ་དཀོན་མཆོག་ཀུན་དབང་ལགས།།"}}],[{"phrase":{"AT":" ཁྱེད་ཀྱི་བཞུགས་གནས་ཇི་འདྲའི་མཛེས་པ་ལ།།","KT":"ཁྱེད་ཀྱི་བཞུགས་གནས་ཇི་འདྲའི་མཛེས་པ་ལ།། ","CT":" ཁྱེད་ཀྱི་བཞུགས་གནས་ཇི་འདྲའི་མཛེས་པ་ལ།།"}}]],"label":"verse 1","id":1},{"line":[[{"phrase":{"AT":"ྱེད་ཀྱི་ར་བ་ལ་ནི་བདག་སེམས་ཤོར།།","KT":"ྱེད་ཀྱི་ར་བ་ལ་ནི་བདག་སེམས་ཤོར།། ","CT":"ྱེད་ཀྱི་ར་བ་ལ་ནི་བདག་སེམས་ཤོར།།"}}],[{"phrase":{"AT":" གཏན་དུ་གསོན་པོར་བཞུགས་པའི་དཀོན་མཆོག་ལ།།","KT":"གཏན་དུ་གསོན་པོར་བཞུགས་པའི་དཀོན་མཆོག་ལ།། ","CT":" གཏན་དུ་གསོན་པར་བཞུགས་པའི་དཀོན་མཆོག་ལ།།"}}],[{"phrase":{"AT":" ང་ཡི་ལུས་སེམས་གཉིས་ཀྱིས་བསྟོད་དབྱངས་ཕུལ།།","KT":"ང་ཡི་ལུས་སེམས་གཉིས་ཀྱིས་བསྟོད་དབྱངས་ཕུལ།། ","CT":" ང་ཡི་ལུས་སེམས་གཉིས་ཀྱིས་བསྟོད་དབྱངས་ཕུལ།།"}}]],"label":"verse 2","id":2},{"line":[[{"phrase":{"AT":"ཡ་ཧོ་ཝཱ་སྟེ་དཀོན་མཆོག་ཀུན་དབང་ལགས།།","KT":"ཡ་ཧོ་ཝ་སྟེ་དཀོན་མཆོག་ཀུན་དབང་ལགས།། ","CT":"ཡ་ཧོ་ཝཱ་སྟེ་དཀོན་མཆོག་ཀུན་དབང་ལགས།།"}}],[{"phrase":{"AT":" བདག་གི་རྒྱལ་པོ་བདག་གི་དཀོན་མཆོག་སྟེ།།","KT":"བདག་གི་རྒྱལ་པོ་བདག་གི་དཀོན་མཆོག་སྟེ།། ","CT":" བདག་གི་རྒྱལ་པོ་བདག་གི་དཀོན་མཆོག་སྟེ།།"}}],[{"phrase":{"AT":" ཁྱེད་ཀྱི་མཆོད་ཁྲིའི་སྟེང་དུ་ཁང་བྱེའུ་དང་།།","KT":"ཁྱེད་ཀྱི་མཆོད་ཁྲིའི་སྟེང་དུ་ཁང་བྱེའུ་དང་།། ","CT":" ཁྱེད་ཀྱི་མཆོད་ཁྲིའི་སྟེང་དུ་ཁང་བྱེའུ་དང་།།"}}],[{"phrase":{"AT":" ཁུག་རྟ་སོགས་ཀྱིས་བྱེའུ་ཚང་བཟོ་བ་བཞིན།།","KT":"ཁུག་རྟ་སོགས་ཀྱིས་བྱེའུ་ཚང་བཟོ་བ་བཞིན།། ","CT":" ཁུག་རྟ་སོགས་ཀྱིས་བྱེའུ་ཚང་བཟོ་བ་བཞིན།།"}}]],"label":"verse 3","id":3},{"line":[[{"phrase":{"AT":"ྱེད་ཀྱི་གདན་ས་གང་དུ་སྡོད་མཁན་ལ།།","KT":"ྱེད་ཀྱི་གདན་ས་གང་དུ་སྡོད་མཁན་ལ།། ","CT":"ྱེད་ཀྱི་གདན་ས་གང་དུ་སྡོད་མཁན་ལ།།"}}],[{"phrase":{"AT":" བྱིན་རླབས་ཆེ་ཞིང་ཀུན་གྱིས་ཁྱེད་རང་བསྟོད།།","KT":"བྱིན་རླབས་ཆེ་ཞིང་ཀུན་གྱིས་ཁྱེད་རང་བསྟོད།། ","CT":" བྱིན་རླབས་ཆེ་ཞིང་ཀུན་གྱིས་ཁྱེད་རང་བསྟོད།།"}}]],"label":"verse 4","id":4},{"line":[[{"phrase":{"AT":"ྱེད་ལ་བརྟེན་ན་མཐུ་སྟོབས་ཤིན་ཏུ་ཆེ།།","KT":"ྱེད་ལ་བརྟེན་ན་མཐུ་སྟོབས་ཤིན་ཏུ་ཆེ།། ","CT":"ྱེད་ལ་བརྟེན་ན་མཐུ་སྟོབས་ཤིན་ཏུ་ཆེ།།"}}],[{"phrase":{"AT":" སེམས་ཀྱི་གཏིང་ནས་ཛཱ་ཡན་མཇལ་མཁན་ལ།།","KT":"སེམས་ཀྱི་གཏིང་ནས་ཛཱ་ཡན་མཇལ་མཁན་ལ།། ","CT":" སེམས་ཀྱི་གཏིང་ནས་ཛཱ་ཡན་མཇལ་མཁན་ལ།།"}}],[{"phrase":{"AT":" བྱིན་རླབས་ཆེ་ཞིང་དགའ་སྤྲོའི་བདེ་བས་ཁྱབ།།","KT":"བྱིན་རླབས་ཆེ་ཞིང་དགའ་སྤྲོའི་བདེ་བས་ཁྱབ།། ","CT":" བྱིན་རླབས་ཆེ་ཞིང་དགའ་སྤྲོའི་བདེ་བས་ཁྱབ།།"}}]],"label":"verse 5","id":5},{"line":[[{"phrase":{"AT":"མཆི་མའི་ལུང་བ་བརྒྱུད་ནས་འགྲོ་བ་ན།།","KT":"མཆི་མའི་ལུང་བ་བརྒྱུད་ནས་འགྲོ་བ་ན།། ","CT":"མཆི་མའི་ལུང་བ་བརྒྱུད་ནས་འགྲོ་བ་ན།།"}}],[{"phrase":{"AT":" དེ་ལ་ཆུ་མགོའི་ལུང་བ་ཞེས་ཀྱང་ཟེར།།","KT":"དེ་ལ་ཆུ་མགོའི་ལུང་བ་ཞེས་ཀྱང་ཟེར།། ","CT":" དེ་ལ་ཆུ་མགོའི་ལུང་བ་ཞེས་ཀྱང་ཟེར།།"}}],[{"phrase":{"AT":" སྟོན་ཁའི་ཆར་བས་ལུང་བ་ཡོངས་སུ་བརྒྱན།།","KT":"སྟོན་ཁའི་ཆར་བས་ལུང་བ་ཡོངས་སུ་བརྒྱན།། ","CT":" སྟོན་ཁའི་ཆར་བས་ལུང་བ་ཡོངས་སུ་བརྒྱན།།"}}]],"label":"verse 6","id":6},{"line":[[{"phrase":{"AT":"ཛཱ་ཡན་ཡུལ་དུ་འགྲོ་བཞིན་སྟོབས་ཤུགས་རྒྱས།།","KT":"ཛཱ་ཡན་ཡུལ་དུ་འགྲོ་བཞིན་སྟོབས་ཤུགས་རྒྱས།། ","CT":"ཛཱ་ཡན་ཡུལ་དུ་འགྲོ་བཞིན་སྟོབས་ཤུགས་རྒྱས།།"}}],[{"phrase":{"AT":" དཀོན་མཆོག་ལ་ནི་མཇལ་བའི་སྐལ་བ་ཐོབ།།","KT":"དཀོན་མཆོག་ལ་ནི་མཇལ་བའི་སྐལ་བ་ཐོབ།། ","CT":" དཀོན་མཆོག་ལ་ནི་མཇལ་བའི་སྐལ་བ་ཐོབ།།"}}]],"label":"verse 7","id":7},{"line":[[{"phrase":{"AT":"ཡ་ཧོ་ཝཱ་སྟེ་དཀོན་མཆོག་ཀུན་དབང་ལགས།།","KT":"ཡ་ཧོ་ཝ་སྟེ་དཀོན་མཆོག་ཀུན་དབང་ལགས།། ","CT":"ཡ་ཧོ་ཝཱ་སྟེ་དཀོན་མཆོག་ཀུན་དབང་ལགས།།"}}],[{"phrase":{"AT":" བདག་གི་གསོལ་འདེབས་ལ་ནི་གསན་པར་ཞུ།།","KT":"བདག་གི་གསོལ་འདེབས་ལ་ནི་གསན་པར་ཞུ།། ","CT":" བདག་གི་གསོལ་འདེབས་ལ་ནི་གསན་པར་ཞུ།།"}}],[{"phrase":{"AT":" ཡ་ཀོབ་ཉིད་ཀྱི་དཀོན་མཆོག་ཀུན་དབང་ལགས།།","KT":"ཡ་ཀོབ་ཉིད་ཀྱི་དཀོན་མཆོག་ཀུན་དབང་ལགས།། ","CT":" ཡ་ཀོབ་ཉིད་ཀྱི་དཀོན་མཆོག་ཀུན་དབང་ལགས།།"}}],[{"phrase":{"AT":" ཁྱེད་ཀྱིས་ནན་ཏན་ངང་ནས་གསན་པར་མཛོད།།","KT":"ཁྱེད་ཀྱིས་ནན་ཏན་ངང་ནས་གསན་པར་མཛོད།། ","CT":" ཁྱེད་ཀྱིས་ནན་ཏན་ངང་ནས་གསན་པར་མཛོད།།"}}]],"label":"verse 8","id":8},{"line":[[{"phrase":{"AT":"དཀོན་མཆོག་ལགས་དང་ངེད་ཀྱི་སྐྱབས་མགོན་ལགས།།","KT":"དཀོན་མཆོག་ལགས་དང་ངེད་ཀྱི་སྐྱབས་མགོན་ལགས།། ","CT":"དཀོན་མཆོག་ལགས་དང་ངེད་ཀྱི་སྐྱབས་མགོན་ལགས།།"}}],[{"phrase":{"AT":" ཁྱེད་ཀྱིས་བྱུགས་པའི་གདོང་ལ་གཟིགས་པར་མཛོད།།","KT":"ཁྱེད་ཀྱིས་བྱུགས་པའི་གདོང་ལ་གཟིགས་པར་མཛོད།། ","CT":" ཁྱེད་ཀྱིས་བྱུགས་པའི་གདོང་ལ་གཟིགས་པར་མཛོད།།"}}]],"label":"verse 9","id":9},{"line":[[{"phrase":{"AT":"0 ཁྱེད་ཀྱི་ར་བར་ཉིན་གཅིག་བསྡད་ན་ཡང་།།","KT":"0 ཁྱེད་ཀྱི་ར་བར་ཉིན་གཅིག་བསྡད་ན་ཡང་།། ","CT":"0 ཁྱེད་ཀྱི་ར་བར་ཉིན་གཅིག་བསྡད་ན་ཡང་།།"}}],[{"phrase":{"AT":" གཞན་དུ་ཉིན་ཞག་སྟོང་ཕྲག་བསྡད་པས་ལེགས།།","KT":"གཞན་དུ་ཉིན་ཞག་སྟོང་ཕྲག་བསྡད་པས་ལེགས།། ","CT":" གཞན་དུ་ཉིན་ཞག་སྟོང་ཕྲག་བསྡད་པས་ལེགས།།"}}],[{"phrase":{"AT":" བདག་ནི་སྡིག་པའི་གུར་དུ་སྡོད་པ་ལས།།","KT":"བདག་ནི་སྡིག་པའི་གུར་དུ་སྡོད་པ་ལས།། ","CT":" བདག་ནི་སྡིག་པའི་གུར་དུ་སྡོད་པ་ལས།།"}}],[{"phrase":{"AT":" ཁྱེད་ཀྱི་གདན་སའི་སྒོ་ཁར་སྡོད་པ་དགའ།།","KT":"ཁྱེད་ཀྱི་གདན་སའི་སྒོ་ཁར་སྡོད་པ་དགའ།། ","CT":" ཁྱེད་ཀྱི་གདན་སའི་སྒོ་ཁར་སྡོད་པ་དགའ།།"}}]],"label":"verse 10","id":10},{"line":[[{"phrase":{"AT":"ཡ་ཧོ་ཝཱ་སྟེ་དཀོན་མཆོག་ཀུན་དབང་ནི།།","KT":"ཡ་ཧོ་ཝ་སྟེ་དཀོན་མཆོག་ཀུན་དབང་ནི།། ","CT":"ཡ་ཧོ་ཝཱ་སྟེ་དཀོན་མཆོག་ཀུན་དབང་ནི།།"}}],[{"phrase":{"AT":" ཁྲི་གདུགས་ཉི་མ་བཞིན་དང་སྐྱབས་མགོན་ལགས།།","KT":"ཁྲི་གདུགས་ཉི་མ་བཞིན་དང་སྐྱབས་མགོན་ལགས།། ","CT":" ཁྲི་གདུགས་ཉི་མ་བཞིན་དང་སྐྱབས་མགོན་ལགས།།"}}],[{"phrase":{"AT":" ཐུགས་རྗེ་དང་ནི་གཟི་བརྗིད་གནང་བར་འགྱུར།།","KT":"ཐུགས་རྗེ་དང་ནི་གཟི་བརྗིད་གནང་བར་འགྱུར།། ","CT":" ཐུགས་རྗེ་དང་ནི་གཟི་བརྗིད་གནང་བར་འགྱུར།།"}}],[{"phrase":{"AT":" ཁོང་གིས་དྲང་པོར་སྒྲུབ་པའི་མི་རྣམས་ལ།།","KT":"ཁོང་གིས་དྲང་པོར་སྒྲུབ་པའི་མི་རྣམས་ལ།། ","CT":" ཁོང་གིས་དྲང་པོར་སྒྲུབ་པའི་མི་རྣམས་ལ།།"}}],[{"phrase":{"AT":" དོན་དག་ལེགས་པོ་མི་གནང་ཅི་ཡང་མེད།།","KT":"དོན་དག་ལེགས་པོ་མི་གནང་ཅི་ཡང་མེད།། ","CT":" དོན་དག་ལེགས་པོ་མི་གནང་ཅི་ཡང་མེད།།"}}]],"label":"verse 11","id":11},{"line":[[{"phrase":{"AT":"ཡ་ཧོ་ཝཱ་སྟེ་དཀོན་མཆོག་ཀུན་དབང་ལགས།།","KT":"ཡ་ཧོ་ཝ་སྟེ་དཀོན་མཆོག་ཀུན་དབང་ལགས།། ","CT":"ཡ་ཧོ་ཝཱ་སྟེ་དཀོན་མཆོག་ཀུན་དབང་ལགས།།"}}],[{"phrase":{"AT":" ཁྱེད་ལ་ཡིད་རྟོན་བྱས་ན་བྱིན་རླབས་ཆེ།།","KT":"ཁྱེད་ལ་ཡིད་རྟོན་བྱས་ན་བྱིན་རླབས་ཆེ།། ","CT":" ཁྱེད་ལ་ཡིད་རྟོན་བྱས་ན་བྱིན་རླབས་ཆེ།།"}}]],"label":"verse 12","id":12}]},"metadata":[]}