{"title":{"AT":"S91.  གསུང་མགུར་གོ་གཅིག་པ།","KT":"undefinedS91.  གསུང་མགུར་གོ་གཅིག་པ། ","CT":"S91.  གསུང་མགུར་དགུ་བཅུ་གོ་གཅིག་པ།"},"author":"*","key":"*","lyrics":{"Verse":[{"line":[[{"phrase":{"AT":"༼དཀོན་མཆོག་ཀུན་དབང་གི་གྲིབ་བསིལ།༽","KT":"༼དཀོན་མཆོག་ཀུན་དབང་གི་གྲིབ་བསིལ།༽ ","CT":"༼དཀོན་མཆོག་ཀུན་དབང་གི་གྲིབ་བསིལ།༽"}}],[{"phrase":{"AT":"བླ་ན་མེད་པའི་དཀོན་མཆོག་ལ།།","KT":"བླ་ན་མེད་པའི་དཀོན་མཆོག་ལ།། ","CT":"བླ་ན་མེད་པའི་དཀོན་མཆོག་ལ།།"}}],[{"phrase":{"AT":" སྐྱབས་སུ་འགྲོ་མཁན་ཐམས་ཅད་ནི།།","KT":"སྐྱབས་སུ་འགྲོ་མཁན་ཐམས་ཅད་ནི།། ","CT":" སྐྱབས་སུ་འགྲོ་མཁན་ཐམས་ཅད་ནི།།"}}],[{"phrase":{"AT":" སྐྱབས་མགོན་དཀོན་མཆོག་ཀུན་དབང་གི།","KT":"སྐྱབས་མགོན་དཀོན་མཆོག་ཀུན་དབང་གི། ","CT":" སྐྱབས་མགོན་དཀོན་མཆོག་ཀུན་དབང་གི།"}}],[{"phrase":{"AT":" གྲིབ་བསིལ་འོག་ཏུ་སྡོད་པར་འགྱུར།།","KT":"གྲིབ་བསིལ་འོག་ཏུ་སྡོད་པར་འགྱུར།། ","CT":" གྲིབ་བསིལ་འོག་ཏུ་སྡོད་པར་འགྱུར།།"}}]],"label":"verse 1","id":1},{"line":[[{"phrase":{"AT":"བདག་གིས་ཁོང་ལ་འདི་སྐད་དུ།།","KT":"བདག་གིས་ཁོང་ལ་འདི་སྐད་དུ།། ","CT":"བདག་གིས་ཁོང་ལ་འདི་སྐད་དུ།།"}}],[{"phrase":{"AT":" ཁྱེད་ནི་བདག་གི་སྐྱབས་གནས་དང་།།","KT":"ཁྱེད་ནི་བདག་གི་སྐྱབས་གནས་དང་།། ","CT":" ཁྱེད་ནི་བདག་གི་སྐྱབས་གནས་དང་།།"}}],[{"phrase":{"AT":" མཁར་གྲོང་དང་ནི་དཀོན་མཆོག་དང་།།","KT":"མཁར་གྲོང་དང་ནི་དཀོན་མཆོག་དང་།། ","CT":" མཁར་གྲོང་དང་ནི་དཀོན་མཆོག་དང་།།"}}],[{"phrase":{"AT":" བདག་གི་རྟེན་གཞི་ཡིན་ཞེས་སྨྲ།།","KT":"བདག་གི་རྟེན་གཞི་ཡིན་ཞེས་སྨྲ།། ","CT":" བདག་གི་རྟེན་གཞི་ཡིན་ཞེས་སྨྲ།།"}}]],"label":"verse 2","id":2},{"line":[[{"phrase":{"AT":"ོང་གིས་འདབ་ཆགས་འཛིན་མཁན་གྱི།།","KT":"ོང་གིས་འདབ་ཆགས་འཛིན་མཁན་གྱི།། ","CT":"ོང་གིས་འདབ་ཆགས་འཛིན་མཁན་གྱི།།"}}],[{"phrase":{"AT":" རྙི་ལས་ཁྱོད་ནི་ཐར་བ་དང་།།","KT":"རྙི་ལས་ཁྱོད་ནི་ཐར་བ་དང་།། ","CT":" རྙི་ལས་ཁྱོད་ནི་ཐར་བ་དང་།།"}}],[{"phrase":{"AT":" རིམས་ནད་སོགས་ལས་སྐྱོབ་པར་འགྱུར།།","KT":"རིམས་ནད་སོགས་ལས་སྐྱོབ་པར་འགྱུར།། ","CT":" རིམས་ནད་སོགས་ལས་སྐྱོབ་པར་འགྱུར།།"}}]],"label":"verse 3","id":3},{"line":[[{"phrase":{"AT":"ོང་གིས་རང་གི་བྱ་སྒྲོ་ཡིས།།","KT":"ོང་གིས་རང་གི་བྱ་སྒྲོ་ཡིས།། ","CT":"ོང་གིས་རང་གི་བྱ་སྒྲོ་ཡིས།།"}}],[{"phrase":{"AT":" ཁྱོད་ཀྱི་ལུས་ནི་འགེབས་པར་འགྱུར།།","KT":"ཁྱོད་ཀྱི་ལུས་ནི་འགེབས་པར་འགྱུར།། ","CT":" ཁྱོད་ཀྱི་ལུས་ནི་འགེབས་པར་འགྱུར།།"}}],[{"phrase":{"AT":" ཁྱོད་ནི་ཁོང་གི་གཤོག་འོག་ཏུ།།","KT":"ཁྱོད་ནི་ཁོང་གི་གཤོག་འོག་ཏུ།། ","CT":" ཁྱོད་ནི་ཁོང་གི་གཤོག་འོག་ཏུ།།"}}],[{"phrase":{"AT":" བདེ་བར་སྡོད་པར་འགྱུར་བ་དང་།།","KT":"བདེ་བར་སྡོད་པར་འགྱུར་བ་དང་།། ","CT":" བདེ་བར་སྡོད་པར་འགྱུར་བ་དང་།།"}}],[{"phrase":{"AT":" ཁོང་གི་བདེན་པ་ཕུབ་དང་མཚུངས།།","KT":"ཁོང་གི་བདེན་པ་ཕུབ་དང་མཚུངས།། ","CT":" ཁོང་གི་བདེན་པ་ཕུབ་དང་མཚུངས།།"}}]],"label":"verse 4","id":4},{"line":[[{"phrase":{"AT":"ྱོད་ནི་མཚན་མོའི་འཇིགས་སྣང་དང་།།","KT":"ྱོད་ནི་མཚན་མོའི་འཇིགས་སྣང་དང་།། ","CT":"ྱོད་ནི་མཚན་མོའི་འཇིགས་སྣང་དང་།།"}}],[{"phrase":{"AT":" ཉིན་མོའི་འཕུར་མདར་སྐྲག་མི་དགོས།།","KT":"ཉིན་མོའི་འཕུར་མདར་སྐྲག་མི་དགོས།། ","CT":" ཉིན་མོའི་འཕུར་མདར་སྐྲག་མི་དགོས།།"}}]],"label":"verse 5","id":5},{"line":[[{"phrase":{"AT":"མཚན་མོར་རྒྱུ་བའི་རིམས་ནད་དང་།།","KT":"མཚན་མོར་རྒྱུ་བའི་རིམས་ནད་དང་།། ","CT":"མཚན་མོར་རྒྱུ་བའི་རིམས་ནད་དང་།།"}}],[{"phrase":{"AT":" ཉིན་གུང་ནད་ལའང་འཇིགས་མི་དགོས།།","KT":"ཉིན་གུང་ནད་ལའང་འཇིགས་མི་དགོས།། ","CT":" ཉིན་གུང་ནད་ལའང་འཇིགས་མི་དགོས།།"}}]],"label":"verse 6","id":6},{"line":[[{"phrase":{"AT":"ྱོད་ཀྱི་གཡས་དང་གཡོན་ཕྱོགས་སུ།།","KT":"ྱོད་ཀྱི་གཡས་དང་གཡོན་ཕྱོགས་སུ།། ","CT":"ྱོད་ཀྱི་གཡས་དང་གཡོན་ཕྱོགས་སུ།།"}}],[{"phrase":{"AT":" མི་གྲངས་ཁྲི་སྟོང་འགྱེལ་ན་ཡང་།།","KT":"མི་གྲངས་ཁྲི་སྟོང་འགྱེལ་ན་ཡང་།། ","CT":" མི་གྲངས་ཁྲི་སྟོང་འགྱེལ་ན་ཡང་།།"}}],[{"phrase":{"AT":" རིམས་ནད་ཁྱོད་ལ་འགོས་པ་མེད།།","KT":"རིམས་ནད་ཁྱོད་ལ་འགོས་པ་མེད།། ","CT":" རིམས་ནད་ཁྱོད་ལ་འགོས་པ་མེད།།"}}]],"label":"verse 7","id":7},{"line":[[{"phrase":{"AT":"སྡིག་ཅན་ཁྲིམས་ལ་སྦྱར་བ་ནི།།","KT":"སྡིག་ཅན་ཁྲིམས་ལ་སྦྱར་བ་ནི།། ","CT":"སྡིག་ཅན་ཁྲིམས་ལ་སྦྱར་བ་ནི།།"}}],[{"phrase":{"AT":" ཁྱོད་ཀྱིས་དངོས་སུ་མཐོང་བར་འགྱུར།།","KT":"ཁྱོད་ཀྱིས་དངོས་སུ་མཐོང་བར་འགྱུར།། ","CT":" ཁྱོད་ཀྱིས་དངོས་སུ་མཐོང་བར་འགྱུར།།"}}]],"label":"verse 8","id":8},{"line":[[{"phrase":{"AT":"ཡ་ཧོ་ཝཱ་ནི་བདག་གི་སྐྱབས།།","KT":"ཡ་ཧོ་ཝ་ནི་བདག་གི་སྐྱབས།། ","CT":"ཡ་ཧོ་ཝཱ་ནི་བདག་གི་སྐྱབས།།"}}],[{"phrase":{"AT":" ཁྱོད་ཀྱིས་བླ་མེད་དཀོན་མཆོག་ཉིད།།","KT":"ཁྱོད་ཀྱིས་བླ་མེད་དཀོན་མཆོག་ཉིད།། ","CT":" ཁྱོད་ཀྱིས་བླ་མེད་དཀོན་མཆོག་ཉིད།།"}}],[{"phrase":{"AT":" རང་གི་སྡོད་སའི་གནས་བྱས་པས།།","KT":"རང་གི་སྡོད་སའི་གནས་བྱས་པས།། ","CT":" རང་གི་སྡོད་སའི་གནས་བྱས་པས།།"}}]],"label":"verse 9","id":9},{"line":[[{"phrase":{"AT":"0 ཁྱོད་ལ་བར་ཆད་འབྱུང་མི་སྲིད།།","KT":"0 ཁྱོད་ལ་བར་ཆད་འབྱུང་མི་སྲིད།། ","CT":"0 ཁྱོད་ལ་བར་ཆད་འབྱུང་མི་སྲིད།།"}}],[{"phrase":{"AT":" ཁྱོད་ཀྱི་ཁྱིམ་ལ་གནོད་པ་མེད།།","KT":"ཁྱོད་ཀྱི་ཁྱིམ་ལ་གནོད་པ་མེད།། ","CT":" ཁྱོད་ཀྱི་ཁྱིམ་ལ་གནོད་པ་མེད།།"}}]],"label":"verse 10","id":10},{"line":[[{"phrase":{"AT":"ོང་གིས་ཕོ་ཉར་བཀའ་གནང་སྟེ།།","KT":"ོང་གིས་ཕོ་ཉར་བཀའ་གནང་སྟེ།། ","CT":"ོང་གིས་ཕོ་ཉར་བཀའ་གནང་སྟེ།།"}}],[{"phrase":{"AT":" ཁྱོད་ལ་སྲུང་སྐྱོབ་བྱེད་པར་འགྱུར།།","KT":"ཁྱོད་ལ་སྲུང་སྐྱོབ་བྱེད་པར་འགྱུར།། ","CT":" ཁྱོད་ལ་སྲུང་སྐྱོབ་བྱེད་པར་འགྱུར།།"}}]],"label":"verse 11","id":11},{"line":[[{"phrase":{"AT":"ཕོ་ཉ་དག་གི་ཕྱག་ཟུང་གིས།།","KT":"ཕོ་ཉ་དག་གི་ཕྱག་ཟུང་གིས།། ","CT":"ཕོ་ཉ་དག་གི་ཕྱག་ཟུང་གིས།།"}}],[{"phrase":{"AT":" ཁྱོད་ནི་འདེགས་ཤིང་རྐང་བ་གཉིས།།","KT":"ཁྱོད་ནི་འདེགས་ཤིང་རྐང་བ་གཉིས།། ","CT":" ཁྱོད་ནི་འདེགས་ཤིང་རྐང་བ་གཉིས།།"}}],[{"phrase":{"AT":" རྡོ་ལ་ཐོགས་པར་མི་བྱེད་དོ།།","KT":"རྡོ་ལ་ཐོགས་པར་མི་བྱེད་དོ།། ","CT":" རྡོ་ལ་ཐོགས་པར་མི་བྱེད་དོ།།"}}]],"label":"verse 12","id":12},{"line":[[{"phrase":{"AT":"སེང་གེ་དང་ནི་དུག་སྦྲུལ་གྱི།།","KT":"སེང་གེ་དང་ནི་དུག་སྦྲུལ་གྱི།། ","CT":"སེང་གེ་དང་ནི་དུག་སྦྲུལ་གྱི།།"}}],[{"phrase":{"AT":" ལུས་པོ་སྟེང་དུ་ཁྱོད་འགྲེང་སྟེ།།","KT":"ལུས་པོ་སྟེང་དུ་ཁྱོད་འགྲེང་སྟེ།། ","CT":" ལུས་པོ་སྟེང་དུ་ཁྱོད་འགྲེང་སྟེ།།"}}],[{"phrase":{"AT":" སེང་གེ་དུག་སྦྲུལ་རྫི་བར་བྱ།།","KT":"སེང་གེ་དུག་སྦྲུལ་རྫི་བར་བྱ།། ","CT":" སེང་གེ་དུག་སྦྲུལ་རྫི་བར་བྱ།།"}}]],"label":"verse 13","id":13},{"line":[[{"phrase":{"AT":"དཀོན་མཆོག་ཉིད་ཀྱིས་འདི་སྐད་དུ།།","KT":"དཀོན་མཆོག་ཉིད་ཀྱིས་འདི་སྐད་དུ།། ","CT":"དཀོན་མཆོག་ཉིད་ཀྱིས་འདི་སྐད་དུ།།"}}],[{"phrase":{"AT":" ཁོ་ཡིས་བདག་ལ་གཅེས་པས་ན།།","KT":"ཁོ་ཡིས་བདག་ལ་གཅེས་པས་ན།། ","CT":" ཁོ་ཡིས་བདག་ལ་གཅེས་པས་ན།།"}}],[{"phrase":{"AT":" བདག་གིས་ཁོ་ནི་སྐྱོབ་པར་བྱ།།","KT":"བདག་གིས་ཁོ་ནི་སྐྱོབ་པར་བྱ།། ","CT":" བདག་གིས་ཁོ་ནི་སྐྱོབ་པར་བྱ།།"}}],[{"phrase":{"AT":" ཁོ་ཡིས་བདག་གི་མིང་ཤེས་པས།།","KT":"ཁོ་ཡིས་བདག་གི་མིང་ཤེས་པས།། ","CT":" ཁོ་ཡིས་བདག་གི་མིང་ཤེས་པས།།"}}],[{"phrase":{"AT":" བདག་གིས་ཁོ་ནི་མཐོ་སར་འཇུག།","KT":"བདག་གིས་ཁོ་ནི་མཐོ་སར་འཇུག། ","CT":" བདག་གིས་ཁོ་ནི་མཐོ་སར་འཇུག།"}}]],"label":"verse 14","id":14},{"line":[[{"phrase":{"AT":"ོ་ཡིས་བདག་ལ་ཞུས་པ་ན།།","KT":"ོ་ཡིས་བདག་ལ་ཞུས་པ་ན།། ","CT":"ོ་ཡིས་བདག་ལ་ཞུས་པ་ན།།"}}],[{"phrase":{"AT":" བདག་གིས་ཁོ་ལ་ཁས་ལེན་བྱེད།།","KT":"བདག་གིས་ཁོ་ལ་ཁས་ལེན་བྱེད།། ","CT":" བདག་གིས་ཁོ་ལ་ཁས་ལེན་བྱེད།།"}}],[{"phrase":{"AT":" ཁོ་ལ་དཀའ་སྡུག་ཆེ་བའི་དུས།།","KT":"ཁོ་ལ་དཀའ་སྡུག་ཆེ་བའི་དུས།། ","CT":" ཁོ་ལ་དཀའ་སྡུག་ཆེ་བའི་དུས།།"}}],[{"phrase":{"AT":" བདག་ནི་ཁོ་དང་མཉམ་དུ་ཡོད།།","KT":"བདག་ནི་ཁོ་དང་མཉམ་དུ་ཡོད།། ","CT":" བདག་ནི་ཁོ་དང་མཉམ་དུ་ཡོད།།"}}],[{"phrase":{"AT":" བདག་གིས་ཁོ་ནི་སྐྱོབ་པ་དང་།།","KT":"བདག་གིས་ཁོ་ནི་སྐྱོབ་པ་དང་།། ","CT":" བདག་གིས་ཁོ་ནི་སྐྱོབ་པ་དང་།།"}}],[{"phrase":{"AT":" ཁོ་ལ་བཀུར་སྟི་འཐོབ་པར་བྱ།།","KT":"ཁོ་ལ་བཀུར་སྟི་འཐོབ་པར་བྱ།། ","CT":" ཁོ་ལ་བཀུར་སྟི་འཐོབ་པར་བྱ།།"}}]],"label":"verse 15","id":15},{"line":[[{"phrase":{"AT":"ོ་ལ་ཚེ་ཐག་རིང་བར་བྱེད།།","KT":"ོ་ལ་ཚེ་ཐག་རིང་བར་བྱེད།། ","CT":"ོ་ལ་ཚེ་ཐག་རིང་བར་བྱེད།།"}}],[{"phrase":{"AT":" བདག་གི་ཐར་ལམ་སྟོན་པར་བྱ།།","KT":"བདག་གི་ཐར་ལམ་སྟོན་པར་བྱ།། ","CT":" བདག་གི་ཐར་ལམ་སྟོན་པར་བྱ།།"}}]],"label":"verse 16","id":16}]},"metadata":[]}