{"title":{"AT":"S95.  གསུང་མགུར་གོ་ལྔ་པ།","KT":"S95.  གསུང་མགུར་གོ་ལྔ་པ། ","CT":"S95.  གསུང་མགུར་དགུ་བཅུ་གོ་ལྔ་པ།"},"author":"*","key":"*","lyrics":{"Verse":[{"line":[[{"phrase":{"AT":"༼ཡ་ཧོ་ཝཱ་ལ་བསྟོད་དབྱངས་ཕུལ་བ།༽","KT":"༼ཡ་ཧོ་ཝ་ལ་བསྟོད་དབྱངས་ཕུལ་བ།༽ ","CT":"༼ཡ་ཧོ་ཝཱ་ལ་བསྟོད་དབྱངས་ཕུལ་བ།༽"}}],[{"phrase":{"AT":"ཤོག་ཅིག་ཡ་ཧོ་ཝཱ་ལ་བསྟོད་དབྱངས་ཕུལ།།","KT":"ཤོག་ཅིག་ཡ་ཧོ་ཝ་ལ་བསྟོད་དབྱངས་ཕུལ།། ","CT":"ཤོག་ཅིག་ཡ་ཧོ་ཝཱ་ལ་བསྟོད་དབྱངས་ཕུལ།།"}}],[{"phrase":{"AT":" རང་ཅག་སྐྱོབ་པའི་བྲག་རི་ཆེན་པོ་ལ།།","KT":"རང་ཅག་སྐྱོབ་པའི་བྲག་རི་ཆེན་པོ་ལ།། ","CT":" རང་ཅག་སྐྱོབ་པའི་བྲག་རི་ཆེན་པོ་ལ།།"}}],[{"phrase":{"AT":" དགའ་ཞིང་སྤྲོ་བའི་ཀི་སྒྲ་ཡང་ཡང་སྒྲོགས།།","KT":"དགའ་ཞིང་སྤྲོ་བའི་ཀི་སྒྲ་ཡང་ཡང་སྒྲོགས།། ","CT":" དགའ་ཞིང་སྤྲོ་བའི་ཀི་སྒྲ་ཡང་ཡང་སྒྲོགས།།"}}]],"label":"verse 1","id":1},{"line":[[{"phrase":{"AT":"རང་ཅག་རྣམས་ཀྱིས་ཁོང་ལ་དྲིན་ལན་འཇལ།།","KT":"རང་ཅག་རྣམས་ཀྱིས་ཁོང་ལ་དྲིན་ལན་འཇལ།། ","CT":"རང་ཅག་རྣམས་ཀྱིས་ཁོང་ལ་དྲིན་ལན་མཇལ།།"}}],[{"phrase":{"AT":" སྙན་ཚིག་ལམ་ནས་ཁོང་ལ་བསྔགས་བརྗོད་བྱ།།","KT":"སྙན་ཚིག་ལམ་ནས་ཁོང་ལ་བསྔགས་བརྗོད་བྱ།། ","CT":" སྙན་ཚིག་ལམ་ནས་ཁོང་ལ་བསྔགས་བརྗོད་བྱ།།"}}]],"label":"verse 2","id":2},{"line":[[{"phrase":{"AT":"ཡ་ཧོ་ཝཱ་ནི་དཀོན་མཆོག་ཆེན་པོ་དང་།།","KT":"ཡ་ཧོ་ཝ་ནི་དཀོན་མཆོག་ཆེན་པོ་དང་།། ","CT":"ཡ་ཧོ་ཝཱ་ནི་དཀོན་མཆོག་ཆེན་པོ་དང་།།"}}],[{"phrase":{"AT":" ལྷ་ཚོགས་ཀུན་ལས་རྒྱལ་པོ་ཆེན་པོ་སྟེ།།","KT":"ལྷ་ཚོགས་ཀུན་ལས་རྒྱལ་པོ་ཆེན་པོ་སྟེ།། ","CT":" ལྷ་ཚོགས་ཀུན་ལས་རྒྱལ་པོ་ཆེན་པོ་སྟེ།།"}}],[{"phrase":{"AT":" བླ་ན་འཕགས་ཤིང་ངོ་མཚར་ཆེ་ཕྱིར་རོ།།","KT":"བླ་ན་འཕགས་ཤིང་ངོ་མཚར་ཆེ་ཕྱིར་རོ།། ","CT":" བླ་ན་འཕགས་ཤིང་ངོ་མཚར་ཆེ་ཕྱིར་རོ།།"}}]],"label":"verse 3","id":3},{"line":[[{"phrase":{"AT":"ས་གཞིའི་ནང་སྙིང་ཁོང་གི་ཕྱག་ཏུ་མཆིས།།","KT":"ས་གཞིའི་ནང་སྙིང་ཁོང་གི་ཕྱག་ཏུ་མཆིས།། ","CT":"ས་གཞིའི་ནང་སྙིང་ཁོང་གི་ཕྱག་ཏུ་མཆིས།།"}}],[{"phrase":{"AT":" རི་རྩེ་མཐོན་པོ་དག་ཀྱང་ཁོང་ལ་དབང་།།","KT":"རི་རྩེ་མཐོན་པོ་དག་ཀྱང་ཁོང་ལ་དབང་།། ","CT":" རི་རྩེ་མཐོན་པོ་དག་ཀྱང་ཁོང་ལ་དབང་།།"}}]],"label":"verse 4","id":4},{"line":[[{"phrase":{"AT":"རྒྱ་མཚོ་ཆེན་པོ་ཁོང་ལ་དབང་བ་སྟེ།།","KT":"རྒྱ་མཚོ་ཆེན་པོ་ཁོང་ལ་དབང་བ་སྟེ།། ","CT":"རྒྱ་མཚོ་ཆེན་པོ་ཁོང་ལ་དབང་བ་སྟེ།།"}}],[{"phrase":{"AT":" ཁོང་གིས་དངོས་སུ་བསྐྲུན་པའི་རྒྱ་མཚོ་ལགས།།","KT":"ཁོང་གིས་དངོས་སུ་བསྐྲུན་པའི་རྒྱ་མཚོ་ལགས།། ","CT":" ཁོང་གིས་དངོས་སུ་བསྐྲུན་པའི་རྒྱ་མཚོ་ལགས།།"}}],[{"phrase":{"AT":" སྐམ་ས་ཆེན་པོ་སོགས་ཀྱང་ཁོང་གིས་བསྐྲུན།།","KT":"སྐམ་ས་ཆེན་པོ་སོགས་ཀྱང་ཁོང་གིས་བསྐྲུན།། ","CT":" སྐམ་ས་ཆེན་པོ་སོགས་ཀྱང་ཁོང་གིས་བསྐྲུན།།"}}]],"label":"verse 5","id":5}]},"metadata":[]}