{"title":{"AT":"S96.  གསུང་མགུར་གོ་དྲུག་པ།","KT":"S96.  གསུང་མགུར་གོ་དྲུག་པ། ","CT":"S96.  གསུང་མགུར་དགུ་བཅུ་གོ་དྲུག་པ།"},"author":"*","key":"*","lyrics":{"Verse":[{"line":[[{"phrase":{"AT":"༼ཡ་ཧོ་ཝཱ་ལ་གཟི་བརྗིད་ཐོབ་པ།༽","KT":"༼ཡ་ཧོ་ཝ་ལ་གཟི་བརྗིད་ཐོབ་པ།༽ ","CT":"༼ཡ་ཧོ་ཝཱ་ལ་གཟི་བརྗིད་ཐོབ་པ།༽"}}],[{"phrase":{"AT":"ྱེ་ཀྱེ་ཡ་ཧོ་ཝཱ་ལ་བསྟོད་དབྱངས་གསར་བ་ཕུལ།།","KT":"ྱེ་ཀྱེ་ཡ་ཧོ་ཝ་ལ་བསྟོད་དབྱངས་གསར་པ་ཕུལ།། ","CT":"ྱེ་ཀྱེ་ཡ་ཧོ་ཝཱ་ལ་བསྟོད་དབྱངས་གསར་བ་ཕུལ།།"}}],[{"phrase":{"AT":" མི་རྒྱུད་ཀུན་གྱིས་ཁོང་ལ་བསྟོད་དབྱངས་ཕུལ་ཞིག་ཀྱེ།།","KT":"མི་རྒྱུད་ཀུན་གྱིས་ཁོང་ལ་བསྟོད་དབྱངས་ཕུལ་ཞིག་ཀྱེ།། ","CT":" མི་རྒྱུད་ཀུན་གྱིས་ཁོང་ལ་བསྟོད་དབྱངས་ཕུལ་ཞིག་ཀྱེ།།"}}]],"label":"verse 1","id":1},{"line":[[{"phrase":{"AT":"ོང་ལ་བསྟོད་དབྱངས་ལེན་ཞིང་ཁོང་གི་མཚན་ལ་བསྟོད།།","KT":"ོང་ལ་བསྟོད་དབྱངས་ལེན་ཞིང་ཁོང་གི་མཚན་ལ་བསྟོད།། ","CT":"ོང་ལ་བསྟོད་དབྱངས་ལེན་ཞིང་ཁོང་གི་མཚན་ལ་བསྟོད།།"}}],[{"phrase":{"AT":" ཉིན་མཚན་ཀུན་ཏུ་ཁོང་གི་ཐར་བའི་འཕྲིན་བཟང་སྒྲོགས།།","KT":"ཉིན་མཚན་ཀུན་ཏུ་ཁོང་གི་ཐར་བའི་འཕྲིན་བཟང་སྒྲོགས།། ","CT":" ཉིན་མཚན་ཀུན་ཏུ་ཁོང་གི་ཐར་བའི་འཕྲིན་བཟང་སྒྲོགས།།"}}]],"label":"verse 2","id":2},{"line":[[{"phrase":{"AT":"མི་རིགས་ཡོངས་ལ་ཁོང་གི་གཟི་བརྗིད་སྒྲོག་པར་གྱིས།།","KT":"མི་རིགས་ཡོངས་ལ་ཁོང་གི་གཟི་བརྗིད་སྒྲོག་པར་གྱིས།། ","CT":"མི་རིགས་ཡོངས་ལ་ཁོང་གི་གཟི་བརྗིད་སྒྲོག་པར་གྱིས།།"}}],[{"phrase":{"AT":" མི་རྒྱུད་ཡོངས་ལ་ཁོང་གི་ངོ་མཚར་འཕྲིན་ལས་སྒྲོགས།།","KT":"མི་རྒྱུད་ཡོངས་ལ་ཁོང་གི་ངོ་མཚར་འཕྲིན་ལས་སྒྲོགས།། ","CT":" མི་རྒྱུད་ཡོངས་ལ་ཁོང་གི་ངོ་མཚར་འཕྲིན་ལས་སྒྲོགས།།"}}]],"label":"verse 3","id":3},{"line":[[{"phrase":{"AT":"ཡ་ཧོ་ཝཱ་ནི་ཆེན་པོ་ལས་ཀྱང་ཆེན་པོ་སྟེ།།","KT":"ཡ་ཧོ་ཝ་ནི་ཆེན་པོ་ལས་ཀྱང་ཆེན་པོ་སྟེ།། ","CT":"ཡ་ཧོ་ཝཱ་ནི་ཆེན་པོ་ལས་ཀྱང་ཆེན་པོ་སྟེ།།"}}],[{"phrase":{"AT":" ཁོང་ལ་རྟག་ཏུ་བསྟོད་བསྔགས་ཆེན་པོ་བརྗོད་པར་འོས།།","KT":"ཁོང་ལ་རྟག་ཏུ་བསྟོད་བསྔགས་ཆེན་པོ་བརྗོད་པར་འོས།། ","CT":" ཁོང་ལ་རྟག་ཏུ་བསྟོད་བསྔགས་ཆེན་པོ་བརྗོད་པར་འོས།།"}}],[{"phrase":{"AT":" ཁོང་ནི་ལྷ་ཚོགས་ལས་ཀྱང་བླ་ན་མཐོ་བའི་ཕྱིར།།","KT":"ཁོང་ནི་ལྷ་ཚོགས་ལས་ཀྱང་བླ་ན་མཐོ་བའི་ཕྱིར།། ","CT":" ཁོང་ནི་ལྷ་ཚོགས་ལས་ཀྱང་བླ་ན་མཐོ་བའི་ཕྱིར།།"}}],[{"phrase":{"AT":" མི་རྒྱུད་ཡོངས་ཀྱིས་ཁོང་ལ་དད་གུས་བྱ་འོས་སོ།།","KT":"མི་རྒྱུད་ཡོངས་ཀྱིས་ཁོང་ལ་དད་གུས་བྱ་འོས་སོ།། ","CT":" མི་རྒྱུད་ཡོངས་ཀྱིས་ཁོང་ལ་དད་གུས་བྱ་འོས་སོ།།"}}]],"label":"verse 4","id":4},{"line":[[{"phrase":{"AT":"ཕྱི་ཕྱོགས་མི་ཡི་ལྷ་ནི་སྟོངས་ཤིང་སྟོང་བ་སྟེ།།","KT":"ཕྱི་ཕྱོགས་མི་ཡི་ལྷ་ནི་སྟོངས་ཤིང་སྟོང་བ་སྟེ།། ","CT":"ཕྱི་ཕྱོགས་མི་ཡི་ལྷ་ནི་སྟོངས་ཤིང་སྟོང་བ་སྟེ།།"}}],[{"phrase":{"AT":" ཡ་ཧོ་ཝཱ་ཡིས་འཇིག་རྟེན་དངོས་སུ་བཀོད་པ་ལགས།།","KT":"ཡ་ཧོ་ཝ་ཡིས་འཇིག་རྟེན་དངོས་སུ་བཀོད་པ་ལགས།། ","CT":" ཡ་ཧོ་ཝཱ་ཡིས་འཇིག་རྟེན་དངོས་སུ་བཀོད་པ་ལགས།།"}}]],"label":"verse 5","id":5},{"line":[[{"phrase":{"AT":"ོང་གི་དྲུང་དུ་གཟི་བརྗིད་དང་ནི་གཟི་དཔལ་མངའ།།","KT":"ོང་གི་དྲུང་དུ་གཟི་བརྗིད་དང་ནི་གཟི་དཔལ་མངའ།། ","CT":"ོང་གི་དྲུང་དུ་གཟི་བརྗིད་དང་ནི་གཟི་དཔལ་མཆིས།།"}}],[{"phrase":{"AT":" ཁོང་གི་བཞུགས་པའི་གནས་སུ་མཐུ་དང་མཛེས་སྡུག་མཆིས།།","KT":"ཁོང་གི་བཞུགས་པའི་གནས་སུ་མཐུ་དང་མཛེས་སྡུག་མཆིས།། ","CT":" ཁོང་གི་བཞུགས་པའི་གནས་སུ་མཐུ་དང་མཛེས་སྡུག་མཆིས།།"}}]],"label":"verse 6","id":6},{"line":[[{"phrase":{"AT":"ྱེ་ཀྱེ་འཇིག་རྟེན་ཁམས་ཀྱི་མི་རིགས་ཐམས་ཅད་ཀྱིས།།","KT":"ྱེ་ཀྱེ་འཇིག་རྟེན་ཁམས་ཀྱི་མི་རིགས་ཐམས་ཅད་ཀྱིས།། ","CT":"ྱེ་ཀྱེ་འཇིག་རྟེན་ཁམས་ཀྱི་མི་རིགས་ཐམས་ཅད་ཀྱིས།།"}}],[{"phrase":{"AT":" གཟི་བརྗིད་བླ་ན་མེད་པ་ཁོང་ལ་ཕུལ་བར་ཤོག།","KT":"གཟི་བརྗིད་བླ་ན་མེད་པ་ཁོང་ལ་ཕུལ་བར་ཤོག། ","CT":" གཟི་བརྗིད་བླ་ན་མེད་པ་ཁོང་ལ་ཕུལ་བར་ཤོག།"}}]],"label":"verse 7","id":7},{"line":[[{"phrase":{"AT":"ཡ་ཧོ་ཝཱ་ཡི་མཚན་གྱི་གཟི་བརྗིད་ཁོང་ལ་ཕུལ།།","KT":"ཡ་ཧོ་ཝ་ཡི་མཚན་གྱི་གཟི་བརྗིད་ཁོང་ལ་ཕུལ།། ","CT":"ཡ་ཧོ་ཝཱ་ཡི་མཚན་གྱི་གཟི་བརྗིད་ཁོང་ལ་ཕུལ།།"}}],[{"phrase":{"AT":" མཆོད་རྫས་བཟུང་ནས་ཁོང་གི་ར་བར་སོང་ཞིག་ཀྱེ།","KT":"མཆོད་རྫས་བཟུང་ནས་ཁོང་གི་ར་བར་སོང་ཞིག་ཀྱེ། ","CT":" མཆོད་རྫས་བཟུང་ནས་ཁོང་གི་ར་བར་སོང་ཞིག་ཀྱེ།"}}]],"label":"verse 8","id":8},{"line":[[{"phrase":{"AT":"དམ་པའི་གཟི་རྔམ་ངང་ནས་ཁོང་ལ་བསྟོད་པར་ཤོག།","KT":"དམ་པའི་གཟི་རྔམ་ངང་ནས་ཁོང་ལ་བསྟོད་པར་ཤོག། ","CT":"དམ་པའི་གཟི་རྔམ་ངང་ནས་ཁོང་ལ་བསྟོད་པར་ཤོག།"}}],[{"phrase":{"AT":" འཇིག་རྟེན་མི་ཡིས་ཁོང་ལ་དད་གུས་བྱེད་པར་གྱིས།།","KT":"འཇིག་རྟེན་མི་ཡིས་ཁོང་ལ་དད་གུས་བྱེད་པར་གྱིས།། ","CT":" འཇིག་རྟེན་མི་ཡིས་ཁོང་ལ་དད་གུས་བྱེད་པར་གྱིས།།"}}]],"label":"verse 9","id":9},{"line":[[{"phrase":{"AT":"0 དད་ལྡན་དག་གིས་མི་རྒྱུད་ཡོངས་ལ་འདི་སྐད་དུ།།","KT":"0 དད་ལྡན་དག་གིས་མི་རྒྱུད་ཡོངས་ལ་འདི་སྐད་དུ།། ","CT":"0 དད་ལྡན་དག་གིས་མི་རྒྱུད་ཡོངས་ལ་འདི་སྐད་དུ།།"}}],[{"phrase":{"AT":" ཡ་ཧོ་ཝཱ་ཡིས་རྒྱལ་སྲིད་ཡོངས་སུ་བསྐྱངས་པ་ན།།","KT":"ཡ་ཧོ་ཝ་ཡིས་རྒྱལ་སྲིད་ཡོངས་སུ་བསྐྱངས་པ་ན།། ","CT":" ཡ་ཧོ་ཝཱ་ཡིས་རྒྱལ་སྲིད་ཡོངས་སུ་བསྐྱངས་པ་ན།།"}}],[{"phrase":{"AT":" འཇིག་རྟེན་བདེ་ཞིང་ས་གཞི་བརྟན་ཅིང་གཡོ་བ་མེད།།","KT":"འཇིག་རྟེན་བདེ་ཞིང་ས་གཞི་བརྟན་ཅིང་གཡོ་བ་མེད།། ","CT":" འཇིག་རྟེན་བདེ་ཞིང་ས་གཞི་བརྟན་ཅིང་གཡོ་བ་མེད།།"}}],[{"phrase":{"AT":" ཁོང་གིས་ཕྱོགས་རིས་མེད་པའི་ཉེས་ཆད་གཅོད་པར་ངེས།།","KT":"ཁོང་གིས་ཕྱོགས་རིས་མེད་པའི་ཉེས་ཆད་གཅོད་པར་ངེས།། ","CT":" ཁོང་གིས་ཕྱོགས་རིས་མེད་པའི་ཉེས་ཆད་གཅོད་པར་ངེས།།"}}]],"label":"verse 10","id":10},{"line":[[{"phrase":{"AT":"ནམ་མཁའ་དང་ནི་ས་གཞི་དགའ་ཞིང་སྤྲོ་བར་ཤོག།","KT":"ནམ་མཁའ་དང་ནི་ས་གཞི་དགའ་ཞིང་སྤྲོ་བར་ཤོག། ","CT":"ནམ་མཁའ་དང་ནི་ས་གཞི་དགའ་ཞིང་སྤྲོ་བར་ཤོག།"}}],[{"phrase":{"AT":" རྒྱ་མཚོ་དང་བཅས་ང་རོ་ཡོངས་སུ་སྒྲོག་པར་ཤོག།","KT":"རྒྱ་མཚོ་དང་བཅས་ང་རོ་ཡོངས་སུ་སྒྲོག་པར་ཤོག། ","CT":" རྒྱ་མཚོ་དང་བཅས་ང་རོ་ཡོངས་སུ་སྒྲོག་པར་ཤོག།"}}]],"label":"verse 11","id":11},{"line":[[{"phrase":{"AT":"ས་ཞིང་དང་བཅས་ཐམས་ཅད་དགའ་ཞིང་སྤྲོ་བར་ཤོག།","KT":"ས་ཞིང་དང་བཅས་ཐམས་ཅད་དགའ་ཞིང་སྤྲོ་བར་ཤོག། ","CT":"ས་ཞིང་དང་བཅས་ཐམས་ཅད་དགའ་ཞིང་སྤྲོ་བར་ཤོག།"}}],[{"phrase":{"AT":" ནགས་ཚལ་ཐམས་ཅད་ཁོང་གི་དྲུང་དུ་དགའ་བར་འགྱུར།།","KT":"ནགས་ཚལ་ཐམས་ཅད་ཁོང་གི་དྲུང་དུ་དགའ་བར་འགྱུར།། ","CT":" ནགས་ཚལ་ཐམས་ཅད་ཁོང་གི་དྲུང་དུ་དགའ་བར་འགྱུར།།"}}]],"label":"verse 12","id":12},{"line":[[{"phrase":{"AT":"དེ་ནི་ཉེས་ཆད་གཅོད་པར་ཁོང་ཉིད་ཕེབས་པའི་ཕྱིར།།","KT":"དེ་ནི་ཉེས་ཆད་གཅོད་པར་ཁོང་ཉིད་ཕེབས་པའི་ཕྱིར།། ","CT":"དེ་ནི་ཉེས་ཆད་གཅོད་པར་ཁོང་ཉིད་ཕེབས་པའི་ཕྱིར།།"}}],[{"phrase":{"AT":" འཇིག་རྟེན་ཡོངས་ལ་བདེན་པའི་ཁྲིམས་ཐག་གཅོད་པ་དང་།།","KT":"འཇིག་རྟེན་ཡོངས་ལ་བདེན་པའི་ཁྲིམས་ཐག་གཅོད་པ་དང་།། ","CT":" འཇིག་རྟེན་ཡོངས་ལ་བདེན་པའི་ཁྲིམས་ཐག་གཅོད་པ་དང་།།"}}],[{"phrase":{"AT":" མི་རྒྱུད་ཡོངས་ལ་ཉེས་ཆད་ཡང་དག་གཅོད་པར་འགྱུར།།","KT":"མི་རྒྱུད་ཡོངས་ལ་ཉེས་ཆད་ཡང་དག་གཅོད་པར་འགྱུར།། ","CT":" མི་རྒྱུད་ཡོངས་ལ་ཉེས་ཆད་ཡང་དག་གཅོད་པར་འགྱུར།།"}}]],"label":"verse 13","id":13}]},"metadata":[]}