{"index":13,"line1":".2.ཀྱེ། མི་རིགས་ཀུན། ","line2":"2. ཀྱེ། མི་རིགས་ཀུན། ","line3":"2.ཀྱེ། མི་རིགས་ཀུན། "}{"index":0,"line1":"﻿.1.ཀྱེ། དཀོན་མཆོག","line2":"﻿1. ཀྱེ། དཀོན་མཆོག ","line3":"﻿1.དཀོན་མཆོག"}{"index":32,"line1":".4.དཀོན་མཆོག་གི་དྲུང་དུ་ལོག","line2":"4. དཀོན་མཆོག་གི་དྲུང་དུ་ལོག ","line3":"4.དཀོན་མཆོག་གི་དྲུང་དུ་ལོག"}{"index":80,"line1":".6.དཀོན་མཆོག་ལ་དགའ་བར་ཤོག","line2":"6. དཀོན་མཆོག་ལ་དགའ་བར་ཤོག ","line3":"6.དཀོན་མཆོག་ལ་དགའ་བར་ཤོག"}{"index":62,"line1":".5.དཀོན་མཆོག་གིས་ཉིད་ཀྱི་སྲས་གནང་།","line2":"5. དཀོན་མཆོག་གིས་ཉིད་ཀྱི་སྲས་གནང་། ","line3":"5.དཀོན་མཆོག་གིས་ཉིད་ཀྱི་སྲས་གནང་།"}{"index":102,"line1":".8.སྐྱབས་མགོན་གཙོ་བོ་ཡེ་ཤུ། ༡","line2":"8. སྐྱབས་མགོན་གཙོ་བོ་ཡེ་ཤུ། ༡ ","line3":"8.སྐྱབས་མགོན་གཙོ་བོ་ཡེ་ཤུ། ༡"}{"index":20,"line1":".3.དཀོན་མཆོག་བཀའ་དྲིན་ཆེན་པོ།","line2":"3. དཀོན་མཆོག་བཀའ་དྲིན་ཆེན་པོ། ","line3":"3.དཀོན་མཆོག་བཀའ་དྲིན་ཆེན་པོ།"}{"index":84,"line1":".7.དཀོན་མཆོག་ཡ་དཀོན་མཆོག","line2":"7. དཀོན་མཆོག་ཡ་དཀོན་མཆོག ","line3":"7.དཀོན་མཆོག་ཡ་དཀོན་མཆོག"}{"index":124,"line1":".9.སྐྱབས་མགོན་གཙོ་བོ་ཡེ་ཤུ། ༢","line2":"9. སྐྱབས་མགོན་གཙོ་བོ་ཡེ་ཤུ། ༢ ","line3":"9.སྐྱབས་མགོན་གཙོ་བོ་ཡེ་ཤུ། ༢"}{"index":142,"line1":".10.སྐྱིད་གླུ་ལོངས་ཤིག","line2":"10. སྐྱིད་གླུ་ལོངས་ཤིག ","line3":"10.སྐྱིད་གླུ་ལེན་ཞིག"}{"index":178,"line1":".11.ཁོང་གཙོ་བོ་ལགས།","line2":"11. ཁོང་གཙོ་བོ་ལགས། ","line3":"11.ཁོང་གཙོ་བོ་ལགས།"}{"index":186,"line1":".12.ཁྱེད་ཀྱིས་གནང་བའི་ཉིན་བཟང་འདི་ལ།","line2":"12. ཁྱེད་ཀྱིས་གནང་བའི་ཉིན་བཟང་འདི་ལ། ","line3":"12.ཁྱེད་ཀྱིས་གནང་བའི་ཉིན་བཟང་འདི་ལ།"}{"index":194,"line1":".13.ཁྱེད་ནི་རྒུན་ཤིང་བདེན་པ།","line2":"13. ཁྱེད་ནི་རྒུན་ཤིང་བདེན་པ། ","line3":"13.ཁྱེད་ནི་རྒུན་ཤིང་བདེན་པ།"}{"index":203,"line1":".14.ཁྱེད་རང་ལ་ཞི་བདེ་ཡོང་བར་ཤོག","line2":"14. ཁྱེད་རང་ལ་ཞི་བདེ་ཡོང་བར་ཤོག ","line3":"14.ཁྱེད་རང་ལ་ཞི་བདེ་ཡོང་བར་ཤོག"}{"index":210,"line1":".15.ཁྱོད་ཀྱིས་ཡེ་ཤུ་ལ་དད་པ་བྱེད་དམ།","line2":"15. ཁྱོད་ཀྱིས་ཡེ་ཤུ་ལ་དད་པ་བྱེད་དམ། ","line3":"15.ཁྱེད་ཡེ་ཤུ་ལ་དད་པ་བྱེད་དམ།"}{"index":232,"line1":".16.ཁྱོད་རང་སྡིག་པའི་ཁལ་ནས། (དབང་ཡོད་དབང་།)","line2":"16. ཁྱོད་རང་སྡིག་པའི་ཁལ་ནས། (དབང་ཡོད་དབང་།)","line3":"16.ཁྱེད་རང་སྡིག་པའི་ཁལ་ནས། (དབང་ཡོད་དབང་།)"}{"index":256,"line1":".17.གངས་རི་དང་གནམ་ལ་བལྟས་ནས།","line2":"17. གངས་རི་དང་གནམ་ལ་བལྟས་ནས། ","line3":"17.གངས་རི་དང་གནམ་ལ་བལྟས་ནས།"}{"index":282,"line1":".18.གྲོགས་པོ་ཁྱེད་ལ།","line2":"18. གྲོགས་པོ་ཁྱེད་ལ། ","line3":"18.གྲོགས་པོ་ཁྱེད་ལ།"}{"index":292,"line1":".19.དགའ་བ་ལ་དང་། དགའ་བ་ལ།","line2":"19. དགའ་བ་ལ་དང་། དགའ་བ་ལ། ","line3":"19.དགའ་བ་ལ་དང་། དགའ་བ་ལ།"}{"index":309,"line1":".20.རྒྱལ་པོ་དང་གཙོ་བོའི་གཙོ་བོ་གཟི་བརྗིད།","line2":"20. རྒྱལ་པོ་དང་གཙོ་བོའི་གཙོ་བོ་གཟི་བརྗིད། ","line3":"20.རྒྱལ་པོ་དང་གཙོ་བོའི་གཙོ་བོ་གཟི་བརྗིད།"}{"index":313,"line1":".21.སྒོ་གཅིག་རང་ཡོད།","line2":"21. སྒོ་གཅིག་རང་ཡོད། ","line3":"21.སྒོ་གཅིག་རང་ཡོད།"}{"index":319,"line1":".22.ངའི་མཉམ་དུ་གཙོ་བོ་ཡ་ཝཱེ་ལ་བསྟོད་པ་འབུལ།","line2":"22. ངའི་མཉམ་དུ་གཙོ་བོ་ཡ་ཝཱེ་ལ་བསྟོད་པ་འབུལ། ","line3":"22.ངའི་མཉམ་དུ་གཙོ་བོ་ཡ་ཝེ་ལ་བསྟོད་པ་ཕུལ།"}{"index":329,"line1":".23.ང་ཚོ་འདི་རུ་འཛོམས་འཛོམས།","line2":"23. ང་ཚོ་འདི་ལ་འཛོམས་འཛོམས། ","line3":"23.ང་ཚོ་འདི་རུ་འཛོམས་འཛོམས།"}{"index":356,"line1":".25.ང་ཚོའི་སྐྱབས་མགོན་ཡེ་ཤུ།","line2":"25. ང་ཚོའི་སྐྱབས་མགོན་ཡེ་ཤུ། ","line3":"25.ང་ཚོའི་སྐྱབས་མགོན་ཡེ་ཤུ།"}{"index":343,"line1":".24.ང་ཚོ་ཡི་སྐྱབས་མགོན་ཡེ་ཤུ་རེད།","line2":"24. ང་ཚོ་ཡི་སྐྱབས་མགོན་ཡེ་ཤུ་རེད། ","line3":"24.ང་ཚོ་ཡི་སྐྱབས་མགོན་ཡེ་ཤུ་ཡིན།"}{"index":396,"line1":".27.ང་ཚོའི་སྙིང་ནས་བརྩེ་བའི།","line2":"27. ང་ཚོའི་སྙིང་ནས་བརྩེ་བའི། ","line3":"27.ང་ཚོའི་སྙིང་ནས་བརྩེ་བའི།"}{"index":374,"line1":".26.ང་ཚོའི་སྐྱབས་མགོན་ཡེ་ཤུ་རེད།","line2":"26. ང་ཚོའི་སྐྱབས་མགོན་ཡེ་ཤུ་རེད། ","line3":"26.ང་ཚོའི་སྐྱབས་མགོན་ཡེ་ཤུ་རེད།"}{"index":422,"line1":".28.ང་ཚོའི་མི་རིགས་སྤུན་ཟླ་རྣམ་པ་ཚོ།","line2":"28. ང་ཚོའི་མི་རིགས་སྤུན་ཟླ་རྣམ་པ་ཚོ། ","line3":"28.ང་ཚོའི་མི་རིགས་སྤུན་ཟླ་རྣམ་པ་ཚོ།"}{"index":434,"line1":".29.ང་ཚོའི་གཙོ་བོ་ཡེ་ཤུ།","line2":"29. ང་ཚོའི་གཙོ་བོ་ཡེ་ཤུ། ","line3":"29.ང་ཚོའི་གཙོ་བོ་ཡེ་ཤུ།"}{"index":443,"line1":".30.ང་ཚོའི་ཡབ་ཆེན་དཀོན་མཆོག","line2":"30. ང་ཚོའི་ཡབ་ཆེན་དཀོན་མཆོག ","line3":"30.ང་ཚོའི་ཡབ་ཆེན་དཀོན་མཆོག"}{"index":474,"line1":".31.ང་ཚོས་དགའ་བའི་ལོན་ཞིག་ཐོས།","line2":"31. ང་ཚོས་དགའ་བའི་འཕྲིན་བཟང་ཐོས། ","line3":"31.ང་ཚོས་དགའ་བའི་འཕྲིན་བཟང་ཐོས།"}{"index":504,"line1":".32.ངས་ཡེ་ཤུ་ལ་དད་པ་བྱེད་བཞིན་ཡོད།","line2":"32. ངས་ཡེ་ཤུ་ལ་དད་པ་བྱེད་བཞིན་ཡོད། ","line3":"32.ང་ཡེ་ཤུ་ལ་དད་པ་བྱེད་ཀྱི་ཡོད།"}{"index":522,"line1":".33.ངའི་སེམས་ལ་བསྟོད་པ་ཡོད།","line2":"33. ངའི་སེམས་ལ་བསྟོད་པ་ཡོད། ","line3":"33.ངའི་སེམས་ལ་བསྟོད་པ་ཡོད།"}{"index":531,"line1":".34.རྗེས་ལ་རྗེས་ལ་གཙོ་བོ་ཡེ་ཤུའི་རྗེས་ལ།","line2":"34. རྗེས་ལ་རྗེས་ལ་གཙོ་བོ་ཡེ་ཤུའི་རྗེས་ལ། ","line3":"34.རྗེས་ལ་རྗེས་ལ་གཙོ་བོ་ཡེ་ཤུའི་རྗེས་ལ།"}{"index":537,"line1":".35.ཉིན་གཅིག་མི་གཅིག་སོང་ནས།","line2":"35. ཉིན་གཅིག་མི་གཅིག་སོང་ནས། ","line3":"35.ཉིན་གཅིག་མི་གཅིག་སོང་ནས།"}{"index":555,"line1":".36.སྙིང་རྗེ་དང་བྱམས་ལྡན།","line2":"36. སྙིང་རྗེ་དང་བྱམས་ལྡན། ","line3":"36.སྙིང་རྗེ་དང་ཉམ་ཆུང་།"}{"index":570,"line1":".37.སྟོད་གངས་རི་སྟེང་ནས་ཉི་མ་ཤར།","line2":"37. སྟོད་གངས་རི་སྟེང་ནས་ཉི་མ་ཤར། ","line3":"37.སྟོད་གངས་རི་སྟེང་ནས་ཉི་མ་ཤར།"}{"index":594,"line1":".38.སྟོབས་དང་གཟི་བརྗིད་ལྡན་པའི། ","line2":"38. སྟོབས་དང་གཟི་བརྗིད་ལྡན་པའི། ","line3":"38.སྟོབས་དང་གཟི་བརྗིད་ལྡན་པའི། "}{"index":608,"line1":".39.བསྟོད་དབྱངས་ཕུལ་ཞིག","line2":"39. བསྟོད་དབྱངས་ཕུལ་ཞིག ","line3":"39.བསྟོད་དབྱངས་ཕུལ་ཞིག"}{"index":622,"line1":".40.ཐར་བའི་ཉི་མ་ཤར་བྱུང་།","line2":"40. ཐར་བའི་ཉི་མ་ཤར་བྱུང་། ","line3":"40.ཐར་པའི་ཉི་མ་ཤར་སོང་།"}{"index":648,"line1":".41.ཐུགས་རྗེ་ཆེ་ཡེ་ཤུ།","line2":"41. ཐུགས་རྗེ་ཆེ་ཡེ་ཤུ། ","line3":"41.ཐུགས་རྗེ་ཆེ་ཡེ་ཤུ།"}{"index":654,"line1":".42.དང་པོར་དཀོན་མཆོག་གི་རྒྱལ་སྲིད། ༡","line2":"42. དང་པོར་དཀོན་མཆོག་གི་རྒྱལ་སྲིད། ༡ ","line3":"42.དང་པོ་ལ་དཀོན་མཆོག་གི་རྒྱལ་སྲིད། ༡"}{"index":674,"line1":".43.དང་པོར་དཀོན་མཆོག་གི་རྒྱལ་སྲིད། ༢","line2":"43. དང་པོར་དཀོན་མཆོག་གི་རྒྱལ་སྲིད། ༢ ","line3":"43.དང་པོ་ལ་དཀོན་མཆོག་གི་རྒྱལ་སྲིད། ༢"}{"index":696,"line1":".44.ཐོག་མར་འཇིག་རྟེན་འདི་ལ་བསླེབས་དུས།","line2":"44. དང་པོ་ལ་འཇིག་རྟེན་འདི་ལ་སླེབས་དུས། ","line3":"44.དང་པོ་ལ་འཇིག་རྟེན་འདི་ལ་བསླེབས་དུས།"}{"index":728,"line1":".45.དམ་པ་དམ་པ་དམ་པ། ༡","line2":"45. དམ་པ་དམ་པ་དམ་པ། ༡ ","line3":"45.དམ་པ་དམ་པ་དམ་པ། ༡"}{"index":748,"line1":".46.དམ་པ་དམ་པ་དམ་པ། ༢ (ཧོ་ཟན་ནཱ།)","line2":"46. དམ་པ་དམ་པ་དམ་པ། ༢ (ཧོ་ཟན་ནཱ།)","line3":"46.དམ་པ་དམ་པ་དམ་པ། ༢ (ཧོ་ཟན་ནཱ།)"}{"index":755,"line1":".47.དམ་པའི་དམ་པ་མཁའ་ཁྱབ་འཇིག་རྟེན་མགོན།","line2":"47. དམ་པའི་དམ་པ་མཁའ་ཁྱབ་འཇིག་རྟེན་མགོན། ","line3":"47.དམ་པའི་དམ་པ་མཁའ་ཁྱབ་འཇིག་རྟེན་མགོན།"}{"index":773,"line1":".48.དུས་ཆེན་གྱི་མཆོག","line2":"48. དུས་ཆེན་གྱི་མཆོག ","line3":"48.དུས་ཆེན་གྱི་མཆོག"}{"index":790,"line1":".49.དེ་རིང་སྐྱབས་མགོན་འཁྲུངས་སོང་།","line2":"49. དེ་རིང་སྐྱབས་མགོན་འཁྲུངས་སོང་། ","line3":"49.དེ་རིང་སྐྱབས་མགོན་འཁྲུངས་སོང་།"}{"index":816,"line1":".50.དེ་རིང་ང་ཚོ་འཛོམས་འཛོམས།","line2":"50. དེ་རིང་ང་ཚོ་འཛོམས་འཛོམས། ","line3":"50.དེ་རིང་ང་ཚོ་འཛོམས་འཛོམས།"}{"index":831,"line1":".51.དེ་རིང་ཉི་མ་འདི། ","line2":"51. དེ་རིང་ཉི་མ་འདི། ","line3":"51.དེ་རིང་ཉི་མ་འདི། "}{"index":841,"line1":".52.དེ་རིང་ནི་ཁྱེད་ཀྱི་འཁྲུངས་སྐར་རེད། ","line2":"52. དེ་རིང་ནི་ཁྱེད་ཀྱི་འཁྲུངས་སྐར་རེད། ","line3":"52.དེ་རིང་ནི་ཁྱེད་ཀྱི་འཁྲུངས་སྐར་རེད། "}{"index":865,"line1":".53.སྡིག་པ་ནས་ཐར་བའི་ལམ་གཅིག་ཡོད།","line2":"53. སྡིག་པ་ནས་ཐར་བའི་ལམ་གཅིག་ཡོད། ","line3":"53.སྡིག་པ་ནས་ཐར་བའི་ལམ་གཅིག་ཡོད།"}{"index":891,"line1":".54.སྡིག་སེལ་ཞུ་བར།","line2":"54. སྡིག་སེལ་ཞུ་བར། ","line3":"54.སྡིག་སེལ་ཞུ་བར།"}{"index":913,"line1":".55.ནམ་མཁའི་ཞིང་ཁམས་སུ་བཞུགས་པའི།","line2":"55. ནམ་མཁའི་ཞིང་ཁམས་སུ་བཞུགས་པའི། ","line3":"55.ནམ་མཁའི་ཞིང་ཁམས་སུ་བཞུགས་པའི་ཡེ་ཤུ།"}{"index":939,"line1":".56.དཔལ་ལྡན་རྒྱལ་སྲས་གྲོངས་པའི་ཤིང་རྒྱ་གྲམ།","line2":"56. དཔལ་ལྡན་རྒྱལ་སྲས་གྲོངས་པའི་ཤིང་རྒྱ་གྲམ། ","line3":"56.དཔལ་ལྡན་རྒྱལ་སྲས་གྲོངས་པའི་རྒྱངས་ཤིང་།"}{"index":957,"line1":".57.སྤྲིན་དཀར་པོའི་གཙོ་བོ་མ་ཤི་ཀ ","line2":"57. སྤྲིན་དཀར་པོའི་གཙོ་བོ་མཱ་ཤི་ཀ ","line3":"57.སྤྲིན་དཀར་པོའི་གཙོ་བོ་མཱ་ཤི་ཀ "}{"index":981,"line1":".59.ཕོ་ཉ་རྣམས་སྐྱིད་གླུ་ལེན་གྱིས།","line2":"59. ཕོ་ཉ་རྣམས་སྐྱིད་གླུ་ལེན་གྱིས། ","line3":"59.ཕོ་ཉ་རྣམས་སྐྱིད་གླུ་ལེན་ཞིག"}{"index":1003,"line1":".60.བེད་ཐན་ཡ་དང་ཉེ་བར་ཕེབས་པའི་ཚེ།","line2":"60. བེད་ཐན་ཡ་དང་ཉེ་བར་ཕེབས་པའི་ཚེ། ","line3":"60.བེད་ཐན་ཡ་དང་ཉེ་བར་ཕེབས་པའི་ཚེ།"}{"index":971,"line1":".58.ཕེབས་ཤོག","line2":"58. ཕེབས་ཤོག ","line3":"58.ཕེབས་ཤོག"}{"index":1027,"line1":".61.བྱིན་རླབས་ཀྱི་དཀོན་མཆོག་ལ་བསྟོད་པ།","line2":"61. བྱིན་རླབས་ཀྱི་དཀོན་མཆོག་ལ་བསྟོད་པ། ","line3":"61.བྱིན་རླབས་ཀྱི་དཀོན་མཆོག་ལ་བསྟོད་པ།"}{"index":1033,"line1":".62.བླ་མེད་དཀོན་མཆོག","line2":"62. བླ་མེད་དཀོན་མཆོག ","line3":"62.བླ་མེད་དཀོན་མཆོག"}{"index":1043,"line1":".63.མ་འོངས་པའི་གཞོན་ནུ་རྣམ་པ།","line2":"63. མ་འོངས་པའི་གཞོན་ནུ་རྣམ་པ། ","line3":"63.མ་འོངས་པའི་གཞོན་ནུ་རྣམ་པ།"}{"index":1061,"line1":"64.མིག་རྒྱང་རིང་མོས།","line2":"64. མིག་བཏེག་ནས། ","line3":"64.མིག་བཏེག་ནས།"}{"index":1086,"line1":".65.གཙོ་བོ་ང་ཡི་རྫི་བོ་ལགས།","line2":"65. གཙོ་བོ་ང་ཡི་རྫི་བོ་ལགས། ","line3":"65.གཙོ་བོ་ང་ཡི་རྫི་བོ་ལགས།"}{"index":1108,"line1":".66.གཙོ་བོ་ཕེབས་བྱུང་འཇིག་རྟེན་དགའ་བར་གྱིས། ","line2":"66. གཙོ་བོ་ཕེབས་བྱུང་འཇིག་རྟེན་དགའ་བར་གྱིས། ","line3":"66.གཙོ་བོ་ཕེབས་བྱུང་འཇིག་རྟེན་དགའ་བར་ཤོག "}{"index":1128,"line1":".67.གཙོ་བོ་ཡེ་ཤུ་མ་ཤི་ཀ་ལ།","line2":"67. གཙོ་བོ་ཡེ་ཤུ་མཱ་ཤི་ཀ་ལ། ","line3":"67.གཙོ་བོ་ཡེ་ཤུ་མཱ་ཤི་ཀ་ལ།"}{"index":1138,"line1":".68.གཙོ་བོ་ཡེ་ཤུ་ལ་ཐུགས་རྗེ་ཆེ།","line2":"68. གཙོ་བོ་ཡེ་ཤུ་ལ་ཐུགས་རྗེ་ཆེ། ","line3":"68.གཙོ་བོ་ཡེ་ཤུ་ལ་ཐུགས་རྗེ་ཆེ།"}{"index":1145,"line1":".69.གཙོ་བོ་ཡེ་ཤུའི་མཚན།","line2":"69. གཙོ་བོ་ཡེ་ཤུའི་མཚན། ","line3":"69.གཙོ་བོ་ཡེ་ཤུའི་མཚན་ཆེ་ཤོས་ཡིན།"}{"index":1163,"line1":".70.གཙོ་བོ་ཡེ་ཤུའི་མཚན་ནས།","line2":"70. གཙོ་བོ་ཡེ་ཤུའི་མཚན་ནས། ","line3":"70.གཙོ་བོ་ཡེ་ཤུའི་མཚན་ལ།"}{"index":1173,"line1":".71.གཙོ་བོ་ཡེ་ཤུར་ཐུགས་རྗེ་ཆེ་ཞུ།","line2":"71. གཙོ་བོ་ཡེ་ཤུར་ཐུགས་རྗེ་ཆེ་ཞུ། ","line3":"71.གཙོ་བོ་ཡེ་ཤུར་ཐུགས་རྗེ་ཆེ་ཞུ།"}{"index":1189,"line1":".72.གཙོ་བོས་ཇི་ལྟར་གསུངས་པ།","line2":"72. གཙོ་བོས་ཅི་འདྲ་གསུངས་པ། ","line3":"72.གཙོ་བོས་ཇི་ལྟར་གསུངས་པ།"}{"index":1206,"line1":".73.འཛམ་བུ་གླིང་གི་ཕྲུ་གུ་ཀུན་ལ།","line2":"73. འཛམ་བུ་གླིང་གི་ཕྲུ་གུ་ཀུན་ལ། ","line3":"73.འཛམ་བུ་གླིང་གི་ཕྲུ་གུ་ཀུན་ལ།"}{"index":1213,"line1":".74.ཡ་ཧོ་ཝཱ་ལ་བསྟོད་པར་ཤོག ","line2":"74. ཡ་ཧོ་ཝ་ལ་བསྟོད་པར་ཤོག ","line3":"74.ཡ་ཧོ་ཝཱ་ལ་བསྟོད་པར་ཤོག "}{"index":1233,"line1":".75.ཡེ་ཤུ་ངས་ཁྱེད་ལ་ཚང་མ་འབུལ་རྒྱུ་ཡིན།","line2":"75. ཡེ་ཤུ་ངས་ཁྱེད་ལ་ཚང་མ་འབུལ་རྒྱུ་ཡིན། ","line3":"75.ཡེ་ཤུ་ང་ཁྱེད་ལ་ཚང་མ་ཕུལ་གྱི་ཡིན།"}{"index":1239,"line1":".76.ཡེ་ཤུ་ང་རྒྱ་གྲམ་རྩར་འདྲེན་རོགས།","line2":"76. ཡེ་ཤུ་ང་རྒྱ་གྲམ་རྩར་འདྲེན་རོགས། ","line3":"76.ཡེ་ཤུ་ང་རྒྱངས་ཤིང་རྩར་ཞོག"}{"index":1261,"line1":".77.ཡེ་ཤུས་སྡིག་ཅན་རྣམས་འདྲེན་ཡོང་།","line2":"77. ཡེ་ཤུས་སྡིག་ཅན་རྣམས་འདྲེན་ཡོང་། ","line3":"77.ཡེ་ཤུས་སྡིག་ཅན་རྣམས་འདྲེན་ཡོང་།"}{"index":1291,"line1":".78.ཡེ་ཤུ་མ་ཤི་ཀ་ནི།","line2":"78. ཡེ་ཤུ་མཱ་ཤི་ཀ་ནི། ","line3":"78.ཡེ་ཤུ་མཱ་ཤི་ཀ་ནི།"}{"index":1298,"line1":".79.ཡེ་ཤུ་ཇི་འདྲའི་མཛའ་བརྩེ་ལྡན།","line2":"79. ཡེ་ཤུ་ཅི་འདྲའི་མཛའ་བརྩེ་ལྡན། ","line3":"79.ཡེ་ཤུ་མཛའ་བོ་ཇི་ལྟར་ཆེ་བ།"}{"index":1324,"line1":".80.ཡེ་ཤུས་ཇི་ལྟར་གསུངས་པ་རེད། ","line2":"80. ཡེ་ཤུས་ཅི་འདྲ་གསུངས་པ་རེད། ","line3":"80.ཡེ་ཤུས་ག་རེ་གསུངས་པ་རེད། "}{"index":1346,"line1":".81.ཡེ་ཤུས་ང་ལ་བྱམས་པ་གནང་།","line2":"81. ཡེ་ཤུས་ང་ལ་བྱམས་པ་གནང་། ","line3":"81.ཡེ་ཤུས་ང་ལ་བྱམས་པར་གནང་།"}{"index":1364,"line1":".82.ཡོང་གིན་ཡོང་གིན་ཡོང་གིན་འདུག","line2":"82. ཡོང་བཞིན་ཡོང་བཞིན་ཡོང་བཞིན་འདུག ","line3":"82.ཡོང་གིན་ཡོང་གིན་ཡོང་གིན་འདུག"}{"index":1392,"line1":".83.རང་སྲོག་སྐྱོབ་མཁན་དེས།","line2":"83. རང་སྲོག་སྐྱོབ་མཁན་དེས། ","line3":"83.རང་སྲོག་སྐྱོབ་མཁན་དེས།"}{"index":1414,"line1":".84.རི་དེར་ཡར་ལ་འགོས་ནས།","line2":"84. རི་དེར་ཡར་ལ་འཛེགས་ནས། ","line3":"84.རི་དེར་ཡར་ལ་འཛེགས་ནས།"}{"index":1446,"line1":".85.ལོངས་ཤིག་ལོངས་ཤིག་དམག་མི་རྣམས།","line2":"85. ལོངས་ཤིག་ལོངས་ཤིག་དམག་མི་རྣམས། ","line3":"85.ལོངས་ཤིག་ལོངས་ཤིག་དམག་མི་རྣམས།"}{"index":1480,"line1":".86.ཤར་ཡེ་ཤུ་ཤར།","line2":"86. ཤར་ཡེ་ཤུ་ཤར། ","line3":"86.ཤར་ཡེ་ཤུ་ཤར།"}{"index":1508,"line1":".87.ས་གཞི་འདི་ཐམས་ཅད།","line2":"87. ས་གཞི་འདི་ཐམས་ཅད། ","line3":"87.ས་གཞི་འདི་ཐམས་ཅད།"}{"index":1524,"line1":".88.སུ་ནམ་མཁའ་ནས་ཕེབས་པ་ཡིན།","line2":"88. སུ་ནམ་མཁའ་ནས་ཕེབས་པ་ཡིན། ","line3":"88.སུ་ནམ་མཁའ་ནས་ཕེབས་པ་ཡིན།"}{"index":1542,"line1":".89.སོའོ། གཙོ་བོ་སྐྱབས་མགོན་ཡེ་ཤུ་ལ།","line2":"89. སོའོ། གཙོ་བོ་སྐྱབས་མགོན་ཡེ་ཤུ་ལ། ","line3":"89.སོའོ། གཙོ་བོ་སྐྱབས་མགོན་ཡེ་ཤུ་ལ།"}{"index":1550,"line1":".90.ཧོ་ཟན་ནཱ།  ཧོ་ཟན་ནཱ། ","line2":"90. ཧོ་ཟན་ནཱ། ཧོ་ཟན་ནཱ། ","line3":"90.ཧོ་ཟན་ནཱ།  ཧོ་ཟན་ནཱ། "}{"index":1564,"line1":".91.ཨ་ཧ་ནམ་མཁའི་བཞུགས་ཁྲི་སྟེང་ལ།","line2":"91. ཨ་ཧ་ནམ་མཁའི་བཞུགས་ཁྲི་སྟེང་ལ། ","line3":"91.ཨ་ཧ་ནམ་མཁའི་བཞུགས་ཁྲིའི་སྟེང་ལ།"}{"index":1579,"line1":".92.ཨ་ཧ་ལ་ནི་ཡེ་ཤུ་ངའི་སེམས་ལ་ཡོད།","line2":"92. ཨ་ཧ་ལ་ནི་ཡེ་ཤུ་ངའི་སེམས་ལ་ཡོད། ","line3":"92.ཨ་ཧ་ལ་ནི་ཡེ་ཤུ་ངའི་སེམས་ལ་ཡོད།"}{"index":1606,"line1":".93.ཨ་ཧ་ཨ་ཧ་ཨ་ཧ་ལགས་ནི།","line2":"93. ཨ་ཧ་ཨ་ཧ་ཨ་ཧ་ལགས་ནི། ","line3":"93.ཨ་ཧ་ཨ་ཧ་ཨ་ཧ་ལགས་ནི།"}{"index":1632,"line1":".94.ཨིམ་མ་ནུ་ཨེལ།","line2":"94. ཨིམ་མཱ་ནུ་ཨེལ། ","line3":"94.ཨིམ་མ་ནུ་ཨེལ།"}{"index":1647,"line1":".95.ནམ་མཁར་བཞུགས་པའི་ཡབ། ","line2":"95. ནམ་མཁར་བཞུགས་པའི་ཡབ། ","line3":"95.ནམ་མཁར་བཞུགས་པའི་ཡབ། "}{"index":1666,"line1":".96.དཀོན་མཆོག་ཉིད་ཀྱི་བཀའ། ","line2":"96. དཀོན་མཆོག་ཉིད་ཀྱི་བཀའ། ","line3":"96.དཀོན་མཆོག་ཉིད་ཀྱི་བཀའ། "}{"index":1699,"line1":".97.དཀོན་མཆོག་ཡབ་ལ་བསྟོད་པ། ","line2":"97. དཀོན་མཆོག་ཡབ་ལ་བསྟོད་པ། ","line3":"97.དཀོན་མཆོག་ཡབ་ལ་བསྟོད་པ། "}{"index":1740,"line1":".98.གཙོ་བོ་ལ་བསྟོད་དབྱངས།། ","line2":"98. གཙོ་བོ་ལ་བསྟོད་དབྱངས།། ","line3":"98.གཙོ་བོ་ལ་བསྟོད་དབྱངས།། "}{"index":1761,"line1":".99.དཀོན་མཆོག་སྲས་ལ་བསྟོད་པ། ","line2":"99. དཀོན་མཆོག་སྲས་ལ་བསྟོད་པ། ","line3":"99.དཀོན་མཆོག་སྲས་ལ་བསྟོད་པ། "}{"index":1793,"line1":".100.གཙོ་བོས་ཐོག་མར་ས་གཞི་བཀོད། ","line2":"100. གཙོ་བོས་ཐོག་མར་ས་གཞི་བཀོད། ","line3":"100.གཙོ་བོས་ཐོག་མར་ས་གཞི་བཀོད། "}{"index":1815,"line1":".101.ཀྱེ། དད་ལྡན་ཚང་མ་ཤོག་ཅིག","line2":"101. ཀྱེ། དད་ལྡན་ཚང་མ་ཤོག་ཅིག ","line3":"101.ཀྱེ། དད་ལྡན་ཚང་མ་ཤོག་ཅིག"}{"index":1831,"line1":".102.དཀོན་མཆོག་ཁྱེད་དང་མཇལ་ན། ","line2":"102. དཀོན་མཆོག་ཁྱེད་དང་མཇལ་ན། ","line3":"102.དཀོན་མཆོག་ཁྱེད་དང་མཇལ་ན། "}{"index":1852,"line1":".103.དཀོན་མཆོག་གི་ཐུགས་རྗེ་བཀའ་དྲིན་དེ།","line2":"103. དཀོན་མཆོག་གི་ཐུགས་རྗེ་བཀའ་དྲིན་དེ། ","line3":"103.དཀོན་མཆོག་གི་ཐུགས་རྗེ་བཀའ་དྲིན་དེ།"}{"index":1871,"line1":".104.དཀོན་མཆོག་གི་བྱམས་སེམས།","line2":"104. དཀོན་མཆོག་གི་བྱམས་སེམས། ","line3":"104.དཀོན་མཆོག་གི་བྱམས་སེམས།"}{"index":1892,"line1":".105.དཀོན་མཆོག་མཉམ་དུ་འབྲེལ་བ་མེད་ན།","line2":"105. དཀོན་མཆོག་མཉམ་དུ་འབྲེལ་བ་མེད་ན། ","line3":"105.དཀོན་མཆོག་མཉམ་དུ་འབྲེལ་བ་མེད་ན།"}{"index":1906,"line1":".106.དཀོན་མཆོག་ཉིད་ཀྱི་སྲས་ཡེ་ཤུ། ","line2":"106. དཀོན་མཆོག་ཉིད་ཀྱི་སྲས་ཡེ་ཤུ། ","line3":"106.དཀན་མཆོག་ཉིད་ཀྱི་སྲས་ཡེ་ཤུ། "}{"index":1924,"line1":".107.དཀོན་མཆོག་ནི་ཁྱེད་ཀྱི་སྲུང་སྐྱོབ་གནང་མཁན།","line2":"107. དཀོན་མཆོག་ནི་ཁྱེད་ཀྱི་སྲུང་སྐྱོབ་གནང་མཁན། ","line3":"107.དཀོན་མཆོག་ནི་ཁྱེད་ཀྱི་སྲུང་སྐྱོབ་གནང་མཁན།"}{"index":1939,"line1":".108.དཀོན་མཆོག་ཡེ་ཤུ་བཞུད་སོང་། ","line2":"108. དཀོན་མཆོག་ཡེ་ཤུ་བཞུད་སོང་། ","line3":"108.དཀན་མཆོག་ཡེ་ཤུ་བཞུད་སོང་། "}{"index":1963,"line1":".109.བཀའ་དྲིན་གྱི་ཡིད་སེམས་ཡར་ལ་འབུལ། ","line2":"109. བཀའ་དྲིན་གྱི་ཡིད་སེམས་ཡར་ལ་འབུལ། ","line3":"109.བཀའ་དྲིན་གྱི་ཡིད་སེམས་ཡར་ལ་འབུལ། "}{"index":1972,"line1":".110.བཀྲ་ཤིས་འཇའ་ཚོན་རི་མོ།","line2":"110. བཀྲ་ཤིས་འཇའ་ཚོན་རི་མོ། ","line3":"110.བཀྲ་ཤིས་འཇའ་ཚོན་རི་མོ།"}{"index":1982,"line1":".111.བཀྲ་ཤིས་ཤོག ","line2":"111. བཀྲ་ཤིས་ཤོག ","line3":"111.བཀྲ་ཤིས་ཤོག "}{"index":2014,"line1":".112.སྐལ་བཟང་ལ། བདག་གི་སེམས་ཀྱི་གཏིང་ནས།","line2":"112. སྐལ་བཟང་ལ། བདག་གི་སེམས་ཀྱི་གཏིང་ནས། ","line3":"112.སྐལ་བཟང་ལ། བདག་གི་སེམས་ཀྱི་གཏིང་ནས།"}{"index":2040,"line1":".113.སྐྱབས་མགོན་ཁྱེད་ཀྱི་བཀའ་དྲིན་གྱིས། ","line2":"113. སྐྱབས་མགོན་ཁྱེད་ཀྱི་བཀའ་དྲིན་གྱིས། ","line3":"113.སྐྱབས་མགོན་ཁྱེད་ཀྱིས་བཀའ་དྲིན་གྱིས། "}{"index":2055,"line1":".114.སྐྱབས་མགོན་གཙོ་བོ་ང་ཡི་སྐྱབས་མགོན།","line2":"114. སྐྱབས་མགོན་གཙོ་བོ་ང་ཡི་སྐྱབས་མགོན། ","line3":"114.སྐྱབས་མགོན་གཙོ་བོ་ང་ཡི་སྐྱབས་མགོན།"}{"index":2074,"line1":".115.སྐྱབས་མགོན་གཙོ་བོ་ཡེ་ཤུ།","line2":"115. སྐྱབས་མགོན་གཙོ་བོ་ཡེ་ཤུ། ","line3":"115.སྐྱབས་མགོན་གཙོ་བོ་ཡེ་ཤུ།"}{"index":2086,"line1":".116.སྐྱབས་མགོན་གཙོ་བོ་ཡེ་ཤུ་ལགས། ","line2":"116. སྐྱབས་མགོན་གཙོ་བོ་ཡེ་ཤུ་ལགས། ","line3":"116.སྐྱབས་མགོན་གཙོ་བོ་ཡེ་ཤུ་ལགས། "}{"index":2109,"line1":".117.སྐྱབས་མགོན་གཙོ་བོ་ཡེ་ཤུ་ལགས།","line2":"117. སྐྱབས་མགོན་གཙོ་བོ་ཡེ་ཤུ་ལགས། ","line3":"117.སྐྱབས་མགོན་གཙོ་བོ་ཡེ་ཤུ་ལགས།"}{"index":2117,"line1":".118.སྐྱབས་མགོན་ཡེ་ཤུ། ","line2":"118. སྐྱབས་མགོན་ཡེ་ཤུ། ","line3":"118.སྐྱབས་མགོན་ཡེ་ཤུ། "}{"index":2134,"line1":".119.སྐྱབས་མགོན་ཡེ་ཤུ་ནི་འཇིག་རྟེན་གྱི་འོད་ཟེར་ཡིན།།","line2":"119. སྐྱབས་མགོན་ཡེ་ཤུ་ནི་འཇིག་རྟེན་གྱི་འོད་ཟེར་ཡིན།། ","line3":"undefined119.སྐྱབས་མགོན་ཡེ་ཤུ་ནི་འཇིག་རྟེན་འོད་ཟེར་ཡིན།།"}{"index":2166,"line1":".120.སྐྱབས་མགོན་ཡེ་ཤུ་མིན་ནས།","line2":"120. སྐྱབས་མགོན་ཡེ་ཤུ་མེད་ན། ","line3":"undefined120.སྐྱབས་མགོན་ཡེ་ཤུ་མེད་ན།"}{"index":2192,"line1":".121.སྐྱབས་མགོན་སེམས་ཅན་ཡོངས་ཀྱི་སྐྱབས་མགོན། ","line2":"121. སྐྱབས་མགོན་སེམས་ཅན་ཡོངས་ཀྱི་སྐྱབས་མགོན། ","line3":"121.སྐྱབས་མགོན་སེམས་ཅན་ཡོངས་ཀྱི་སྐྱབས་མགོན། "}{"index":2203,"line1":".122.སྐྱིད་སྡུག་གཉིས་ཀྱི་མི་ཚེ་ལ།","line2":"122. སྐྱིད་སྡུག་གཉིས་ཀྱི་མི་ཚེ་ལ། ","line3":"122.སྐྱིད་སྡུག་གཉིས་ཀྱིས་མི་ཚེ་ལ།"}{"index":2225,"line1":".123.སྐྱེས་ས་སྐྱེས་ཡུལ་བཞག་ནས། ","line2":"123. སྐྱེས་ས་སྐྱེས་ཡུལ་བཞག་ནས། ","line3":"123.སྐྱེས་པའི་རང་ཡུལ་བཞག་ནས། "}{"index":2243,"line1":".124.ཁྱོད་ཀྱི་ཁང་བ་བྱེ་ཐང་ནས་ལས་མི་ཉན།","line2":"124. ཁྱོད་ཀྱི་ཁང་པ་བྱེ་ཐང་ཐོག་ལས་མི་ཉན། ","line3":"124.ཁྱེད་ཀྱི་ཁང་པ་བྱེ་ཐང་ཐོག་ལས་མི་ཉན།"}{"index":2254,"line1":".125.ཁྱེད་ཀྱིས་སྡིག་པ་མ་བྱས་ཟེར་ན།","line2":"125. ཁྱེད་ཀྱིས་སྡིག་པ་མ་བྱས་ཟེར་ན། ","line3":"125.ཁྱེད་ཀྱིས་སྡིག་པ་མ་བྱས་ཟེར་ན།"}{"index":2268,"line1":".126.ཁྱེད་ནི་ང་ཡི་དཀོན་མཆོག","line2":"126. ཁྱེད་ནི་ང་ཡི་དཀོན་མཆོག ","line3":"126.ཁྱེད་ནི་ང་ཡི་དཀོན་མཆོག"}{"index":2274,"line1":".127.ཁྱེད་ནི་ང་ཡི་སྦས་ས་ཡིན།","line2":"127. ཁྱེད་ནི་ང་ཡི་ཡིབ་ས་ཡིན། ","line3":"127.ཁྱེད་ནི་ང་ཡི་ཡིབ་ས་ཡིན།"}{"index":2285,"line1":".128.ཁྱོད་ནི་གཙོ་བོའི་བྱམས་པ་ཐོབ་པའི་ཕྱིར། ","line2":"128. ཁྱོད་ནི་གཙོ་བོའི་བྱམས་པ་ཐོབ་པའི་ཕྱིར། ","line3":"128.ཁྱེད་ལ་གཙོ་བོའི་བྱམས་པ་ཐོབ་པའི་ཕྱིར། "}{"index":2300,"line1":".129.ཁྱེད་ལ་སེམས་ཁྲལ་ཡོད་ན།","line2":"129. ཁྱེད་ལ་སེམས་ཁྲལ་ཡོད་ན། ","line3":"129.ཁྱེད་ལ་སེམས་ཁྲལ་ཡོད་ན།"}{"index":2308,"line1":".130.གང་ཡང་། གང་ཡང་།","line2":"130. གང་ཡང་། གང་ཡང་། ","line3":"130.གང་ཡང་། གང་ཡང་།"}{"index":2323,"line1":".131.གངས་རིའི་རྩེ་མོའི་ཡུལ་དུ། ","line2":"131. གངས་རིའི་རྩེ་མོའི་ཡུལ་དུ། ","line3":"131.གངས་རིའི་རྩེ་མོའི་ཡུལ་དུ། "}{"index":2340,"line1":".132.གལ་ཏེ་བདག་གི་མི་ཡིས་ཁེངས་སྐྱུང་སྒོ་ནས། ","line2":"undefined132. གལ་ཏེ་བདག་གི་མི་ཡིས་ཁེངས་སྐྱུང་སྒོ་ནས། ","line3":"132.གལ་ཏེ་བདག་གི་མི་ཡིས་ཁེངས་སྐྱུང་སྒོ་ནས། "}{"index":2361,"line1":".133.དགའ་སྤྲོ་ངང་ནས་སྐྱིད་གླུ་གཙོ་བོ་ཡེ་ཤུ་ལ། ","line2":"undefined133. དགའ་སྤྲོ་ངང་ནས་སྐྱིད་གླུ་གཙོ་བོ་ཡེ་ཤུ་ལ། ","line3":"133.དགའ་སྤྲོ་བྱས་ནས་སྐྱིད་གླུ་གཙོ་བོ་ཡེ་ཤུ་ལ། "}{"index":2371,"line1":".134.དགའ་བ་ལ་གཙོ་བོ་ཁྱེད་ཀྱི་འཕྲིན་བཟང་ཐོས། ","line2":"134. དགའ་བ་ལ་གཙོ་བོ་ཁྱེད་ཀྱི་འཕྲིན་བཟང་ཐོས། ","line3":"134.དགའ་བ་ལ་གཙོ་བོ་ཁྱེད་ཀྱི་འཕྲིན་བཟང་ཐོས། "}{"index":2399,"line1":".135.དགའ་བསུ་ཞུ་བཞིན་ཡོད།","line2":"undefined135. དགའ་བསུ་ཞུ་བཞིན་ཡོད། ","line3":"undefined135.དགའ་བསུ་ཞུ་གི་ཡོད།"}{"index":2405,"line1":".136.འགྲོ། འགྲོ། འགྲོ། གསུང་རབ་བཤད་དུ་འགྲོ།","line2":"136. འགྲོ། འགྲོ། འགྲོ། གསུང་རབ་བཤད་དུ་འགྲོ། ","line3":"136.འགྲོ། འགྲོ། འགྲོ། གསུང་རབ་བཤད་དུ་འགྲོ།"}{"index":2418,"line1":".137.ང་ཅི་ལྟར་ཡོད་བཞིན་ཡོང་གི་ཡོད།","line2":"undefined137. ང་ཅི་ལྟར་ཡོད་བཞིན་ཡོང་གི་ཡོད། ","line3":"137.ང་ཅི་ལྟར་ཡོད་བཞིན་ཡོང་གི་ཡོད།"}{"index":2444,"line1":".138.ང་ནི་ཁྱོད་ཀྱི་དཀོན་མཆོག་ཡིན། ","line2":"138. ང་ནི་ཁྱོད་ཀྱི་དཀོན་མཆོག་ཡིན། ","line3":"138.ང་ནི་ཁྱེད་ཀྱི་དཀོན་མཆོག་ཡིན། "}{"index":2453,"line1":".139.ང་ནི་ཁྱོད་ཀྱི་ཨ་ཕ་ཡིན།","line2":"undefined139. ང་ནི་ཁྱོད་ཀྱི་ཨ་ཕ་ཡིན། ","line3":"139.ང་ནི་ཁྱེད་ཀྱི་པཱ་ལགས་ཡིན།"}{"index":2463,"line1":".140.ང་ནི་ཁྱོད་ཚོའི་དཀོན་མཆོག ","line2":"140. ང་ནི་ཁྱོད་ཚོའི་དཀོན་མཆོག ","line3":"140.ང་ནི་ཁྱེད་ཚོའི་དཀོན་མཆོག། "}{"index":2484,"line1":".141.ང་ནི་ཡ་མཚན་སྒོ་ནས་མཛད་ཅིང་།","line2":"141. ང་ནི་ཡ་མཚན་སྒོ་ནས་མཛད་ཅིང་། ","line3":"141.ང་ནི་ཡ་མཚན་སྒོ་ནས་མཛད་ཅིང་།"}{"index":2490,"line1":".142.ང་ཚོ་དཀོན་མཆོག་གིས་བྱམས་པའི་བུ་དང་བུ་མོ།","line2":"undefined142. ང་ཚོ་དཀོན་མཆོག་གིས་བྱམས་པའི་བུ་དང་བུ་མོ། ","line3":"142.ང་ཚོ་དཀོན་མཆོག་གིས་བྱམས་པའི་བུ་དང་བུ་མོ།"}{"index":2504,"line1":".143.ང་ཚོ་འདི་ལ་འཛོམས་འཛོམས།  ","line2":"143. ང་ཚོ་འདི་ལ་འཛོམས་འཛོམས། ","line3":"143.ང་ཚོ་འདི་ལ་འཛོམས་འཛོམས།  "}{"index":2526,"line1":".144.ང་ཚོ་ཚང་མ་འདི་རུ་འཛོམས་འཛོམས་ནས།","line2":"undefined144. ང་ཚོ་ཚང་མ་འདི་རུ་འཛོམས་འཛོམས་ནས། ","line3":"144.ང་ཚོ་ཚང་མ་འདི་རུ་འཛོམས་འཛོམས་ནས།"}{"index":2536,"line1":".145.ང་ཚོ་ཨ་མའི་ཁོག་ནས་ཡོད་དུས་སུ། ","line2":"145. ང་ཚོ་ཨ་མའི་ཁོག་ལ་ཡོད་དུས་སུ། ","line3":"145.ང་ཚོ་ཨ་མའི་ཁོག་པའི་ནང་ཡོད་དུས། "}{"index":2563,"line1":".146.ང་ཚོའི་དཀོན་མཆོག་ཡ་ཧོ་ཝཱ། ","line2":"undefined146. ང་ཚོའི་དཀོན་མཆོག་ཡ་ཧོ་ཝ། ","line3":"146.ང་ཚོའི་སྐྱབས་མགོན་ཡ་ཧོ་ཝཱ། "}{"index":2590,"line1":".147.ང་ཚོའི་ཐར་ལམ་གང་ཡིན་ནམ།","line2":"147. ང་ཚོའི་ཐར་ལམ་གང་ཡིན་ནམ། ","line3":"147.ང་ཚོའི་ཐར་ལམ་གང་ཡིན་ནམ།"}{"index":2616,"line1":".148.ང་ཚོ་རྒྱལ་ཁྲིའི་དྲུང་དུ།","line2":"148. ང་ཚོ་རྒྱལ་ཁྲིའི་དྲུང་དུ། ","line3":"148.ང་ཚོས་རྒྱལ་ཁྲིའི་དྲུང་དུ།"}{"index":2630,"line1":".149.ང་ཚོས་འདི་ནས་ཁྱེད་ལ་བསྟོད་དབྱངས་འབུལ།","line2":"149. ང་ཚོས་འདི་ནས་ཁྱེད་ལ་བསྟོད་དབྱངས་འབུལ། ","line3":"149.ང་ཚོས་འདི་ནས་ཁྱེད་ལ་བསྟོད་དབྱངས་འབུལ།"}{"index":2634,"line1":".150.ང་ཡི་དཀོན་མཆོག་ངས་ཁྱེད་ལ་བསྟོད།","line2":"150. ང་ཡི་དཀོན་མཆོག་ངས་ཁྱེད་ལ་བསྟོད། ","line3":"150.ང་ཡི་དཀོན་མཆོག་ངས་ཁྱེད་ལ་བསྟོད།"}{"index":2646,"line1":".151.ང་ཡི་སྐྱབས་མགོན་ཡེ་ཤུ།","line2":"151. ང་ཡི་སྐྱབས་མགོན་ཡེ་ཤུ། ","line3":"151.ང་ཡི་སྐྱབས་མགོན་ཡེ་ཤུ།"}{"index":2665,"line1":".152.ང་ཡི་ཕ་ཡུལ།","line2":"undefined152. ང་ཡི་ཕ་ཡུལ། ","line3":"152.ང་ཡི་ཕ་ཡུལ།"}{"index":2679,"line1":".153.ང་ཡི་མི་ཚེ་འདི་ནི།","line2":"undefined153. ང་ཡི་མི་ཚེ་འདི་ནི། ","line3":"153.ང་ཡི་མི་ཚེ་འདི་ནི།"}{"index":2693,"line1":".154.ང་ཡི་གཙོ་བོ་དཀོན་མཆོག","line2":"undefined154. ང་ཡི་གཙོ་བོ་དཀོན་མཆོག ","line3":"154.ང་ཡི་གཙོ་བོ་དཀོན་མཆོག"}{"index":2712,"line1":".155.ང་ཡི་སེམས་གཏིང་ནས་ཐུགས་རྗེ་ཆེ་ཞུ།","line2":"undefined155. ང་ཡི་སེམས་གཏིང་ནས་ཐུགས་རྗེ་ཆེ་ཞུ། ","line3":"155.ང་ཡི་སེམས་གཏིང་ནས་ཐུགས་རྗེ་ཆེ་ཞུ།"}{"index":2723,"line1":".156.ང་ཡི་སེམས་ཀྱི་བརྟེན་ས།","line2":"156. ང་ཡི་སེམས་ཀྱི་བརྟེན་ས། ","line3":"156.ང་ཡི་སེམས་ཀྱི་བརྟེན་ས།"}{"index":2746,"line1":".157.ང་ཡི་སེམས་ཡབ་དཀོན་མཆོག་ལ།","line2":"157. ང་ཡི་སེམས་ཡབ་དཀོན་མཆོག་ལ། ","line3":"157.ང་ཡི་སེམས་ཡབ་དཀོན་མཆོག་ལ།"}{"index":2760,"line1":".158.ང་ཡི་བརྩེ་བའི་བུ་དང་བུ་མོ།","line2":"158. ང་ཡི་བརྩེ་བའི་བུ་དང་བུ་མོ། ","line3":"158.ང་ཡིས་བརྩེ་བའི་བུ་དང་བུ་མོ།"}{"index":2767,"line1":".159.ང་ཡེ་ཤུའི་རྗེས་སུ་འབྲང་བར་ཐག་བཅད།","line2":"159. ང་ཡེ་ཤུའི་རྗེས་སུ་འབྲང་བར་ཐག་བཅད། ","line3":"159.ང་ཡེ་ཤུའི་རྗེས་སུ་འབྲང་བར་ཐག་བཅད།"}{"index":2779,"line1":".160.ང་རང་ཁྱེད་ཀྱི་གམ་དུ་བསྡད་ན་འདོད།  ","line2":"160. ང་རང་ཁྱེད་ཀྱི་འགྲམ་དུ་བསྡད་ན་འདོད། ","line3":"160.ང་རང་ཁྱེད་ཀྱི་འགྲམ་དུ་བསྡད་ན་འདོད།  "}{"index":2791,"line1":".161.ངའི་སེམས་ཉིད། ","line2":"161. ངའི་སེམས་ཉིད། ","line3":"161.ངའི་སེམས་ཉིད། "}{"index":2809,"line1":".162.ངའི་བརྩེ་བའི་ཡབ་ཆེན་ལགས།","line2":"162. ངའི་བརྩེ་བའི་ཡབ་ཆེན་ལགས། ","line3":"162.ངའི་དགའ་བའི་ཡབ་ཆེན་ལགས།"}{"index":2820,"line1":".163.ངའི་སྙིང་གི་སྐྱབས་མགོན་ཡེ་ཤུ་ལགས།","line2":"undefined163. ངའི་སྙིང་གི་སྐྱབས་མགོན་ཡེ་ཤུ་ལགས། ","line3":"163.ངའི་སྙིང་གི་སྐྱབས་མགོན་ཡེ་ཤུ་ལགས།"}{"index":2846,"line1":".164.ངའི་ཞི་བདེ་ཁྱོད་ལ་གནང་རྒྱུ་ཡིན།","line2":"164. ངའི་ཞི་བདེ་ཁྱོད་ལ་སྤྲོད་རྒྱུ་ཡིན། ","line3":"164.ངའི་ཞི་བདེ་ཁྱེད་ལ་སྤྲོད་པར་བྱ།"}{"index":2853,"line1":".165.ངས་ད་ལྟ་ཡབ་དཀོན་མཆོག་ངོ་ཤེས་བྱུང་། ","line2":"undefined165. ངས་ད་ལྟ་ཡབ་དཀོན་མཆོག་ངོ་ཤེས་བྱུང་། ","line3":"165.ངས་ད་ལྟ་ཡབ་དཀོན་མཆོག་ངོ་ཤེས་བྱུང་། "}{"index":2876,"line1":".166.ངས་རིན་ཐང་ཆེ་བའི་སྤོས་ཆུ། ","line2":"166. ངས་རིན་ཐང་ཆེ་བའི་སྤོས་ཆུ། ","line3":"166.ངས་རིན་ཐང་ཆེ་བའི་སྤོས་ཆུ། "}{"index":2887,"line1":".167.ངས་ལག་པ་ཡར་བརྐྱངས་ནས།","line2":"167. ངས་ལག་པ་ཡར་བརྐྱངས་ནས། ","line3":"167.ངས་ལག་པ་ཡར་བརྐྱངས་ནས།"}{"index":2899,"line1":".168.ང་ཚོའི་དཀོན་མཆོག་ལ་བསྟོད་དབྱངས་ཕུལ།","line2":"168. ང་ཚོའི་དཀོན་མཆོག་ལ་བསྟོད་དབྱངས་ཕུལ། ","line3":"168.ངེད་ཀྱི་དཀོན་མཆོག་ལ་བསྟོད་དབྱངས་ཕུལ།"}{"index":2911,"line1":".169.ང་ཡི་གཙོ་བོ་ལུག་རྫི།","line2":"169. ང་ཡི་གཙོ་བོ་ལུག་རྫི། ","line3":"169.ངེད་ཀྱི་གཙོ་བོ་ལུག་རྫི།"}{"index":2929,"line1":".170.སྔ་དུས་པེད་ལེ་ཧེམ་ལ། ","line2":"170. སྔ་དུས་པེད་ལེ་ཧེམ་ལ། ","line3":"170.སྔ་དུས་བེད་ལེ་ཧེམ་ལ། "}{"index":2962,"line1":".171.འཇིག་རྟེན་གྱི་རྒྱལ་སྲིད་རྣམས།","line2":"undefined171. འཇིག་རྟེན་གྱི་རྒྱལ་སྲིད་རྣམས། ","line3":"171.འཇིག་རྟེན་གིས་རྒྱལ་སྲིད་རྣམས།"}{"index":2978,"line1":".172.འཇིག་རྟེན་འདི་བཞིན་མ་བཀོད་སྔོན། ༡ ","line2":"172. འཇིག་རྟེན་འདི་བཞིན་མ་བཀོད་སྔོན་ལ། ༡ ","line3":"172.འཇིག་རྟེན་འདི་ནི་མ་བཀོད་སྔོན། ༡ "}{"index":3041,"line1":".173.འཇིག་རྟེན་འདི་བཞིན་མ་བཀོད་སྔོན། ༢ ","line2":"173. འཇིག་རྟེན་འདི་བཞིན་མ་བཀོད་སྔོན། ༢ ","line3":"173.འཇིག་རྟེན་འདི་ནི་མ་བཀོད་སྔོན། ༢ "}{"index":3068,"line1":".174.ཤར་ཕྱོགས་རི་བོའི་རྩེ་དེ་ནས། ","line2":"174. ཤར་ཕྱོགས་རི་བོའི་རྩེ་དེ་ནས། ","line3":"174.ཉི་མ་ཤར་བ་ནས། "}{"index":3076,"line1":".175.ཉིན་བཟང་སྐར་བཟང་གི་དུས་ཚོད་འདི་ལ། ","line2":"175. ཉིན་བཟང་སྐར་བཟང་གི་དུས་ཚོད་འདི་ལ། ","line3":"175.ཉིན་སྐར་བཟང་བའི་དུས་ཚོད་འདི་ལ། "}{"index":3099,"line1":".176.གཉེན་སྒྲིག་བྱིན་རླབས་ཀྱི་གླུ་གཞས།","line2":"176. གཉེན་སྒྲིག་བྱིན་རླབས་ཀྱི་གླུ་གཞས། ","line3":"176.གཉེན་བསྒྲིགས་བྱིན་རླབས་ཀྱི་གླུ་གཞས།"}{"index":3113,"line1":".177.སྙིང་རྗེའི་བྱིན་རླབས་གནང་ནས། ","line2":"177. སྙིང་རྗེའི་བྱིན་རླབས་གནང་ནས། ","line3":"177.སྙིང་རྗེའི་བྱིན་རླབས་གནང་ནས། "}{"index":3128,"line1":".178.ཐག་རིང་རི་བོའི་རྩེ་མོ་ནས། ","line2":"178. ཐག་རིང་རི་བོའི་རྩེ་མོ་ལ། ","line3":"178.ཐག་རིང་རི་བོའི་རྩེ་མོ་ན། "}{"index":3147,"line1":".179.ཐུགས་རྗེ་ཆེ་ཡེ་ཤུ།","line2":"179. ཐུགས་རྗེ་ཆེ་ཡེ་ཤུ། ","line3":"179.ཐུགས་རྗེ་ཆེ་ཡེ་ཤུ།"}{"index":3153,"line1":".180. ཐུགས་རྗེ་གནང་བའི་དུས་ཚོད།","line2":"180. ཐུགས་རྗེ་གནང་བའི་དུས་ཚོད། ","line3":"180. ཐུགས་རྗེ་གནང་པའི་དུས་ཚོད།"}{"index":3167,"line1":".181.ཐུགས་ཉིད་ཡིན་པའི་དཀོན་མཆོག","line2":"181. ཐུགས་ཉིད་ཡིན་པའི་དཀོན་མཆོག ","line3":"181.ཐུགས་ཉིད་ཡིན་པའི་དཀོན་མཆོག།"}{"index":3184,"line1":".182.ཐོག་མར་ཐུགས་སུ་བཅངས་ནས། ","line2":"182. ཐོག་མར་ཐུགས་སུ་བཅངས་ནས། ","line3":"182.ཐོག་མར་ཐུགས་སུ་བཅངས་ནས། "}{"index":3204,"line1":".183.དད་པ་ཡེ་ཤུ་ལ་བྱེད་ན།","line2":"183. དད་པ་ཡེ་ཤུ་ལ་བྱེད་ན། ","line3":"183.དད་པ་ཡེ་ཤུ་ལ་བྱེད་ན།"}{"index":3224,"line1":".184.དད་པའི་སྨོན་ལམ།","line2":"184. དད་པའི་སྨོན་ལམ། ","line3":"184.དད་པའི་སྨོན་ལམ།"}{"index":3230,"line1":".185.དམ་པ། དམ་པ། དམ་པའི་དཀོན་མཆོག","line2":"185. དམ་པ། དམ་པ། དམ་པའི་དཀོན་མཆོག ","line3":"185.དམ་པ། དམ་པ། དམ་པའི་དཀོན་མཆོག།"}{"index":3237,"line1":".186.དམ་པའི་ཐུགས་ཉིད་ཀྱི་འབྲས་བུ། ","line2":"186. དམ་པའི་ཐུགས་ཉིད་ཀྱི་འབྲས་བུ། ","line3":"186.དམ་པའི་ཐུགས་ཉིད་ཀྱི་འབྲས་བུ། "}{"index":3249,"line1":".187.དམ་པའི་ཐུགས་ཉིད་ང་འདི་ལ་བསྡད་ཡོད། ","line2":"undefined187. དམ་པའི་ཐུགས་ཉིད་ང་འདི་ལ་བསྡད་ཡོད། ","line3":"187.དམ་པའི་ཐུགས་ཉིད་ང་འདི་ལ་སྡོད་ཀྱི་ཡོད། "}{"index":3257,"line1":".188.དམ་པའི་ཐུགས་ཉིད་ཕེབས་ཤོག","line2":"188. དམ་པའི་ཐུགས་ཉིད་ཕེབས་ཤོག ","line3":"188.དམ་པའི་ཐུགས་ཉིད་ཕེབས་ཤོག"}{"index":3264,"line1":".189.དམ་པའི་ས་ཆ་འདིར།","line2":"undefined189. དམ་པའི་ས་ཆ་འདིར། ","line3":"189.དམ་པའི་ས་ཆ་འདིར།"}{"index":3278,"line1":".190.དམ་པའི་ས་ཆ་ལ། ","line2":"undefined190. དམ་པའི་ས་ཆ་ལ། ","line3":"190.དམ་པའི་ས་ཆ་ལ། "}{"index":3285,"line1":".191.དེ་རིང་ཉི་མ་འདི་གཙོ་བོས་གནང་བ་རེད། ","line2":"191. དེ་རིང་ཉི་མ་འདི་གཙོ་བོས་གནང་བ་རེད། ","line3":"191.དེ་རིང་ཉི་མ་འདི་གཙོ་བོས་གནང་པ་རེད། "}{"index":3293,"line1":".192.དེ་རིང་འདི་རུ་འཛོམས་པའི་སྐུ་མགྲོན་རྣམ་པ། ","line2":"undefined192. དེ་རིང་འདི་རུ་འཛོམས་པའི་སྐུ་མགྲོན་རྣམ་པ། ","line3":"192.དེ་རིང་འདི་རུ་འཛོམས་པའི་སྐུ་མགྲོན་རྣམས་པ། "}{"index":3308,"line1":".193.དྲིན་དྲིན་ང་ཡི་དཀོན་མཆོག་ཡེ་ཤུའི་དྲིན། ","line2":"undefined193. དྲིན་དྲིན་ང་ཡི་དཀོན་མཆོག་ཡེ་ཤུའི་དྲིན། ","line3":"193.དྲིན་དྲིན་ང་ཡི་དཀོན་མཆོག་ཡེ་ཤུའི་དྲིན། "}{"index":3323,"line1":".194.གདོད་མ་ཉིད་ནས་ཇི་སྲིད་འཚོ་བའི་བར། ","line2":"194. གདོད་མ་ཉིད་ནས་ཇི་སྲིད་འཚོ་བའི་བར། ","line3":"194.གདོད་མ་ཉིད་ནས་ཇི་སྲིད་འཚོ་བའི་བར། "}{"index":3354,"line1":".195.ངའི་ཞི་བདེ།","line2":"195. ངའི་ཞི་བདེ། ","line3":"195.བདག་གི་གནང་བའི་ཞི་བདེ།"}{"index":3371,"line1":".196.བདུད་ཀྱི་དོན་རྣམས་རྩ་ནས་མེད་པར་བཟོས། ","line2":"undefined196. བདུད་ཀྱི་དོན་རྣམས་རྩ་ནས་མེད་པར་བཟོས། ","line3":"196.བདུད་ཀྱི་དོན་རྣམས་རྩ་ནས་མེད་པར་བཟོས། "}{"index":3394,"line1":".197.འདས་པའི་ཤི་བོ་དེ་དག་སྙིང་རེ་རྗེ།། ","line2":"197. འདས་པའི་ཤི་བོ་དེ་དག་སྙིང་རེ་རྗེ།། ","line3":"197.འདས་པའི་ཤི་བོ་དེ་དག་སྙིང་རེ་རྗེ།། "}{"index":3403,"line1":".198.ནམ་མཁའི་དམག་མི། ","line2":"undefined198. ནམ་མཁའི་དམག་མི། ","line3":"198.ནམ་མཁའི་དམག་མི། "}{"index":3424,"line1":".199.ནམ་མཁའི་ཨ་ཕ། ","line2":"199. ནམ་མཁའི་ཨ་ཕ། ","line3":"199.ནམ་མཁའི་ཡབ་ཆེན། "}{"index":3457,"line1":".200.གནམ་ས་གཉིས་ཀྱི་བདག་པོ། ","line2":"undefined200. གནམ་ས་གཉིས་ཀྱི་བདག་པོ། ","line3":"200.གནམ་ས་གཉིས་ཀྱི་བདག་པོ། "}{"index":3475,"line1":".201.མནའ་མ་གསར་བ་མག་པ་གསར་བ།","line2":"undefined201. མནའ་མ་གསར་པ་མག་པ་གསར་པ། ","line3":"201.མནའ་མ་གསར་པ་མག་པ་གསར་པ།"}{"index":3489,"line1":".202.ཕེབས་ཤོག་ཕེབས་ཤོག","line2":"undefined202. ཕེབས་ཤོག་ཕེབས་ཤོག ","line3":"202.ཕེབས་ཤོག་ཕེབས་ཤོག"}{"index":3499,"line1":".203.ལོ་རྒྱུས་བཤད་མཁན་དེས་ཁྲིད་པའི། ","line2":"203. ལོ་རྒྱུས་བཤད་མཁན་དེས་ཐང་ཀར། ","line3":"203.འཕྲིན་བཟང་ཤོད་མཁན་དེའི་སྐད་ཆར། "}{"index":3524,"line1":".204.བུ་ངའི་འཇིག་རྟེན་འཁོར་བ་འདི་ནང་ལ། ","line2":"undefined204. བུ་ངའི་འཇིག་རྟེན་འཁོར་བ་འདི་ནང་ལ། ","line3":"204.བུ་ངའི་འཇིག་རྟེན་འཁོར་བ་འདི་ནང་ལ། "}{"index":3543,"line1":".205.བུ་ཆུང་ང་རང་སྤྲོ། ","line2":"undefined205. བུ་ཆུང་ང་རང་སྤྲོ། ","line3":"205.བུ་ཆུང་ང་རང་སྤྲོ། "}{"index":3558,"line1":".206.བུ་དང་བུ་མོ་འདི་རུ་ཕེབས། ","line2":"undefined206. བུ་དང་བུ་མོ་འདི་ན་ཕེབས། ","line3":"206.བུ་དང་བུ་མོ་འདི་རུ་ཕེབས། "}{"index":3589,"line1":".207.བོད་པའི་བུ་དང་བུ་མོ།","line2":"207. བོད་པའི་བུ་དང་བུ་མོ། ","line3":"207.བོད་པའི་བུ་དང་བུ་མོ།།"}{"index":3603,"line1":".208.བྱམས་དང་སྙིང་རྗེ་ལྡན་པའི།","line2":"208. བྱམས་དང་སྙིང་རྗེ་ལྡན་པའི། ","line3":"208.བྱམས་དང་སྙིང་རྗེ་ལྡན་པའི།"}{"index":3623,"line1":".209.བླ་ན་མེད་པའི་དཀོན་མཆོག་གི་ཞབས་དྲུང་དུ།","line2":"209. བླ་ན་མེད་པའི་དཀོན་མཆོག་གི་ཞབས་དྲུང་དུ། ","line3":"209.བླ་ན་མེད་པའི་དཀོན་མཆོག་གི་ཞབས་དྲུང་དུ།"}{"index":3632,"line1":".210.བླ་ན་མེད་པའི་རྒྱལ་པོ།","line2":"undefined210. བླ་ན་མེད་པའི་རྒྱལ་པོ། ","line3":"210.བླ་ན་མེད་པའི་རྒྱལ་པོ།"}{"index":3642,"line1":".211.སྤོབས་པ་བསྐྱེད།  སྟོབས་ཤུགས་འཛོམས། ","line2":"211. སྤོབས་པ་བསྐྱེད། སྟོབས་ཤུགས་འཛོམས། ","line3":"211.བློ་སྟོབས་བསྐྱེད།  སྟོབས་ཤུགས་འཛོམས། "}{"index":3655,"line1":".212.མད་ཐཱ་དང་། མཱར་ཀུ། ལོ་ཀུ། ","line2":"212. མད་ཐཱ་དང་། མཱར་ཀུ། ལོ་ཀུ། ","line3":"212.མད་ཐཱ་དང་། མར་ཀུ། ལུ་ཀ། "}{"index":3686,"line1":".213.མིར་ཡམ་ནང་བཞིན། ","line2":"undefined213. མིར་ཡམ་ནང་བཞིན། ","line3":"213.མི་རི་ཡམ་ནང་བཞིན། "}{"index":3719,"line1":".214.མུན་པས་གཡོགས་པའི་འཇིག་རྟེན་ཧྲིལ་པོ་ལ།","line2":"214. མུན་པས་གཡོགས་པའི་འཇིག་རྟེན་ཧྲིལ་པོ་ལ། ","line3":"214.མུན་པས་གཡོགས་པའི་འཇིག་རྟེན་ཧྲིལ་པོ་ལ།"}{"index":3733,"line1":".215.མེ་ཏོག་དཀར་པོ། ༡ ","line2":"215. མེ་ཏོག་དཀར་པོ། ༡ ","line3":"215.མེ་ཏོག་དཀར་པོ། ༡ "}{"index":3746,"line1":".216.མེ་ཏོག་དཀར་པོ། ༢ ","line2":"undefined216. མེ་ཏོག་དཀར་པོ། ༢ ","line3":"216.མེ་ཏོག་དཀར་པོ། ༢ "}{"index":3776,"line1":".217.མོ་ཤེ་ཨི་ཅིབ་ན་ཡོད་དུས།","line2":"217. མོ་ཤེ་ཨི་ཅིབ་ལ་ཡོད་དུས། ","line3":"217.མོ་ཤེ་ཨི་ཇིབ་ལ་ཡོད་དུས།"}{"index":3785,"line1":".218.གཙོ་བོ། ","line2":"218. གཙོ་བོ། ","line3":"218.གཙོ་བོ། "}{"index":3805,"line1":".219.གཙོ་བོ་དཀོན་མཆོག་དམ་པ་དང་རྣམ་པར་དག་པ།","line2":"219. གཙོ་བོ་དཀོན་མཆོག་དམ་པ་དང་རྣམ་པར་དག་པ། ","line3":"219.གཙོ་བོ་དཀོན་མཆོག་དམ་པ་དང་རྣམ་པར་དག་པ།"}{"index":3823,"line1":".220.གཙོ་བོ་དཀོན་མཆོག་བཞིན་དུ།","line2":"undefined220. གཙོ་བོ་དཀོན་མཆོག་བཞིན་དུ། ","line3":"220.གཙོ་བོ་དཀོན་མཆོག་བཞིན་དུ།"}{"index":3840,"line1":".221.གཙོ་བོ་ནི་ཞི་བདེ། ","line2":"undefined221. གཙོ་བོ་ནི་ཞི་བདེ། ","line3":"221.གཙོ་བོ་ནི་ཞི་བདེ། "}{"index":3848,"line1":".222.གཙོ་བོ་རྣམས་ཀྱི་གཙོ་བོ།","line2":"222. གཙོ་བོ་རྣམས་ཀྱི་གཙོ་བོ། ","line3":"222.གཙོ་བོ་རྣམས་ཀྱི་གཙོ་བོ།"}{"index":3871,"line1":".223.གཙོ་བོ་ཡ་ཝཱེས་བཀོད་གནང་བའི། ","line2":"223. གཙོ་བོ་ཡ་ཝཱེས་བཀོད་གནང་བའི། ","line3":"223.གཙོ་བོ་ཡ་ཝེས་བཀོད་གནང་བའི། "}{"index":3888,"line1":".224.གཙོ་བོ་ཡེ་ཤུ་ཁྱེད་ཀྱི་སེམས་ནང་དུ་བཞུགས་ཡོད།","line2":"224. གཙོ་བོ་ཡེ་ཤུ་ཁྱེད་ཀྱི་སེམས་ནང་དུ་བཞུགས་ཡོད། ","line3":"224.གཙོ་བོ་ཡེ་ཤུ་ཁྱེད་ཀྱི་སེམས་ནང་དུ་བཞུགས་ཡོད།"}{"index":3900,"line1":".225.གཙོ་བོ་ཡེ་ཤུ་ཤིང་རྒྱ་གྲམ་སྟེང་གྲོངས་སོང་།","line2":"225. གཙོ་བོ་ཡེ་ཤུ་ཤིང་རྒྱ་གྲམ་སྟེང་གྲོངས་སོང་། ","line3":"225.གཙོ་བོ་ཡེ་ཤུ་རྒྱངས་ཤིང་ཁར་གྲོངས་སོང་།"}{"index":3912,"line1":".226.གཙོ་བོ་ཡེ་ཤུ་ང་ཚོའི་རྒྱལ་པོ།","line2":"226. གཙོ་བོ་ཡེ་ཤུ་ང་ཚོའི་རྒྱལ་པོ། ","line3":"226.གཙོ་བོ་ཡེ་ཤུ་ང་ཚོའི་རྒྱལ་པོ།"}{"index":3934,"line1":".227.གཙོ་བོ་ཡེ་ཤུ་ངའི་སེམས་ནང་ལ་ཡོད།","line2":"227. གཙོ་བོ་ཡེ་ཤུ་ངའི་སེམས་ནང་ལ་ཡོད། ","line3":"227.གཙོ་བོ་ཡེ་ཤུ་ངའི་སེམས་ནང་ལ་ཡོད།"}{"index":3961,"line1":".229.གཙོ་བོ་ཡེ་ཤུ་མ་ཤི་ཀ","line2":"undefined229. གཙོ་བོ་ཡེ་ཤུ་མཱ་ཤི་ཀ ","line3":"229.གཙོ་བོ་ཡེ་ཤུ་མཱ་ཤི་ཀ"}{"index":3988,"line1":".230.གཙོ་བོ་ཡེ་ཤུ་ཞོགས་པ་སྔ་མོ།","line2":"230. གཙོ་བོ་ཡེ་ཤུ་ཞོགས་པ་སྔ་མོ། ","line3":"230.གཙོ་བོ་ཡེ་ཤུ་ཞོགས་པ་སྔ་མོ།"}{"index":3996,"line1":".231.གཙོ་བོ་ཡེ་ཤུ་ལ་བསྟོད། ","line2":"undefined231. གཙོ་བོ་ཡེ་ཤུ་ལ་བསྟོད། ","line3":"231.གཙོ་བོ་ཡེ་ཤུ་ལ་བསྟོད། "}{"index":4015,"line1":".232.གཙོ་བོ་ཡེ་ཤུའི་མཚན་ལ་དབང་ཤུགས་ཡོད།","line2":"undefined232. གཙོ་བོ་ཡེ་ཤུའི་མཚན་ལ་དབང་ཤུགས་ཡོད། ","line3":"232.གཙོ་བོ་ཡེ་ཤུའི་མཚན་ལ་དབང་ཤུགས་ཡོད།"}{"index":4035,"line1":".233.གཙོ་བོ་ཡེ་ཤུས་ང་ལ་ཞལ་འབོད་གནང་།","line2":"undefined233. གཙོ་བོ་ཡེ་ཤུས་ང་ལ་ཞལ་འབོད་གནང་། ","line3":"233.གཙོ་བོ་ཡེ་ཤུས་ང་བོས་གནང་ཡོད།"}{"index":4061,"line1":".234.གཙོ་བོའི་གཟི་བརྗིད། ","line2":"234. གཙོ་བོའི་གཟི་བརྗིད། ","line3":"234.གཙོ་བོའི་གཟི་བརྗིད། "}{"index":4072,"line1":".235.བརྩེ་ལྡན་གངས་ཕྲུག་གཞོན་ནུ་ཚོ། ","line2":"undefined235. བརྩེ་ལྡན་གངས་ཕྲུག་གཞོན་ནུ་ཚོ། ","line3":"235.བརྩེ་ལྡན་གངས་ཕྲུག་གི་གཞོན་ནུ་ཚོ། "}{"index":4087,"line1":".236.མཚམས་མཚམས་དཀའ་ངལ་འཕྲད་འདུག","line2":"236. མཚམས་མཚམས་དཀའ་ངལ་འཕྲད་འདུག ","line3":"236.མཚམས་མཚམས་དཀའ་ངལ་འཕྲེད་འདུག"}{"index":4107,"line1":".237.འཚོ་བ་སྐྱིད་པོ་མིན་ན། ","line2":"undefined237. འཚོ་བ་སྐྱིད་པོ་མིན་ན། ","line3":"237.འཚོ་བ་སྐྱིད་པོ་མེད་དུས། "}{"index":4144,"line1":".239.ཡ་ཝཱེ་ང་ཡི་ལུག་རྫི་བཟང་པོ། ","line2":"undefined239. ཡ་ཝཱེ་ང་ཡི་ལུག་རྫི་བཟང་པོ། ","line3":"undefined239.ཡ་ཝེ་ང་ཡི་ལུག་རྫི་བཟང་པོ། "}{"index":4126,"line1":".238.མཛེས་པའི་རི་སྒང་དུ། ","line2":"undefined238. མཛེས་པའི་རི་སྒང་དུ། ","line3":"238.མཛེས་པའི་རི་སྒང་དུ། "}{"index":4163,"line1":".240.ཡ་ཧོ་ཝཱས་འཛམ་གླིང་བཀོད་པར་མཛད།","line2":"undefined240. ཡ་ཧོ་ཝས་འཛམ་གླིང་བཀོད་པར་མཛད། ","line3":"240.ཡ་ཧོ་ཝཱས་འཛམ་གླིང་བཀོད་གནང་སོང་།"}{"index":4186,"line1":".242.ཡབ་དཀོན་མཆོག་གི་རྒྱལ་སྲིད།","line2":"242. ཡབ་དཀོན་མཆོག་གི་རྒྱལ་སྲིད། ","line3":"242.ཡབ་དཀོན་མཆོག་གི་རྒྱལ་སྲིད།"}{"index":4178,"line1":".241.ཡ་ཧོ་ཝཱ་ཡི་བྱམས་པ་མཐའ་མེད་པ་ཡིན།","line2":"undefined241. ཡ་ཧོ་ཝ་ཡི་བྱམས་པ་མཐའ་མེད་པ་ཡིན། ","line3":"241.ཡ་ཧོ་ཝཱ་གི་བྱམས་པ་མཐའ་མེད་པ།"}{"index":4219,"line1":".243.ཡབ་དཀོན་མཆོག་ལ་གཟི་བརྗིད་ཡོང་བར་ཤོག","line2":"undefined243. ཡབ་དཀོན་མཆོག་ལ་གཟི་བརྗིད་ཡོང་བར་ཤོག ","line3":"243.ཡབ་དཀོན་མཆོག་ལ་གཟི་བརྗིད་ཡོང་བར་ཤོག"}{"index":4230,"line1":".244.ཡབ་ཆེན་དཀོན་མཆོག་གི་བྱམས་པ།","line2":"244. ཡབ་ཆེན་དཀོན་མཆོག་གི་བྱམས་པ། ","line3":"244.ཡབ་ཆེན་དཀོན་མཆོག་གི་བྱམས་པ།"}{"index":4253,"line1":".245.ཡབ་ལགས། ","line2":"undefined245. ཡབ་ལགས། ","line3":"245.ཡབ་ལགས། "}{"index":4266,"line1":".246.ཡེ་ཤུ་ང་ཁྱེད་ལ་དགའ། ","line2":"246. ཡེ་ཤུ་ང་ཁྱེད་ལ་དགའ། ","line3":"246.ཡེ་ཤུ་ང་ཁྱེད་ལ་དགའ། "}{"index":4272,"line1":".247.ཡེ་ཤུ་ངའི་སེམས་ནང་ཕེབས་ཤོག","line2":"undefined247. ཡེ་ཤུ་ངའི་སེམས་ནང་ཕེབས་ཤོག ","line3":"247.ཡེ་ཤུ་ངའི་སེམས་ནང་ཕེབས་ཤོག"}{"index":4278,"line1":".248.ཡེ་ཤུ་དང་ང་།","line2":"248. ཡེ་ཤུ་དང་ང་། ","line3":"248.ཡེ་ཤུ་དང་ང་།"}{"index":4287,"line1":".249.ཡེ་ཤུ།  ཡེ་ཤུ། ","line2":"undefined249. ཡེ་ཤུ། ཡེ་ཤུ། ","line3":"249.ཡེ་ཤུ།  ཡེ་ཤུ། "}{"index":4298,"line1":".250.ཡེ་ཤུ། ཡེ་ཤུ། ཡེ་ཤུ།","line2":"250. ཡེ་ཤུ། ཡེ་ཤུ། ཡེ་ཤུ། ","line3":"250.ཡེ་ཤུ། ཡེ་ཤུ། ཡེ་ཤུ།"}{"index":4304,"line1":".251.ཡེ་ཤུ་ཡི་ཕེབས་ལམ།","line2":"undefined251. ཡེ་ཤུ་ཡི་ཕེབས་ལམ། ","line3":"251.ཡེ་ཤུ་ཡི་ལམ་ཁ།"}{"index":4321,"line1":".252.ཡེ་ཤུ་ལ་ཕྱག་ཅིག་ཕུལ་དང་། ","line2":"undefined252. ཡེ་ཤུ་ལ་ཕྱག་ཅིག་ཕུལ་དང་། ","line3":"252.ཡེ་ཤུ་ལ་ཕྱག་ཅིག་ཕུལ་དང་། "}{"index":4330,"line1":".253.ཡེ་ཤུ་ལགས།  དཀོན་མཆོག་མཁྱེན།","line2":"253. ཡེ་ཤུ་ལགས། དཀོན་མཆོག་མཁྱེན། ","line3":"253.ཡེ་ཤུ་ལགས།  དཀོན་མཆོག་མཁྱེན།"}{"index":4347,"line1":".254.ཡེ་ཤུའི་བྱམས་པའི་སྒོ་ནས།","line2":"254. ཡེ་ཤུའི་བྱམས་པའི་སྒོ་ནས། ","line3":"254.ཡེ་ཤུའི་བྱམས་པའི་སྒོ་ནས།"}{"index":4354,"line1":".255.ཡེ་ཤུའི་མཚན་ལ་བསྟོད་པར་ཤོག","line2":"255. ཡེ་ཤུའི་མཚན་ལ་བསྟོད་པར་ཤོག ","line3":"255.ཡེ་ཤུའི་མཚན་ལ་བསྟོད་པར་ཤོག།"}{"index":4360,"line1":".256.ལག་པ་མཐོན་པོར་བཀྱགས་ནས།","line2":"undefined256. ལག་པ་མཐོན་པོར་བཀྱགས་ནས། ","line3":"256.ལག་པ་མཐོ་པོ་བཀྱག་ནས།"}{"index":4374,"line1":".257.ལུག་རྫི་བཟང་པོ་ཡེ་ཤུ།","line2":"undefined257. ལུག་རྫི་བཟང་པོ་ཡེ་ཤུ། ","line3":"257.ལུག་རྫི་བཟང་པོ་ཡེ་ཤུ།"}{"index":4401,"line1":".258.ཤོག ངའི་མཉམ་དུ་ངའི་ཡབ་གྱི་ཡུལ་ལ་འགྲོ།","line2":"258. ཤོག ངའི་མཉམ་དུ་ངའི་ཡབ་གྱི་ཡུལ་ལ་འགྲོ། ","line3":"258.ཤོག ང་མཉམ་དུ་ངའི་ཡབ་གྱི་ཡུལ་ལ་འགྲོ།"}{"index":4409,"line1":".259.ཤོག  ངའི་མཉམ་དུ་འགྲོ།","line2":"undefined259. ཤོག ངའི་མཉམ་དུ་འགྲོ། ","line3":"259.ཤོག  ངའི་མཉམ་དུ་འགྲོ།"}{"index":4425,"line1":".260.ཤོག་ང་ཡི་བྱམས་པ། ","line2":"undefined260. ཤོག་ང་ཡི་བྱམས་པ། ","line3":"260.ཤོག་དང་བདག་གི་བྱམས་པ། "}{"index":4438,"line1":".261.ཤོག་ཤོག་ངའི་རྩ་ལ་ཤོག ","line2":"261. ཤོག་ཤོག་ངའི་རྩ་ལ་ཤོག ","line3":"261.ཤོག་ཤོག་ངའི་རྩ་ལ་ཤོག །"}{"index":4446,"line1":".262.ས་གཞི་ཆེན་པོའི་ཡང་སྟེང་ནས།","line2":"undefined262. ས་གཞི་ཆེན་པོའི་ཡང་སྟེང་ནས། ","line3":"262.ས་གཞི་ཆེན་པོའི་ཡང་སྟེང་ནས།"}{"index":4454,"line1":".263.སེམས་ལ་ཞི་བདེ་མེད་ན། ","line2":"263. སེམས་ལ་ཞི་བདེ་མེད་ན། ","line3":"263.སེམས་ལ་ཞི་བདེ་མེད་ན། "}{"index":4472,"line1":".264.སོའོ་ང་ཚོ་ཚང་མའི་ངན་པ། ","line2":"264. སོའོ་ང་ཚོ་ཚང་མའི་ངན་པ། ","line3":"264.སོའོ་ང་ཚོ་ཚང་མའི་ངན་པ། "}{"index":4486,"line1":".265.ཧ་ལེ་ལོའུ་ཡཱ་གཙོ་བོ་ལ་བསྟོད། ","line2":"265. ཧ་ལེ་ལོའུ་ཡཱ་གཙོ་བོ་ལ་བསྟོད། ","line3":"265.ཧཱ་ལེ་ལུ་ཡཱ་གཙོ་བོ་ལ་བསྟོད། "}{"index":4500,"line1":".266.ལྷོ་འཛམ་གླིང་ཉི་མ་རི་ལ་བརྒལ། ","line2":"undefined266. ལྷོ་འཛམ་གླིང་ཉི་མ་རི་ལ་བརྒལ། ","line3":"266.ལྷོ་འཛམ་གླིང་ཉི་མ་རི་ལ་བརྒལ། "}{"index":4524,"line1":".267.ཨིམ་མ་ནུ་ཨེལ། ༡ ","line2":"267. ཨིམ་མཱ་ནུ་ཨེལ། ༡ ","line3":"267.ཨིམ་མ་ནུ་ཨེལ། ༡ "}{"index":4554,"line1":".268.ཨིམ་མ་ནུ་ཨེལ། ༢ ","line2":"268. ཨིམ་མཱ་ནུ་ཨེལ། ༢ ","line3":"268.ཨིམ་མ་ནུ་ཨེལ། ༢ "}{"index":4563,"line1":".269.ས་བསྐལ་བ་མ་ཆགས་ཡར་སྔོན་ན།","line2":"undefined269. ས་བསྐལ་བ་མ་ཆགས་ཡར་སྔོན་ན། ","line3":"269.ས་བསྐལ་བ་མ་ཆགས་ཡར་སྔོན་ན།"}{"index":4689,"line1":".270.གསུང་མགུར51།","line2":"270. གསུང་མགུར 51། ","line3":"270.གསུང་མགུར་51།"}{"index":4726,"line1":".272.གསུང་མགུར95།","line2":"undefined272. གསུང་མགུར 95། ","line3":"272.གསུང་མགུར་95།"}{"index":4748,"line1":".273.གསུང་མགུར103།","line2":"undefined273. གསུང་མགུར 103། ","line3":"273.གསུང་མགུར་103།"}{"index":4706,"line1":".271.གསུང་མགུར67། ","line2":"undefined271. གསུང་མགུར 67། ","line3":"271.གསུང་མགུར་67། "}{"index":4770,"line1":".274.གསུང་མགུར113།","line2":"undefined274. གསུང་མགུར 113། ","line3":"274.གསུང་མགུར་113།"}{"index":4834,"line1":".A1.  །།དཀོན་མཆོག་གི་བཀའ་ཁྲིམས་བཅུ།། ༼ཨེ་ཅིབ་ཡུལ་ནས་ཐོན་པ།༽","line2":"A1. །།ཞལ་ཆད་རྙིང་པ་ལས་བཀའ་ཁྲིམས་བཅུ།། ༼ཨེ་ཅིབ་ཡུལ་ནས་ཐོན་པ།༽ (ཨེ་ཅིབ་ཡུལ་ནས་ཐོན་པའི་མདོ་ཡི་ལེའུ20ཡི་མདོ3-17བར་གཟིགས་རོགས་གནང་།)","line3":"A1.  །།དཀོན་མཆོག་གི་བཀའ་ཁྲིམས་བཅུ།། ༼ཐེགས་པ།༽"}{"index":4851,"line1":".A2. (this one is messed up) །།དཀོན་མཆོག་གི་བཀའ་ཁྲིམས་བཅུ།། ༼སྨོན་ལམ།༽","line2":"A2.།།ཞལ་ཆད་གསར་པ་ལས་སྐྱབས་མགོན་ཡེ་ཤུས་གནང་བའི་བཀའ་གསར་པ།། ","line3":"A2.  །།དཀོན་མཆོག་གི་བཀའ་ཁྲིམས་བཅུ།། ༼སྨོན་ལམ།༽"}{"index":4860,"line1":"6.མི་གསོད་རྒྱུ་མིན།","line2":"ནས་གང་ཞིག་ཐོས་པ་ཐམས་ཅད་ཁྱོད་རྣམས་ལ་སྨྲས༌པས། བདག་གིས་ཀྱང་ཁྱོད་རྣམས་ལ་མཛའ་གྲོགས་ཞེས་ཟེར་རོ། ། 16ཁྱོད་རྣམས་ཀྱིས་ང་རང་བདམས་པ་མ་ཡིན༌པར། ཁྱོད་","line3":"6མི་གསོད་ཀྱི་མིན།"}{"index":4861,"line1":"7.ལོག་གཡེམ་བྱེད་རྒྱུ་མིན།","line2":"རྣམས་སོང་ནས་འབྲས་བུ་སྨིན་པར་བྱེད་པ་དང་འབྲས་བུ་དེ་ ","line3":"7ལོག་གཡེམ་བྱེད་ཀྱི་མིན།"}{"index":4862,"line1":"8.བརྐུ་བྱེད་རྒྱུ་མིན།","line2":"རྟག་ཏུ་གནས་པའི༌ཕྱིར། བདག་གིས་ཁྱོད་རྣམས་བདམས་ཤིང་བསྐོས༌སོ། །དེ་ནི་བདག་གི་མིང་ལ་བརྟེན་ནས་ཡབ་ལ་གང་ཞིག་ཞུས༌ན། ཁོང་གིས་ཁྱོད་རྣམས་ལ་དེ་གནང་བར་འགྱུར་","line3":"8རྐུ་མ་བརྐུ་གི་མིན།"}{"index":4863,"line1":"9.མི་གཞན་ལ་རྫུན་གྱི་དཔང་པོ་བྱེད་རྒྱུ་མིན།","line2":"བའི་ཕྱིར་ཡིན། 17ཁྱོད་རྣམས་ཀྱིས་ཕན་ཚུན་ལ་བྱམས་ཤིང་གཅེས་དགོས་པ་འདི༌ནི་བདག་གིས་གནང་བའི་བཀའ་ཡིན་ཞེས་གསུངས༌སོ།། ","line3":"9མི་གཞན་ལ་སྐྱག་རྫུན་གྱི་དཔང་པོ་བྱེད་ཀྱི་མིན།"}{"index":4867,"line1":".A3.  །།བཀའ་ཁྲིམས་རྣམས་ལས་གཙོ་ཤོས།།","line2":"A3. །།ཞལ་ཆད་རྙིང་པའི་བཀའ་ཁྲིམས་རྣམས་ལས་གཙོ་ཤོས།། ","line3":"A3.  །།བཀའ་ཁྲིམས་གལ་ཆེ་ཤོས།།"}{"index":4875,"line1":".A4.  །།སྐུ་ཚབ་རྣམས་ཀྱི་དམ་ཚིག།","line2":"undefinedA4.  །།སྐུ་ཚབ་རྣམས་ཀྱི་དམ་ཚིག། ","line3":"A4.  །།སྐུ་ཚབ་རྣམས་ཀྱི་དམ་ཚིག །།"}{"index":4893,"line1":".A5.  །།དམ་པའི་བསྟོད་དབྱངས།།","line2":"A5.  །།དམ་པའི་བསྟོད་དབྱངས།། ","line3":"A5.  །།དམ་པའི་བསྟོད་དབྱངས།།"}{"index":4906,"line1":".A6. །།མིར་ཡམ་གྱི་བསྟོད་དབྱངས།།","line2":"A6. །།མིར་ཡམ་གྱི་བསྟོད་དབྱངས།། ","line3":"A6. །།མིར་ཡམ་གྱི་བསྟོད་དབྱངས།།"}{"index":4931,"line1":".A7.  །།ཡེ་ཤུས་མངག་པའི་དོན་ཆེན།།","line2":"undefinedA7.  །།ཡེ་ཤུས་མངག་པའི་དོན་ཆེན།། ","line3":"A7.  །།ཡེ་ཤུས་མངག་པའི་དོན་ཆེན།།"}{"index":4945,"line1":".S8.   གསུང་མགུར་བརྒྱད་པ།","line2":"S8.   གསུང་མགུར་བརྒྱད་པ། ","line3":"S8.   གསུང་མགུར་བརྒྱད་པ།"}{"index":4969,"line1":".S23.  གསུང་མགུར་ཉེར་གསུམ་པ།","line2":"S23.  གསུང་མགུར་ཉེར་གསུམ་པ། ","line3":"S23.  གསུང་མགུར་ཉེར་གསུམ་པ།"}{"index":4991,"line1":".S32.  གསུང་མགུར་སོ་གཉིས་པ།","line2":"S32.  གསུང་མགུར་སོ་གཉིས་པ། ","line3":"S32.  གསུང་མགུར་སོ་གཉིས་པ།"}{"index":5024,"line1":".S40.  གསུང་མགུར་བཞི་བཅུ་པ།","line2":"undefinedS40.  གསུང་མགུར་བཞི་བཅུ་པ། ","line3":"S40.  གསུང་མགུར་བཞི་བཅུ་པ།"}{"index":5053,"line1":".S49.  གསུང་མགུར་ཞེ་དགུ་པ།","line2":"S49.  གསུང་མགུར་ཞེ་དགུ་པ། ","line3":"S49.  གསུང་མགུར་ཞེ་དགུ་པ།"}{"index":5104,"line1":".S51.  གསུང་མགུར་ང་གཅིག་པ།","line2":"S51.  གསུང་མགུར་ང་གཅིག་པ། ","line3":"S51.  གསུང་མགུར་ལྔ་བཅུ་ང་གཅིག་པ།"}{"index":5145,"line1":".S67.  གསུང་མགུར་རེ་བདུན་པ།","line2":"undefinedS67.  གསུང་མགུར་རེ་བདུན་པ། ","line3":"S67.  གསུང་མགུར་དྲུག་ཅུ་རེ་བདུན་པ།"}{"index":5168,"line1":".S84.  གསུང་མགུར་གྱ་བཞི་པ།","line2":"S84.  གསུང་མགུར་གྱ་བཞི་པ། ","line3":"S84.  གསུང་མགུར་བརྒྱད་ཅུ་གྱ་བཞི་པ།"}{"index":5206,"line1":".S91.  གསུང་མགུར་གོ་གཅིག་པ།","line2":"undefinedS91.  གསུང་མགུར་གོ་གཅིག་པ། ","line3":"S91.  གསུང་མགུར་དགུ་བཅུ་གོ་གཅིག་པ།"}{"index":5259,"line1":".S95.  གསུང་མགུར་གོ་ལྔ་པ།","line2":"S95.  གསུང་མགུར་གོ་ལྔ་པ། ","line3":"S95.  གསུང་མགུར་དགུ་བཅུ་གོ་ལྔ་པ།"}{"index":5274,"line1":".S96.  གསུང་མགུར་གོ་དྲུག་པ།","line2":"S96.  གསུང་མགུར་གོ་དྲུག་པ། ","line3":"S96.  གསུང་མགུར་དགུ་བཅུ་གོ་དྲུག་པ།"}{"index":5307,"line1":".S113. གསུང་མགུར་བརྒྱ་དང་བཅུ་གསུམ་པ།","line2":"undefinedS113. གསུང་མགུར་བརྒྱ་དང་བཅུ་གསུམ་པ། ","line3":"S113. གསུང་མགུར་བརྒྱ་དང་བཅུ་གསུམ་པ།"}{"index":5329,"line1":".S133. གསུང་མགུར་བརྒྱ་དང་སོ་གསུམ་པ།","line2":"undefinedS133. གསུང་མགུར་བརྒྱ་དང་སོ་གསུམ་པ། ","line3":"S133. གསུང་མགུར་བརྒྱ་དང་སོ་གསུམ་པ།"}{"index":5338,"line1":".S143. གསུང་མགུར་བརྒྱ་དང་ཞེ་གསུམ་པ།","line2":"S143. གསུང་མགུར་བརྒྱ་དང་ཞེ་གསུམ་པ། ","line3":"S143. གསུང་མགུར་བརྒྱ་དང་ཞེ་གསུམ་པ།"}{"index":5382,"line1":".S145. གསུང་མགུར་བརྒྱ་དང་ཞེ་ལྔ་པ།","line2":"S145. གསུང་མགུར་བརྒྱ་དང་ཞེ་ལྔ་པ། ","line3":"S145. གསུང་མགུར་བརྒྱ་དང་ཞེ་ལྔ་པ།"}{"index":5441,"line1":".unknown001གཙོ་བོ་ཡེ་ཤུའི་སྨོན་ལམ།","line2":"undefinedགཙོ་བོ་ཡེ་ཤུའི་སྨོན་ལམ། ","line3":"གཙོ་བོ་ཡེ་ཤུའི་སྨོན་ལམ།"}{"currentVerse":{"line":[],"label":"verse 1","id":1}}