{"title":{"AT":"unknown001གཙོ་བོ་ཡེ་ཤུའི་སྨོན་ལམ།","KT":"undefinedགཙོ་བོ་ཡེ་ཤུའི་སྨོན་ལམ། ","CT":"གཙོ་བོ་ཡེ་ཤུའི་སྨོན་ལམ།"},"author":"*","key":"*","lyrics":{"Verse":[{"line":[[{"phrase":{"AT":"            ནམ་མཁའི་ཞིང་དུ་བཞུགས་པའི་ངེད་ཀྱི༌ཡབ།།","KT":"ནམ་མཁར་བཞུགས་པའི་ངེད་ཀྱི་ཡབ།། ","CT":"ནམ་མཁར་བཞུགས་པའི་ངེད་ཀྱི་ཡབ། །"}}],[{"phrase":{"AT":"            ཁྱེད་ཀྱི་མཚན་ནི་དམ་པར་སྲུང་བར༌ཤོག །","KT":"ཁྱེད་མཚན་དམ་པར་སྲུང་བར་ཤོག། ","CT":"ཁྱེད་མཚན་དམ་པར་སྲུང་བར་ཤོག ། "}}],[{"phrase":{"AT":"            ཁྱེད་ཀྱི་རྒྱལ་སྲིད་དེ་ཡང་འོང་བར༌ཤོག །","KT":"ཁྱེད་ཀྱི་རྒྱལ་སྲིད་འོང་བར་ཤོག། ","CT":"ཁྱེད་ཀྱི་རྒྱལ་སྲིད་འོང་བར་ཤོག །"}}],[{"phrase":{"AT":"            ཁྱེད་ཀྱི་དགོངས་པ་ནམ་མཁའི་ཞིང་ཁམས༌བཞིན།།","KT":"ཁྱེད་ཀྱི་དགོངས་པ་ནམ་མཁའ་བཞིན།། ","CT":"ཁྱེད་ཀྱི་དགོངས་པ་ནམ་མཁའ་ལ། །"}}],[{"phrase":{"AT":"            ས་གཞི་ལ་ཡང་དེ་ལྟར་འགྲུབ་པར༌ཤོག །","KT":"ས་ལའང་དེ་ལྟར་འགྲུབ་པར་ཤོག། ","CT":"སྒྲུབ་ལྟར་ས་ལའང་སྒྲུབ་པར་ཤོག །"}}],[{"phrase":{"AT":"            ངེད་ཀྱིས་ཉིན་རེར་སྤྱོད་པའི་ཟས་ཀྱི༌སྐལ།།","KT":"ང་ཚོའི་ཉི་མ་རེ་ཡི་ཟས།། ","CT":"ངེད་ཀྱི་ཉིན་ཞག་རེའི་ཁ་ཟས། །"}}],[{"phrase":{"AT":"            དེ་རིང་ཡང་ནི་ངེད་ལ་གནང་བར༌མཛོད།།","KT":"དེ་རིང་ཡང་ནི་གནང་བར་མཛོད།། ","CT":"དེ་རིང་ཡང་ནི་གནང་བར་མཛོད། །"}}],[{"phrase":{"AT":"            ངེད་ཀྱིས་གཞན་གྱི་ཉེས་པ་བསལ་བ༌བཞིན།།","KT":"ང་ཚོས་གཞན་ཉེས་བསལ་བ་ལྟར།། ","CT":"ངེད་ཀྱིས་གཞན་ཉེས་སེལ་བ་ལྟར། །"}}],[{"phrase":{"AT":"            ངེད་ཀྱི་སྡིག་པ་དེ་ལྟར་སེལ་བར༌མཛོད།།","KT":"ང་ཚོའི་སྡིག་པ་བསལ་བར་མཛོད།། ","CT":"ངེད་ཀྱི་སྡིག་བུན་སེལ་བར་མཛོད། །"}}],[{"phrase":{"AT":"            ངེད་རྣམས་ངན་པའི་ལས་ནས་ཐར་བ༌དང༌།།","KT":"ཉམས་ཚོད་ནང་དུ་མ་འཁྲིད་པར།། ","CT":"ཉམས་ཚོད་ནང་དུ་མ་འཁྲིད་པར། །"}}],[{"phrase":{"AT":"            སྡིག་པའི་ཉམས་ཚོད་མི་ལེན་སྐྱོབ་པར༌མཛོད།།","KT":"ངན་པའི་ལས་ནས་ཐར་བར་མཛོད།། ","CT":"ངན་པ་ལས་ངེད་ཐར་བར་མཛོད། །"}}],[{"phrase":{"AT":"            རྒྱལ་སྲིད་དང་ནི་མཐུ་སྟོབས་བླ་མེད༌དང༌།།","KT":"རྒྱལ་སྲིད་དབང་དང་གཟི་བརྗིད་ནི།། ","CT":"རྒྱལ་སྲིད་དབང་དང་གཟི་བརྗིད་ཀུན། །"}}],[{"phrase":{"AT":"            གཟི་བརྗིད་དཔལ་བཅས་དུས་གསུམ་ཁྱེད་ལ༌དབང༌།། ","KT":"རྒྱུན་ནས་རྒྱུན་དུ་ཁྱེད་ཀྱི་ཡིན།། ","CT":"རྒྱུན་ནས་རྒྱུན་དུ་ཁྱེད་ཀྱི་འོ༎         ཨ་མེན། ། "}}],[{"phrase":{"AT":"            ཨ་མེན།།","KT":"ཨ་མེན།། "}}]],"label":"verse 1","id":1}]},"metadata":[{"AT":"(མད་ཐཱ་འཕྲིན་བཟང་གི་ལེའུ6པའི་མདོ9ནས13བར་བཀོད་པ་ཡིན།)","KT":"(མད་ཐཱ་འཕྲིན་བཟང་གི་ལེའུ6པའི་མདོ9ནས13བར་བཀོད་པ་ཡིན།) ","CT":"(དམ་པའི་གསུང་རབ་ལས་མད་ཐཱ་ཞེས་པའི་མདོ་ལེའུ་ 6:9-13 ནས་བཀོད་པ་ཡིན།)"}]}