{"title":{"AT":"མི་གསོད་རྒྱུ་མིན།","KT":"ནས་གང་ཞིག་ཐོས་པ་ཐམས་ཅད་ཁྱོད་རྣམས་ལ་སྨྲས༌པས། བདག་གིས་ཀྱང་ཁྱོད་རྣམས་ལ་མཛའ་གྲོགས་ཞེས་ཟེར་རོ། ། 16ཁྱོད་རྣམས་ཀྱིས་ང་རང་བདམས་པ་མ་ཡིན༌པར། ཁྱོད་","CT":"6མི་གསོད་ཀྱི་མིན།"},"author":"*","key":"*","lyrics":{"Verse":[{"line":[],"label":"verse 1","id":1}]},"metadata":[]}