{"title":{"AT":"མི་གཞན་ལ་རྫུན་གྱི་དཔང་པོ་བྱེད་རྒྱུ་མིན།","KT":"བའི་ཕྱིར་ཡིན། 17ཁྱོད་རྣམས་ཀྱིས་ཕན་ཚུན་ལ་བྱམས་ཤིང་གཅེས་དགོས་པ་འདི༌ནི་བདག་གིས་གནང་བའི་བཀའ་ཡིན་ཞེས་གསུངས༌སོ།། ","CT":"9མི་གཞན་ལ་སྐྱག་རྫུན་གྱི་དཔང་པོ་བྱེད་ཀྱི་མིན།"},"author":"*","key":"*","lyrics":{"Verse":[{"line":[[{"phrase":{"AT":"ལ་ཧམ་སེམས་བཅངས་རྒྱུ་མིན།  ཀུན་དབང་དཀོན་མཆོག  ཁྱེད་ཀྱི་བཀའ་རྣམས་སྲུང་ཐུབ་རྒྱུར་ཕྱག་རོགས་","KT":"*","CT":"གཡོག་མོ།  བ་གླང་ལ་སོགས་པ་ཐམས་ཅད་ལ་ཧམ་སེམས་བྱེད་ཀྱི་མིན།"}}],[{"phrase":{"AT":"གནང་བར་མཛོད།","KT":"*","CT":"དབང་ཀུན་དང་ལྡན་པའི་དཀོན་མཆོག ཁྱེད་ཀྱི་བཀའ་རྣམས་སྲུང་ཐུབ་རྒྱུར་ཕྱག་རོགས་གནང་དང་།།"}}]],"label":"verse 1","id":1}]},"metadata":[{"AT":"10.ད་དུང་མི་གཞན་གྱི་ཁང་པ་དང་།  ཆུང་མ།  གཡོག་པོ། གཡོག་མོ།  བ་གླང་། བོང་བུ་ལ་སོགས་པ་ཐམས་ཅད་","KT":"ཡོ་ཧ་ནན་གྱི་འཕྲིན་བཟང་གི་ལེའུ15ཀྱི་མདོ12-17བར། ","CT":"10ད་དུང་མི་གཞན་གྱི་ཁང་པ་དང་།  ཆུང་མ།  གཡོག་པོ།"}]}