{"title":{"AT":"བརྐུ་བྱེད་རྒྱུ་མིན།","KT":"རྟག་ཏུ་གནས་པའི༌ཕྱིར། བདག་གིས་ཁྱོད་རྣམས་བདམས་ཤིང་བསྐོས༌སོ། །དེ་ནི་བདག་གི་མིང་ལ་བརྟེན་ནས་ཡབ་ལ་གང་ཞིག་ཞུས༌ན། ཁོང་གིས་ཁྱོད་རྣམས་ལ་དེ་གནང་བར་འགྱུར་","CT":"8རྐུ་མ་བརྐུ་གི་མིན།"},"author":"*","key":"*","lyrics":{"Verse":[{"line":[],"label":"verse 1","id":1}]},"metadata":[]}